#VRML V2.0 utf8
# 3D model generated by easyeda2kicad.py (https://github.com/uPesy/easyeda2kicad.py)

Shape{
    appearance Appearance {
        material  Material 	{
            diffuseColor 0.25098039215686274 0.25098039215686274 0.25098039215686274
            specularColor 0.07450980392156863 0.07450980392156863 0.07450980392156863
            ambientIntensity 0.251
            transparency 0.0
            shininess 0.5
        }
    }
    geometry IndexedFaceSet {
        ccw TRUE
        solid FALSE
        coord DEF co Coordinate {
            point [
                0.3474 0.2391 0.3257, 0.3705 0.2391 0.1614, 0.3705 0.5456 0.1614, 0.3474 0.1008 0.3257, 0.3705 0.1008 0.1614, 0.3705 0.1227 0.1614, 0.3447 0.1896 0.3449, 0.3447 0.1789 0.3449, 0.3447 0.1789 0.3445, 0.3447 0.1128 0.3448, 0.3447 0.1107 0.3445, 0.3447 0.1227 0.3445, 0.3274 0.0756 0.4679, 0.3273 0.0793 0.4684, 0.3273 0.0601 0.4684, 0.3273 -0.0688 0.4684, 0.3281 -0.0609 0.4632, 0.3273 0.011 0.4684, 0.3299 -0.0498 0.4505, 0.3361 -0.0114 0.4061, 0.3361 0.011 0.4061, 0.3351 -0.0144 0.4135, 0.3337 -0.0214 0.4231, 0.3326 -0.0306 0.4309, 0.3318 -0.0425 0.4364, 0.3319 -0.0408 0.4359, 0.3259 -0.1243 0.4787, 0.3256 -0.1074 0.4807, 0.32 0.011 0.5207, 0.3258 -0.0933 0.4793, 0.3266 -0.0762 0.4733, 0.3348 -0.2239 0.4153, 0.3273 -0.7643 0.4684, 0.3361 -0.2258 0.4061, 0.3361 -0.7731 0.4061, 0.3366 -0.2264 0.4026, 0.3267 -0.1401 0.4726, 0.32 -0.757 0.5207, 0.3273 -0.147 0.4684, 0.3275 -0.1484 0.4676, 0.3331 -0.2183 0.4274, 0.3317 -0.2105 0.4371, 0.3314 -0.2079 0.4395, 0.3303 -0.1965 0.4473, 0.3296 -0.1838 0.4519, 0.3294 -0.1712 0.4533, 0.3284 -0.1564 0.4607, 0.3295 -0.1673 0.4531, 0.3295 -0.1634 0.4527, 0.3435 -0.2025 0.3533, 0.3423 -0.2122 0.3617, 0.3447 -0.7817 0.3445, 0.3444 -0.1903 0.3471, 0.3407 -0.2205 0.3735, 0.3389 -0.2251 0.3862, 0.3371 -0.2266 0.3985, 0.3446 -0.1849 0.3454, 0.3447 -0.1845 0.3445, 0.3456 -0.1815 0.3382, 0.3465 -0.1764 0.332, 0.3705 0.0573 0.1614, 0.3474 0.011 0.3257, 0.3705 0.011 0.1614, 0.3474 -0.1383 0.3257, 0.3477 -0.1442 0.3234, 0.3705 -0.8075 0.1614, 0.3705 -0.8071 0.1614, 0.3474 -0.7844 0.3257, 0.3474 -0.1666 0.3257, 0.3472 -0.1697 0.327, 0.3478 -0.1525 0.3224, 0.3478 -0.1538 0.3225, 0.3477 -0.1619 0.3237, 0.3447 -0.1204 0.3445, 0.3448 -0.1205 0.3444, 0.3458 -0.1245 0.3369, 0.3466 -0.1298 0.331, 0.3473 -0.1366 0.3263, 0.3419 -0.0768 0.3645, 0.3418 -0.0745 0.3654, 0.3391 -0.0705 0.3847, 0.3399 -0.1268 0.3789, 0.3366 -0.0811 0.4026, 0.3392 -0.1328 0.3843, 0.3386 -0.14 0.3882, 0.3421 -0.0789 0.363, 0.3413 -0.0145 0.3693, 0.3426 -0.0213 0.36, 0.3447 0.011 0.3445, 0.3377 -0.03 0.3947, 0.3368 -0.0316 0.4012, 0.3361 -0.0342 0.4061, 0.3361 -0.2042 0.4061, 0.3365 -0.0102 0.4031, 0.3381 -0.0087 0.3921, 0.3398 -0.0102 0.38, 0.3418 -0.0718 0.3657, 0.3418 -0.0715 0.3657, 0.3418 -0.0705 0.3655, 0.3389 -0.2022 0.3858, 0.3399 -0.1981 0.3789, 0.3404 -0.1808 0.3754, 0.3408 -0.192 0.3726, 0.3414 -0.1846 0.3681, 0.3388 -0.1681 0.3866, 0.3395 -0.1751 0.3818, 0.3371 -0.2051 0.3992, 0.3378 -0.2047 0.3941, 0.3384 -0.1606 0.3894, 0.3383 -0.1525 0.3904, 0.3383 -0.1483 0.3902, 0.3437 -0.0306 0.3522, 0.3444 -0.041 0.3471, 0.3447 -0.0524 0.3448, 0.3432 -0.0824 0.3553, 0.3431 -0.0824 0.3565, 0.3426 -0.1183 0.3597, 0.3427 -0.0817 0.3591, 0.3424 -0.0804 0.3614, 0.3406 -0.0368 0.3739, 0.3399 -0.033 0.3792, 0.339 -0.0307 0.3852, 0.3381 -0.0298 0.3918, 0.3447 -0.0725 0.3448, 0.3447 -0.0745 0.3451, 0.3445 -0.0767 0.346, 0.3443 -0.0789 0.3475, 0.3442 -0.0797 0.3483, 0.3439 -0.0812 0.3504, 0.3436 -0.0821 0.3527, 0.3436 -0.1185 0.3528, 0.3431 -0.1183 0.3563, 0.3418 -0.0698 0.3654, 0.3418 -0.0544 0.3654, 0.3416 -0.0483 0.3666, 0.3413 -0.0423 0.3693, 0.3407 -0.0372 0.3734, 0.3316 -0.0665 0.4383, 0.3303 -0.0741 0.4475, 0.333 -0.1528 0.428, 0.3301 -0.0752 0.4484, 0.3292 -0.0848 0.455, 0.3286 -0.0955 0.4591, 0.3328 -0.1553 0.4293, 0.3324 -0.1629 0.4321, 0.336 -0.0348 0.4071, 0.3353 -0.0387 0.4114, 0.3344 -0.0565 0.4182, 0.3348 -0.044 0.4151, 0.3345 -0.05 0.4174, 0.3344 -0.0592 0.4182, 0.3331 -0.0612 0.4274, 0.3326 -0.1829 0.4309, 0.3332 -0.1905 0.4269, 0.3323 -0.1744 0.4329, 0.3339 -0.1964 0.4217, 0.3348 -0.2011 0.4149, 0.3323 -0.1709 0.4331, 0.3359 -0.204 0.4074, 0.3287 -0.1194 0.4589, 0.3293 -0.1306 0.4544, 0.3285 -0.107 0.4604, 0.3303 -0.14 0.4476, 0.3315 -0.1477 0.4385, 0.3322 0.2117 0.4334, 0.3322 0.1941 0.4334, 0.3341 0.2166 0.4204, 0.3361 0.1941 0.4061, 0.3341 0.2235 0.4204, 0.3361 0.2391 0.4061, 0.329 0.1941 0.4564, 0.3274 0.1986 0.468, 0.3273 0.1941 0.4684, 0.3274 0.2052 0.468, 0.3273 0.2391 0.4684, 0.3341 0.1803 0.4204, 0.3361 0.1789 0.4061, 0.3341 0.1871 0.4204, 0.3322 0.1917 0.4334, 0.3333 0.1098 0.4258, 0.3333 0.1227 0.4258, 0.3311 0.1098 0.4418, 0.3311 0.1227 0.4418, 0.3273 0.1227 0.4684, 0.3274 0.1283 0.468, 0.3273 0.1339 0.4684, 0.3282 0.1283 0.4625, 0.3311 0.127 0.4418, 0.3333 0.1294 0.4258, 0.3303 0.127 0.4473, 0.3282 0.1227 0.4625, 0.3303 0.1227 0.4473, 0.3282 0.1098 0.4625, 0.3303 0.1098 0.4473, 0.3341 0.1036 0.4204, 0.3361 0.1008 0.4061, 0.3341 0.1227 0.4204, 0.3361 0.1227 0.4061, 0.3341 0.1294 0.4204, 0.3361 0.1339 0.4061, 0.3273 0.1008 0.4684, 0.3274 0.1036 0.468, 0.3274 0.1227 0.468, 0.3284 0.0934 0.4607, 0.3331 0.0919 0.4273, 0.333 0.094 0.4283, 0.3285 0.094 0.4604, 0.3339 0.0919 0.4216, 0.3361 0.0919 0.4061, 0.3339 0.0931 0.422, 0.3338 0.094 0.4224, 0.3332 0.0733 0.427, 0.3333 0.0767 0.4256, 0.3334 0.0816 0.4251, 0.3283 0.0919 0.4613, 0.3282 0.0885 0.4625, 0.3333 0.0892 0.4262, 0.3281 0.0826 0.4632, 0.3334 0.0838 0.4252, 0.3299 0.0653 0.4502, 0.3308 0.0645 0.4437, 0.3312 0.0646 0.4411, 0.3318 0.0655 0.4365, 0.3281 0.0808 0.4632, 0.3282 0.0766 0.4624, 0.3284 0.0728 0.4606, 0.3323 0.0672 0.4328, 0.3327 0.0692 0.4301, 0.3328 0.0702 0.4292, 0.3288 0.0695 0.458, 0.3293 0.0669 0.4543, 0.3273 0.0877 0.4684, 0.3273 0.0889 0.4683, 0.3273 0.0919 0.4684, 0.3275 0.0919 0.4674, 0.3276 0.094 0.4668, 0.32 0.0919 0.5207, 0.3273 0.0826 0.4688, 0.3273 0.0826 0.4688, 0.3289 0.0614 0.4573, 0.3283 0.0649 0.4618, 0.3281 0.0661 0.4629, 0.3277 0.0706 0.466, 0.3273 0.0573 0.4684, 0.3296 0.0592 0.452, 0.3293 0.0601 0.4542, 0.3324 0.0601 0.4325, 0.332 0.0589 0.4355, 0.3361 0.0573 0.4061, 0.3309 0.058 0.4433, 0.3305 0.0581 0.4458, 0.334 0.0726 0.4208, 0.3337 0.068 0.4229, 0.3361 0.0601 0.4061, 0.3333 0.0642 0.4261, 0.3327 0.0609 0.4305, 0.3341 0.088 0.4203, 0.3342 0.0807 0.4196, 0.3342 0.0778 0.4197, 0.3144 0.011 0.5606, 0.3144 -0.7514 0.5606, 0.32 0.5456 0.5207, 0.32 0.757 0.5207, 0.3144 0.7514 0.5606, 0.3273 0.5456 0.4684, 0.3273 0.7643 0.4684, 0.3447 0.5456 0.3445, 0.3361 0.7731 0.4061, 0.3361 0.5456 0.4061, 0.3447 0.7817 0.3445, 0.3474 0.5456 0.3257, 0.3474 0.7844 0.3257, 0.3705 0.8071 0.1614, 0.3705 0.8075 0.1614, 0.3424 0.0645 0.3609, 0.3411 0.0656 0.3707, 0.3427 0.0633 0.359, 0.343 0.0626 0.3568, 0.3447 0.0919 0.3445, 0.3447 0.0899 0.3449, 0.3447 0.0838 0.3449, 0.3405 0.0789 0.3746, 0.3405 0.0769 0.3748, 0.3418 0.0737 0.3651, 0.3409 0.0893 0.3718, 0.3416 0.0899 0.3668, 0.3422 0.0663 0.3625, 0.342 0.0687 0.3638, 0.3407 0.0698 0.3733, 0.3405 0.0736 0.3745, 0.3446 0.0673 0.3454, 0.3444 0.0652 0.3468, 0.3447 0.0601 0.3445, 0.3443 0.0647 0.3473, 0.3441 0.0634 0.3491, 0.3439 0.0838 0.3502, 0.3439 0.0837 0.3502, 0.3442 0.0826 0.3487, 0.3444 0.0807 0.3467, 0.3438 0.0626 0.3511, 0.3434 0.0623 0.354, 0.3402 0.0656 0.3765, 0.3416 0.0838 0.3665, 0.3413 0.0836 0.3691, 0.341 0.083 0.3713, 0.3408 0.0823 0.3725, 0.3401 0.0669 0.3772, 0.3399 0.0713 0.379, 0.3398 0.0775 0.3797, 0.3399 0.0816 0.3792, 0.34 0.084 0.3784, 0.3401 0.0859 0.3772, 0.3403 0.087 0.3762, 0.3405 0.0883 0.3744, 0.3407 0.0814 0.3735, 0.3406 0.0803 0.3741, 0.3446 0.0787 0.3454, 0.3447 0.0765 0.3445, 0.3474 0.0919 0.3257, 0.3447 0.0763 0.3445, 0.3448 0.0732 0.3441, 0.3474 0.0601 0.3257, 0.3447 0.0697 0.3445, 0.3447 0.0696 0.3445, 0.3447 0.1008 0.3452, 0.3445 0.098 0.3461, 0.3437 0.098 0.3523, 0.3412 0.098 0.3697, 0.3409 0.0983 0.3719, 0.3418 0.099 0.3656, 0.3415 0.0983 0.3674, 0.3439 0.1007 0.3507, 0.3439 0.1008 0.3506, 0.3421 0.1008 0.3633, 0.342 0.0998 0.3644, 0.3421 0.1007 0.3633, 0.3447 0.1022 0.3447, 0.3447 0.1008 0.3445, 0.3447 0.1034 0.3445, 0.3448 0.1073 0.3441, 0.34 0.1195 0.3782, 0.3408 0.1195 0.3724, 0.3402 0.1019 0.377, 0.3401 0.1034 0.3779, 0.3406 0.099 0.3738, 0.3404 0.1001 0.3754, 0.3403 0.1008 0.376, 0.3437 0.1209 0.3518, 0.344 0.1202 0.3499, 0.3442 0.119 0.3483, 0.3399 0.1066 0.3791, 0.3398 0.1114 0.3797, 0.3399 0.1156 0.3793, 0.3426 0.1192 0.3598, 0.3428 0.1203 0.3582, 0.3431 0.1209 0.3564, 0.3434 0.1212 0.3542, 0.3444 0.1173 0.3468, 0.3445 0.1159 0.346, 0.3405 0.1108 0.3748, 0.3405 0.109 0.3747, 0.3411 0.1042 0.3703, 0.3406 0.1074 0.3743, 0.3407 0.1061 0.3736, 0.3412 0.1043 0.3695, 0.3414 0.1045 0.3686, 0.3415 0.105 0.3678, 0.3416 0.1056 0.3671, 0.3418 0.1077 0.3658, 0.3406 0.115 0.3743, 0.342 0.1114 0.3642, 0.3407 0.1184 0.373, 0.3421 0.1137 0.3633, 0.3424 0.1177 0.3611, 0.3408 0.1052 0.3728, 0.3409 0.1047 0.372, 0.341 0.1044 0.3712, 0.3441 0.1045 0.3493, 0.3426 0.1072 0.3599, 0.3424 0.1036 0.3615, 0.3441 0.1079 0.349, 0.3441 0.1082 0.349, 0.3428 0.1111 0.3582, 0.3441 0.1113 0.3493, 0.3435 0.115 0.3536, 0.3434 0.1149 0.3543, 0.344 0.1128 0.3499, 0.3439 0.1134 0.3502, 0.3439 0.1141 0.3508, 0.3437 0.1146 0.3516, 0.3436 0.1149 0.3525, 0.3432 0.1147 0.3553, 0.3431 0.1142 0.3561, 0.343 0.1135 0.3568, 0.3447 0.1436 0.3445, 0.3447 0.1637 0.3449, 0.3399 0.1573 0.3789, 0.338 0.1637 0.3925, 0.3435 0.14 0.3534, 0.3439 0.1407 0.3506, 0.3439 0.1409 0.3506, 0.3437 0.1412 0.3517, 0.3435 0.1416 0.3533, 0.3411 0.1339 0.3706, 0.3399 0.151 0.3789, 0.3447 0.1339 0.3445, 0.3433 0.1339 0.3546, 0.3399 0.1243 0.3789, 0.3399 0.131 0.3789, 0.3447 0.1378 0.345, 0.3447 0.1376 0.3445, 0.3455 0.1351 0.3388, 0.3474 0.1227 0.3257, 0.3469 0.1256 0.3294, 0.3461 0.1256 0.3347, 0.346 0.1328 0.3354, 0.3459 0.1339 0.3366, 0.3458 0.1339 0.3367, 0.3462 0.1268 0.3343, 0.3462 0.129 0.334, 0.3468 0.1339 0.33, 0.3469 0.1319 0.3292, 0.3474 0.1339 0.3257, 0.3469 0.1294 0.3289, 0.3469 0.1281 0.329, 0.3462 0.1306 0.3342, 0.3461 0.1319 0.3348, 0.3474 0.1789 0.3257, 0.3454 0.1417 0.3398, 0.3461 0.139 0.3345, 0.3465 0.1368 0.3319, 0.3466 0.1363 0.3316, 0.3468 0.1342 0.3301, 0.3439 0.1699 0.3504, 0.3439 0.1789 0.3504, 0.3417 0.1699 0.3664, 0.3417 0.1789 0.3664, 0.338 0.1789 0.3925, 0.338 0.1885 0.3925, 0.3388 0.1885 0.387, 0.3417 0.1871 0.3664, 0.3439 0.1896 0.3504, 0.3409 0.1871 0.3718, 0.3388 0.1789 0.387, 0.3409 0.1789 0.3718, 0.3388 0.1699 0.387, 0.3409 0.1699 0.3718, 0.3474 0.0573 0.3257, 0.3705 0.0601 0.1614, 0.3705 0.0919 0.1614, 0.3705 0.1339 0.1614, 0.3705 0.1789 0.1614, 0.3705 0.1941 0.1614, 0.3474 0.1941 0.3257, 0.3447 0.1941 0.3445, 0.3447 0.2391 0.3445, 0.3447 0.0573 0.3445, 0.3447 0.0565 0.3449, 0.3447 0.0307 0.3449, 0.3439 0.0565 0.3504, 0.3388 0.0554 0.387, 0.338 0.0307 0.3925, 0.338 0.0554 0.3925, 0.3417 0.0369 0.3664, 0.3439 0.0369 0.3504, 0.3417 0.0541 0.3664, 0.3409 0.0541 0.3718, 0.3409 0.0369 0.3718, 0.3388 0.0369 0.387, 0.3447 0.2119 0.3449, 0.3447 0.1986 0.3449, 0.3425 0.2365 0.3607, 0.3432 0.2341 0.3558, 0.3437 0.2305 0.3516, 0.3442 0.2255 0.3481, 0.3445 0.2201 0.3459, 0.338 0.1986 0.3925, 0.338 0.2124 0.3925, 0.3381 0.2197 0.3917, 0.3384 0.2255 0.3896, 0.3389 0.2305 0.3862, 0.3391 0.2322 0.3846, 0.3397 0.2352 0.3804, 0.3403 0.237 0.3759, 0.3413 0.2378 0.3693, 0.3417 0.2376 0.3663, 0.3447 0.2473 0.3449, 0.3447 0.2404 0.3449, 0.3447 0.2768 0.3449, 0.3429 0.2719 0.3579, 0.3429 0.2519 0.3579, 0.338 0.2587 0.3925, 0.338 0.2654 0.3925, 0.3447 0.2837 0.3449, 0.3274 0.0369 0.468, 0.3333 0.0369 0.4258, 0.3333 0.056 0.4258, 0.3341 0.0307 0.4204, 0.3274 0.0307 0.468, 0.3341 0.056 0.4204, 0.3341 0.1385 0.4204, 0.3311 0.1775 0.4418, 0.3319 0.1763 0.4362, 0.3325 0.1739 0.4313, 0.3331 0.1704 0.4271, 0.3291 0.175 0.4559, 0.3297 0.1768 0.4514, 0.3273 0.1789 0.4684, 0.3306 0.1776 0.4448, 0.3336 0.1654 0.4235, 0.3339 0.1599 0.4214, 0.3341 0.1517 0.4204, 0.3274 0.1385 0.468, 0.3274 0.1522 0.468, 0.3275 0.1595 0.4672, 0.3278 0.1653 0.4651, 0.3283 0.1704 0.4617, 0.3285 0.172 0.4601, 0.32 0.0601 0.5207, 0.32 0.0573 0.5207, 0.32 0.2391 0.5207, 0.32 0.1941 0.5207, 0.32 0.1789 0.5207, 0.32 0.1339 0.5207, 0.32 0.1227 0.5207, 0.32 0.1008 0.5207, 0.3144 0.5456 0.5606, 0.3144 0.2391 0.5606, 0.3144 0.1941 0.5606, 0.3144 0.1789 0.5606, 0.3144 0.1339 0.5606, 0.3144 0.1227 0.5606, 0.3144 0.1008 0.5606, 0.3144 0.0919 0.5606, 0.3144 0.0601 0.5606, 0.3144 0.0573 0.5606, -0.6138 0.8071 0.0433, -0.6138 0.6693 0.0433, -0.6138 0.8071 0.1614, -0.6138 0.6693 0.1575, -0.6138 0.5118 0.0433, -0.6138 0.0787 0.0433, -0.6138 0.5118 0.1575, -0.6138 0.0787 0.1575, -0.6138 -0.0787 0.1575, -0.6138 -0.8071 0.1614, -0.6138 -0.6693 0.0433, -0.6138 -0.8071 0.0433, -0.6138 -0.6693 0.1575, -0.6138 -0.5118 0.1575, -0.6138 -0.5118 0.0433, -0.6138 -0.0787 0.0433, -0.4819 -0.5118 0.0039, -0.5744 -0.5118 0.0039, -0.5744 -0.0787 0.0039, -0.5744 -0.8071 0.0039, -0.5744 -0.6693 0.0039, -0.4819 -0.6693 0.0039, -0.2784 -0.3406 0.0039, 0.3311 -0.3406 0.0039, 0.3311 -0.8071 0.0039, -0.4819 -0.0787 0.0039, -0.5846 -0.8071 0.0053, -0.5846 -0.6693 0.0053, -0.5941 -0.8071 0.0092, -0.5941 -0.6693 0.0092, -0.6022 -0.8071 0.0155, -0.6022 -0.6693 0.0155, -0.6085 -0.8071 0.0236, -0.6085 -0.6693 0.0236, -0.6124 -0.8071 0.0331, -0.6124 -0.6693 0.0331, -0.5846 -0.5118 0.0053, -0.5846 -0.0787 0.0053, -0.5941 -0.5118 0.0092, -0.5941 -0.0787 0.0092, -0.6022 -0.5118 0.0155, -0.6022 -0.0787 0.0155, -0.6085 -0.5118 0.0236, -0.6085 -0.0787 0.0236, -0.6124 -0.5118 0.0331, -0.6124 -0.0787 0.0331, -0.4819 0.6693 0.0039, -0.5744 0.6693 0.0039, -0.5744 0.8071 0.0039, -0.5744 0.0787 0.0039, -0.5744 0.5118 0.0039, -0.4819 0.5118 0.0039, 0.3311 0.8071 0.0039, 0.3311 0.3406 0.0039, -0.2784 0.3406 0.0039, -0.4819 0.0787 0.0039, -0.5846 0.0787 0.0053, -0.5846 0.5118 0.0053, -0.5941 0.0787 0.0092, -0.5941 0.5118 0.0092, -0.6022 0.0787 0.0155, -0.6022 0.5118 0.0155, -0.6085 0.0787 0.0236, -0.6085 0.5118 0.0236, -0.6124 0.0787 0.0331, -0.6124 0.5118 0.0331, 0.3705 0.8071 0.0433, 0.3705 0.3406 0.0433, 0.3705 0.3406 0.1575, 0.3705 -0.3406 0.1575, 0.3705 -0.8071 0.0433, 0.3705 -0.3406 0.0433, 0.3413 -0.3406 0.0053, 0.3413 -0.8071 0.0053, 0.3508 -0.3406 0.0092, 0.3508 -0.8071 0.0092, 0.3589 -0.3406 0.0155, 0.3589 -0.8071 0.0155, 0.3652 -0.3406 0.0236, 0.3652 -0.8071 0.0236, 0.3691 -0.3406 0.0331, 0.3691 -0.8071 0.0331, 0.3413 0.8071 0.0053, 0.3413 0.3406 0.0053, 0.3508 0.8071 0.0092, 0.3508 0.3406 0.0092, 0.3589 0.8071 0.0155, 0.3589 0.3406 0.0155, 0.3652 0.8071 0.0236, 0.3652 0.3406 0.0236, 0.3691 0.8071 0.0331, 0.3691 0.3406 0.0331, -0.5846 0.6693 0.0053, -0.5846 0.8071 0.0053, -0.5941 0.6693 0.0092, -0.5941 0.8071 0.0092, -0.6022 0.6693 0.0155, -0.6022 0.8071 0.0155, -0.6085 0.6693 0.0236, -0.6085 0.8071 0.0236, -0.6124 0.6693 0.0331, -0.6124 0.8071 0.0331, 0.3311 0.8465 0.0433, -0.5744 0.8465 0.0433, 0.3311 0.8465 0.1614, -0.5744 0.8465 0.1614, 0.3311 -0.8465 0.1614, -0.5744 -0.8465 0.1614, 0.3311 -0.8465 0.0433, -0.5744 -0.8465 0.0433, -0.5187 0.7514 0.5945, -0.5187 -0.7514 0.5945, 0.2754 0.7514 0.5945, 0.2754 -0.7514 0.5945, -0.5748 0.8465 0.1614, -0.5187 0.7904 0.5606, 0.2754 0.7904 0.5606, 0.3315 0.8465 0.1614, -0.6138 -0.8075 0.1614, -0.5577 -0.7514 0.5606, -0.5577 0.7514 0.5606, -0.6138 0.8075 0.1614, 0.3315 -0.8465 0.1614, 0.2754 -0.7904 0.5606, -0.5187 -0.7904 0.5606, -0.5748 -0.8465 0.1614, -0.5187 -0.7881 0.5694, 0.2754 -0.7881 0.5694, -0.5187 -0.7879 0.5696, 0.2754 -0.7879 0.5696, -0.5187 -0.7836 0.5777, 0.2754 -0.7836 0.5777, -0.5187 -0.7835 0.5779, 0.2754 -0.7835 0.5779, -0.5187 -0.7773 0.5847, 0.2754 -0.7773 0.5847, -0.5187 -0.7772 0.5848, 0.2754 -0.7772 0.5848, -0.5187 -0.7695 0.59, 0.2754 -0.7695 0.59, -0.5187 -0.7694 0.5901, 0.2754 -0.7694 0.5901, -0.5187 -0.7607 0.5934, 0.2754 -0.7607 0.5934, -0.5187 -0.7607 0.5934, 0.2754 -0.7607 0.5934, 0.3075 -0.7514 0.5779, 0.3013 -0.7514 0.5847, 0.3005 -0.7581 0.5847, 0.2929 -0.7561 0.59, 0.2844 -0.7538 0.5934, 0.2835 -0.756 0.5934, 0.2801 -0.7595 0.5934, 0.282 -0.758 0.5934, 0.2778 -0.7604 0.5934, 0.2847 -0.7514 0.5934, 0.3108 -0.7609 0.5694, 0.3129 -0.7614 0.5618, 0.3129 -0.7613 0.5618, 0.3089 -0.7706 0.5625, 0.3072 -0.7697 0.5694, 0.3089 -0.7707 0.5625, 0.3013 -0.7773 0.5694, 0.3027 -0.7787 0.5628, 0.2937 -0.7831 0.5694, 0.2947 -0.7848 0.5625, 0.2947 -0.7849 0.5625, 0.2849 -0.7868 0.5694, 0.2854 -0.7888 0.5618, 0.2854 -0.7889 0.5618, 0.3012 -0.7514 0.5848, 0.2936 -0.7514 0.59, 0.2935 -0.7514 0.5901, 0.2847 -0.7514 0.5934, 0.2911 -0.7605 0.59, 0.2882 -0.7642 0.59, 0.2845 -0.7671 0.59, 0.2801 -0.7689 0.59, 0.2979 -0.7643 0.5847, 0.2937 -0.7697 0.5847, 0.2884 -0.7738 0.5847, 0.2821 -0.7764 0.5847, 0.3119 -0.7514 0.5696, 0.3076 -0.7514 0.5777, 0.3065 -0.7597 0.5777, 0.3033 -0.7675 0.5777, 0.2982 -0.7742 0.5777, 0.2915 -0.7793 0.5777, 0.2837 -0.7825 0.5777, 0.3121 -0.7514 0.5694, -0.5254 -0.7764 0.5847, -0.5234 -0.7689 0.59, -0.5211 -0.7604 0.5934, -0.5234 -0.7595 0.5934, -0.5268 -0.756 0.5934, -0.5253 -0.758 0.5934, -0.5277 -0.7538 0.5934, -0.5282 -0.7868 0.5694, -0.5287 -0.7888 0.5618, -0.5287 -0.7889 0.5618, -0.538 -0.7849 0.5625, -0.537 -0.7831 0.5694, -0.538 -0.7848 0.5625, -0.5446 -0.7773 0.5694, -0.546 -0.7787 0.5628, -0.5505 -0.7697 0.5694, -0.5522 -0.7707 0.5625, -0.5522 -0.7706 0.5625, -0.5541 -0.7609 0.5694, -0.5562 -0.7614 0.5618, -0.5562 -0.7613 0.5618, -0.5554 -0.7514 0.5694, -0.528 -0.7514 0.5934, -0.5278 -0.7671 0.59, -0.5315 -0.7642 0.59, -0.5344 -0.7605 0.59, -0.5362 -0.7561 0.59, -0.528 -0.7514 0.5934, -0.5368 -0.7514 0.5901, -0.5369 -0.7514 0.59, -0.5445 -0.7514 0.5848, -0.5317 -0.7738 0.5847, -0.537 -0.7697 0.5847, -0.5412 -0.7643 0.5847, -0.5438 -0.7581 0.5847, -0.527 -0.7825 0.5777, -0.5348 -0.7793 0.5777, -0.5415 -0.7742 0.5777, -0.5466 -0.7675 0.5777, -0.5498 -0.7597 0.5777, -0.5446 -0.7514 0.5847, -0.5508 -0.7514 0.5779, -0.5509 -0.7514 0.5777, -0.5552 -0.7514 0.5696, 0.3691 -0.8173 0.162, 0.3691 -0.8175 0.162, 0.3652 -0.8268 0.1624, 0.3651 -0.8269 0.1624, 0.3589 -0.8349 0.1625, 0.3509 -0.8411 0.1624, 0.3508 -0.8412 0.1624, 0.3415 -0.845 0.162, 0.3413 -0.8451 0.162, 0.3121 0.7514 0.5694, 0.3119 0.7514 0.5696, 0.3076 0.7514 0.5777, 0.3075 0.7514 0.5779, 0.3013 0.7514 0.5847, 0.3012 0.7514 0.5848, 0.2936 0.7514 0.59, 0.2935 0.7514 0.5901, 0.2847 0.7514 0.5934, 0.2847 0.7514 0.5934, 0.2754 0.7881 0.5694, -0.5187 0.7881 0.5694, 0.2754 0.7879 0.5696, -0.5187 0.7879 0.5696, 0.2754 0.7836 0.5777, -0.5187 0.7836 0.5777, 0.2754 0.7835 0.5779, -0.5187 0.7835 0.5779, 0.2754 0.7773 0.5847, -0.5187 0.7773 0.5847, 0.2754 0.7772 0.5848, -0.5187 0.7772 0.5848, 0.2754 0.7695 0.59, -0.5187 0.7695 0.59, 0.2754 0.7694 0.5901, -0.5187 0.7694 0.5901, 0.2754 0.7607 0.5934, -0.5187 0.7607 0.5934, 0.2754 0.7607 0.5934, -0.5187 0.7607 0.5934, -0.5554 0.7514 0.5694, -0.5552 0.7514 0.5696, -0.5509 0.7514 0.5777, -0.5508 0.7514 0.5779, -0.5446 0.7514 0.5847, -0.5445 0.7514 0.5848, -0.5369 0.7514 0.59, -0.5368 0.7514 0.5901, -0.528 0.7514 0.5934, -0.528 0.7514 0.5934, -0.5942 -0.8411 0.1624, -0.5941 -0.8412 0.1624, -0.5848 -0.845 0.162, -0.5846 -0.8451 0.162, -0.6022 -0.8349 0.1625, -0.6084 -0.8269 0.1624, -0.6085 -0.8268 0.1624, -0.6124 -0.8175 0.162, -0.6124 -0.8173 0.162, 0.3413 -0.8451 0.0433, 0.3508 -0.8412 0.0433, 0.3589 -0.8349 0.0433, 0.3652 -0.8268 0.0433, 0.3691 -0.8173 0.0433, 0.2821 0.7764 0.5847, 0.2801 0.7689 0.59, 0.2778 0.7604 0.5934, 0.2801 0.7595 0.5934, 0.2835 0.756 0.5934, 0.282 0.758 0.5934, 0.2844 0.7538 0.5934, 0.2849 0.7868 0.5694, 0.2854 0.7888 0.5618, 0.2854 0.7889 0.5618, 0.2947 0.7849 0.5625, 0.2937 0.7831 0.5694, 0.2947 0.7848 0.5625, 0.3013 0.7773 0.5694, 0.3027 0.7787 0.5628, 0.3072 0.7697 0.5694, 0.3089 0.7707 0.5625, 0.3089 0.7706 0.5625, 0.3108 0.7609 0.5694, 0.3129 0.7614 0.5618, 0.3129 0.7613 0.5618, 0.2845 0.7671 0.59, 0.2882 0.7642 0.59, 0.2911 0.7605 0.59, 0.2929 0.7561 0.59, 0.2884 0.7738 0.5847, 0.2937 0.7697 0.5847, 0.2979 0.7643 0.5847, 0.3005 0.7581 0.5847, 0.2837 0.7825 0.5777, 0.2915 0.7793 0.5777, 0.2982 0.7742 0.5777, 0.3033 0.7675 0.5777, 0.3065 0.7597 0.5777, -0.5438 0.7581 0.5847, -0.5362 0.7561 0.59, -0.5277 0.7538 0.5934, -0.5268 0.756 0.5934, -0.5234 0.7595 0.5934, -0.5253 0.758 0.5934, -0.5211 0.7604 0.5934, -0.5541 0.7609 0.5694, -0.5562 0.7614 0.5618, -0.5562 0.7613 0.5618, -0.5522 0.7706 0.5625, -0.5505 0.7697 0.5694, -0.5522 0.7707 0.5625, -0.5446 0.7773 0.5694, -0.546 0.7787 0.5628, -0.537 0.7831 0.5694, -0.538 0.7848 0.5625, -0.538 0.7849 0.5625, -0.5282 0.7868 0.5694, -0.5287 0.7888 0.5618, -0.5287 0.7889 0.5618, -0.5344 0.7605 0.59, -0.5315 0.7642 0.59, -0.5278 0.7671 0.59, -0.5234 0.7689 0.59, -0.5412 0.7643 0.5847, -0.537 0.7697 0.5847, -0.5317 0.7738 0.5847, -0.5254 0.7764 0.5847, -0.5498 0.7597 0.5777, -0.5466 0.7675 0.5777, -0.5415 0.7742 0.5777, -0.5348 0.7793 0.5777, -0.527 0.7825 0.5777, -0.6124 -0.8173 0.0433, -0.6085 -0.8268 0.0433, -0.6022 -0.8349 0.0433, -0.5941 -0.8412 0.0433, -0.5846 -0.8451 0.0433, 0.3311 -0.8173 0.0053, -0.5744 -0.8173 0.0053, 0.3311 -0.8268 0.0092, -0.5744 -0.8268 0.0092, 0.3311 -0.8349 0.0155, -0.5744 -0.8349 0.0155, 0.3311 -0.8412 0.0236, -0.5744 -0.8412 0.0236, 0.3311 -0.8451 0.0331, -0.5744 -0.8451 0.0331, 0.3678 -0.8169 0.0331, 0.364 -0.8261 0.0331, 0.364 -0.8159 0.0236, 0.3606 -0.8241 0.0236, 0.358 -0.8143 0.0155, 0.3552 -0.821 0.0155, 0.3501 -0.8122 0.0092, 0.3482 -0.8169 0.0092, 0.3409 -0.8097 0.0053, 0.3399 -0.8122 0.0053, 0.358 -0.834 0.0331, 0.3552 -0.8312 0.0236, 0.3508 -0.8268 0.0155, 0.345 -0.821 0.0092, 0.3383 -0.8143 0.0053, 0.3501 -0.84 0.0331, 0.3409 -0.8438 0.0331, 0.3482 -0.8366 0.0236, 0.3399 -0.84 0.0236, 0.345 -0.8312 0.0155, 0.3383 -0.834 0.0155, 0.3409 -0.8241 0.0092, 0.3362 -0.8261 0.0092, 0.3362 -0.8159 0.0053, 0.3337 -0.8169 0.0053, 0.3509 0.8411 0.1624, 0.3508 0.8412 0.1624, 0.3415 0.845 0.162, 0.3413 0.8451 0.162, 0.3589 0.8349 0.1625, 0.3651 0.8269 0.1624, 0.3652 0.8268 0.1624, 0.3691 0.8175 0.162, 0.3691 0.8173 0.162, -0.6084 0.8269 0.1624, -0.6085 0.8268 0.1624, -0.6124 0.8175 0.162, -0.6124 0.8173 0.162, -0.6022 0.8349 0.1625, -0.5942 0.8411 0.1624, -0.5941 0.8412 0.1624, -0.5848 0.845 0.162, -0.5846 0.8451 0.162, -0.5842 -0.8438 0.0331, -0.5934 -0.84 0.0331, -0.5832 -0.84 0.0236, -0.5915 -0.8366 0.0236, -0.5816 -0.834 0.0155, -0.5883 -0.8312 0.0155, -0.5795 -0.8261 0.0092, -0.5842 -0.8241 0.0092, -0.577 -0.8169 0.0053, -0.5795 -0.8159 0.0053, -0.6013 -0.834 0.0331, -0.5985 -0.8312 0.0236, -0.5941 -0.8268 0.0155, -0.5883 -0.821 0.0092, -0.5816 -0.8143 0.0053, -0.6073 -0.8261 0.0331, -0.6111 -0.8169 0.0331, -0.6039 -0.8241 0.0236, -0.6073 -0.8159 0.0236, -0.5985 -0.821 0.0155, -0.6013 -0.8143 0.0155, -0.5915 -0.8169 0.0092, -0.5934 -0.8122 0.0092, -0.5832 -0.8122 0.0053, -0.5842 -0.8097 0.0053, 0.3691 0.8173 0.0433, 0.3652 0.8268 0.0433, 0.3589 0.8349 0.0433, 0.3508 0.8412 0.0433, 0.3413 0.8451 0.0433, -0.5846 0.8451 0.0433, -0.5941 0.8412 0.0433, -0.6022 0.8349 0.0433, -0.6085 0.8268 0.0433, -0.6124 0.8173 0.0433, 0.3409 0.8438 0.0331, 0.3501 0.84 0.0331, 0.3399 0.84 0.0236, 0.3482 0.8366 0.0236, 0.3383 0.834 0.0155, 0.345 0.8312 0.0155, 0.3362 0.8261 0.0092, 0.3409 0.8241 0.0092, 0.3337 0.8169 0.0053, 0.3362 0.8159 0.0053, 0.358 0.834 0.0331, 0.3552 0.8312 0.0236, 0.3508 0.8268 0.0155, 0.345 0.821 0.0092, 0.3383 0.8143 0.0053, 0.3311 0.8451 0.0331, 0.3311 0.8412 0.0236, 0.3311 0.8349 0.0155, 0.3311 0.8268 0.0092, 0.3311 0.8173 0.0053, 0.364 0.8261 0.0331, 0.3678 0.8169 0.0331, 0.3606 0.8241 0.0236, 0.364 0.8159 0.0236, 0.3552 0.821 0.0155, 0.358 0.8143 0.0155, 0.3482 0.8169 0.0092, 0.3501 0.8122 0.0092, 0.3399 0.8122 0.0053, 0.3409 0.8097 0.0053, -0.6111 0.8169 0.0331, -0.6073 0.8261 0.0331, -0.6073 0.8159 0.0236, -0.6039 0.8241 0.0236, -0.6013 0.8143 0.0155, -0.5985 0.821 0.0155, -0.5934 0.8122 0.0092, -0.5915 0.8169 0.0092, -0.5842 0.8097 0.0053, -0.5832 0.8122 0.0053, -0.6013 0.834 0.0331, -0.5985 0.8312 0.0236, -0.5941 0.8268 0.0155, -0.5883 0.821 0.0092, -0.5816 0.8143 0.0053, -0.5934 0.84 0.0331, -0.5842 0.8438 0.0331, -0.5915 0.8366 0.0236, -0.5832 0.84 0.0236, -0.5883 0.8312 0.0155, -0.5816 0.834 0.0155, -0.5842 0.8241 0.0092, -0.5795 0.8261 0.0092, -0.5795 0.8159 0.0053, -0.577 0.8169 0.0053, -0.5744 0.8451 0.0331, -0.5744 0.8412 0.0236, -0.5744 0.8349 0.0155, -0.5744 0.8268 0.0092, -0.5744 0.8173 0.0053
            ]
        }
        coordIndex [
            0,1,2,-1,3,4,5,-1,6,7,8,-1,9,10,11,-1,12,13,14,-1,15,16,17,-1,17,16,18,-1,19,20,21,-1,21,20,17,-1,21,17,22,-1,22,17,23,-1,18,24,17,-1,17,24,25,-1,17,25,23,-1,26,27,28,-1,28,27,29,-1,28,29,30,-1,31,32,33,-1,33,32,34,-1,33,34,35,-1,36,37,38,-1,38,37,32,-1,38,32,39,-1,31,40,32,-1,32,40,41,-1,32,41,42,-1,42,43,32,-1,32,43,44,-1,32,44,39,-1,39,44,45,-1,39,45,46,-1,46,45,47,-1,46,47,48,-1,49,50,51,-1,49,51,52,-1,50,53,51,-1,51,53,54,-1,51,54,34,-1,34,54,55,-1,34,55,35,-1,56,52,57,-1,57,52,51,-1,57,51,58,-1,58,51,59,-1,60,61,62,-1,62,61,63,-1,62,63,64,-1,65,66,67,-1,67,66,68,-1,67,68,51,-1,51,68,69,-1,51,69,59,-1,64,70,62,-1,62,70,71,-1,62,71,66,-1,66,71,72,-1,66,72,68,-1,73,74,61,-1,61,74,75,-1,75,76,61,-1,61,76,77,-1,61,77,63,-1,78,79,80,-1,81,82,83,-1,83,82,84,-1,78,80,85,-1,86,87,88,-1,89,90,82,-1,82,90,91,-1,82,91,92,-1,19,93,20,-1,20,93,94,-1,20,94,88,-1,88,94,95,-1,88,95,86,-1,79,96,80,-1,80,96,97,-1,80,97,98,-1,99,100,101,-1,101,100,102,-1,101,102,103,-1,104,92,105,-1,105,92,106,-1,105,106,101,-1,101,106,107,-1,101,107,99,-1,104,108,92,-1,92,108,109,-1,92,109,82,-1,82,109,110,-1,82,110,84,-1,87,111,88,-1,88,111,112,-1,88,112,113,-1,114,115,116,-1,116,115,117,-1,116,117,80,-1,80,117,118,-1,80,118,85,-1,119,120,80,-1,80,120,121,-1,80,121,82,-1,82,121,122,-1,82,122,89,-1,123,124,73,-1,124,125,73,-1,73,125,126,-1,73,126,127,-1,127,128,73,-1,73,128,129,-1,73,129,130,-1,130,129,114,-1,130,114,131,-1,131,114,116,-1,98,132,80,-1,80,132,133,-1,80,133,134,-1,134,135,80,-1,80,135,136,-1,80,136,119,-1,137,138,139,-1,138,140,139,-1,139,140,141,-1,139,141,142,-1,91,139,92,-1,92,139,143,-1,92,143,144,-1,145,146,147,-1,147,146,148,-1,147,148,149,-1,145,147,91,-1,91,147,150,-1,91,150,139,-1,139,150,151,-1,139,151,137,-1,152,153,154,-1,154,153,155,-1,154,155,156,-1,144,157,92,-1,92,157,154,-1,92,154,158,-1,158,154,156,-1,159,160,161,-1,161,160,162,-1,161,162,142,-1,142,162,163,-1,142,163,139,-1,164,165,166,-1,166,165,167,-1,166,167,168,-1,168,167,169,-1,170,171,172,-1,172,171,173,-1,172,173,174,-1,175,176,177,-1,177,176,167,-1,177,167,178,-1,178,167,165,-1,179,180,181,-1,181,180,182,-1,183,184,185,-1,185,184,186,-1,182,180,187,-1,187,180,188,-1,187,188,189,-1,186,190,191,-1,191,190,192,-1,191,192,193,-1,194,195,196,-1,196,195,197,-1,196,197,198,-1,198,197,199,-1,198,199,188,-1,200,201,183,-1,183,201,202,-1,183,202,184,-1,203,204,205,-1,203,205,206,-1,206,205,195,-1,206,195,200,-1,200,195,194,-1,200,194,201,-1,207,208,209,-1,209,208,195,-1,209,195,210,-1,210,195,205,-1,211,212,213,-1,203,214,204,-1,204,214,215,-1,204,215,216,-1,216,215,217,-1,216,217,218,-1,219,220,218,-1,218,220,221,-1,218,221,222,-1,217,223,218,-1,218,223,224,-1,218,224,225,-1,222,226,218,-1,218,226,227,-1,218,227,213,-1,213,227,228,-1,213,228,211,-1,225,229,218,-1,218,229,230,-1,218,230,219,-1,231,232,233,-1,233,232,234,-1,233,234,200,-1,200,234,235,-1,200,235,206,-1,236,237,238,-1,14,239,240,-1,240,241,14,-1,14,241,242,-1,14,242,12,-1,243,244,14,-1,14,244,245,-1,14,245,239,-1,246,247,248,-1,248,247,249,-1,248,249,243,-1,243,249,250,-1,243,250,244,-1,251,252,253,-1,253,252,254,-1,253,254,255,-1,207,256,208,-1,208,256,257,-1,208,257,253,-1,253,257,258,-1,253,258,251,-1,259,260,37,-1,261,262,263,-1,264,265,262,-1,266,267,268,-1,268,267,265,-1,269,270,271,-1,271,270,272,-1,271,272,273,-1,274,275,276,-1,276,275,277,-1,278,279,280,-1,281,282,283,-1,208,284,285,-1,274,286,275,-1,275,286,287,-1,275,287,288,-1,288,287,283,-1,288,283,289,-1,289,283,282,-1,290,291,292,-1,292,291,293,-1,292,293,294,-1,295,296,280,-1,280,296,297,-1,280,297,298,-1,294,299,292,-1,292,299,300,-1,292,300,253,-1,253,300,277,-1,253,277,301,-1,301,277,275,-1,302,303,283,-1,283,303,304,-1,283,304,305,-1,301,306,253,-1,253,306,307,-1,253,307,208,-1,208,307,308,-1,308,309,208,-1,208,309,310,-1,208,310,311,-1,311,312,208,-1,208,312,313,-1,208,313,284,-1,305,314,283,-1,283,314,315,-1,283,315,281,-1,298,316,280,-1,280,316,317,-1,280,317,278,-1,278,317,318,-1,319,320,321,-1,321,320,322,-1,321,322,292,-1,292,322,323,-1,292,323,290,-1,324,325,278,-1,278,325,326,-1,327,328,208,-1,329,330,326,-1,331,332,333,-1,329,326,334,-1,330,327,326,-1,326,327,208,-1,326,208,278,-1,278,208,285,-1,278,285,279,-1,331,333,326,-1,326,333,335,-1,326,335,334,-1,336,337,338,-1,338,337,3,-1,338,3,339,-1,340,341,11,-1,342,343,195,-1,328,344,208,-1,208,344,345,-1,208,345,195,-1,195,345,346,-1,195,346,342,-1,347,348,11,-1,11,348,349,-1,343,350,195,-1,195,350,351,-1,195,351,197,-1,197,351,352,-1,197,352,340,-1,353,354,341,-1,341,354,355,-1,341,355,11,-1,11,355,356,-1,11,356,347,-1,349,357,11,-1,11,357,358,-1,11,358,9,-1,359,360,361,-1,361,360,362,-1,361,362,363,-1,361,364,359,-1,359,364,365,-1,359,365,366,-1,366,367,359,-1,359,367,368,-1,359,368,369,-1,369,368,370,-1,369,370,371,-1,371,370,372,-1,371,372,341,-1,341,372,373,-1,341,373,353,-1,374,375,363,-1,363,375,376,-1,363,376,361,-1,377,378,332,-1,332,378,379,-1,332,379,333,-1,377,380,378,-1,378,380,381,-1,378,381,382,-1,382,381,383,-1,382,384,385,-1,383,386,382,-1,382,386,387,-1,382,387,388,-1,388,389,382,-1,382,389,390,-1,382,390,384,-1,385,391,382,-1,382,391,392,-1,382,392,393,-1,394,395,396,-1,396,395,397,-1,398,399,400,-1,400,401,398,-1,398,401,402,-1,398,402,403,-1,403,402,404,-1,403,404,199,-1,405,406,11,-1,11,406,407,-1,340,11,197,-1,197,11,407,-1,197,407,199,-1,199,407,408,-1,199,408,403,-1,409,406,410,-1,410,406,405,-1,410,405,411,-1,412,413,414,-1,415,416,405,-1,405,416,417,-1,405,417,411,-1,339,3,10,-1,10,3,412,-1,10,412,11,-1,11,412,414,-1,11,414,405,-1,405,414,418,-1,405,418,419,-1,420,421,422,-1,422,421,423,-1,422,423,412,-1,412,423,424,-1,412,424,413,-1,419,425,405,-1,405,425,426,-1,405,426,415,-1,7,395,8,-1,8,395,394,-1,8,394,427,-1,427,394,428,-1,427,428,429,-1,429,430,427,-1,427,430,431,-1,427,431,422,-1,422,431,432,-1,422,432,420,-1,433,434,435,-1,435,434,436,-1,404,396,199,-1,199,396,397,-1,199,397,176,-1,176,397,437,-1,176,437,167,-1,167,437,438,-1,167,438,439,-1,436,434,440,-1,440,434,441,-1,440,441,442,-1,439,443,444,-1,444,443,445,-1,444,445,446,-1,60,447,61,-1,61,447,88,-1,61,88,73,-1,73,88,113,-1,73,113,123,-1,448,449,321,-1,321,449,318,-1,321,318,319,-1,319,318,317,-1,3,5,412,-1,412,5,450,-1,412,450,422,-1,422,450,451,-1,422,451,427,-1,452,1,453,-1,453,1,0,-1,453,0,454,-1,449,4,318,-1,318,4,3,-1,318,3,278,-1,278,3,337,-1,278,337,324,-1,324,337,336,-1,451,452,427,-1,427,452,453,-1,427,453,8,-1,8,453,454,-1,8,454,6,-1,6,454,441,-1,455,270,266,-1,266,270,269,-1,266,269,267,-1,456,457,458,-1,457,456,459,-1,459,456,248,-1,459,248,460,-1,447,456,88,-1,88,456,458,-1,88,458,20,-1,20,458,461,-1,20,461,248,-1,248,461,462,-1,248,462,460,-1,463,464,465,-1,465,464,459,-1,465,459,466,-1,466,459,460,-1,466,460,467,-1,467,460,468,-1,60,448,447,-1,447,448,321,-1,447,321,456,-1,456,321,292,-1,456,292,248,-1,248,292,253,-1,248,253,246,-1,246,253,255,-1,469,454,455,-1,455,454,0,-1,455,0,270,-1,270,0,2,-1,270,2,272,-1,469,470,454,-1,454,470,167,-1,454,167,441,-1,441,167,439,-1,441,439,442,-1,442,439,444,-1,471,472,455,-1,455,472,473,-1,473,474,455,-1,455,474,475,-1,455,475,469,-1,470,476,167,-1,167,476,477,-1,167,477,169,-1,169,477,478,-1,169,478,479,-1,479,480,169,-1,169,480,481,-1,169,481,482,-1,482,483,169,-1,169,483,484,-1,169,484,455,-1,455,484,485,-1,455,485,471,-1,486,487,455,-1,488,489,490,-1,455,487,169,-1,169,487,491,-1,169,491,492,-1,490,486,488,-1,488,486,455,-1,488,455,493,-1,493,455,266,-1,493,266,492,-1,492,266,268,-1,492,268,169,-1,494,495,496,-1,497,498,17,-1,17,498,494,-1,17,494,243,-1,243,494,496,-1,243,496,248,-1,248,496,499,-1,248,499,20,-1,20,499,497,-1,20,497,17,-1,191,189,186,-1,186,189,188,-1,186,188,185,-1,185,188,199,-1,185,199,500,-1,501,502,176,-1,176,502,503,-1,176,503,504,-1,505,506,507,-1,507,506,508,-1,504,509,176,-1,176,509,510,-1,176,510,199,-1,199,510,511,-1,199,511,500,-1,500,512,185,-1,185,512,513,-1,185,513,507,-1,507,513,514,-1,507,514,515,-1,515,516,507,-1,507,516,517,-1,507,517,505,-1,170,172,175,-1,175,172,507,-1,175,507,176,-1,176,507,508,-1,176,508,501,-1,265,264,268,-1,268,264,174,-1,268,174,169,-1,169,174,173,-1,169,173,168,-1,237,236,13,-1,13,236,518,-1,13,518,14,-1,14,518,519,-1,14,519,243,-1,243,519,28,-1,243,28,17,-1,17,28,30,-1,17,30,15,-1,262,261,264,-1,264,261,520,-1,264,520,174,-1,174,520,521,-1,174,521,172,-1,172,521,522,-1,172,522,507,-1,507,522,523,-1,507,523,185,-1,185,523,524,-1,185,524,183,-1,183,524,525,-1,183,525,200,-1,200,525,236,-1,200,236,233,-1,233,236,238,-1,233,238,231,-1,263,526,261,-1,261,526,527,-1,261,527,520,-1,520,527,528,-1,520,528,521,-1,521,528,529,-1,521,529,522,-1,522,529,530,-1,522,530,523,-1,523,530,531,-1,523,531,524,-1,524,531,532,-1,524,532,525,-1,525,532,533,-1,525,533,236,-1,236,533,534,-1,236,534,518,-1,518,534,535,-1,518,535,519,-1,519,535,259,-1,519,259,28,-1,28,259,37,-1,28,37,26,-1,26,37,36,-1,536,537,538,-1,538,537,539,-1,540,541,542,-1,542,541,543,-1,544,545,543,-1,543,545,538,-1,543,538,542,-1,542,538,539,-1,546,547,548,-1,548,547,545,-1,548,545,549,-1,549,545,544,-1,549,544,550,-1,550,544,551,-1,552,553,554,-1,555,556,557,-1,558,559,560,-1,555,557,560,-1,560,557,552,-1,560,552,558,-1,558,552,554,-1,558,554,561,-1,556,555,562,-1,556,562,563,-1,563,562,564,-1,563,564,565,-1,565,564,566,-1,565,566,567,-1,567,566,568,-1,567,568,569,-1,569,568,570,-1,569,570,571,-1,571,570,547,-1,571,547,546,-1,554,553,572,-1,554,572,573,-1,573,572,574,-1,573,574,575,-1,575,574,576,-1,575,576,577,-1,577,576,578,-1,577,578,579,-1,579,578,580,-1,579,580,581,-1,581,580,550,-1,581,550,551,-1,582,583,584,-1,585,586,587,-1,588,589,590,-1,584,588,582,-1,582,588,590,-1,582,590,587,-1,587,590,591,-1,587,591,585,-1,586,585,592,-1,586,592,593,-1,593,592,594,-1,593,594,595,-1,595,594,596,-1,595,596,597,-1,597,596,598,-1,597,598,599,-1,599,598,600,-1,599,600,601,-1,601,600,541,-1,601,541,540,-1,602,272,603,-1,603,272,2,-1,603,2,604,-1,604,2,1,-1,1,452,604,-1,604,452,451,-1,604,451,605,-1,451,450,605,-1,605,450,5,-1,605,5,4,-1,4,449,605,-1,605,449,448,-1,605,448,60,-1,606,607,66,-1,66,607,605,-1,66,605,62,-1,62,605,60,-1,560,559,608,-1,560,608,609,-1,609,608,610,-1,609,610,611,-1,611,610,612,-1,611,612,613,-1,613,612,614,-1,613,614,615,-1,615,614,616,-1,615,616,617,-1,617,616,607,-1,617,607,606,-1,589,588,618,-1,589,618,619,-1,619,618,620,-1,619,620,621,-1,621,620,622,-1,621,622,623,-1,623,622,624,-1,623,624,625,-1,625,624,626,-1,625,626,627,-1,627,626,602,-1,627,602,603,-1,584,583,628,-1,584,628,629,-1,629,628,630,-1,629,630,631,-1,631,630,632,-1,631,632,633,-1,633,632,634,-1,633,634,635,-1,635,634,636,-1,635,636,637,-1,637,636,537,-1,637,537,536,-1,638,639,640,-1,640,639,641,-1,642,643,644,-1,644,643,645,-1,646,647,648,-1,648,647,649,-1,650,651,641,-1,641,651,652,-1,641,652,640,-1,640,652,653,-1,654,655,545,-1,545,655,656,-1,545,656,538,-1,538,656,657,-1,658,659,642,-1,642,659,660,-1,642,660,643,-1,643,660,661,-1,660,659,662,-1,662,659,663,-1,662,663,664,-1,664,663,665,-1,664,665,666,-1,666,665,667,-1,666,667,668,-1,668,667,669,-1,668,669,670,-1,670,669,671,-1,670,671,672,-1,672,671,673,-1,672,673,674,-1,674,673,675,-1,674,675,676,-1,676,675,677,-1,676,677,678,-1,678,677,679,-1,678,679,680,-1,679,681,680,-1,680,681,649,-1,680,649,647,-1,682,683,684,-1,685,686,687,-1,649,688,689,-1,690,688,649,-1,687,686,649,-1,691,649,686,-1,692,693,694,-1,693,692,695,-1,695,692,696,-1,695,696,697,-1,697,696,698,-1,697,698,699,-1,699,698,700,-1,699,700,701,-1,701,700,702,-1,702,700,703,-1,702,703,704,-1,704,703,705,-1,705,703,663,-1,705,663,659,-1,681,690,649,-1,706,707,685,-1,685,707,708,-1,685,708,686,-1,686,708,709,-1,686,709,691,-1,710,689,711,-1,711,689,688,-1,711,688,712,-1,712,688,690,-1,712,690,713,-1,681,679,690,-1,690,679,677,-1,690,677,713,-1,713,677,675,-1,713,675,673,-1,684,710,714,-1,714,710,711,-1,714,711,715,-1,715,711,712,-1,715,712,716,-1,716,712,713,-1,716,713,717,-1,717,713,673,-1,718,719,720,-1,720,719,682,-1,682,684,720,-1,720,684,714,-1,720,714,721,-1,721,714,715,-1,721,715,722,-1,722,715,716,-1,722,716,723,-1,723,716,717,-1,723,717,724,-1,683,706,684,-1,684,706,685,-1,684,685,710,-1,710,685,687,-1,710,687,689,-1,689,687,649,-1,718,692,725,-1,725,692,694,-1,725,694,260,-1,673,671,717,-1,717,671,669,-1,717,669,724,-1,724,669,667,-1,724,667,665,-1,718,720,692,-1,692,720,721,-1,692,721,696,-1,696,721,722,-1,696,722,698,-1,698,722,723,-1,698,723,700,-1,700,723,724,-1,700,724,703,-1,703,724,665,-1,703,665,663,-1,668,670,726,-1,727,728,729,-1,647,730,731,-1,732,730,647,-1,729,728,647,-1,680,647,728,-1,733,734,735,-1,734,733,736,-1,736,733,737,-1,736,737,738,-1,738,737,739,-1,738,739,740,-1,740,739,741,-1,740,741,742,-1,742,741,743,-1,743,741,744,-1,743,744,745,-1,745,744,746,-1,746,744,747,-1,746,747,655,-1,748,732,647,-1,672,674,727,-1,727,674,676,-1,727,676,728,-1,728,676,678,-1,728,678,680,-1,749,731,750,-1,750,731,730,-1,750,730,751,-1,751,730,732,-1,751,732,752,-1,748,753,732,-1,732,753,754,-1,732,754,752,-1,752,754,755,-1,752,755,756,-1,726,749,757,-1,757,749,750,-1,757,750,758,-1,758,750,751,-1,758,751,759,-1,759,751,752,-1,759,752,760,-1,760,752,756,-1,664,666,761,-1,761,666,668,-1,668,726,761,-1,761,726,757,-1,761,757,762,-1,762,757,758,-1,762,758,763,-1,763,758,759,-1,763,759,764,-1,764,759,760,-1,764,760,765,-1,670,672,726,-1,726,672,727,-1,726,727,749,-1,749,727,729,-1,749,729,731,-1,731,729,647,-1,664,733,662,-1,662,733,735,-1,662,735,660,-1,756,766,760,-1,760,766,767,-1,760,767,765,-1,765,767,768,-1,765,768,769,-1,664,761,733,-1,733,761,762,-1,733,762,737,-1,737,762,763,-1,737,763,739,-1,739,763,764,-1,739,764,741,-1,741,764,765,-1,741,765,744,-1,744,765,769,-1,744,769,747,-1,37,260,694,-1,65,67,770,-1,770,67,771,-1,51,34,694,-1,694,34,32,-1,694,32,37,-1,67,51,771,-1,771,51,694,-1,771,694,772,-1,772,694,773,-1,694,693,773,-1,773,693,695,-1,773,695,774,-1,774,695,697,-1,697,699,774,-1,774,699,701,-1,774,701,775,-1,775,701,702,-1,775,702,776,-1,776,702,704,-1,776,704,777,-1,777,704,705,-1,777,705,778,-1,778,705,659,-1,778,659,658,-1,259,535,779,-1,779,535,534,-1,534,533,779,-1,779,533,532,-1,779,532,531,-1,531,530,779,-1,779,530,529,-1,779,529,528,-1,528,527,779,-1,779,527,526,-1,779,526,263,-1,260,259,725,-1,725,259,779,-1,725,779,718,-1,718,779,780,-1,718,780,719,-1,719,780,781,-1,719,781,682,-1,682,781,782,-1,682,782,683,-1,683,782,783,-1,683,783,706,-1,706,783,784,-1,706,784,707,-1,707,784,785,-1,707,785,708,-1,708,785,786,-1,708,786,709,-1,709,786,787,-1,709,787,691,-1,787,788,691,-1,691,788,648,-1,691,648,649,-1,652,651,789,-1,789,651,790,-1,789,790,791,-1,791,790,792,-1,791,792,793,-1,793,792,794,-1,793,794,795,-1,795,794,796,-1,795,796,797,-1,797,796,798,-1,797,798,799,-1,799,798,800,-1,799,800,801,-1,801,800,802,-1,801,802,803,-1,803,802,804,-1,803,804,805,-1,805,804,806,-1,805,806,807,-1,806,808,807,-1,807,808,646,-1,807,646,648,-1,656,655,809,-1,809,655,747,-1,809,747,810,-1,810,747,769,-1,810,769,811,-1,811,769,768,-1,811,768,812,-1,812,768,767,-1,812,767,813,-1,813,767,766,-1,813,766,814,-1,814,766,756,-1,814,756,815,-1,815,756,755,-1,815,755,816,-1,816,755,754,-1,816,754,817,-1,817,754,753,-1,817,753,818,-1,753,748,818,-1,818,748,647,-1,818,647,646,-1,819,820,735,-1,735,820,821,-1,735,821,660,-1,660,821,822,-1,660,822,661,-1,735,734,819,-1,819,734,736,-1,819,736,823,-1,823,736,738,-1,738,740,823,-1,823,740,742,-1,823,742,824,-1,824,742,743,-1,824,743,825,-1,825,743,745,-1,825,745,826,-1,826,745,746,-1,826,746,827,-1,827,746,655,-1,827,655,654,-1,642,644,658,-1,658,644,828,-1,658,828,778,-1,778,828,777,-1,777,828,829,-1,777,829,776,-1,776,829,775,-1,775,829,830,-1,775,830,774,-1,774,830,773,-1,773,830,831,-1,773,831,772,-1,772,831,771,-1,771,831,832,-1,771,832,770,-1,606,66,832,-1,832,66,65,-1,832,65,770,-1,795,797,833,-1,834,835,836,-1,648,837,838,-1,839,837,648,-1,836,835,648,-1,807,648,835,-1,840,841,842,-1,841,840,843,-1,843,840,844,-1,843,844,845,-1,845,844,846,-1,845,846,847,-1,847,846,848,-1,847,848,849,-1,849,848,850,-1,850,848,851,-1,850,851,852,-1,852,851,853,-1,853,851,779,-1,853,779,263,-1,788,839,648,-1,799,801,834,-1,834,801,803,-1,834,803,835,-1,835,803,805,-1,835,805,807,-1,854,838,855,-1,855,838,837,-1,855,837,856,-1,856,837,839,-1,856,839,857,-1,788,787,839,-1,839,787,786,-1,839,786,857,-1,857,786,785,-1,857,785,784,-1,833,854,858,-1,858,854,855,-1,858,855,859,-1,859,855,856,-1,859,856,860,-1,860,856,857,-1,860,857,861,-1,861,857,784,-1,791,793,862,-1,862,793,795,-1,795,833,862,-1,862,833,858,-1,862,858,863,-1,863,858,859,-1,863,859,864,-1,864,859,860,-1,864,860,865,-1,865,860,861,-1,865,861,866,-1,797,799,833,-1,833,799,834,-1,833,834,854,-1,854,834,836,-1,854,836,838,-1,838,836,648,-1,791,840,789,-1,789,840,842,-1,789,842,652,-1,784,783,861,-1,861,783,782,-1,861,782,866,-1,866,782,781,-1,866,781,780,-1,791,862,840,-1,840,862,863,-1,840,863,844,-1,844,863,864,-1,844,864,846,-1,846,864,865,-1,846,865,848,-1,848,865,866,-1,848,866,851,-1,851,866,780,-1,851,780,779,-1,812,813,867,-1,868,869,870,-1,646,871,872,-1,873,871,646,-1,870,869,646,-1,818,646,869,-1,874,875,876,-1,875,874,877,-1,877,874,878,-1,877,878,879,-1,879,878,880,-1,879,880,881,-1,881,880,882,-1,881,882,883,-1,883,882,884,-1,884,882,885,-1,884,885,886,-1,886,885,887,-1,887,885,790,-1,887,790,651,-1,808,873,646,-1,814,815,868,-1,868,815,816,-1,868,816,869,-1,869,816,817,-1,869,817,818,-1,888,872,889,-1,889,872,871,-1,889,871,890,-1,890,871,873,-1,890,873,891,-1,808,806,873,-1,873,806,804,-1,873,804,891,-1,891,804,802,-1,891,802,800,-1,867,888,892,-1,892,888,889,-1,892,889,893,-1,893,889,890,-1,893,890,894,-1,894,890,891,-1,894,891,895,-1,895,891,800,-1,810,811,896,-1,896,811,812,-1,812,867,896,-1,896,867,892,-1,896,892,897,-1,897,892,893,-1,897,893,898,-1,898,893,894,-1,898,894,899,-1,899,894,895,-1,899,895,900,-1,813,814,867,-1,867,814,868,-1,867,868,888,-1,888,868,870,-1,888,870,872,-1,872,870,646,-1,810,874,809,-1,809,874,876,-1,809,876,656,-1,800,798,895,-1,895,798,796,-1,895,796,900,-1,900,796,794,-1,900,794,792,-1,810,896,874,-1,874,896,897,-1,874,897,878,-1,878,897,898,-1,878,898,880,-1,880,898,899,-1,880,899,882,-1,882,899,900,-1,882,900,885,-1,885,900,792,-1,885,792,790,-1,545,547,654,-1,654,547,901,-1,654,901,827,-1,827,901,826,-1,826,901,902,-1,826,902,825,-1,825,902,824,-1,824,902,903,-1,824,903,823,-1,823,903,819,-1,819,903,904,-1,819,904,820,-1,820,904,821,-1,821,904,905,-1,821,905,822,-1,645,643,905,-1,905,643,661,-1,905,661,822,-1,555,560,906,-1,555,906,907,-1,907,906,908,-1,907,908,909,-1,909,908,910,-1,909,910,911,-1,911,910,912,-1,911,912,913,-1,913,912,914,-1,913,914,915,-1,915,914,644,-1,915,644,645,-1,832,831,916,-1,916,831,917,-1,916,917,918,-1,918,917,919,-1,918,919,920,-1,920,919,921,-1,920,921,922,-1,922,921,923,-1,922,923,924,-1,924,923,925,-1,924,925,560,-1,831,830,917,-1,917,830,926,-1,917,926,919,-1,919,926,927,-1,919,927,921,-1,921,927,928,-1,921,928,923,-1,923,928,929,-1,923,929,925,-1,925,929,930,-1,925,930,560,-1,606,832,617,-1,617,832,916,-1,617,916,615,-1,615,916,918,-1,615,918,613,-1,613,918,920,-1,613,920,611,-1,611,920,922,-1,611,922,609,-1,609,922,924,-1,609,924,560,-1,829,828,931,-1,931,828,932,-1,931,932,933,-1,933,932,934,-1,933,934,935,-1,935,934,936,-1,935,936,937,-1,937,936,938,-1,937,938,939,-1,939,938,940,-1,939,940,560,-1,828,644,932,-1,932,644,914,-1,932,914,934,-1,934,914,912,-1,934,912,936,-1,936,912,910,-1,936,910,938,-1,938,910,908,-1,938,908,940,-1,940,908,906,-1,940,906,560,-1,830,829,926,-1,926,829,931,-1,926,931,927,-1,927,931,933,-1,927,933,928,-1,928,933,935,-1,928,935,929,-1,929,935,937,-1,929,937,930,-1,930,937,939,-1,930,939,560,-1,941,942,842,-1,842,942,943,-1,842,943,652,-1,652,943,944,-1,652,944,653,-1,842,841,941,-1,941,841,843,-1,941,843,945,-1,945,843,845,-1,845,847,945,-1,945,847,849,-1,945,849,946,-1,946,849,850,-1,946,850,947,-1,947,850,852,-1,947,852,948,-1,948,852,853,-1,265,853,262,-1,262,853,263,-1,265,267,853,-1,853,267,269,-1,853,269,948,-1,948,269,271,-1,948,271,949,-1,949,271,273,-1,950,951,876,-1,876,951,952,-1,876,952,656,-1,656,952,953,-1,656,953,657,-1,876,875,950,-1,950,875,877,-1,950,877,954,-1,954,877,879,-1,879,881,954,-1,954,881,883,-1,954,883,955,-1,955,883,884,-1,955,884,956,-1,956,884,886,-1,956,886,957,-1,957,886,887,-1,957,887,958,-1,958,887,651,-1,958,651,650,-1,905,904,959,-1,959,904,960,-1,959,960,961,-1,961,960,962,-1,961,962,963,-1,963,962,964,-1,963,964,965,-1,965,964,966,-1,965,966,967,-1,967,966,968,-1,967,968,555,-1,904,903,960,-1,960,903,969,-1,960,969,962,-1,962,969,970,-1,962,970,964,-1,964,970,971,-1,964,971,966,-1,966,971,972,-1,966,972,968,-1,968,972,973,-1,968,973,555,-1,645,905,915,-1,915,905,959,-1,915,959,913,-1,913,959,961,-1,913,961,911,-1,911,961,963,-1,911,963,909,-1,909,963,965,-1,909,965,907,-1,907,965,967,-1,907,967,555,-1,902,901,974,-1,974,901,975,-1,974,975,976,-1,976,975,977,-1,976,977,978,-1,978,977,979,-1,978,979,980,-1,980,979,981,-1,980,981,982,-1,982,981,983,-1,982,983,555,-1,901,547,975,-1,975,547,570,-1,975,570,977,-1,977,570,568,-1,977,568,979,-1,979,568,566,-1,979,566,981,-1,981,566,564,-1,981,564,983,-1,983,564,562,-1,983,562,555,-1,903,902,969,-1,969,902,974,-1,969,974,970,-1,970,974,976,-1,970,976,971,-1,971,976,978,-1,971,978,972,-1,972,978,980,-1,972,980,973,-1,973,980,982,-1,973,982,555,-1,272,602,273,-1,273,602,984,-1,273,984,949,-1,949,984,948,-1,948,984,985,-1,948,985,947,-1,947,985,946,-1,946,985,986,-1,946,986,945,-1,945,986,941,-1,941,986,987,-1,941,987,942,-1,942,987,943,-1,943,987,988,-1,943,988,944,-1,638,640,988,-1,988,640,653,-1,988,653,944,-1,641,639,650,-1,650,639,989,-1,650,989,958,-1,958,989,957,-1,957,989,990,-1,957,990,956,-1,956,990,955,-1,955,990,991,-1,955,991,954,-1,954,991,950,-1,950,991,992,-1,950,992,951,-1,951,992,952,-1,952,992,993,-1,952,993,953,-1,536,538,993,-1,993,538,657,-1,993,657,953,-1,988,987,994,-1,994,987,995,-1,994,995,996,-1,996,995,997,-1,996,997,998,-1,998,997,999,-1,998,999,1000,-1,1000,999,1001,-1,1000,1001,1002,-1,1002,1001,1003,-1,1002,1003,588,-1,987,986,995,-1,995,986,1004,-1,995,1004,997,-1,997,1004,1005,-1,997,1005,999,-1,999,1005,1006,-1,999,1006,1001,-1,1001,1006,1007,-1,1001,1007,1003,-1,1003,1007,1008,-1,1003,1008,588,-1,638,988,1009,-1,1009,988,994,-1,1009,994,1010,-1,1010,994,996,-1,1010,996,1011,-1,1011,996,998,-1,1011,998,1012,-1,1012,998,1000,-1,1012,1000,1013,-1,1013,1000,1002,-1,1013,1002,588,-1,985,984,1014,-1,1014,984,1015,-1,1014,1015,1016,-1,1016,1015,1017,-1,1016,1017,1018,-1,1018,1017,1019,-1,1018,1019,1020,-1,1020,1019,1021,-1,1020,1021,1022,-1,1022,1021,1023,-1,1022,1023,588,-1,984,602,1015,-1,1015,602,626,-1,1015,626,1017,-1,1017,626,624,-1,1017,624,1019,-1,1019,624,622,-1,1019,622,1021,-1,1021,622,620,-1,1021,620,1023,-1,1023,620,618,-1,1023,618,588,-1,986,985,1004,-1,1004,985,1014,-1,1004,1014,1005,-1,1005,1014,1016,-1,1005,1016,1006,-1,1006,1016,1018,-1,1006,1018,1007,-1,1007,1018,1020,-1,1007,1020,1008,-1,1008,1020,1022,-1,1008,1022,588,-1,993,992,1024,-1,1024,992,1025,-1,1024,1025,1026,-1,1026,1025,1027,-1,1026,1027,1028,-1,1028,1027,1029,-1,1028,1029,1030,-1,1030,1029,1031,-1,1030,1031,1032,-1,1032,1031,1033,-1,1032,1033,584,-1,992,991,1025,-1,1025,991,1034,-1,1025,1034,1027,-1,1027,1034,1035,-1,1027,1035,1029,-1,1029,1035,1036,-1,1029,1036,1031,-1,1031,1036,1037,-1,1031,1037,1033,-1,1033,1037,1038,-1,1033,1038,584,-1,536,993,637,-1,637,993,1024,-1,637,1024,635,-1,635,1024,1026,-1,635,1026,633,-1,633,1026,1028,-1,633,1028,631,-1,631,1028,1030,-1,631,1030,629,-1,629,1030,1032,-1,629,1032,584,-1,990,989,1039,-1,1039,989,1040,-1,1039,1040,1041,-1,1041,1040,1042,-1,1041,1042,1043,-1,1043,1042,1044,-1,1043,1044,1045,-1,1045,1044,1046,-1,1045,1046,1047,-1,1047,1046,1048,-1,1047,1048,584,-1,989,639,1040,-1,1040,639,1049,-1,1040,1049,1042,-1,1042,1049,1050,-1,1042,1050,1044,-1,1044,1050,1051,-1,1044,1051,1046,-1,1046,1051,1052,-1,1046,1052,1048,-1,1048,1052,1053,-1,1048,1053,584,-1,991,990,1034,-1,1034,990,1039,-1,1034,1039,1035,-1,1035,1039,1041,-1,1035,1041,1036,-1,1036,1041,1043,-1,1036,1043,1037,-1,1037,1043,1045,-1,1037,1045,1038,-1,1038,1045,1047,-1,1038,1047,584,-1,588,584,1053,-1,588,1053,1013,-1,1013,1053,1052,-1,1013,1052,1012,-1,1012,1052,1051,-1,1012,1051,1011,-1,1011,1051,1050,-1,1011,1050,1010,-1,1010,1050,1049,-1,1010,1049,1009,-1,1009,1049,639,-1,1009,639,638,-1,
        ]
    }
}
Shape{
    appearance Appearance {
        material  Material 	{
            diffuseColor 0.8509803921568627 0.8509803921568627 0.8509803921568627
            specularColor 0.4235294117647059 0.4235294117647059 0.4235294117647059
            ambientIntensity 0.851
            transparency 0.0
            shininess 0.5
        }
    }
    geometry IndexedFaceSet {
        ccw TRUE
        solid FALSE
        coord DEF co Coordinate {
            point [
                -0.9937 0.6693 0.1575, -0.9937 0.5118 0.1575, -0.6138 0.6693 0.1575, -0.6138 0.5118 0.1575, -0.4819 0.5118 0.0039, -0.4819 0.5118 0.0, -0.4819 0.6693 0.0039, -0.4819 0.6693 0.0, -0.5846 0.5118 0.0053, -0.9937 0.5118 0.0, -0.5744 0.5118 0.0039, -0.5941 0.5118 0.0092, -0.6022 0.5118 0.0155, -0.6085 0.5118 0.0236, -0.6138 0.5118 0.0433, -0.6124 0.5118 0.0331, -0.6124 0.6693 0.0331, -0.6085 0.6693 0.0236, -0.9937 0.6693 0.0, -0.6022 0.6693 0.0155, -0.5941 0.6693 0.0092, -0.6138 0.6693 0.0433, -0.5846 0.6693 0.0053, -0.5744 0.6693 0.0039, -0.2784 0.3406 0.0039, -0.2784 0.3406 0.0, -0.4819 0.0787 0.0039, -0.4819 0.0787 0.0, -0.4819 -0.0787 0.0039, -0.4819 -0.0787 0.0, -0.2784 -0.3406 0.0039, -0.2784 -0.3406 0.0, -0.9937 0.0787 0.1575, -0.6138 0.0787 0.1575, -0.9937 0.0787 0.0, -0.6138 0.0787 0.0433, -0.6124 0.0787 0.0331, -0.6085 0.0787 0.0236, -0.6022 0.0787 0.0155, -0.5941 0.0787 0.0092, -0.5846 0.0787 0.0053, -0.5744 0.0787 0.0039, -0.5846 -0.0787 0.0053, -0.5941 -0.0787 0.0092, -0.9937 -0.0787 0.0, -0.6022 -0.0787 0.0155, -0.6085 -0.0787 0.0236, -0.6138 -0.0787 0.1575, -0.9937 -0.0787 0.1575, -0.6138 -0.0787 0.0433, -0.6124 -0.0787 0.0331, -0.5744 -0.0787 0.0039, 0.3705 0.3406 0.1575, 0.3705 -0.3406 0.1575, 0.5024 -0.3406 0.1575, 0.6205 -0.2224 0.1575, 0.6205 0.2224 0.1575, 0.5024 0.3406 0.1575, 0.3691 -0.3406 0.0331, 0.3652 -0.3406 0.0236, 0.5024 -0.3406 0.0, 0.3589 -0.3406 0.0155, 0.3508 -0.3406 0.0092, 0.3705 -0.3406 0.0433, 0.3311 -0.3406 0.0039, 0.3413 -0.3406 0.0053, 0.3413 0.3406 0.0053, 0.3508 0.3406 0.0092, 0.5024 0.3406 0.0, 0.3589 0.3406 0.0155, 0.3652 0.3406 0.0236, 0.3311 0.3406 0.0039, 0.3705 0.3406 0.0433, 0.3691 0.3406 0.0331, 0.6205 -0.2224 0.0, 0.6205 0.2224 0.0, -0.9937 -0.5118 0.1575, -0.9937 -0.6693 0.1575, -0.6138 -0.5118 0.1575, -0.6138 -0.6693 0.1575, -0.4819 -0.6693 0.0039, -0.4819 -0.6693 0.0, -0.4819 -0.5118 0.0039, -0.4819 -0.5118 0.0, -0.5846 -0.6693 0.0053, -0.5941 -0.6693 0.0092, -0.9937 -0.6693 0.0, -0.6022 -0.6693 0.0155, -0.6085 -0.6693 0.0236, -0.5744 -0.6693 0.0039, -0.6138 -0.6693 0.0433, -0.6124 -0.6693 0.0331, -0.6124 -0.5118 0.0331, -0.6085 -0.5118 0.0236, -0.9937 -0.5118 0.0, -0.6022 -0.5118 0.0155, -0.5941 -0.5118 0.0092, -0.6138 -0.5118 0.0433, -0.5846 -0.5118 0.0053, -0.5744 -0.5118 0.0039
            ]
        }
        coordIndex [
            0,1,2,-1,2,1,3,-1,4,5,6,-1,6,5,7,-1,8,9,10,-1,10,9,5,-1,10,5,4,-1,8,11,9,-1,9,11,12,-1,9,12,13,-1,3,1,14,-1,14,1,9,-1,14,9,15,-1,15,9,13,-1,16,17,18,-1,18,17,19,-1,18,19,20,-1,0,2,18,-1,18,2,21,-1,18,21,16,-1,20,22,18,-1,18,22,23,-1,18,23,7,-1,7,23,6,-1,1,0,9,-1,9,0,18,-1,7,5,18,-1,18,5,9,-1,24,25,26,-1,26,25,27,-1,28,29,30,-1,30,29,31,-1,32,33,34,-1,34,33,35,-1,34,35,36,-1,36,37,34,-1,34,37,38,-1,34,38,39,-1,39,40,34,-1,34,40,41,-1,34,41,27,-1,27,41,26,-1,42,43,44,-1,44,43,45,-1,44,45,46,-1,47,48,49,-1,49,48,44,-1,49,44,50,-1,50,44,46,-1,42,44,51,-1,51,44,29,-1,51,29,28,-1,32,48,33,-1,33,48,47,-1,52,53,54,-1,55,56,54,-1,54,56,57,-1,54,57,52,-1,58,59,60,-1,60,59,61,-1,60,61,62,-1,54,53,60,-1,60,53,63,-1,60,63,58,-1,30,31,64,-1,64,31,60,-1,64,60,65,-1,65,60,62,-1,66,67,68,-1,68,67,69,-1,68,69,70,-1,66,68,71,-1,71,68,25,-1,71,25,24,-1,52,57,72,-1,72,57,68,-1,72,68,73,-1,73,68,70,-1,48,32,44,-1,44,32,34,-1,74,75,55,-1,55,75,56,-1,68,75,74,-1,29,44,34,-1,34,27,29,-1,29,27,25,-1,29,25,31,-1,31,25,68,-1,31,68,60,-1,60,68,74,-1,76,77,78,-1,78,77,79,-1,80,81,82,-1,82,81,83,-1,84,85,86,-1,86,85,87,-1,86,87,88,-1,84,86,89,-1,89,86,81,-1,89,81,80,-1,79,77,90,-1,90,77,86,-1,90,86,91,-1,91,86,88,-1,92,93,94,-1,94,93,95,-1,94,95,96,-1,76,78,94,-1,94,78,97,-1,94,97,92,-1,96,98,94,-1,94,98,99,-1,94,99,83,-1,83,99,82,-1,77,76,86,-1,86,76,94,-1,83,81,94,-1,94,81,86,-1,60,74,54,-1,54,74,55,-1,75,68,56,-1,56,68,57,-1,
        ]
    }
}
Shape{
    appearance Appearance {
        material  Material 	{
            diffuseColor 1.0 1.0 1.0
            specularColor 0.8784313725490196 0.8784313725490196 0.8784313725490196
            ambientIntensity 1.0
            transparency 0.0
            shininess 0.5
        }
    }
    geometry IndexedFaceSet {
        ccw TRUE
        solid FALSE
        coord DEF co Coordinate {
            point [
                0.3337 0.056 0.4259, 0.3345 0.056 0.4205, 0.3333 0.056 0.4258, 0.3341 0.056 0.4204, 0.3337 0.0369 0.4259, 0.3333 0.0369 0.4258, 0.3278 0.0369 0.468, 0.3274 0.0369 0.468, 0.3278 0.0307 0.468, 0.3274 0.0307 0.468, 0.3345 0.0307 0.4205, 0.3341 0.0307 0.4204, 0.3338 0.094 0.4224, 0.3342 0.094 0.4224, 0.3342 0.0931 0.422, 0.3346 0.0807 0.4197, 0.3342 0.0807 0.4196, 0.3341 0.088 0.4203, 0.3345 0.088 0.4204, 0.3339 0.0919 0.4216, 0.3339 0.0931 0.422, 0.3334 0.094 0.4283, 0.333 0.094 0.4283, 0.3331 0.0919 0.4273, 0.3337 0.0892 0.4262, 0.3333 0.0892 0.4262, 0.3334 0.0838 0.4252, 0.3338 0.0838 0.4252, 0.3334 0.0816 0.4251, 0.3338 0.0816 0.4251, 0.3333 0.0767 0.4256, 0.3337 0.0767 0.4257, 0.3332 0.0733 0.427, 0.3335 0.0733 0.427, 0.3328 0.0702 0.4292, 0.3332 0.0702 0.4292, 0.3327 0.0692 0.4301, 0.3331 0.0692 0.4301, 0.3323 0.0672 0.4328, 0.3327 0.0672 0.4328, 0.3318 0.0655 0.4365, 0.3322 0.0655 0.4366, 0.3312 0.0646 0.4411, 0.3316 0.0646 0.4411, 0.3308 0.0645 0.4437, 0.3312 0.0645 0.4437, 0.3299 0.0653 0.4502, 0.3303 0.0653 0.4503, 0.3293 0.0669 0.4543, 0.3297 0.0669 0.4544, 0.3288 0.0695 0.458, 0.3292 0.0695 0.458, 0.3284 0.0728 0.4606, 0.3288 0.0728 0.4607, 0.3282 0.0766 0.4624, 0.3286 0.0766 0.4624, 0.3281 0.0808 0.4632, 0.3285 0.0808 0.4632, 0.3281 0.0826 0.4632, 0.3284 0.0826 0.4633, 0.3285 0.094 0.4604, 0.3288 0.094 0.4605, 0.3288 0.0934 0.4608, 0.3282 0.0885 0.4625, 0.3285 0.0885 0.4626, 0.3283 0.0919 0.4613, 0.3284 0.0934 0.4607, 0.3279 0.094 0.4669, 0.3276 0.094 0.4668, 0.3273 0.0826 0.4688, 0.3277 0.0826 0.4688, 0.3277 0.0826 0.4688, 0.3275 0.0919 0.4674, 0.3277 0.0889 0.4683, 0.3273 0.0889 0.4683, 0.3273 0.0877 0.4684, 0.3273 0.0826 0.4688, 0.3273 0.0793 0.4684, 0.3278 0.0756 0.468, 0.3274 0.0756 0.4679, 0.3277 0.0706 0.466, 0.3281 0.0706 0.4661, 0.3281 0.0661 0.4629, 0.3285 0.0661 0.4629, 0.3283 0.0649 0.4618, 0.3287 0.0649 0.4618, 0.3289 0.0614 0.4573, 0.3293 0.0614 0.4573, 0.3293 0.0601 0.4542, 0.33 0.0592 0.452, 0.3296 0.0592 0.452, 0.3305 0.0581 0.4458, 0.3309 0.0581 0.4458, 0.3309 0.058 0.4433, 0.3313 0.058 0.4433, 0.3333 0.0642 0.4261, 0.3337 0.0642 0.4262, 0.333 0.0609 0.4306, 0.332 0.0589 0.4355, 0.3323 0.0589 0.4356, 0.3324 0.0601 0.4325, 0.3327 0.0609 0.4305, 0.3337 0.068 0.4229, 0.3341 0.068 0.423, 0.334 0.0726 0.4208, 0.3344 0.0726 0.4209, 0.3342 0.0778 0.4197, 0.3346 0.0778 0.4198, 0.3337 0.1294 0.4259, 0.3345 0.1294 0.4205, 0.3333 0.1294 0.4258, 0.3341 0.1294 0.4204, 0.3333 0.1098 0.4258, 0.3337 0.1098 0.4259, 0.3333 0.1227 0.4258, 0.3315 0.1098 0.4419, 0.3311 0.1098 0.4418, 0.3311 0.127 0.4418, 0.3315 0.127 0.4419, 0.3311 0.1227 0.4418, 0.3307 0.127 0.4473, 0.3303 0.127 0.4473, 0.3303 0.1098 0.4473, 0.3307 0.1098 0.4473, 0.3303 0.1227 0.4473, 0.3286 0.1098 0.4626, 0.3282 0.1098 0.4625, 0.3282 0.1283 0.4625, 0.3286 0.1283 0.4626, 0.3282 0.1227 0.4625, 0.3278 0.1283 0.468, 0.3274 0.1283 0.468, 0.3274 0.1036 0.468, 0.3278 0.1036 0.468, 0.3274 0.1227 0.468, 0.3345 0.1036 0.4205, 0.3341 0.1036 0.4204, 0.3341 0.1227 0.4204, 0.3327 0.1681 0.4334, 0.333 0.1659 0.4308, 0.3335 0.1704 0.4271, 0.3331 0.1654 0.4304, 0.334 0.1654 0.4236, 0.3334 0.1623 0.4282, 0.3343 0.1599 0.4215, 0.3336 0.1584 0.4267, 0.3345 0.1517 0.4205, 0.3337 0.1517 0.4259, 0.3345 0.1385 0.4205, 0.3337 0.1447 0.4259, 0.3278 0.1385 0.468, 0.3286 0.1447 0.4626, 0.3278 0.1522 0.468, 0.3286 0.1519 0.4626, 0.3279 0.1595 0.4672, 0.3286 0.1581 0.4619, 0.3282 0.1653 0.4651, 0.3289 0.1623 0.4604, 0.3287 0.1704 0.4617, 0.3292 0.1658 0.4581, 0.3289 0.172 0.4601, 0.3294 0.1671 0.4568, 0.3295 0.175 0.456, 0.3297 0.169 0.4541, 0.3301 0.1768 0.4514, 0.3302 0.1704 0.4507, 0.331 0.1776 0.4449, 0.3311 0.1711 0.4447, 0.3315 0.1775 0.4418, 0.3316 0.1708 0.441, 0.3322 0.1763 0.4363, 0.3322 0.1698 0.4368, 0.3329 0.1739 0.4313, 0.3341 0.1517 0.4204, 0.3341 0.1385 0.4204, 0.3339 0.1599 0.4214, 0.3336 0.1654 0.4235, 0.3331 0.1704 0.4271, 0.3325 0.1739 0.4313, 0.3319 0.1763 0.4362, 0.3311 0.1775 0.4418, 0.3306 0.1776 0.4448, 0.3297 0.1768 0.4514, 0.3291 0.175 0.4559, 0.3285 0.172 0.4601, 0.3283 0.1704 0.4617, 0.3278 0.1653 0.4651, 0.3275 0.1595 0.4672, 0.3274 0.1522 0.468, 0.3274 0.1385 0.468, 0.3282 0.1519 0.4625, 0.3282 0.1447 0.4625, 0.3333 0.1447 0.4258, 0.3333 0.1517 0.4258, 0.3326 0.1659 0.4308, 0.3327 0.1654 0.4303, 0.333 0.1623 0.4282, 0.3332 0.1584 0.4266, 0.3307 0.1711 0.4446, 0.3312 0.1708 0.441, 0.3318 0.1698 0.4368, 0.3323 0.1681 0.4333, 0.3288 0.1658 0.458, 0.329 0.1671 0.4568, 0.3293 0.169 0.4541, 0.3298 0.1704 0.4506, 0.3283 0.1581 0.4618, 0.3285 0.1623 0.4603
            ]
        }
        coordIndex [
            0,1,2,-1,2,1,3,-1,4,0,5,-1,5,0,2,-1,6,4,7,-1,7,4,5,-1,8,6,9,-1,9,6,7,-1,10,8,11,-1,11,8,9,-1,1,10,3,-1,3,10,11,-1,6,8,4,-1,4,8,10,-1,4,10,0,-1,0,10,1,-1,12,13,14,-1,15,16,17,-1,15,17,18,-1,18,17,19,-1,18,19,14,-1,14,19,20,-1,14,20,12,-1,21,13,22,-1,22,13,12,-1,21,22,23,-1,21,23,24,-1,23,25,24,-1,24,25,26,-1,24,26,27,-1,27,26,28,-1,27,28,29,-1,29,28,30,-1,29,30,31,-1,31,30,32,-1,31,32,33,-1,33,32,34,-1,33,34,35,-1,35,34,36,-1,35,36,37,-1,37,36,38,-1,37,38,39,-1,39,38,40,-1,39,40,41,-1,41,40,42,-1,41,42,43,-1,43,42,44,-1,43,44,45,-1,45,44,46,-1,45,46,47,-1,47,46,48,-1,47,48,49,-1,49,48,50,-1,49,50,51,-1,51,50,52,-1,51,52,53,-1,53,52,54,-1,53,54,55,-1,55,54,56,-1,55,56,57,-1,57,56,58,-1,57,58,59,-1,60,61,62,-1,59,58,63,-1,59,63,64,-1,64,63,65,-1,64,65,62,-1,62,65,66,-1,62,66,60,-1,67,61,68,-1,68,61,60,-1,69,70,71,-1,67,68,72,-1,67,72,73,-1,72,74,73,-1,73,74,75,-1,73,75,71,-1,71,75,76,-1,71,76,69,-1,70,69,77,-1,70,77,78,-1,77,79,78,-1,78,79,80,-1,78,80,81,-1,81,80,82,-1,81,82,83,-1,83,82,84,-1,83,84,85,-1,85,84,86,-1,85,86,87,-1,87,86,88,-1,87,88,89,-1,88,90,89,-1,89,90,91,-1,89,91,92,-1,92,91,93,-1,92,93,94,-1,95,96,97,-1,94,93,98,-1,94,98,99,-1,99,98,100,-1,99,100,97,-1,97,100,101,-1,97,101,95,-1,96,95,102,-1,96,102,103,-1,103,102,104,-1,103,104,105,-1,105,104,106,-1,105,106,107,-1,107,106,16,-1,107,16,15,-1,62,61,67,-1,53,83,51,-1,51,83,85,-1,51,85,49,-1,49,85,87,-1,49,87,47,-1,94,45,92,-1,92,45,47,-1,92,47,89,-1,89,47,87,-1,62,67,64,-1,64,67,73,-1,64,73,59,-1,59,73,71,-1,59,71,57,-1,57,71,70,-1,57,70,55,-1,55,70,78,-1,55,78,53,-1,53,78,81,-1,53,81,83,-1,13,21,14,-1,14,21,24,-1,14,24,18,-1,18,24,27,-1,18,27,15,-1,15,27,29,-1,15,29,107,-1,107,29,31,-1,107,31,105,-1,105,31,33,-1,105,33,103,-1,103,33,35,-1,103,35,96,-1,96,35,37,-1,96,37,97,-1,97,37,39,-1,97,39,99,-1,99,39,41,-1,99,41,94,-1,94,41,43,-1,94,43,45,-1,108,109,110,-1,110,109,111,-1,112,113,114,-1,114,113,108,-1,114,108,110,-1,115,113,116,-1,116,113,112,-1,117,118,119,-1,119,118,115,-1,119,115,116,-1,120,118,121,-1,121,118,117,-1,122,123,124,-1,124,123,120,-1,124,120,121,-1,125,123,126,-1,126,123,122,-1,127,128,129,-1,129,128,125,-1,129,125,126,-1,130,128,131,-1,131,128,127,-1,132,133,134,-1,134,133,130,-1,134,130,131,-1,135,133,136,-1,136,133,132,-1,111,109,137,-1,137,109,135,-1,137,135,136,-1,135,109,108,-1,108,113,135,-1,135,113,115,-1,135,115,133,-1,128,130,125,-1,125,130,133,-1,125,133,123,-1,123,133,115,-1,123,115,120,-1,120,115,118,-1,138,139,140,-1,140,139,141,-1,140,141,142,-1,142,141,143,-1,142,143,144,-1,144,143,145,-1,144,145,146,-1,146,145,147,-1,146,147,148,-1,148,147,149,-1,148,149,150,-1,150,149,151,-1,150,151,152,-1,152,151,153,-1,152,153,154,-1,154,153,155,-1,154,155,156,-1,156,155,157,-1,156,157,158,-1,158,157,159,-1,158,159,160,-1,160,159,161,-1,160,161,162,-1,162,161,163,-1,162,163,164,-1,164,163,165,-1,164,165,166,-1,166,165,167,-1,166,167,168,-1,168,167,169,-1,168,169,170,-1,170,169,171,-1,170,171,172,-1,172,171,138,-1,172,138,140,-1,146,148,173,-1,173,148,174,-1,146,173,175,-1,146,175,144,-1,144,175,176,-1,144,176,142,-1,142,176,177,-1,142,177,140,-1,140,177,178,-1,140,178,172,-1,172,178,179,-1,172,179,170,-1,170,179,180,-1,170,180,168,-1,168,180,181,-1,168,181,166,-1,166,181,182,-1,166,182,164,-1,164,182,183,-1,164,183,162,-1,162,183,184,-1,162,184,160,-1,160,184,185,-1,160,185,158,-1,158,185,186,-1,158,186,156,-1,156,186,187,-1,156,187,154,-1,154,187,188,-1,154,188,152,-1,150,152,189,-1,189,152,188,-1,148,150,174,-1,174,150,189,-1,153,151,190,-1,190,151,191,-1,151,149,191,-1,191,149,192,-1,149,147,192,-1,192,147,193,-1,139,194,195,-1,139,195,141,-1,141,195,196,-1,141,196,143,-1,143,196,197,-1,143,197,145,-1,145,197,193,-1,145,193,147,-1,167,198,199,-1,167,199,169,-1,169,199,200,-1,169,200,171,-1,171,200,201,-1,171,201,138,-1,138,201,194,-1,138,194,139,-1,159,202,203,-1,159,203,161,-1,161,203,204,-1,161,204,163,-1,163,204,205,-1,163,205,165,-1,165,205,198,-1,165,198,167,-1,153,190,206,-1,153,206,155,-1,155,206,207,-1,155,207,157,-1,157,207,202,-1,157,202,159,-1,
        ]
    }
}
Shape{
    appearance Appearance {
        material  Material 	{
            diffuseColor 0.25098039215686274 0.25098039215686274 0.25098039215686274
            specularColor 0.07450980392156863 0.07450980392156863 0.07450980392156863
            ambientIntensity 0.251
            transparency 0.0
            shininess 0.5
        }
    }
    geometry IndexedFaceSet {
        ccw TRUE
        solid FALSE
        coord DEF co Coordinate {
            point [
                0.3327 0.1654 0.4303, 0.3326 0.1659 0.4308, 0.3282 0.1519 0.4625, 0.3282 0.1447 0.4625, 0.3333 0.1447 0.4258, 0.3333 0.1517 0.4258, 0.3332 0.1584 0.4266, 0.333 0.1623 0.4282, 0.3323 0.1681 0.4333, 0.3318 0.1698 0.4368, 0.3312 0.1708 0.441, 0.3307 0.1711 0.4446, 0.3298 0.1704 0.4506, 0.3293 0.169 0.4541, 0.329 0.1671 0.4568, 0.3288 0.1658 0.458, 0.3283 0.1581 0.4618, 0.3285 0.1623 0.4603
            ]
        }
        coordIndex [
            0,1,2,-1,3,4,2,-1,2,4,5,-1,5,6,2,-1,2,6,7,-1,2,7,0,-1,1,8,2,-1,2,8,9,-1,2,9,10,-1,10,11,2,-1,2,11,12,-1,2,12,13,-1,13,14,2,-1,2,14,15,-1,2,15,16,-1,16,15,17,-1,
        ]
    }
}
Shape{
    appearance Appearance {
        material  Material 	{
            diffuseColor 1.0 1.0 1.0
            specularColor 0.8784313725490196 0.8784313725490196 0.8784313725490196
            ambientIntensity 1.0
            transparency 0.0
            shininess 0.5
        }
    }
    geometry IndexedFaceSet {
        ccw TRUE
        solid FALSE
        coord DEF co Coordinate {
            point [
                0.3319 0.1937 0.4388, 0.3326 0.1917 0.4335, 0.3319 0.2098 0.4388, 0.3326 0.2117 0.4335, 0.3291 0.2009 0.4586, 0.3278 0.1986 0.468, 0.3345 0.1803 0.4205, 0.3345 0.1871 0.4205, 0.3289 0.2013 0.46, 0.3286 0.2017 0.462, 0.3278 0.2052 0.468, 0.3286 0.2018 0.462, 0.3289 0.2022 0.4599, 0.3291 0.2026 0.4586, 0.3345 0.2235 0.4205, 0.3345 0.2166 0.4205, 0.3274 0.2052 0.468, 0.3341 0.2235 0.4204, 0.3274 0.1986 0.468, 0.3341 0.1803 0.4204, 0.329 0.1941 0.4564, 0.3341 0.1871 0.4204, 0.3322 0.1917 0.4334, 0.3322 0.2117 0.4334, 0.3322 0.1941 0.4334, 0.3341 0.2166 0.4204, 0.3315 0.1937 0.4388, 0.3315 0.2098 0.4388, 0.3287 0.2026 0.4586, 0.3282 0.2018 0.4619, 0.3285 0.2022 0.4599, 0.3282 0.2017 0.4619, 0.3287 0.2009 0.4586, 0.3285 0.2013 0.46
            ]
        }
        coordIndex [
            0,1,2,-1,2,1,3,-1,4,5,0,-1,0,5,6,-1,0,6,1,-1,1,6,7,-1,4,8,5,-1,5,8,9,-1,5,9,10,-1,10,9,11,-1,10,11,12,-1,12,13,10,-1,10,13,2,-1,10,2,14,-1,14,2,3,-1,14,3,15,-1,10,14,16,-1,16,14,17,-1,5,10,18,-1,18,10,16,-1,19,6,20,-1,20,6,5,-1,20,5,18,-1,7,6,21,-1,21,6,19,-1,1,7,22,-1,22,7,21,-1,23,3,24,-1,24,3,1,-1,24,1,22,-1,15,3,25,-1,25,3,23,-1,14,15,17,-1,17,15,25,-1,0,2,26,-1,26,2,27,-1,2,13,27,-1,27,13,28,-1,11,29,30,-1,11,30,12,-1,12,30,28,-1,12,28,13,-1,11,9,29,-1,29,9,31,-1,4,32,33,-1,4,33,8,-1,8,33,31,-1,8,31,9,-1,4,0,32,-1,32,0,26,-1,
        ]
    }
}
Shape{
    appearance Appearance {
        material  Material 	{
            diffuseColor 0.25098039215686274 0.25098039215686274 0.25098039215686274
            specularColor 0.07450980392156863 0.07450980392156863 0.07450980392156863
            ambientIntensity 0.251
            transparency 0.0
            shininess 0.5
        }
    }
    geometry IndexedFaceSet {
        ccw TRUE
        solid FALSE
        coord DEF co Coordinate {
            point [
                0.3282 0.2018 0.4619, 0.3282 0.2017 0.4619, 0.3285 0.2022 0.4599, 0.3285 0.2013 0.46, 0.3287 0.2026 0.4586, 0.3287 0.2009 0.4586, 0.3315 0.2098 0.4388, 0.3315 0.1937 0.4388
            ]
        }
        coordIndex [
            0,1,2,-1,2,1,3,-1,2,3,4,-1,4,3,5,-1,4,5,6,-1,6,5,7,-1,
        ]
    }
}
Shape{
    appearance Appearance {
        material  Material 	{
            diffuseColor 1.0 1.0 1.0
            specularColor 0.8784313725490196 0.8784313725490196 0.8784313725490196
            ambientIntensity 1.0
            transparency 0.0
            shininess 0.5
        }
    }
    geometry IndexedFaceSet {
        ccw TRUE
        solid FALSE
        coord DEF co Coordinate {
            point [
                0.3443 0.0565 0.3504, 0.3451 0.0565 0.345, 0.3439 0.0565 0.3504, 0.3447 0.0565 0.3449, 0.3443 0.0369 0.3504, 0.3439 0.0369 0.3504, 0.3421 0.0369 0.3664, 0.3417 0.0369 0.3664, 0.3421 0.0541 0.3664, 0.3417 0.0541 0.3664, 0.3413 0.0541 0.3719, 0.3409 0.0541 0.3718, 0.3413 0.0369 0.3719, 0.3409 0.0369 0.3718, 0.3392 0.0369 0.3871, 0.3388 0.0369 0.387, 0.3392 0.0554 0.3871, 0.3388 0.0554 0.387, 0.3384 0.0554 0.3926, 0.338 0.0554 0.3925, 0.3384 0.0307 0.3926, 0.338 0.0307 0.3925, 0.3451 0.0307 0.345, 0.3447 0.0307 0.3449, 0.3443 0.0837 0.3502, 0.3443 0.0838 0.3502, 0.3436 0.0834 0.3557, 0.343 0.0707 0.3594, 0.343 0.072 0.3601, 0.3424 0.0687 0.3639, 0.3432 0.0838 0.3584, 0.342 0.0899 0.3669, 0.3431 0.0838 0.3588, 0.3427 0.0838 0.362, 0.3451 0.0838 0.345, 0.3451 0.0899 0.345, 0.3403 0.0816 0.3793, 0.341 0.0803 0.3742, 0.3404 0.084 0.3785, 0.3411 0.0814 0.3735, 0.3439 0.0826 0.3536, 0.3441 0.0813 0.3518, 0.3446 0.0826 0.3487, 0.3442 0.0805 0.3511, 0.3448 0.0807 0.3467, 0.3444 0.0788 0.35, 0.345 0.0787 0.3454, 0.3445 0.077 0.3493, 0.3451 0.0763 0.3445, 0.3445 0.0747 0.3491, 0.3452 0.0732 0.3442, 0.3445 0.0727 0.3493, 0.3451 0.0696 0.3446, 0.3444 0.0713 0.3498, 0.345 0.0673 0.3455, 0.3443 0.0701 0.3506, 0.3448 0.0652 0.3469, 0.3442 0.0696 0.3511, 0.3422 0.0737 0.3652, 0.3428 0.0758 0.361, 0.342 0.0838 0.3666, 0.3406 0.0656 0.3766, 0.3414 0.0656 0.3708, 0.3405 0.0669 0.3773, 0.3411 0.0698 0.3734, 0.3403 0.0713 0.379, 0.3409 0.0736 0.3746, 0.3402 0.0775 0.3797, 0.3409 0.0769 0.3749, 0.3409 0.0789 0.3747, 0.3417 0.0836 0.3692, 0.3413 0.0893 0.3719, 0.3414 0.083 0.3713, 0.3409 0.0883 0.3744, 0.3412 0.0823 0.3726, 0.3407 0.087 0.3763, 0.3405 0.0859 0.3773, 0.3431 0.07 0.3589, 0.3426 0.0663 0.3626, 0.3432 0.0693 0.358, 0.3428 0.0645 0.361, 0.3434 0.0687 0.3569, 0.3431 0.0633 0.359, 0.3436 0.0684 0.3555, 0.3434 0.0626 0.3568, 0.3437 0.0684 0.3546, 0.3438 0.0623 0.3541, 0.3439 0.0685 0.3532, 0.3442 0.0626 0.3512, 0.3441 0.0689 0.3521, 0.3445 0.0634 0.3492, 0.3447 0.0647 0.3474, 0.3398 0.0775 0.3797, 0.3399 0.0713 0.379, 0.3401 0.0669 0.3772, 0.3402 0.0656 0.3765, 0.3411 0.0656 0.3707, 0.3407 0.0698 0.3733, 0.3405 0.0736 0.3745, 0.3405 0.0769 0.3748, 0.3405 0.0789 0.3746, 0.3406 0.0803 0.3741, 0.3407 0.0814 0.3735, 0.3408 0.0823 0.3725, 0.341 0.083 0.3713, 0.3413 0.0836 0.3691, 0.3416 0.0838 0.3665, 0.3418 0.0737 0.3651, 0.342 0.0687 0.3638, 0.3422 0.0663 0.3625, 0.3424 0.0645 0.3609, 0.3427 0.0633 0.359, 0.343 0.0626 0.3568, 0.3434 0.0623 0.354, 0.3438 0.0626 0.3511, 0.3441 0.0634 0.3491, 0.3443 0.0647 0.3473, 0.3444 0.0652 0.3468, 0.3448 0.0732 0.3441, 0.3447 0.0697 0.3445, 0.3447 0.0696 0.3445, 0.3446 0.0673 0.3454, 0.3447 0.0763 0.3445, 0.3447 0.0765 0.3445, 0.3446 0.0787 0.3454, 0.3444 0.0807 0.3467, 0.3442 0.0826 0.3487, 0.3439 0.0837 0.3502, 0.3439 0.0838 0.3502, 0.3447 0.0838 0.3449, 0.3447 0.0899 0.3449, 0.3416 0.0899 0.3668, 0.3409 0.0893 0.3718, 0.3405 0.0883 0.3744, 0.3403 0.087 0.3762, 0.3401 0.0859 0.3772, 0.34 0.084 0.3784, 0.3399 0.0816 0.3792, 0.3427 0.07 0.3588, 0.3427 0.0707 0.3593, 0.3426 0.072 0.36, 0.3424 0.0758 0.3609, 0.3433 0.0684 0.3545, 0.3432 0.0684 0.3555, 0.343 0.0687 0.3568, 0.3429 0.0693 0.3579, 0.3439 0.0701 0.3506, 0.3438 0.0696 0.3511, 0.3437 0.0689 0.3521, 0.3435 0.0685 0.3531, 0.3441 0.0747 0.349, 0.3441 0.0727 0.3492, 0.344 0.0713 0.3497, 0.3437 0.0813 0.3518, 0.3438 0.0805 0.3511, 0.344 0.0788 0.3499, 0.3441 0.077 0.3493, 0.3427 0.0838 0.3587, 0.3428 0.0838 0.3583, 0.3432 0.0834 0.3557, 0.3435 0.0826 0.3535, 0.3423 0.0838 0.362
            ]
        }
        coordIndex [
            0,1,2,-1,2,1,3,-1,4,0,5,-1,5,0,2,-1,6,4,7,-1,7,4,5,-1,8,6,9,-1,9,6,7,-1,10,8,11,-1,11,8,9,-1,12,10,13,-1,13,10,11,-1,14,12,15,-1,15,12,13,-1,16,14,17,-1,17,14,15,-1,18,16,19,-1,19,16,17,-1,20,18,21,-1,21,18,19,-1,22,20,23,-1,23,20,21,-1,1,22,3,-1,3,22,23,-1,16,18,14,-1,14,18,20,-1,14,20,12,-1,1,0,22,-1,22,0,4,-1,22,4,6,-1,8,10,6,-1,6,10,12,-1,6,12,22,-1,22,12,20,-1,24,25,26,-1,27,28,29,-1,30,31,32,-1,32,31,33,-1,34,35,25,-1,25,35,31,-1,25,31,26,-1,26,31,30,-1,36,37,38,-1,38,37,39,-1,26,40,24,-1,24,40,41,-1,24,41,42,-1,42,41,43,-1,42,43,44,-1,44,43,45,-1,44,45,46,-1,46,45,47,-1,46,47,48,-1,48,47,49,-1,48,49,50,-1,50,49,51,-1,50,51,52,-1,52,51,53,-1,52,53,54,-1,54,53,55,-1,54,55,56,-1,56,55,57,-1,29,28,58,-1,58,28,59,-1,58,59,60,-1,61,62,63,-1,63,62,64,-1,63,64,65,-1,65,64,66,-1,65,66,67,-1,67,66,68,-1,67,68,36,-1,36,68,69,-1,36,69,37,-1,59,33,60,-1,60,33,31,-1,60,31,70,-1,70,31,71,-1,70,71,72,-1,72,71,73,-1,72,73,74,-1,74,73,75,-1,74,75,39,-1,39,75,76,-1,39,76,38,-1,27,29,77,-1,77,29,78,-1,77,78,79,-1,79,78,80,-1,79,80,81,-1,81,80,82,-1,81,82,83,-1,83,82,84,-1,83,84,85,-1,85,84,86,-1,85,86,87,-1,87,86,88,-1,87,88,89,-1,89,88,90,-1,89,90,57,-1,57,90,91,-1,57,91,56,-1,67,92,93,-1,67,93,65,-1,65,93,94,-1,65,94,63,-1,63,94,95,-1,63,95,61,-1,62,61,96,-1,96,61,95,-1,62,96,97,-1,62,97,64,-1,64,97,98,-1,64,98,66,-1,66,98,99,-1,66,99,68,-1,68,99,100,-1,68,100,69,-1,69,100,101,-1,69,101,37,-1,37,101,102,-1,37,102,39,-1,39,102,103,-1,39,103,74,-1,74,103,104,-1,74,104,72,-1,72,104,105,-1,72,105,70,-1,70,105,106,-1,70,106,60,-1,58,60,107,-1,107,60,106,-1,58,107,108,-1,58,108,29,-1,29,108,109,-1,29,109,78,-1,78,109,110,-1,78,110,80,-1,80,110,111,-1,80,111,82,-1,82,111,112,-1,82,112,84,-1,84,112,113,-1,84,113,86,-1,86,113,114,-1,86,114,88,-1,88,114,115,-1,88,115,90,-1,90,115,116,-1,90,116,91,-1,91,116,117,-1,91,117,56,-1,118,50,119,-1,119,50,52,-1,119,52,120,-1,120,52,54,-1,120,54,121,-1,121,54,56,-1,121,56,117,-1,50,118,122,-1,50,122,48,-1,48,122,123,-1,48,123,46,-1,123,124,46,-1,46,124,125,-1,46,125,44,-1,44,125,126,-1,44,126,42,-1,42,126,127,-1,42,127,24,-1,25,24,128,-1,128,24,127,-1,34,25,129,-1,129,25,128,-1,35,34,130,-1,130,34,129,-1,31,35,131,-1,131,35,130,-1,31,131,132,-1,31,132,71,-1,71,132,133,-1,71,133,73,-1,73,133,134,-1,73,134,75,-1,75,134,135,-1,75,135,76,-1,76,135,136,-1,76,136,38,-1,38,136,137,-1,38,137,36,-1,36,137,92,-1,36,92,67,-1,77,138,139,-1,77,139,27,-1,27,139,140,-1,27,140,28,-1,28,140,141,-1,28,141,59,-1,85,142,143,-1,85,143,83,-1,83,143,144,-1,83,144,81,-1,81,144,145,-1,81,145,79,-1,79,145,138,-1,79,138,77,-1,55,146,147,-1,55,147,57,-1,57,147,148,-1,57,148,89,-1,89,148,149,-1,89,149,87,-1,87,149,142,-1,87,142,85,-1,49,150,151,-1,49,151,51,-1,51,151,152,-1,51,152,53,-1,53,152,146,-1,53,146,55,-1,41,153,154,-1,41,154,43,-1,43,154,155,-1,43,155,45,-1,45,155,156,-1,45,156,47,-1,47,156,150,-1,47,150,49,-1,32,157,158,-1,32,158,30,-1,30,158,159,-1,30,159,26,-1,26,159,160,-1,26,160,40,-1,40,160,153,-1,40,153,41,-1,32,33,157,-1,157,33,161,-1,33,59,161,-1,161,59,141,-1,
        ]
    }
}
Shape{
    appearance Appearance {
        material  Material 	{
            diffuseColor 0.25098039215686274 0.25098039215686274 0.25098039215686274
            specularColor 0.07450980392156863 0.07450980392156863 0.07450980392156863
            ambientIntensity 0.251
            transparency 0.0
            shininess 0.5
        }
    }
    geometry IndexedFaceSet {
        ccw TRUE
        solid FALSE
        coord DEF co Coordinate {
            point [
                0.3428 0.0838 0.3583, 0.3427 0.0838 0.3587, 0.3427 0.07 0.3588, 0.3423 0.0838 0.362, 0.3424 0.0758 0.3609, 0.3426 0.072 0.36, 0.3427 0.0707 0.3593, 0.3432 0.0834 0.3557, 0.3429 0.0693 0.3579, 0.3435 0.0826 0.3535, 0.3438 0.0696 0.3511, 0.3439 0.0701 0.3506, 0.3438 0.0805 0.3511, 0.3437 0.0689 0.3521, 0.344 0.0788 0.3499, 0.3441 0.077 0.3493, 0.3441 0.0747 0.349, 0.343 0.0687 0.3568, 0.3432 0.0684 0.3555, 0.3437 0.0813 0.3518, 0.3433 0.0684 0.3545, 0.3435 0.0685 0.3531, 0.344 0.0713 0.3497, 0.3441 0.0727 0.3492
            ]
        }
        coordIndex [
            0,1,2,-1,1,3,4,-1,4,5,1,-1,1,5,6,-1,1,6,2,-1,0,2,7,-1,7,2,8,-1,7,8,9,-1,10,11,12,-1,10,12,13,-1,14,12,15,-1,15,12,16,-1,8,17,9,-1,9,17,18,-1,9,18,19,-1,19,18,20,-1,19,20,12,-1,12,20,21,-1,12,21,13,-1,11,22,12,-1,12,22,23,-1,12,23,16,-1,
        ]
    }
}
Shape{
    appearance Appearance {
        material  Material 	{
            diffuseColor 1.0 1.0 1.0
            specularColor 0.8784313725490196 0.8784313725490196 0.8784313725490196
            ambientIntensity 1.0
            transparency 0.0
            shininess 0.5
        }
    }
    geometry IndexedFaceSet {
        ccw TRUE
        solid FALSE
        coord DEF co Coordinate {
            point [
                0.3437 0.098 0.3523, 0.344 0.098 0.3523, 0.3443 0.1007 0.3507, 0.3445 0.1079 0.349, 0.3441 0.1079 0.349, 0.3441 0.1045 0.3493, 0.3445 0.1045 0.3494, 0.3439 0.1008 0.3506, 0.3439 0.1007 0.3507, 0.3449 0.098 0.3462, 0.3445 0.098 0.3461, 0.3451 0.1022 0.3447, 0.3447 0.1008 0.3452, 0.3448 0.1073 0.3441, 0.3452 0.1073 0.3442, 0.3447 0.1034 0.3445, 0.3447 0.1022 0.3447, 0.3451 0.1128 0.3448, 0.3447 0.1107 0.3445, 0.3447 0.1128 0.3448, 0.3445 0.1159 0.346, 0.3449 0.1159 0.346, 0.3444 0.1173 0.3468, 0.3448 0.1173 0.3469, 0.3442 0.119 0.3483, 0.3446 0.119 0.3484, 0.344 0.1202 0.3499, 0.3444 0.1202 0.35, 0.3437 0.1209 0.3518, 0.3441 0.1209 0.3518, 0.3434 0.1212 0.3542, 0.3438 0.1212 0.3542, 0.3431 0.1209 0.3564, 0.3435 0.1209 0.3565, 0.3428 0.1203 0.3582, 0.3432 0.1203 0.3582, 0.3426 0.1192 0.3598, 0.343 0.1192 0.3598, 0.3424 0.1177 0.3611, 0.3428 0.1177 0.3611, 0.3421 0.1137 0.3633, 0.3425 0.1137 0.3633, 0.342 0.1114 0.3642, 0.3424 0.1114 0.3643, 0.3418 0.1077 0.3658, 0.3421 0.1077 0.3659, 0.3416 0.1056 0.3671, 0.342 0.1056 0.3672, 0.3415 0.105 0.3678, 0.3419 0.105 0.3678, 0.3414 0.1045 0.3686, 0.3418 0.1045 0.3686, 0.3412 0.1043 0.3695, 0.3416 0.1043 0.3695, 0.3411 0.1042 0.3703, 0.3415 0.1042 0.3703, 0.341 0.1044 0.3712, 0.3414 0.1044 0.3713, 0.3409 0.1047 0.372, 0.3413 0.1047 0.3721, 0.3408 0.1052 0.3728, 0.3412 0.1052 0.3728, 0.3407 0.1061 0.3736, 0.341 0.1061 0.3736, 0.3406 0.1074 0.3743, 0.3409 0.1074 0.3744, 0.3405 0.109 0.3747, 0.3409 0.109 0.3748, 0.3405 0.1108 0.3748, 0.3409 0.1108 0.3749, 0.3406 0.115 0.3743, 0.3409 0.115 0.3744, 0.3407 0.1184 0.373, 0.3411 0.1184 0.3731, 0.3408 0.1195 0.3724, 0.3412 0.1195 0.3724, 0.3404 0.1195 0.3782, 0.34 0.1195 0.3782, 0.3399 0.1156 0.3793, 0.3402 0.1156 0.3794, 0.3398 0.1114 0.3797, 0.3402 0.1114 0.3797, 0.3399 0.1066 0.3791, 0.3403 0.1066 0.3792, 0.3401 0.1034 0.3779, 0.3404 0.1034 0.3779, 0.3402 0.1019 0.377, 0.3406 0.1019 0.377, 0.3408 0.1001 0.3754, 0.3403 0.1008 0.376, 0.3404 0.1001 0.3754, 0.3406 0.099 0.3738, 0.341 0.099 0.3738, 0.3409 0.0983 0.3719, 0.3413 0.0983 0.3719, 0.3412 0.098 0.3697, 0.3416 0.098 0.3698, 0.3415 0.0983 0.3674, 0.3419 0.0983 0.3675, 0.3418 0.099 0.3656, 0.3422 0.099 0.3657, 0.342 0.0998 0.3644, 0.3423 0.0998 0.3644, 0.3426 0.1072 0.3599, 0.343 0.1072 0.3599, 0.3427 0.1036 0.3615, 0.3421 0.1007 0.3633, 0.3425 0.1007 0.3634, 0.3421 0.1008 0.3633, 0.3424 0.1036 0.3615, 0.3428 0.1111 0.3582, 0.3432 0.1111 0.3583, 0.343 0.1135 0.3568, 0.3434 0.1135 0.3569, 0.3431 0.1142 0.3561, 0.3435 0.1142 0.3561, 0.3432 0.1147 0.3553, 0.3436 0.1147 0.3553, 0.3434 0.1149 0.3543, 0.3438 0.1149 0.3544, 0.3435 0.115 0.3536, 0.3439 0.115 0.3536, 0.3436 0.1149 0.3525, 0.344 0.1149 0.3525, 0.3437 0.1146 0.3516, 0.3441 0.1146 0.3517, 0.3439 0.1141 0.3508, 0.3442 0.1141 0.3509, 0.3439 0.1134 0.3502, 0.3443 0.1134 0.3503, 0.344 0.1128 0.3499, 0.3444 0.1128 0.35, 0.3441 0.1113 0.3493, 0.3445 0.1113 0.3494, 0.3441 0.1082 0.349, 0.3445 0.1082 0.3491, 0.3403 0.151 0.379, 0.3403 0.1573 0.379, 0.3399 0.151 0.3789, 0.3399 0.1573 0.3789, 0.3439 0.1416 0.3534, 0.3435 0.1416 0.3533, 0.3437 0.1412 0.3517, 0.3441 0.1412 0.3518, 0.3439 0.1409 0.3506, 0.3443 0.1409 0.3506, 0.3443 0.1407 0.3506, 0.3439 0.1407 0.3506, 0.3439 0.14 0.3534, 0.3435 0.14 0.3534, 0.3399 0.131 0.3789, 0.3403 0.131 0.379, 0.3411 0.1339 0.3706, 0.3403 0.1243 0.379, 0.3399 0.1243 0.3789, 0.3447 0.1378 0.345, 0.3451 0.1378 0.3451, 0.3433 0.1339 0.3546, 0.3455 0.1351 0.3388, 0.3459 0.1351 0.3389, 0.3447 0.1376 0.3445, 0.3458 0.1339 0.3367, 0.3462 0.1339 0.3367, 0.3459 0.1339 0.3366, 0.346 0.1328 0.3354, 0.3464 0.1328 0.3355, 0.3461 0.1319 0.3348, 0.3465 0.1319 0.3348, 0.3462 0.1306 0.3342, 0.3466 0.1306 0.3343, 0.3462 0.129 0.334, 0.3466 0.129 0.3341, 0.3462 0.1268 0.3343, 0.3466 0.1268 0.3344, 0.3461 0.1256 0.3347, 0.3465 0.1256 0.3348, 0.3473 0.1256 0.3295, 0.3469 0.1256 0.3294, 0.3469 0.1281 0.329, 0.3473 0.1281 0.329, 0.3469 0.1294 0.3289, 0.3473 0.1294 0.329, 0.3469 0.1319 0.3292, 0.3468 0.1339 0.33, 0.3472 0.1342 0.3302, 0.3473 0.1319 0.3293, 0.3468 0.1342 0.3301, 0.3466 0.1363 0.3316, 0.347 0.1363 0.3316, 0.3465 0.1368 0.3319, 0.3469 0.1368 0.332, 0.3461 0.139 0.3345, 0.3465 0.139 0.3346, 0.3454 0.1417 0.3398, 0.3458 0.1417 0.3399, 0.3447 0.1436 0.3445, 0.3443 0.1896 0.3504, 0.3451 0.1896 0.345, 0.3439 0.1896 0.3504, 0.3447 0.1896 0.3449, 0.3439 0.1699 0.3504, 0.3443 0.1699 0.3504, 0.3439 0.1789 0.3504, 0.3421 0.1699 0.3664, 0.3417 0.1699 0.3664, 0.3417 0.1871 0.3664, 0.3421 0.1871 0.3664, 0.3417 0.1789 0.3664, 0.3413 0.1871 0.3719, 0.3409 0.1871 0.3718, 0.3409 0.1699 0.3718, 0.3413 0.1699 0.3719, 0.3409 0.1789 0.3718, 0.3392 0.1699 0.3871, 0.3388 0.1699 0.387, 0.3388 0.1885 0.387, 0.3392 0.1885 0.3871, 0.3388 0.1789 0.387, 0.3384 0.1885 0.3926, 0.338 0.1885 0.3925, 0.338 0.1637 0.3925, 0.3384 0.1637 0.3926, 0.338 0.1789 0.3925, 0.3451 0.1637 0.345, 0.3447 0.1637 0.3449, 0.3447 0.1789 0.3449, 0.3433 0.2282 0.3579, 0.3436 0.2261 0.3554, 0.3441 0.2305 0.3517, 0.3437 0.2256 0.3549, 0.3446 0.2255 0.3481, 0.344 0.2225 0.3527, 0.3449 0.2201 0.346, 0.3442 0.2185 0.3512, 0.3451 0.2119 0.345, 0.3443 0.2118 0.3504, 0.3451 0.1986 0.345, 0.3443 0.2049 0.3504, 0.3384 0.1986 0.3926, 0.3392 0.2049 0.3871, 0.3384 0.2124 0.3926, 0.3392 0.2121 0.3871, 0.3385 0.2197 0.3918, 0.3393 0.2183 0.3864, 0.3388 0.2255 0.3897, 0.3395 0.2225 0.3849, 0.3393 0.2305 0.3863, 0.3398 0.226 0.3826, 0.3395 0.2322 0.3846, 0.34 0.2273 0.3813, 0.3401 0.2352 0.3805, 0.3403 0.2292 0.3787, 0.3407 0.237 0.376, 0.3408 0.2305 0.3752, 0.3416 0.2378 0.3694, 0.3417 0.2312 0.3692, 0.3421 0.2376 0.3664, 0.3422 0.231 0.3656, 0.3429 0.2365 0.3608, 0.3428 0.23 0.3613, 0.3435 0.2341 0.3559, 0.3447 0.2119 0.3449, 0.3447 0.1986 0.3449, 0.3445 0.2201 0.3459, 0.3442 0.2255 0.3481, 0.3437 0.2305 0.3516, 0.3432 0.2341 0.3558, 0.3425 0.2365 0.3607, 0.3417 0.2376 0.3663, 0.3413 0.2378 0.3693, 0.3403 0.237 0.3759, 0.3397 0.2352 0.3804, 0.3391 0.2322 0.3846, 0.3389 0.2305 0.3862, 0.3384 0.2255 0.3896, 0.3381 0.2197 0.3917, 0.338 0.2124 0.3925, 0.338 0.1986 0.3925, 0.3388 0.2121 0.387, 0.3388 0.2049 0.387, 0.3439 0.2049 0.3504, 0.3439 0.2118 0.3504, 0.3432 0.2261 0.3553, 0.3433 0.2256 0.3548, 0.3436 0.2225 0.3527, 0.3438 0.2185 0.3512, 0.3413 0.2312 0.3692, 0.3418 0.231 0.3655, 0.3424 0.23 0.3613, 0.3429 0.2282 0.3578, 0.3394 0.226 0.3826, 0.3396 0.2273 0.3813, 0.34 0.2292 0.3786, 0.3404 0.2305 0.3752, 0.3389 0.2183 0.3864, 0.3391 0.2225 0.3849
            ]
        }
        coordIndex [
            0,1,2,-1,3,4,5,-1,3,5,6,-1,6,5,7,-1,6,7,2,-1,2,7,8,-1,2,8,0,-1,9,1,10,-1,10,1,0,-1,11,9,12,-1,12,9,10,-1,13,14,15,-1,15,14,11,-1,15,11,16,-1,16,11,12,-1,17,14,18,-1,18,14,13,-1,18,19,17,-1,17,19,20,-1,17,20,21,-1,21,20,22,-1,21,22,23,-1,23,22,24,-1,23,24,25,-1,25,24,26,-1,25,26,27,-1,27,26,28,-1,27,28,29,-1,29,28,30,-1,29,30,31,-1,31,30,32,-1,31,32,33,-1,33,32,34,-1,33,34,35,-1,35,34,36,-1,35,36,37,-1,37,36,38,-1,37,38,39,-1,39,38,40,-1,39,40,41,-1,41,40,42,-1,41,42,43,-1,43,42,44,-1,43,44,45,-1,45,44,46,-1,45,46,47,-1,47,46,48,-1,47,48,49,-1,49,48,50,-1,49,50,51,-1,51,50,52,-1,51,52,53,-1,53,52,54,-1,53,54,55,-1,55,54,56,-1,55,56,57,-1,57,56,58,-1,57,58,59,-1,59,58,60,-1,59,60,61,-1,61,60,62,-1,61,62,63,-1,63,62,64,-1,63,64,65,-1,65,64,66,-1,65,66,67,-1,67,66,68,-1,67,68,69,-1,69,68,70,-1,69,70,71,-1,71,70,72,-1,71,72,73,-1,73,72,74,-1,73,74,75,-1,76,75,77,-1,77,75,74,-1,76,77,78,-1,76,78,79,-1,79,78,80,-1,79,80,81,-1,81,80,82,-1,81,82,83,-1,83,82,84,-1,83,84,85,-1,85,84,86,-1,85,86,87,-1,87,86,88,-1,88,86,89,-1,89,90,88,-1,88,90,91,-1,88,91,92,-1,92,91,93,-1,92,93,94,-1,94,93,95,-1,94,95,96,-1,96,95,97,-1,96,97,98,-1,98,97,99,-1,98,99,100,-1,100,99,101,-1,100,101,102,-1,103,104,105,-1,102,101,106,-1,102,106,107,-1,107,106,108,-1,107,108,105,-1,105,108,109,-1,105,109,103,-1,104,103,110,-1,104,110,111,-1,111,110,112,-1,111,112,113,-1,113,112,114,-1,113,114,115,-1,115,114,116,-1,115,116,117,-1,117,116,118,-1,117,118,119,-1,119,118,120,-1,119,120,121,-1,121,120,122,-1,121,122,123,-1,123,122,124,-1,123,124,125,-1,125,124,126,-1,125,126,127,-1,127,126,128,-1,127,128,129,-1,129,128,130,-1,129,130,131,-1,131,130,132,-1,131,132,133,-1,133,132,134,-1,133,134,135,-1,135,134,4,-1,135,4,3,-1,61,63,85,-1,85,63,83,-1,111,43,104,-1,104,43,45,-1,21,23,127,-1,127,23,25,-1,127,25,125,-1,125,25,27,-1,125,27,123,-1,123,27,29,-1,123,29,121,-1,121,29,31,-1,121,31,119,-1,119,31,33,-1,119,33,117,-1,117,33,35,-1,117,35,115,-1,115,35,37,-1,115,37,113,-1,113,37,39,-1,113,39,111,-1,111,39,41,-1,111,41,43,-1,14,3,11,-1,11,3,6,-1,11,6,9,-1,9,6,2,-1,9,2,1,-1,63,65,83,-1,83,65,67,-1,83,67,81,-1,81,67,69,-1,81,69,79,-1,79,69,71,-1,79,71,76,-1,76,71,73,-1,76,73,75,-1,127,129,21,-1,21,129,131,-1,21,131,17,-1,17,131,133,-1,17,133,14,-1,14,133,135,-1,14,135,3,-1,85,87,61,-1,61,87,88,-1,61,88,59,-1,59,88,92,-1,59,92,57,-1,57,92,94,-1,57,94,55,-1,55,94,96,-1,55,96,53,-1,53,96,98,-1,53,98,51,-1,51,98,100,-1,51,100,49,-1,49,100,102,-1,49,102,47,-1,47,102,107,-1,47,107,45,-1,45,107,105,-1,45,105,104,-1,136,137,138,-1,138,137,139,-1,140,136,141,-1,141,136,138,-1,140,141,142,-1,140,142,143,-1,143,142,144,-1,143,144,145,-1,146,145,147,-1,147,145,144,-1,148,146,149,-1,149,146,147,-1,150,151,152,-1,152,151,148,-1,152,148,149,-1,153,151,154,-1,154,151,150,-1,155,156,157,-1,157,156,153,-1,157,153,154,-1,158,159,160,-1,160,159,156,-1,160,156,155,-1,158,161,159,-1,159,161,162,-1,161,163,162,-1,162,163,164,-1,162,164,165,-1,165,164,166,-1,165,166,167,-1,167,166,168,-1,167,168,169,-1,169,168,170,-1,169,170,171,-1,171,170,172,-1,171,172,173,-1,173,172,174,-1,173,174,175,-1,176,175,177,-1,177,175,174,-1,176,177,178,-1,176,178,179,-1,179,178,180,-1,179,180,181,-1,181,180,182,-1,183,184,182,-1,182,184,185,-1,182,185,181,-1,183,186,184,-1,184,186,187,-1,184,187,188,-1,188,187,189,-1,188,189,190,-1,190,189,191,-1,190,191,192,-1,192,191,193,-1,192,193,194,-1,139,137,195,-1,195,137,194,-1,195,194,193,-1,143,145,194,-1,137,136,194,-1,194,136,140,-1,194,140,143,-1,151,153,148,-1,148,153,156,-1,148,156,146,-1,175,176,173,-1,173,176,179,-1,173,179,171,-1,171,179,181,-1,171,181,169,-1,169,181,185,-1,169,185,167,-1,167,185,184,-1,167,184,165,-1,145,146,194,-1,194,146,156,-1,194,156,192,-1,156,159,192,-1,192,159,162,-1,192,162,190,-1,190,162,165,-1,190,165,188,-1,188,165,184,-1,196,197,198,-1,198,197,199,-1,200,201,202,-1,202,201,196,-1,202,196,198,-1,203,201,204,-1,204,201,200,-1,205,206,207,-1,207,206,203,-1,207,203,204,-1,208,206,209,-1,209,206,205,-1,210,211,212,-1,212,211,208,-1,212,208,209,-1,213,211,214,-1,214,211,210,-1,215,216,217,-1,217,216,213,-1,217,213,214,-1,218,216,219,-1,219,216,215,-1,220,221,222,-1,222,221,218,-1,222,218,219,-1,223,221,224,-1,224,221,220,-1,199,197,225,-1,225,197,223,-1,225,223,224,-1,223,197,196,-1,196,201,223,-1,223,201,203,-1,223,203,221,-1,216,218,213,-1,213,218,221,-1,213,221,211,-1,211,221,203,-1,211,203,208,-1,208,203,206,-1,226,227,228,-1,228,227,229,-1,228,229,230,-1,230,229,231,-1,230,231,232,-1,232,231,233,-1,232,233,234,-1,234,233,235,-1,234,235,236,-1,236,235,237,-1,236,237,238,-1,238,237,239,-1,238,239,240,-1,240,239,241,-1,240,241,242,-1,242,241,243,-1,242,243,244,-1,244,243,245,-1,244,245,246,-1,246,245,247,-1,246,247,248,-1,248,247,249,-1,248,249,250,-1,250,249,251,-1,250,251,252,-1,252,251,253,-1,252,253,254,-1,254,253,255,-1,254,255,256,-1,256,255,257,-1,256,257,258,-1,258,257,259,-1,258,259,260,-1,260,259,226,-1,260,226,228,-1,234,236,261,-1,261,236,262,-1,234,261,263,-1,234,263,232,-1,232,263,264,-1,232,264,230,-1,230,264,265,-1,230,265,228,-1,228,265,266,-1,228,266,260,-1,260,266,267,-1,260,267,258,-1,258,267,268,-1,258,268,256,-1,256,268,269,-1,256,269,254,-1,254,269,270,-1,254,270,252,-1,252,270,271,-1,252,271,250,-1,250,271,272,-1,250,272,248,-1,248,272,273,-1,248,273,246,-1,246,273,274,-1,246,274,244,-1,244,274,275,-1,244,275,242,-1,242,275,276,-1,242,276,240,-1,238,240,277,-1,277,240,276,-1,236,238,262,-1,262,238,277,-1,241,239,278,-1,278,239,279,-1,239,237,279,-1,279,237,280,-1,237,235,280,-1,280,235,281,-1,227,282,283,-1,227,283,229,-1,229,283,284,-1,229,284,231,-1,231,284,285,-1,231,285,233,-1,233,285,281,-1,233,281,235,-1,255,286,287,-1,255,287,257,-1,257,287,288,-1,257,288,259,-1,259,288,289,-1,259,289,226,-1,226,289,282,-1,226,282,227,-1,247,290,291,-1,247,291,249,-1,249,291,292,-1,249,292,251,-1,251,292,293,-1,251,293,253,-1,253,293,286,-1,253,286,255,-1,241,278,294,-1,241,294,243,-1,243,294,295,-1,243,295,245,-1,245,295,290,-1,245,290,247,-1,
        ]
    }
}
Shape{
    appearance Appearance {
        material  Material 	{
            diffuseColor 0.25098039215686274 0.25098039215686274 0.25098039215686274
            specularColor 0.07450980392156863 0.07450980392156863 0.07450980392156863
            ambientIntensity 0.251
            transparency 0.0
            shininess 0.5
        }
    }
    geometry IndexedFaceSet {
        ccw TRUE
        solid FALSE
        coord DEF co Coordinate {
            point [
                0.3433 0.2256 0.3548, 0.3432 0.2261 0.3553, 0.3388 0.2121 0.387, 0.3388 0.2049 0.387, 0.3439 0.2049 0.3504, 0.3439 0.2118 0.3504, 0.3438 0.2185 0.3512, 0.3436 0.2225 0.3527, 0.3429 0.2282 0.3578, 0.3424 0.23 0.3613, 0.3418 0.231 0.3655, 0.3413 0.2312 0.3692, 0.3404 0.2305 0.3752, 0.34 0.2292 0.3786, 0.3396 0.2273 0.3813, 0.3394 0.226 0.3826, 0.3389 0.2183 0.3864, 0.3391 0.2225 0.3849
            ]
        }
        coordIndex [
            0,1,2,-1,3,4,2,-1,2,4,5,-1,5,6,2,-1,2,6,7,-1,2,7,0,-1,1,8,2,-1,2,8,9,-1,2,9,10,-1,10,11,2,-1,2,11,12,-1,2,12,13,-1,13,14,2,-1,2,14,15,-1,2,15,16,-1,16,15,17,-1,
        ]
    }
}
Shape{
    appearance Appearance {
        material  Material 	{
            diffuseColor 1.0 1.0 1.0
            specularColor 0.8784313725490196 0.8784313725490196 0.8784313725490196
            ambientIntensity 1.0
            transparency 0.0
            shininess 0.5
        }
    }
    geometry IndexedFaceSet {
        ccw TRUE
        solid FALSE
        coord DEF co Coordinate {
            point [
                0.3425 0.2539 0.3634, 0.3432 0.2519 0.358, 0.3425 0.27 0.3634, 0.3432 0.2719 0.358, 0.3397 0.261 0.3831, 0.3384 0.2587 0.3926, 0.3451 0.2404 0.345, 0.3451 0.2473 0.345, 0.3395 0.2615 0.3846, 0.3392 0.2618 0.3865, 0.3384 0.2654 0.3926, 0.3392 0.262 0.3865, 0.3395 0.2624 0.3845, 0.3397 0.2627 0.3831, 0.3451 0.2837 0.345, 0.3451 0.2768 0.345, 0.338 0.2654 0.3925, 0.3447 0.2837 0.3449, 0.338 0.2587 0.3925, 0.3447 0.2404 0.3449, 0.3447 0.2473 0.3449, 0.3429 0.2519 0.3579, 0.3429 0.2719 0.3579, 0.3447 0.2768 0.3449, 0.3421 0.2539 0.3633, 0.3421 0.27 0.3633, 0.3393 0.2627 0.3831, 0.3389 0.262 0.3864, 0.3391 0.2624 0.3844, 0.3389 0.2618 0.3864, 0.3393 0.261 0.3831, 0.3391 0.2615 0.3845
            ]
        }
        coordIndex [
            0,1,2,-1,2,1,3,-1,4,5,0,-1,0,5,6,-1,0,6,1,-1,1,6,7,-1,4,8,5,-1,5,8,9,-1,5,9,10,-1,10,9,11,-1,10,11,12,-1,12,13,10,-1,10,13,2,-1,10,2,14,-1,14,2,3,-1,14,3,15,-1,10,14,16,-1,16,14,17,-1,5,10,18,-1,18,10,16,-1,6,5,19,-1,19,5,18,-1,7,6,20,-1,20,6,19,-1,1,7,21,-1,21,7,20,-1,3,1,22,-1,22,1,21,-1,15,3,23,-1,23,3,22,-1,14,15,17,-1,17,15,23,-1,0,2,24,-1,24,2,25,-1,2,13,25,-1,25,13,26,-1,11,27,28,-1,11,28,12,-1,12,28,26,-1,12,26,13,-1,11,9,27,-1,27,9,29,-1,4,30,31,-1,4,31,8,-1,8,31,29,-1,8,29,9,-1,4,0,30,-1,30,0,24,-1,
        ]
    }
}
Shape{
    appearance Appearance {
        material  Material 	{
            diffuseColor 0.25098039215686274 0.25098039215686274 0.25098039215686274
            specularColor 0.07450980392156863 0.07450980392156863 0.07450980392156863
            ambientIntensity 0.251
            transparency 0.0
            shininess 0.5
        }
    }
    geometry IndexedFaceSet {
        ccw TRUE
        solid FALSE
        coord DEF co Coordinate {
            point [
                0.3389 0.262 0.3864, 0.3389 0.2618 0.3864, 0.3391 0.2624 0.3844, 0.3391 0.2615 0.3845, 0.3393 0.2627 0.3831, 0.3393 0.261 0.3831, 0.3421 0.27 0.3633, 0.3421 0.2539 0.3633
            ]
        }
        coordIndex [
            0,1,2,-1,2,1,3,-1,2,3,4,-1,4,3,5,-1,4,5,6,-1,6,5,7,-1,
        ]
    }
}
Shape{
    appearance Appearance {
        material  Material 	{
            diffuseColor 1.0 1.0 1.0
            specularColor 0.8784313725490196 0.8784313725490196 0.8784313725490196
            ambientIntensity 1.0
            transparency 0.0
            shininess 0.5
        }
    }
    geometry IndexedFaceSet {
        ccw TRUE
        solid FALSE
        coord DEF co Coordinate {
            point [
                0.346 -0.1815 0.3383, 0.3469 -0.1764 0.332, 0.3418 -0.1846 0.3682, 0.3336 -0.1905 0.427, 0.333 -0.1829 0.431, 0.33 -0.1838 0.452, 0.3462 -0.1245 0.3369, 0.3451 -0.1205 0.3445, 0.344 -0.1185 0.3528, 0.3298 -0.1712 0.4534, 0.3395 -0.0705 0.3847, 0.337 -0.0811 0.4027, 0.343 -0.1183 0.3597, 0.3403 -0.1268 0.379, 0.3435 -0.1183 0.3563, 0.3477 -0.1366 0.3264, 0.347 -0.1298 0.3311, 0.345 -0.1613 0.3458, 0.3452 -0.1585 0.3441, 0.3476 -0.1697 0.3271, 0.3454 -0.1553 0.343, 0.3297 -0.1306 0.4545, 0.3271 -0.1401 0.4727, 0.3278 -0.1484 0.4676, 0.3412 -0.192 0.3727, 0.3448 -0.1903 0.3471, 0.345 -0.1849 0.3455, 0.3348 -0.0592 0.4182, 0.3348 -0.0565 0.4182, 0.3322 -0.0425 0.4365, 0.3349 -0.05 0.4174, 0.3323 -0.0408 0.4359, 0.3352 -0.044 0.4152, 0.333 -0.0306 0.4309, 0.3341 -0.0214 0.4232, 0.3306 -0.14 0.4477, 0.3288 -0.1564 0.4608, 0.3319 -0.1477 0.4386, 0.3299 -0.1634 0.4527, 0.3334 -0.1528 0.428, 0.3327 -0.1744 0.4329, 0.3327 -0.1709 0.4331, 0.3299 -0.1673 0.4532, 0.3328 -0.1629 0.4321, 0.3332 -0.1553 0.4294, 0.3438 -0.166 0.354, 0.3442 -0.1651 0.3509, 0.3446 -0.1636 0.3482, 0.3481 -0.1619 0.3238, 0.3482 -0.1538 0.3225, 0.3454 -0.1528 0.3428, 0.3482 -0.1525 0.3225, 0.3453 -0.1498 0.3431, 0.3481 -0.1442 0.3235, 0.3452 -0.1468 0.3442, 0.3449 -0.1442 0.346, 0.3446 -0.1419 0.3484, 0.343 -0.0213 0.36, 0.3411 -0.0372 0.3735, 0.3441 -0.0306 0.3522, 0.3416 -0.0423 0.3694, 0.3448 -0.041 0.3472, 0.342 -0.0483 0.3666, 0.3451 -0.0524 0.3448, 0.3422 -0.0544 0.3655, 0.3451 -0.0725 0.3448, 0.3422 -0.0698 0.3655, 0.3451 -0.0745 0.3451, 0.3363 -0.204 0.4075, 0.337 -0.2264 0.4027, 0.3374 -0.2051 0.3993, 0.3375 -0.2266 0.3986, 0.3382 -0.2047 0.3941, 0.3393 -0.2251 0.3862, 0.3393 -0.2022 0.3858, 0.3411 -0.2205 0.3736, 0.3403 -0.1981 0.3789, 0.3427 -0.2122 0.3617, 0.3439 -0.2025 0.3533, 0.3429 -0.1403 0.3606, 0.3433 -0.1396 0.3575, 0.3437 -0.1396 0.3546, 0.3442 -0.1404 0.3513, 0.3357 -0.0387 0.4115, 0.3363 -0.0348 0.4071, 0.3354 -0.0144 0.4135, 0.3372 -0.0316 0.4013, 0.3369 -0.0102 0.4032, 0.3381 -0.03 0.3948, 0.3384 -0.0087 0.3922, 0.3385 -0.0298 0.3918, 0.3401 -0.0102 0.3801, 0.3394 -0.0307 0.3853, 0.3416 -0.0145 0.3694, 0.3403 -0.033 0.3792, 0.341 -0.0368 0.374, 0.3285 -0.0609 0.4632, 0.3307 -0.0741 0.4475, 0.3302 -0.0498 0.4505, 0.3319 -0.0665 0.4384, 0.3335 -0.0612 0.4275, 0.3307 -0.1965 0.4473, 0.3318 -0.2079 0.4396, 0.3343 -0.1964 0.4217, 0.3321 -0.2105 0.4372, 0.3352 -0.2011 0.415, 0.3335 -0.2183 0.4274, 0.3352 -0.2239 0.4154, 0.3263 -0.1243 0.4787, 0.3291 -0.1194 0.4589, 0.326 -0.1074 0.4808, 0.3288 -0.107 0.4605, 0.3262 -0.0933 0.4793, 0.329 -0.0955 0.4591, 0.327 -0.0762 0.4734, 0.3296 -0.0848 0.4551, 0.3305 -0.0752 0.4485, 0.3433 -0.1661 0.3573, 0.3429 -0.1653 0.3606, 0.3408 -0.1808 0.3754, 0.3425 -0.1637 0.3635, 0.3399 -0.1751 0.3818, 0.3421 -0.1615 0.366, 0.3392 -0.1681 0.3866, 0.3419 -0.1588 0.3678, 0.3388 -0.1606 0.3895, 0.3417 -0.1558 0.3688, 0.3387 -0.1525 0.3905, 0.3417 -0.1528 0.3692, 0.3387 -0.1483 0.3902, 0.3417 -0.1499 0.3688, 0.339 -0.14 0.3882, 0.3419 -0.1467 0.3677, 0.3395 -0.1328 0.3844, 0.3421 -0.144 0.3658, 0.3425 -0.1418 0.3634, 0.3422 -0.0715 0.3658, 0.3446 -0.0797 0.3484, 0.3447 -0.0789 0.3476, 0.3422 -0.0705 0.3655, 0.3449 -0.0767 0.346, 0.3436 -0.0824 0.3553, 0.344 -0.0821 0.3528, 0.3443 -0.0812 0.3505, 0.3422 -0.0745 0.3655, 0.3423 -0.0768 0.3646, 0.3435 -0.0824 0.3565, 0.3425 -0.0789 0.3631, 0.3428 -0.0804 0.3615, 0.3431 -0.0817 0.3591, 0.3422 -0.0718 0.3658, 0.3381 -0.0087 0.3921, 0.3365 -0.0102 0.4031, 0.3361 -0.0114 0.4061, 0.3351 -0.0144 0.4135, 0.3337 -0.0214 0.4231, 0.3326 -0.0306 0.4309, 0.3319 -0.0408 0.4359, 0.3318 -0.0425 0.4364, 0.3299 -0.0498 0.4505, 0.3281 -0.0609 0.4632, 0.3273 -0.0688 0.4684, 0.3266 -0.0762 0.4733, 0.3258 -0.0933 0.4793, 0.3256 -0.1074 0.4807, 0.3275 -0.1484 0.4676, 0.3273 -0.147 0.4684, 0.3267 -0.1401 0.4726, 0.3259 -0.1243 0.4787, 0.3284 -0.1564 0.4607, 0.3295 -0.1634 0.4527, 0.3295 -0.1673 0.4531, 0.3294 -0.1712 0.4533, 0.3296 -0.1838 0.4519, 0.3303 -0.1965 0.4473, 0.3314 -0.2079 0.4395, 0.3317 -0.2105 0.4371, 0.3371 -0.2266 0.3985, 0.3331 -0.2183 0.4274, 0.3348 -0.2239 0.4153, 0.3361 -0.2258 0.4061, 0.3366 -0.2264 0.4026, 0.3389 -0.2251 0.3862, 0.3407 -0.2205 0.3735, 0.3423 -0.2122 0.3617, 0.3435 -0.2025 0.3533, 0.3444 -0.1903 0.3471, 0.3446 -0.1849 0.3454, 0.3447 -0.1845 0.3445, 0.3456 -0.1815 0.3382, 0.3465 -0.1764 0.332, 0.3472 -0.1697 0.327, 0.3474 -0.1666 0.3257, 0.3477 -0.1619 0.3237, 0.3478 -0.1538 0.3225, 0.3478 -0.1525 0.3224, 0.3431 -0.1183 0.3563, 0.3477 -0.1442 0.3234, 0.3474 -0.1383 0.3257, 0.3473 -0.1366 0.3263, 0.3466 -0.1298 0.331, 0.3458 -0.1245 0.3369, 0.3448 -0.1205 0.3444, 0.3447 -0.1204 0.3445, 0.3436 -0.1185 0.3528, 0.3426 -0.1183 0.3597, 0.3391 -0.0705 0.3847, 0.3366 -0.0811 0.4026, 0.3399 -0.1268 0.3789, 0.3392 -0.1328 0.3843, 0.3386 -0.14 0.3882, 0.3383 -0.1483 0.3902, 0.3383 -0.1525 0.3904, 0.3384 -0.1606 0.3894, 0.3388 -0.1681 0.3866, 0.3395 -0.1751 0.3818, 0.3404 -0.1808 0.3754, 0.3414 -0.1846 0.3681, 0.3408 -0.192 0.3726, 0.3399 -0.1981 0.3789, 0.3389 -0.2022 0.3858, 0.3378 -0.2047 0.3941, 0.3371 -0.2051 0.3992, 0.3361 -0.2042 0.4061, 0.3359 -0.204 0.4074, 0.3348 -0.2011 0.4149, 0.3339 -0.1964 0.4217, 0.3332 -0.1905 0.4269, 0.3326 -0.1829 0.4309, 0.3323 -0.1744 0.4329, 0.3323 -0.1709 0.4331, 0.3324 -0.1629 0.4321, 0.3328 -0.1553 0.4293, 0.333 -0.1528 0.428, 0.3315 -0.1477 0.4385, 0.3303 -0.14 0.4476, 0.3293 -0.1306 0.4544, 0.3287 -0.1194 0.4589, 0.3285 -0.107 0.4604, 0.3286 -0.0955 0.4591, 0.3292 -0.0848 0.455, 0.3301 -0.0752 0.4484, 0.3303 -0.0741 0.4475, 0.3316 -0.0665 0.4383, 0.3331 -0.0612 0.4274, 0.3344 -0.0592 0.4182, 0.3344 -0.0565 0.4182, 0.3345 -0.05 0.4174, 0.3348 -0.044 0.4151, 0.3353 -0.0387 0.4114, 0.336 -0.0348 0.4071, 0.3361 -0.0342 0.4061, 0.3368 -0.0316 0.4012, 0.3377 -0.03 0.3947, 0.3381 -0.0298 0.3918, 0.339 -0.0307 0.3852, 0.3399 -0.033 0.3792, 0.3406 -0.0368 0.3739, 0.3407 -0.0372 0.3734, 0.3413 -0.0423 0.3693, 0.3416 -0.0483 0.3666, 0.3418 -0.0544 0.3654, 0.3418 -0.0698 0.3654, 0.3418 -0.0705 0.3655, 0.3418 -0.0715 0.3657, 0.3418 -0.0718 0.3657, 0.3418 -0.0745 0.3654, 0.3419 -0.0768 0.3645, 0.3421 -0.0789 0.363, 0.3424 -0.0804 0.3614, 0.3427 -0.0817 0.3591, 0.3431 -0.0824 0.3565, 0.3432 -0.0824 0.3553, 0.3436 -0.0821 0.3527, 0.3439 -0.0812 0.3504, 0.3442 -0.0797 0.3483, 0.3443 -0.0789 0.3475, 0.3445 -0.0767 0.346, 0.3447 -0.0745 0.3451, 0.3447 -0.0725 0.3448, 0.3447 -0.0524 0.3448, 0.3444 -0.041 0.3471, 0.3437 -0.0306 0.3522, 0.3426 -0.0213 0.36, 0.3413 -0.0145 0.3693, 0.3398 -0.0102 0.38, 0.3413 -0.1528 0.3691, 0.3413 -0.1499 0.3688, 0.3415 -0.1467 0.3676, 0.3418 -0.144 0.3658, 0.3421 -0.1418 0.3633, 0.3425 -0.1403 0.3606, 0.3429 -0.1396 0.3574, 0.3433 -0.1396 0.3545, 0.3438 -0.1404 0.3513, 0.3442 -0.1419 0.3483, 0.3445 -0.1442 0.3459, 0.3448 -0.1468 0.3441, 0.3449 -0.1498 0.3431, 0.345 -0.1528 0.3427, 0.345 -0.1553 0.343, 0.3448 -0.1585 0.344, 0.3446 -0.1613 0.3458, 0.3442 -0.1636 0.3481, 0.3438 -0.1651 0.3509, 0.3434 -0.166 0.354, 0.343 -0.1661 0.3573, 0.3425 -0.1653 0.3605, 0.3421 -0.1637 0.3635, 0.3417 -0.1615 0.3659, 0.3415 -0.1588 0.3677, 0.3413 -0.1558 0.3688
            ]
        }
        coordIndex [
            0,1,2,-1,3,4,5,-1,6,7,8,-1,5,4,9,-1,10,11,12,-1,12,11,13,-1,12,13,14,-1,14,13,15,-1,14,15,8,-1,8,15,16,-1,8,16,6,-1,17,1,18,-1,18,1,19,-1,18,19,20,-1,21,22,23,-1,24,25,2,-1,2,25,26,-1,2,26,0,-1,27,28,29,-1,29,28,30,-1,29,30,31,-1,31,30,32,-1,31,32,33,-1,33,32,34,-1,21,23,35,-1,35,23,36,-1,35,36,37,-1,37,36,38,-1,37,38,39,-1,4,40,9,-1,9,40,41,-1,9,41,42,-1,42,41,43,-1,42,43,38,-1,38,43,44,-1,38,44,39,-1,45,2,46,-1,46,2,1,-1,46,1,47,-1,47,1,17,-1,19,48,20,-1,20,48,49,-1,20,49,50,-1,50,49,51,-1,50,51,52,-1,52,51,53,-1,52,53,54,-1,54,53,15,-1,54,15,55,-1,55,15,56,-1,57,58,59,-1,59,58,60,-1,59,60,61,-1,61,60,62,-1,61,62,63,-1,63,62,64,-1,63,64,65,-1,65,64,66,-1,65,66,67,-1,68,69,70,-1,70,69,71,-1,70,71,72,-1,72,71,73,-1,72,73,74,-1,74,73,75,-1,74,75,76,-1,76,75,77,-1,76,77,24,-1,24,77,78,-1,24,78,25,-1,79,80,13,-1,13,80,81,-1,13,81,15,-1,15,81,82,-1,15,82,56,-1,32,83,34,-1,34,83,84,-1,34,84,85,-1,85,84,86,-1,85,86,87,-1,87,86,88,-1,87,88,89,-1,89,88,90,-1,89,90,91,-1,91,90,92,-1,91,92,93,-1,93,92,94,-1,93,94,57,-1,57,94,95,-1,57,95,58,-1,96,97,98,-1,98,97,99,-1,98,99,29,-1,29,99,100,-1,29,100,27,-1,5,101,3,-1,3,101,102,-1,3,102,103,-1,103,102,104,-1,103,104,105,-1,105,104,106,-1,105,106,68,-1,68,106,107,-1,68,107,69,-1,22,21,108,-1,108,21,109,-1,108,109,110,-1,110,109,111,-1,110,111,112,-1,112,111,113,-1,112,113,114,-1,114,113,115,-1,114,115,96,-1,96,115,116,-1,96,116,97,-1,45,117,2,-1,2,117,118,-1,2,118,119,-1,119,118,120,-1,119,120,121,-1,121,120,122,-1,121,122,123,-1,123,122,124,-1,123,124,125,-1,125,124,126,-1,125,126,127,-1,127,126,128,-1,127,128,129,-1,129,128,130,-1,129,130,131,-1,131,130,132,-1,131,132,133,-1,133,132,134,-1,133,134,13,-1,13,134,135,-1,13,135,79,-1,136,137,138,-1,66,139,67,-1,67,139,136,-1,67,136,140,-1,140,136,138,-1,141,142,136,-1,136,142,143,-1,136,143,137,-1,144,145,146,-1,145,147,146,-1,146,147,148,-1,146,148,149,-1,141,136,146,-1,146,136,150,-1,146,150,144,-1,89,151,152,-1,89,152,87,-1,87,152,153,-1,87,153,85,-1,153,154,85,-1,85,154,155,-1,85,155,34,-1,34,155,156,-1,34,156,33,-1,33,156,157,-1,33,157,31,-1,31,157,158,-1,31,158,29,-1,29,158,159,-1,29,159,98,-1,98,159,160,-1,98,160,96,-1,114,96,161,-1,161,96,160,-1,161,162,114,-1,114,162,163,-1,114,163,112,-1,112,163,164,-1,112,164,110,-1,165,23,166,-1,166,23,22,-1,166,22,167,-1,167,22,108,-1,167,108,168,-1,168,108,110,-1,168,110,164,-1,23,165,169,-1,23,169,36,-1,36,169,170,-1,36,170,38,-1,38,170,171,-1,38,171,42,-1,42,171,172,-1,42,172,9,-1,9,172,173,-1,9,173,5,-1,5,173,174,-1,5,174,101,-1,101,174,175,-1,101,175,102,-1,102,175,176,-1,102,176,104,-1,177,71,69,-1,104,176,178,-1,104,178,106,-1,106,178,179,-1,106,179,107,-1,107,179,180,-1,107,180,69,-1,69,180,181,-1,69,181,177,-1,71,177,182,-1,71,182,73,-1,73,182,183,-1,73,183,75,-1,75,183,184,-1,75,184,77,-1,77,184,185,-1,77,185,78,-1,78,185,186,-1,78,186,25,-1,25,186,187,-1,25,187,26,-1,26,187,188,-1,26,188,0,-1,188,189,0,-1,0,189,190,-1,0,190,1,-1,1,190,191,-1,1,191,19,-1,19,191,192,-1,19,192,48,-1,192,193,48,-1,48,193,194,-1,48,194,49,-1,49,194,195,-1,49,195,51,-1,196,14,8,-1,51,195,197,-1,51,197,53,-1,53,197,198,-1,53,198,15,-1,198,199,15,-1,15,199,200,-1,15,200,16,-1,16,200,201,-1,16,201,6,-1,6,201,202,-1,6,202,7,-1,7,202,203,-1,7,203,8,-1,8,203,204,-1,8,204,196,-1,12,14,205,-1,205,14,196,-1,10,12,206,-1,206,12,205,-1,11,10,207,-1,207,10,206,-1,13,11,208,-1,208,11,207,-1,13,208,209,-1,13,209,133,-1,133,209,210,-1,133,210,131,-1,131,210,211,-1,131,211,129,-1,129,211,212,-1,129,212,127,-1,127,212,213,-1,127,213,125,-1,125,213,214,-1,125,214,123,-1,123,214,215,-1,123,215,121,-1,121,215,216,-1,121,216,119,-1,119,216,217,-1,119,217,2,-1,2,217,218,-1,2,218,24,-1,24,218,219,-1,24,219,76,-1,76,219,220,-1,76,220,74,-1,74,220,221,-1,74,221,72,-1,72,221,222,-1,72,222,70,-1,68,70,223,-1,223,70,222,-1,223,224,68,-1,68,224,225,-1,68,225,105,-1,105,225,226,-1,105,226,103,-1,103,226,227,-1,103,227,3,-1,3,227,228,-1,3,228,4,-1,4,228,229,-1,4,229,40,-1,40,229,230,-1,40,230,41,-1,41,230,231,-1,41,231,43,-1,43,231,232,-1,43,232,44,-1,44,232,233,-1,44,233,39,-1,39,233,234,-1,39,234,37,-1,37,234,235,-1,37,235,35,-1,35,235,236,-1,35,236,21,-1,21,236,237,-1,21,237,109,-1,109,237,238,-1,109,238,111,-1,111,238,239,-1,111,239,113,-1,113,239,240,-1,113,240,115,-1,115,240,241,-1,115,241,116,-1,116,241,242,-1,116,242,97,-1,97,242,243,-1,97,243,99,-1,99,243,244,-1,99,244,100,-1,100,244,245,-1,100,245,27,-1,28,27,246,-1,246,27,245,-1,28,246,247,-1,28,247,30,-1,30,247,248,-1,30,248,32,-1,32,248,249,-1,32,249,83,-1,83,249,250,-1,83,250,84,-1,84,250,251,-1,84,251,86,-1,251,252,86,-1,86,252,253,-1,86,253,88,-1,88,253,254,-1,88,254,90,-1,90,254,255,-1,90,255,92,-1,92,255,256,-1,92,256,94,-1,94,256,257,-1,94,257,95,-1,95,257,258,-1,95,258,58,-1,58,258,259,-1,58,259,60,-1,60,259,260,-1,60,260,62,-1,62,260,261,-1,62,261,64,-1,66,64,262,-1,262,64,261,-1,66,262,263,-1,66,263,139,-1,139,263,264,-1,139,264,136,-1,136,264,265,-1,136,265,150,-1,150,265,266,-1,150,266,144,-1,144,266,267,-1,144,267,145,-1,145,267,268,-1,145,268,147,-1,147,268,269,-1,147,269,148,-1,148,269,270,-1,148,270,149,-1,149,270,271,-1,149,271,146,-1,146,271,272,-1,146,272,141,-1,141,272,273,-1,141,273,142,-1,142,273,274,-1,142,274,143,-1,143,274,275,-1,143,275,137,-1,137,275,276,-1,137,276,138,-1,138,276,277,-1,138,277,140,-1,140,277,278,-1,140,278,67,-1,67,278,279,-1,67,279,65,-1,63,65,280,-1,280,65,279,-1,63,280,281,-1,63,281,61,-1,61,281,282,-1,61,282,59,-1,59,282,283,-1,59,283,57,-1,57,283,284,-1,57,284,93,-1,93,284,285,-1,93,285,91,-1,91,285,151,-1,91,151,89,-1,128,286,287,-1,128,287,130,-1,130,287,288,-1,130,288,132,-1,132,288,289,-1,132,289,134,-1,134,289,290,-1,134,290,135,-1,135,290,291,-1,135,291,79,-1,79,291,292,-1,79,292,80,-1,80,292,293,-1,80,293,81,-1,81,293,294,-1,81,294,82,-1,82,294,295,-1,82,295,56,-1,56,295,296,-1,56,296,55,-1,55,296,297,-1,55,297,54,-1,54,297,298,-1,54,298,52,-1,52,298,299,-1,52,299,50,-1,50,299,300,-1,50,300,20,-1,20,300,301,-1,20,301,18,-1,18,301,302,-1,18,302,17,-1,17,302,303,-1,17,303,47,-1,47,303,304,-1,47,304,46,-1,46,304,305,-1,46,305,45,-1,45,305,306,-1,45,306,117,-1,117,306,307,-1,117,307,118,-1,118,307,308,-1,118,308,120,-1,120,308,309,-1,120,309,122,-1,122,309,310,-1,122,310,124,-1,124,310,311,-1,124,311,126,-1,126,311,286,-1,126,286,128,-1,
        ]
    }
}
Shape{
    appearance Appearance {
        material  Material 	{
            diffuseColor 0.25098039215686274 0.25098039215686274 0.25098039215686274
            specularColor 0.07450980392156863 0.07450980392156863 0.07450980392156863
            ambientIntensity 0.251
            transparency 0.0
            shininess 0.5
        }
    }
    geometry IndexedFaceSet {
        ccw TRUE
        solid FALSE
        coord DEF co Coordinate {
            point [
                0.345 -0.1553 0.343, 0.345 -0.1528 0.3427, 0.3413 -0.1528 0.3691, 0.3448 -0.1468 0.3441, 0.3433 -0.1396 0.3545, 0.3449 -0.1498 0.3431, 0.3429 -0.1396 0.3574, 0.3425 -0.1403 0.3606, 0.3421 -0.1418 0.3633, 0.3418 -0.144 0.3658, 0.3415 -0.1588 0.3677, 0.3442 -0.1636 0.3481, 0.3446 -0.1613 0.3458, 0.3415 -0.1467 0.3676, 0.3413 -0.1499 0.3688, 0.3438 -0.1651 0.3509, 0.3417 -0.1615 0.3659, 0.3434 -0.166 0.354, 0.3413 -0.1558 0.3688, 0.3448 -0.1585 0.344, 0.3445 -0.1442 0.3459, 0.3442 -0.1419 0.3483, 0.3438 -0.1404 0.3513, 0.343 -0.1661 0.3573, 0.3421 -0.1637 0.3635, 0.3425 -0.1653 0.3605
            ]
        }
        coordIndex [
            0,1,2,-1,3,4,5,-1,5,4,6,-1,5,6,1,-1,6,7,1,-1,1,7,8,-1,1,8,9,-1,10,11,12,-1,9,13,1,-1,1,13,14,-1,1,14,2,-1,11,10,15,-1,15,10,16,-1,15,16,17,-1,2,18,0,-1,0,18,10,-1,0,10,19,-1,19,10,12,-1,3,20,4,-1,4,20,21,-1,4,21,22,-1,17,16,23,-1,23,16,24,-1,23,24,25,-1,
        ]
    }
}