#VRML V2.0 utf8
# 3D model generated by easyeda2kicad.py (https://github.com/uPesy/easyeda2kicad.py)

Shape{
    appearance Appearance {
        material  Material 	{
            diffuseColor 0.8509803921568627 0.8509803921568627 0.8509803921568627
            specularColor 0.4235294117647059 0.4235294117647059 0.4235294117647059
            ambientIntensity 0.851
            transparency 0.0
            shininess 0.5
        }
    }
    geometry IndexedFaceSet {
        ccw TRUE
        solid FALSE
        coord DEF co Coordinate {
            point [
                0.5434 1.1142 2.8346, 0.4444 1.1578 2.8346, 0.4426 1.1532 2.8784, 0.2153 1.2212 2.8346, 0.2132 1.2217 2.8346, 0.2123 1.2168 2.8784, 0.0432 1.238 2.8346, -0.026 1.2399 2.8346, -0.0259 1.2349 2.8784, -0.1296 1.2327 2.8346, -0.1458 1.2316 2.8346, -0.1452 1.2267 2.8784, -0.2997 1.2021 2.8346, -0.3802 1.1804 2.8346, -0.3787 1.1757 2.8784, -0.6196 1.0733 2.8346, -0.7025 1.022 2.8346, -0.6997 1.018 2.8784, -0.8918 0.8612 2.8346, -0.9658 0.7779 2.8346, -0.962 0.7748 2.8784, -1.0948 0.5821 2.8346, -1.0975 0.5774 2.8346, -1.0932 0.5751 2.8784, -1.1641 0.4237 2.8346, -1.1882 0.3553 2.8346, -1.1834 0.3539 2.8784, -1.2123 0.2577 2.8346, -1.217 0.2388 2.8346, -1.2121 0.2378 2.8784, -1.236 0.0865 2.8346, -1.2402 0.0 2.8346, -1.2352 0.0 2.8784, -1.2123 -0.2577 2.8346, -1.1882 -0.3553 2.8346, -1.1834 -0.3539 2.8784, -1.0948 -0.5821 2.8346, -1.0365 -0.6809 2.8346, -1.0324 -0.6781 2.8784, -1.0021 -0.7281 2.8346, -0.9658 -0.7779 2.8346, -0.962 -0.7748 2.8784, -0.8918 -0.8612 2.8346, -0.8861 -0.8677 2.8346, -0.8825 -0.8642 2.8784, -0.7627 -0.9762 2.8346, -0.7025 -1.022 2.8346, -0.6997 -1.018 2.8784, -0.6196 -1.0733 2.8346, -0.6003 -1.0852 2.8346, -0.5979 -1.0809 2.8784, -0.4642 -1.1488 2.8346, -0.3802 -1.1804 2.8346, -0.3787 -1.1757 2.8784, -0.1296 -1.2327 2.8346, -0.026 -1.2399 2.8346, -0.0259 -1.2349 2.8784, 0.2153 -1.2212 2.8346, 0.3303 -1.1954 2.8346, 0.329 -1.1906 2.8784, 0.3828 -1.1781 2.8346, 0.4444 -1.1578 2.8346, 0.4426 -1.1532 2.8784, 0.5434 -1.1142 2.8346, 0.5543 -1.1094 2.8346, 0.5521 -1.105 2.8784, 0.5045 1.0097 3.012, 0.4859 0.9725 3.0266, 0.5776 0.9209 3.0266, 0.6152 -1.035 2.9483, 0.6152 -1.0266 2.9571, 0.5351 -1.071 2.9574, 0.6152 1.0768 2.8346, 0.5543 1.1094 2.8346, 0.6152 1.0745 2.8628, 0.5521 1.105 2.8784, 0.6152 1.0541 2.92, 0.6152 1.0558 2.9173, 0.5456 1.092 2.9201, 0.6152 1.0672 2.8914, 0.6152 1.0705 2.8783, 0.6152 1.0392 2.943, 0.5351 1.071 2.9574, 0.6152 1.0266 2.9571, 0.6152 1.02 2.9646, 0.5211 1.0431 2.9885, 0.6152 0.9949 2.9855, 0.6152 0.9348 3.0163, 0.6152 0.946 3.0115, 0.5997 0.9562 3.012, 0.6152 0.9672 3.0024, 0.6152 0.981 2.994, 0.6152 0.8932 3.0269, 0.6152 0.8963 3.0265, 0.6152 0.8972 3.0264, 0.6152 0.8426 3.0315, 0.6152 0.8599 3.031, 0.5544 0.8838 3.0315, 0.5776 -0.9209 3.0266, 0.6152 -0.8961 3.0261, 0.5544 -0.8838 3.0315, 0.6152 -0.8932 3.0266, 0.6152 -0.8834 3.0287, 0.6152 -0.8471 3.0315, 0.6152 -0.8426 3.0315, 0.5997 -0.9562 3.012, 0.6152 -0.9808 2.9947, 0.6152 -0.9798 2.9954, 0.6152 -0.9502 3.0104, 0.6152 -0.9462 3.0118, 0.6152 -0.9184 3.0214, 0.5211 -1.0431 2.9885, 0.6152 -1.0137 2.9705, 0.6152 -1.0065 2.9767, 0.6152 -1.0662 2.8941, 0.5456 -1.092 2.9201, 0.6152 -1.0705 2.8783, 0.6152 -1.0739 2.8659, 0.6152 -1.0593 2.9104, 0.6152 -1.0542 2.92, 0.6152 -1.0523 2.9236, 0.6152 -1.0768 2.837, 0.6152 -1.0768 2.8346, 0.4663 0.9333 3.0315, 0.4663 -0.9333 3.0315, 0.4859 -0.9725 3.0266, 0.5045 -1.0097 3.012, 0.6152 -0.9901 2.9882, 0.6152 0.9903 2.9883, 0.0791 -1.0403 3.0315, -0.0219 -1.0431 3.0315, 0.0824 -1.084 3.0266, -0.0228 -1.0869 3.0266, 0.0856 -1.1255 3.012, -0.0237 -1.1285 3.012, 0.0884 -1.1627 2.9885, -0.0245 -1.1658 2.9885, 0.0908 -1.1938 2.9574, -0.0251 -1.1969 2.9574, 0.0925 -1.2172 2.9201, -0.0256 -1.2204 2.9201, 0.0936 -1.2317 2.8784, -0.2223 -1.0194 3.0315, -0.3198 -0.9931 3.0315, -0.2316 -1.0621 3.0266, -0.3333 -1.0348 3.0266, -0.2405 -1.1028 3.012, -0.346 -1.0744 3.012, -0.2484 -1.1393 2.9885, -0.3575 -1.1099 2.9885, -0.2551 -1.1697 2.9574, -0.367 -1.1396 2.9574, -0.2601 -1.1926 2.9201, -0.3742 -1.1619 2.9201, -0.2632 -1.2069 2.8784, -0.966 -0.3942 3.0315, -0.9996 -0.2989 3.0315, -1.0065 -0.4107 3.0266, -1.0415 -0.3115 3.0266, -1.0451 -0.4265 3.012, -1.0814 -0.3234 3.012, -1.0796 -0.4406 2.9885, -1.1172 -0.3341 2.9885, -1.1085 -0.4523 2.9574, -1.147 -0.343 2.9574, -1.1302 -0.4612 2.9201, -1.1695 -0.3497 2.9201, -1.1437 -0.4667 2.8784, -1.0384 -0.1009 3.0315, -1.0433 0.0 3.0315, -1.082 -0.1051 3.0266, -1.0871 0.0 3.0266, -1.1234 -0.1092 3.012, -1.1287 0.0 3.012, -1.1606 -0.1128 2.9885, -1.166 0.0 2.9885, -1.1916 -0.1158 2.9574, -1.1972 0.0 2.9574, -1.2149 -0.1181 2.9201, -1.2207 0.0 2.9201, -1.2294 -0.1195 2.8784, -0.872 0.5728 3.0315, -0.8125 0.6544 3.0315, -0.9086 0.5968 3.0266, -0.8466 0.6819 3.0266, -0.9434 0.6197 3.012, -0.879 0.708 3.012, -0.9746 0.6402 2.9885, -0.9081 0.7314 2.9885, -1.0006 0.6573 2.9574, -0.9324 0.751 2.9574, -1.0202 0.6702 2.9201, -0.9507 0.7657 2.9201, -1.0324 0.6781 2.8784, -0.6713 0.7986 3.0315, -0.591 0.8598 3.0315, -0.6995 0.8321 3.0266, -0.6158 0.8959 3.0266, -0.7263 0.864 3.012, -0.6393 0.9302 3.012, -0.7503 0.8926 2.9885, -0.6605 0.9609 2.9885, -0.7704 0.9164 2.9574, -0.6781 0.9866 2.9574, -0.7855 0.9344 2.9201, -0.6914 1.006 2.9201, -0.7948 0.9455 2.8784, -0.4144 0.9575 3.0315, -0.3198 0.9931 3.0315, -0.4318 0.9977 3.0266, -0.3333 1.0348 3.0266, -0.4483 1.0359 3.012, -0.346 1.0744 3.012, -0.4631 1.0701 2.9885, -0.3575 1.1099 2.9885, -0.4755 1.0987 2.9574, -0.367 1.1396 2.9574, -0.4848 1.1203 2.9201, -0.3742 1.1619 2.9201, -0.4906 1.1336 2.8784, 0.2779 1.0056 3.0315, 0.3738 0.974 3.0315, 0.2896 1.0478 3.0266, 0.3895 1.0149 3.0266, 0.3006 1.0879 3.012, 0.4044 1.0538 3.012, 0.3106 1.1239 2.9885, 0.4178 1.0886 2.9885, 0.3189 1.154 2.9574, 0.429 1.1177 2.9574, 0.3251 1.1766 2.9201, 0.4374 1.1396 2.9201, 0.329 1.1906 2.8784, 0.4374 -1.1396 2.9201, 0.429 -1.1177 2.9574, 0.4178 -1.0886 2.9885, 0.4044 -1.0538 3.012, 0.3895 -1.0149 3.0266, 0.3738 -0.974 3.0315, 0.3251 -1.1766 2.9201, 0.3189 -1.154 2.9574, 0.3106 -1.1239 2.9885, 0.3006 -1.0879 3.012, 0.2896 -1.0478 3.0266, 0.2779 -1.0056 3.0315, 0.2132 -1.2217 2.8346, 0.2123 -1.2168 2.8784, 0.2098 -1.2025 2.9201, 0.2058 -1.1794 2.9574, 0.2004 -1.1487 2.9885, 0.194 -1.1119 3.012, 0.1869 -1.0709 3.0266, 0.1793 -1.0278 3.0315, 0.094 -1.2366 2.8346, 0.0432 -1.238 2.8346, -0.1458 -1.2316 2.8346, -0.1452 -1.2267 2.8784, -0.1435 -1.2122 2.9201, -0.1408 -1.1889 2.9574, -0.1371 -1.158 2.9885, -0.1327 -1.1209 3.012, -0.1278 -1.0796 3.0266, -0.1227 -1.0361 3.0315, -0.2642 -1.2117 2.8346, -0.2997 -1.2021 2.8346, -0.4926 -1.1381 2.8346, -0.4906 -1.1336 2.8784, -0.4848 -1.1203 2.9201, -0.4755 -1.0987 2.9574, -0.4631 -1.0701 2.9885, -0.4483 -1.0359 3.012, -0.4318 -0.9977 3.0266, -0.4144 -0.9575 3.0315, -0.505 -0.9129 3.0315, -0.5262 -0.9513 3.0266, -0.5464 -0.9877 3.012, -0.5644 -1.0203 2.9885, -0.5795 -1.0476 2.9574, -0.5909 -1.0681 2.9201, -0.6914 -1.006 2.9201, -0.6781 -0.9866 2.9574, -0.6605 -0.9609 2.9885, -0.6393 -0.9302 3.012, -0.6158 -0.8959 3.0266, -0.591 -0.8598 3.0315, -0.798 -0.9493 2.8346, -0.7948 -0.9455 2.8784, -0.7855 -0.9344 2.9201, -0.7704 -0.9164 2.9574, -0.7503 -0.8926 2.9885, -0.7263 -0.864 3.012, -0.6995 -0.8321 3.0266, -0.6713 -0.7986 3.0315, -0.7454 -0.7299 3.0315, -0.7767 -0.7606 3.0266, -0.8065 -0.7897 3.012, -0.8331 -0.8158 2.9885, -0.8554 -0.8376 2.9574, -0.8721 -0.854 2.9201, -0.9507 -0.7657 2.9201, -0.9324 -0.751 2.9574, -0.9081 -0.7314 2.9885, -0.879 -0.708 3.012, -0.8466 -0.6819 3.0266, -0.8125 -0.6544 3.0315, -1.0202 -0.6702 2.9201, -1.0006 -0.6573 2.9574, -0.9746 -0.6402 2.9885, -0.9434 -0.6197 3.012, -0.9086 -0.5968 3.0266, -0.872 -0.5728 3.0315, -1.0975 -0.5774 2.8346, -1.0932 -0.5751 2.8784, -1.0803 -0.5683 2.9201, -1.0595 -0.5574 2.9574, -1.0319 -0.5429 2.9885, -0.9989 -0.5255 3.012, -0.9621 -0.5062 3.0266, -0.9233 -0.4858 3.0315, -1.1482 -0.4686 2.8346, -1.1641 -0.4237 2.8346, -1.217 -0.2388 2.8346, -1.2121 -0.2378 2.8784, -1.1978 -0.235 2.9201, -1.1748 -0.2305 2.9574, -1.1442 -0.2245 2.9885, -1.1076 -0.2173 3.012, -1.0668 -0.2093 3.0266, -1.0238 -0.2009 3.0315, -1.2343 -0.1199 2.8346, -1.236 -0.0865 2.8346, -1.2343 0.1199 2.8346, -1.2294 0.1195 2.8784, -1.2149 0.1181 2.9201, -1.1916 0.1158 2.9574, -1.1606 0.1128 2.9885, -1.1234 0.1092 3.012, -1.082 0.1051 3.0266, -1.0384 0.1009 3.0315, -1.0238 0.2009 3.0315, -1.0668 0.2093 3.0266, -1.1076 0.2173 3.012, -1.1442 0.2245 2.9885, -1.1748 0.2305 2.9574, -1.1978 0.235 2.9201, -1.1695 0.3497 2.9201, -1.147 0.343 2.9574, -1.1172 0.3341 2.9885, -1.0814 0.3234 3.012, -1.0415 0.3115 3.0266, -0.9996 0.2989 3.0315, -1.1482 0.4686 2.8346, -1.1437 0.4667 2.8784, -1.1302 0.4612 2.9201, -1.1085 0.4523 2.9574, -1.0796 0.4406 2.9885, -1.0451 0.4265 3.012, -1.0065 0.4107 3.0266, -0.966 0.3942 3.0315, -0.9233 0.4858 3.0315, -0.9621 0.5062 3.0266, -0.9989 0.5255 3.012, -1.0319 0.5429 2.9885, -1.0595 0.5574 2.9574, -1.0803 0.5683 2.9201, -1.0365 0.6809 2.8346, -1.0021 0.7281 2.8346, -0.8861 0.8677 2.8346, -0.8825 0.8642 2.8784, -0.8721 0.854 2.9201, -0.8554 0.8376 2.9574, -0.8331 0.8158 2.9885, -0.8065 0.7897 3.012, -0.7767 0.7606 3.0266, -0.7454 0.7299 3.0315, -0.798 0.9493 2.8346, -0.7627 0.9762 2.8346, -0.6003 1.0852 2.8346, -0.5979 1.0809 2.8784, -0.5909 1.0681 2.9201, -0.5795 1.0476 2.9574, -0.5644 1.0203 2.9885, -0.5464 0.9877 3.012, -0.5262 0.9513 3.0266, -0.505 0.9129 3.0315, -0.4926 1.1381 2.8346, -0.4642 1.1488 2.8346, -0.2642 1.2117 2.8346, -0.2632 1.2069 2.8784, -0.2601 1.1926 2.9201, -0.2551 1.1697 2.9574, -0.2484 1.1393 2.9885, -0.2405 1.1028 3.012, -0.2316 1.0621 3.0266, -0.2223 1.0194 3.0315, -0.1227 1.0361 3.0315, -0.1278 1.0796 3.0266, -0.1327 1.1209 3.012, -0.1371 1.158 2.9885, -0.1408 1.1889 2.9574, -0.1435 1.2122 2.9201, -0.0256 1.2204 2.9201, -0.0251 1.1969 2.9574, -0.0245 1.1658 2.9885, -0.0237 1.1285 3.012, -0.0228 1.0869 3.0266, -0.0219 1.0431 3.0315, 0.094 1.2366 2.8346, 0.0936 1.2317 2.8784, 0.0925 1.2172 2.9201, 0.0908 1.1938 2.9574, 0.0884 1.1627 2.9885, 0.0856 1.1255 3.012, 0.0824 1.084 3.0266, 0.0791 1.0403 3.0315, 0.1793 1.0278 3.0315, 0.1869 1.0709 3.0266, 0.194 1.1119 3.012, 0.2004 1.1487 2.9885, 0.2058 1.1794 2.9574, 0.2098 1.2025 2.9201, 0.3303 1.1954 2.8346, 0.3828 1.1781 2.8346
            ]
        }
        coordIndex [
            0,1,2,-1,3,4,5,-1,6,7,8,-1,9,10,11,-1,12,13,14,-1,15,16,17,-1,18,19,20,-1,21,22,23,-1,24,25,26,-1,27,28,29,-1,30,31,32,-1,33,34,35,-1,36,37,38,-1,39,40,41,-1,42,43,44,-1,45,46,47,-1,48,49,50,-1,51,52,53,-1,54,55,56,-1,57,58,59,-1,60,61,62,-1,63,64,65,-1,66,67,68,-1,69,70,71,-1,72,73,74,-1,74,73,75,-1,76,77,78,-1,78,77,79,-1,78,79,75,-1,75,79,80,-1,75,80,74,-1,76,78,81,-1,81,78,82,-1,81,82,83,-1,83,82,84,-1,84,82,85,-1,84,85,86,-1,87,88,89,-1,89,88,90,-1,89,90,91,-1,92,93,68,-1,68,93,94,-1,95,96,97,-1,97,96,92,-1,98,99,100,-1,100,99,101,-1,101,102,100,-1,100,102,103,-1,100,103,104,-1,105,106,107,-1,107,108,105,-1,105,108,109,-1,105,109,98,-1,98,109,110,-1,98,110,99,-1,71,70,111,-1,111,70,112,-1,111,112,113,-1,114,115,116,-1,116,115,65,-1,116,65,117,-1,114,118,115,-1,115,118,119,-1,115,119,71,-1,71,119,120,-1,71,120,69,-1,117,65,121,-1,121,65,64,-1,121,64,122,-1,92,68,97,-1,97,68,67,-1,97,67,123,-1,100,124,98,-1,98,124,125,-1,98,125,105,-1,105,125,126,-1,105,126,106,-1,106,126,111,-1,106,111,127,-1,127,111,113,-1,94,87,68,-1,68,87,89,-1,68,89,66,-1,66,89,91,-1,66,91,85,-1,85,91,128,-1,85,128,86,-1,129,130,131,-1,131,130,132,-1,131,132,133,-1,133,132,134,-1,133,134,135,-1,135,134,136,-1,135,136,137,-1,137,136,138,-1,137,138,139,-1,139,138,140,-1,139,140,141,-1,141,140,56,-1,142,143,144,-1,144,143,145,-1,144,145,146,-1,146,145,147,-1,146,147,148,-1,148,147,149,-1,148,149,150,-1,150,149,151,-1,150,151,152,-1,152,151,153,-1,152,153,154,-1,154,153,53,-1,155,156,157,-1,157,156,158,-1,157,158,159,-1,159,158,160,-1,159,160,161,-1,161,160,162,-1,161,162,163,-1,163,162,164,-1,163,164,165,-1,165,164,166,-1,165,166,167,-1,167,166,35,-1,168,169,170,-1,170,169,171,-1,170,171,172,-1,172,171,173,-1,172,173,174,-1,174,173,175,-1,174,175,176,-1,176,175,177,-1,176,177,178,-1,178,177,179,-1,178,179,180,-1,180,179,32,-1,181,182,183,-1,183,182,184,-1,183,184,185,-1,185,184,186,-1,185,186,187,-1,187,186,188,-1,187,188,189,-1,189,188,190,-1,189,190,191,-1,191,190,192,-1,191,192,193,-1,193,192,20,-1,194,195,196,-1,196,195,197,-1,196,197,198,-1,198,197,199,-1,198,199,200,-1,200,199,201,-1,200,201,202,-1,202,201,203,-1,202,203,204,-1,204,203,205,-1,204,205,206,-1,206,205,17,-1,207,208,209,-1,209,208,210,-1,209,210,211,-1,211,210,212,-1,211,212,213,-1,213,212,214,-1,213,214,215,-1,215,214,216,-1,215,216,217,-1,217,216,218,-1,217,218,219,-1,219,218,14,-1,220,221,222,-1,222,221,223,-1,222,223,224,-1,224,223,225,-1,224,225,226,-1,226,225,227,-1,226,227,228,-1,228,227,229,-1,228,229,230,-1,230,229,231,-1,230,231,232,-1,232,231,2,-1,61,63,62,-1,62,63,65,-1,62,65,233,-1,233,65,115,-1,233,115,234,-1,234,115,71,-1,234,71,235,-1,235,71,111,-1,235,111,236,-1,236,111,126,-1,236,126,237,-1,237,126,125,-1,237,125,238,-1,238,125,124,-1,58,60,59,-1,59,60,62,-1,59,62,239,-1,239,62,233,-1,239,233,240,-1,240,233,234,-1,240,234,241,-1,241,234,235,-1,241,235,242,-1,242,235,236,-1,242,236,243,-1,243,236,237,-1,243,237,244,-1,244,237,238,-1,245,57,246,-1,246,57,59,-1,246,59,247,-1,247,59,239,-1,247,239,248,-1,248,239,240,-1,248,240,249,-1,249,240,241,-1,249,241,250,-1,250,241,242,-1,250,242,251,-1,251,242,243,-1,251,243,252,-1,252,243,244,-1,252,129,251,-1,251,129,131,-1,251,131,250,-1,250,131,133,-1,250,133,249,-1,249,133,135,-1,249,135,248,-1,248,135,137,-1,248,137,247,-1,247,137,139,-1,247,139,246,-1,246,139,141,-1,246,141,245,-1,245,141,253,-1,56,55,141,-1,141,55,254,-1,141,254,253,-1,255,54,256,-1,256,54,56,-1,256,56,257,-1,257,56,140,-1,257,140,258,-1,258,140,138,-1,258,138,259,-1,259,138,136,-1,259,136,260,-1,260,136,134,-1,260,134,261,-1,261,134,132,-1,261,132,262,-1,262,132,130,-1,262,142,261,-1,261,142,144,-1,261,144,260,-1,260,144,146,-1,260,146,259,-1,259,146,148,-1,259,148,258,-1,258,148,150,-1,258,150,257,-1,257,150,152,-1,257,152,256,-1,256,152,154,-1,256,154,255,-1,255,154,263,-1,53,52,154,-1,154,52,264,-1,154,264,263,-1,265,51,266,-1,266,51,53,-1,266,53,267,-1,267,53,153,-1,267,153,268,-1,268,153,151,-1,268,151,269,-1,269,151,149,-1,269,149,270,-1,270,149,147,-1,270,147,271,-1,271,147,145,-1,271,145,272,-1,272,145,143,-1,272,273,271,-1,271,273,274,-1,271,274,270,-1,270,274,275,-1,270,275,269,-1,269,275,276,-1,269,276,268,-1,268,276,277,-1,268,277,267,-1,267,277,278,-1,267,278,266,-1,266,278,50,-1,266,50,265,-1,265,50,49,-1,46,48,47,-1,47,48,50,-1,47,50,279,-1,279,50,278,-1,279,278,280,-1,280,278,277,-1,280,277,281,-1,281,277,276,-1,281,276,282,-1,282,276,275,-1,282,275,283,-1,283,275,274,-1,283,274,284,-1,284,274,273,-1,285,45,286,-1,286,45,47,-1,286,47,287,-1,287,47,279,-1,287,279,288,-1,288,279,280,-1,288,280,289,-1,289,280,281,-1,289,281,290,-1,290,281,282,-1,290,282,291,-1,291,282,283,-1,291,283,292,-1,292,283,284,-1,292,293,291,-1,291,293,294,-1,291,294,290,-1,290,294,295,-1,290,295,289,-1,289,295,296,-1,289,296,288,-1,288,296,297,-1,288,297,287,-1,287,297,298,-1,287,298,286,-1,286,298,44,-1,286,44,285,-1,285,44,43,-1,40,42,41,-1,41,42,44,-1,41,44,299,-1,299,44,298,-1,299,298,300,-1,300,298,297,-1,300,297,301,-1,301,297,296,-1,301,296,302,-1,302,296,295,-1,302,295,303,-1,303,295,294,-1,303,294,304,-1,304,294,293,-1,37,39,38,-1,38,39,41,-1,38,41,305,-1,305,41,299,-1,305,299,306,-1,306,299,300,-1,306,300,307,-1,307,300,301,-1,307,301,308,-1,308,301,302,-1,308,302,309,-1,309,302,303,-1,309,303,310,-1,310,303,304,-1,311,36,312,-1,312,36,38,-1,312,38,313,-1,313,38,305,-1,313,305,314,-1,314,305,306,-1,314,306,315,-1,315,306,307,-1,315,307,316,-1,316,307,308,-1,316,308,317,-1,317,308,309,-1,317,309,318,-1,318,309,310,-1,318,155,317,-1,317,155,157,-1,317,157,316,-1,316,157,159,-1,316,159,315,-1,315,159,161,-1,315,161,314,-1,314,161,163,-1,314,163,313,-1,313,163,165,-1,313,165,312,-1,312,165,167,-1,312,167,311,-1,311,167,319,-1,35,34,167,-1,167,34,320,-1,167,320,319,-1,321,33,322,-1,322,33,35,-1,322,35,323,-1,323,35,166,-1,323,166,324,-1,324,166,164,-1,324,164,325,-1,325,164,162,-1,325,162,326,-1,326,162,160,-1,326,160,327,-1,327,160,158,-1,327,158,328,-1,328,158,156,-1,328,168,327,-1,327,168,170,-1,327,170,326,-1,326,170,172,-1,326,172,325,-1,325,172,174,-1,325,174,324,-1,324,174,176,-1,324,176,323,-1,323,176,178,-1,323,178,322,-1,322,178,180,-1,322,180,321,-1,321,180,329,-1,32,31,180,-1,180,31,330,-1,180,330,329,-1,331,30,332,-1,332,30,32,-1,332,32,333,-1,333,32,179,-1,333,179,334,-1,334,179,177,-1,334,177,335,-1,335,177,175,-1,335,175,336,-1,336,175,173,-1,336,173,337,-1,337,173,171,-1,337,171,338,-1,338,171,169,-1,338,339,337,-1,337,339,340,-1,337,340,336,-1,336,340,341,-1,336,341,335,-1,335,341,342,-1,335,342,334,-1,334,342,343,-1,334,343,333,-1,333,343,344,-1,333,344,332,-1,332,344,29,-1,332,29,331,-1,331,29,28,-1,25,27,26,-1,26,27,29,-1,26,29,345,-1,345,29,344,-1,345,344,346,-1,346,344,343,-1,346,343,347,-1,347,343,342,-1,347,342,348,-1,348,342,341,-1,348,341,349,-1,349,341,340,-1,349,340,350,-1,350,340,339,-1,351,24,352,-1,352,24,26,-1,352,26,353,-1,353,26,345,-1,353,345,354,-1,354,345,346,-1,354,346,355,-1,355,346,347,-1,355,347,356,-1,356,347,348,-1,356,348,357,-1,357,348,349,-1,357,349,358,-1,358,349,350,-1,358,359,357,-1,357,359,360,-1,357,360,356,-1,356,360,361,-1,356,361,355,-1,355,361,362,-1,355,362,354,-1,354,362,363,-1,354,363,353,-1,353,363,364,-1,353,364,352,-1,352,364,23,-1,352,23,351,-1,351,23,22,-1,365,21,193,-1,193,21,23,-1,193,23,191,-1,191,23,364,-1,191,364,189,-1,189,364,363,-1,189,363,187,-1,187,363,362,-1,187,362,185,-1,185,362,361,-1,185,361,183,-1,183,361,360,-1,183,360,181,-1,181,360,359,-1,20,19,193,-1,193,19,366,-1,193,366,365,-1,367,18,368,-1,368,18,20,-1,368,20,369,-1,369,20,192,-1,369,192,370,-1,370,192,190,-1,370,190,371,-1,371,190,188,-1,371,188,372,-1,372,188,186,-1,372,186,373,-1,373,186,184,-1,373,184,374,-1,374,184,182,-1,374,194,373,-1,373,194,196,-1,373,196,372,-1,372,196,198,-1,372,198,371,-1,371,198,200,-1,371,200,370,-1,370,200,202,-1,370,202,369,-1,369,202,204,-1,369,204,368,-1,368,204,206,-1,368,206,367,-1,367,206,375,-1,17,16,206,-1,206,16,376,-1,206,376,375,-1,377,15,378,-1,378,15,17,-1,378,17,379,-1,379,17,205,-1,379,205,380,-1,380,205,203,-1,380,203,381,-1,381,203,201,-1,381,201,382,-1,382,201,199,-1,382,199,383,-1,383,199,197,-1,383,197,384,-1,384,197,195,-1,384,207,383,-1,383,207,209,-1,383,209,382,-1,382,209,211,-1,382,211,381,-1,381,211,213,-1,381,213,380,-1,380,213,215,-1,380,215,379,-1,379,215,217,-1,379,217,378,-1,378,217,219,-1,378,219,377,-1,377,219,385,-1,14,13,219,-1,219,13,386,-1,219,386,385,-1,387,12,388,-1,388,12,14,-1,388,14,389,-1,389,14,218,-1,389,218,390,-1,390,218,216,-1,390,216,391,-1,391,216,214,-1,391,214,392,-1,392,214,212,-1,392,212,393,-1,393,212,210,-1,393,210,394,-1,394,210,208,-1,394,395,393,-1,393,395,396,-1,393,396,392,-1,392,396,397,-1,392,397,391,-1,391,397,398,-1,391,398,390,-1,390,398,399,-1,390,399,389,-1,389,399,400,-1,389,400,388,-1,388,400,11,-1,388,11,387,-1,387,11,10,-1,7,9,8,-1,8,9,11,-1,8,11,401,-1,401,11,400,-1,401,400,402,-1,402,400,399,-1,402,399,403,-1,403,399,398,-1,403,398,404,-1,404,398,397,-1,404,397,405,-1,405,397,396,-1,405,396,406,-1,406,396,395,-1,407,6,408,-1,408,6,8,-1,408,8,409,-1,409,8,401,-1,409,401,410,-1,410,401,402,-1,410,402,411,-1,411,402,403,-1,411,403,412,-1,412,403,404,-1,412,404,413,-1,413,404,405,-1,413,405,414,-1,414,405,406,-1,414,415,413,-1,413,415,416,-1,413,416,412,-1,412,416,417,-1,412,417,411,-1,411,417,418,-1,411,418,410,-1,410,418,419,-1,410,419,409,-1,409,419,420,-1,409,420,408,-1,408,420,5,-1,408,5,407,-1,407,5,4,-1,421,3,232,-1,232,3,5,-1,232,5,230,-1,230,5,420,-1,230,420,228,-1,228,420,419,-1,228,419,226,-1,226,419,418,-1,226,418,224,-1,224,418,417,-1,224,417,222,-1,222,417,416,-1,222,416,220,-1,220,416,415,-1,2,1,232,-1,232,1,422,-1,232,422,421,-1,73,0,75,-1,75,0,2,-1,75,2,78,-1,78,2,231,-1,78,231,82,-1,82,231,229,-1,82,229,85,-1,85,229,227,-1,85,227,66,-1,66,227,225,-1,66,225,67,-1,67,225,223,-1,67,223,123,-1,123,223,221,-1,104,95,100,-1,100,95,97,-1,97,123,100,-1,100,123,221,-1,100,221,220,-1,406,395,100,-1,100,395,394,-1,100,394,208,-1,238,124,384,-1,384,124,100,-1,384,100,207,-1,207,100,208,-1,195,194,310,-1,310,194,374,-1,310,374,182,-1,195,310,384,-1,384,310,304,-1,384,304,293,-1,293,292,384,-1,384,292,284,-1,384,284,273,-1,273,272,384,-1,384,272,143,-1,384,143,142,-1,220,415,100,-1,100,415,414,-1,100,414,406,-1,338,169,339,-1,339,169,168,-1,168,328,339,-1,339,328,156,-1,339,156,155,-1,142,262,384,-1,384,262,130,-1,384,130,129,-1,182,181,310,-1,310,181,359,-1,310,359,358,-1,358,350,310,-1,310,350,339,-1,310,339,318,-1,318,339,155,-1,129,252,384,-1,384,252,244,-1,384,244,238,-1,
        ]
    }
}
Shape{
    appearance Appearance {
        material  Material 	{
            diffuseColor 0.25098039215686274 0.25098039215686274 0.25098039215686274
            specularColor 0.12549019607843137 0.12549019607843137 0.12549019607843137
            ambientIntensity 0.251
            transparency 0.0
            shininess 0.5
        }
    }
    geometry IndexedFaceSet {
        ccw TRUE
        solid FALSE
        coord DEF co Coordinate {
            point [
                1.2992 0.9171 0.4592, 1.2992 0.9171 0.4089, 1.2992 0.9397 0.4089, 1.2992 1.085 0.3852, 1.2992 1.103 0.3852, 1.2992 1.103 0.4019, 1.2992 1.254 0.0, 1.2992 1.2992 0.0, 1.2992 1.2992 0.2893, 1.2992 0.8373 0.4149, 1.2992 0.8482 0.4056, 1.2992 0.8865 0.4596, 1.2992 0.8865 0.4019, 1.2992 0.7835 0.4655, 1.2992 0.7923 0.4596, 1.2992 0.8015 0.4534, 1.2992 0.8149 0.4379, 1.2992 0.8233 0.4215, 1.2992 0.8253 0.4209, 1.2992 0.708 0.4648, 1.2992 0.7267 0.4719, 1.2992 0.4921 0.7874, 1.2992 0.8865 0.7874, 1.2992 0.7466 0.4744, 1.2992 0.7633 0.4726, 1.2992 0.6998 0.4596, 1.2992 0.4921 0.4596, 1.2992 0.6982 0.4586, 1.2992 0.4921 0.4019, 1.2992 0.6115 0.4019, 1.2992 0.615 0.4099, 1.2992 0.6247 0.4223, 1.2992 0.6552 0.4397, 1.2992 0.6711 0.4417, 1.2992 0.6887 0.4505, 1.2992 0.6758 0.4414, 1.2992 0.6804 0.4409, 1.2992 0.6274 0.4249, 1.2992 0.6403 0.4339, 1.2992 0.6353 0.3216, 1.2992 0.6227 0.3323, 1.2992 0.4921 0.3118, 1.2992 0.6499 0.3144, 1.2992 0.6135 0.3454, 1.2992 0.6077 0.3604, 1.2992 0.4921 0.3852, 1.2992 0.6057 0.3763, 1.2992 0.6058 0.3801, 1.2992 0.6068 0.3852, 1.2992 0.6085 0.3953, 1.2992 0.655 0.3129, 1.2992 0.6555 0.3118, 1.2992 0.659 0.3042, 1.2992 0.4921 0.2893, 1.2992 0.6651 0.2968, 1.2992 0.673 0.2909, 1.2992 0.8865 0.0, 1.2992 0.8865 0.2893, 1.2992 0.71 0.2893, 1.2992 -0.4921 0.1969, 1.2992 -1.2992 0.0, 1.2992 -0.2657 0.0, 1.2992 -1.2992 0.2893, 1.2992 0.4921 0.1969, 1.2992 0.6823 0.287, 1.2992 0.6766 0.2893, 1.2992 0.2657 0.0, 1.2992 0.2657 0.1181, 1.2992 0.7031 0.2867, 1.2992 0.6933 0.2855, 1.2992 0.6918 0.2855, 1.2992 -0.2657 0.1181, 1.2992 -0.1772 0.1181, 1.2992 0.1772 0.1181, 1.2992 0.8865 0.3118, 1.2992 0.7311 0.3118, 1.2992 0.7311 0.3116, 1.2992 0.7263 0.3026, 1.2992 0.7202 0.2957, 1.2992 0.7121 0.2901, 1.2992 0.8614 0.3818, 1.2992 0.8633 0.3686, 1.2992 0.8865 0.3852, 1.2992 0.7827 0.3356, 1.2992 0.7855 0.3367, 1.2992 0.7902 0.3597, 1.2992 0.8484 0.3303, 1.2992 0.8374 0.321, 1.2992 0.7236 0.3529, 1.2992 0.7777 0.3811, 1.2992 0.7165 0.3593, 1.2992 0.708 0.3639, 1.2992 0.7802 0.3339, 1.2992 0.8564 0.3415, 1.2992 0.8614 0.3542, 1.2992 0.7886 0.3371, 1.2992 0.789 0.3371, 1.2992 0.7902 0.3368, 1.2992 0.6346 0.3609, 1.2992 0.6393 0.3528, 1.2992 0.6598 0.3486, 1.2992 0.6466 0.3454, 1.2992 0.6554 0.34, 1.2992 0.6747 0.362, 1.2992 0.6322 0.3852, 1.2992 0.6665 0.3562, 1.2992 0.6312 0.3771, 1.2992 0.6317 0.3708, 1.2992 0.6837 0.3654, 1.2992 0.6933 0.3666, 1.2992 0.6982 0.3663, 1.2992 0.7761 0.3246, 1.2992 0.7762 0.3262, 1.2992 0.7337 0.3299, 1.2992 0.777 0.3293, 1.2992 0.7786 0.332, 1.2992 0.791 0.3367, 1.2992 0.8092 0.3367, 1.2992 0.8129 0.3372, 1.2992 0.7855 0.3125, 1.2992 0.7829 0.3135, 1.2992 0.7802 0.3154, 1.2992 0.7793 0.3163, 1.2992 0.7775 0.3189, 1.2992 0.7765 0.3216, 1.2992 0.7335 0.3215, 1.2992 0.7337 0.3258, 1.2992 0.8251 0.3149, 1.2992 0.8116 0.3121, 1.2992 0.7878 0.3121, 1.2992 0.8309 0.3478, 1.2992 0.8351 0.3542, 1.2992 0.8376 0.3615, 1.2992 0.8383 0.3682, 1.2992 0.838 0.372, 1.2992 0.8204 0.3397, 1.2992 0.8269 0.3438, 1.2992 0.8068 0.3997, 1.2992 0.8035 0.3997, 1.2992 0.8331 0.3852, 1.2992 0.8134 0.399, 1.2992 0.8361 0.3797, 1.2992 0.6324 0.3869, 1.2992 0.6358 0.3959, 1.2992 0.8323 0.3867, 1.2992 0.8269 0.3924, 1.2992 0.8205 0.3965, 1.2992 0.7948 0.424, 1.2992 0.7857 0.4349, 1.2992 0.6929 0.4114, 1.2992 0.7847 0.4357, 1.2992 0.7734 0.4436, 1.2992 0.6991 0.4242, 1.2992 0.64 0.4019, 1.2992 0.6901 0.4129, 1.2992 0.8031 0.4019, 1.2992 0.801 0.411, 1.2992 0.6811 0.4163, 1.2992 0.6715 0.4175, 1.2992 0.6672 0.4172, 1.2992 0.7082 0.435, 1.2992 0.7607 0.4485, 1.2992 0.719 0.4429, 1.2992 0.747 0.4502, 1.2992 0.7321 0.4483, 1.2992 0.6573 0.4149, 1.2992 0.6483 0.4101, 1.2992 0.6414 0.4039, 1.2992 0.8509 0.4019, 1.2992 0.8565 0.3942, 1.2992 0.8601 0.3852, 1.2992 1.0963 0.3691, 1.2992 1.085 0.3691, 1.2992 1.0671 0.3691, 1.2992 1.0744 0.3379, 1.2992 1.0744 0.3188, 1.2992 1.085 0.3379, 1.2992 1.085 0.3188, 1.2992 1.0947 0.3379, 1.2992 1.0976 0.3188, 1.2992 1.0947 0.3444, 1.2992 1.0963 0.3625, 1.2992 1.085 0.3444, 1.2992 1.085 0.3625, 1.2992 1.0744 0.3444, 1.2992 1.0744 0.3625, 1.2992 1.052 0.3529, 1.2992 1.0594 0.3529, 1.2992 1.0318 0.3852, 1.2992 1.0318 0.343, 1.2992 1.039 0.3224, 1.2992 1.0409 0.3223, 1.2992 1.103 0.3118, 1.2992 1.0976 0.3123, 1.2992 1.085 0.3118, 1.2992 1.085 0.3123, 1.2992 1.0671 0.3123, 1.2992 1.0399 0.319, 1.2992 1.0401 0.319, 1.2992 1.0404 0.3204, 1.2992 0.9894 0.3211, 1.2992 0.9822 0.3852, 1.2992 0.9822 0.3118, 1.2992 0.9921 0.3193, 1.2992 0.9927 0.3192, 1.2992 0.9927 0.3342, 1.2992 0.9914 0.3355, 1.2992 0.9905 0.337, 1.2992 0.9897 0.3391, 1.2992 0.9894 0.3419, 1.2992 0.9897 0.3445, 1.2992 0.9926 0.3343, 1.2992 0.9957 0.3118, 1.2992 0.9945 0.3119, 1.2992 0.9927 0.3118, 1.2992 0.9927 0.3126, 1.2992 0.9894 0.3137, 1.2992 1.0004 0.3113, 1.2992 0.9927 0.2893, 1.2992 1.0045 0.3118, 1.2992 1.0186 0.2893, 1.2992 1.0144 0.33, 1.2992 1.0157 0.3281, 1.2992 1.0148 0.3451, 1.2992 0.994 0.3506, 1.2992 0.9956 0.3516, 1.2992 0.9927 0.3852, 1.2992 0.9905 0.3467, 1.2992 0.9919 0.3487, 1.2992 0.9927 0.3494, 1.2992 1.0165 0.326, 1.2992 1.0168 0.3233, 1.2992 1.0186 0.3118, 1.2992 1.0164 0.3205, 1.2992 1.0155 0.3182, 1.2992 1.0142 0.3163, 1.2992 0.9994 0.3531, 1.2992 1.0052 0.3538, 1.2992 1.0186 0.3852, 1.2992 1.0148 0.352, 1.2992 1.0093 0.3535, 1.2992 1.0122 0.3146, 1.2992 1.0104 0.3135, 1.2992 1.0066 0.3121, 1.2992 1.0045 0.348, 1.2992 1.0024 0.3478, 1.2992 0.9967 0.3425, 1.2992 1.0005 0.3473, 1.2992 0.9989 0.3465, 1.2992 0.9968 0.3416, 1.2992 0.9971 0.3405, 1.2992 0.9976 0.3395, 1.2992 0.9983 0.3388, 1.2992 1.0008 0.3372, 1.2992 1.0092 0.3475, 1.2992 1.0052 0.3353, 1.2992 1.0132 0.346, 1.2992 1.008 0.3342, 1.2992 1.0127 0.3315, 1.2992 0.9978 0.3455, 1.2992 0.9972 0.3446, 1.2992 0.9969 0.3437, 1.2992 0.9966 0.3177, 1.2992 1.0002 0.3301, 1.2992 0.9959 0.3321, 1.2992 1.0011 0.3171, 1.2992 1.0014 0.3171, 1.2992 1.0049 0.3282, 1.2992 1.005 0.3176, 1.2992 1.0095 0.3226, 1.2992 1.0094 0.3235, 1.2992 1.0069 0.3182, 1.2992 1.0075 0.3186, 1.2992 1.0083 0.3193, 1.2992 1.0089 0.3203, 1.2992 1.0093 0.3213, 1.2992 1.0091 0.3246, 1.2992 1.0085 0.3256, 1.2992 1.0076 0.3265, 1.2992 1.1561 0.4019, 1.2992 1.1377 0.4024, 1.2992 1.1296 0.4024, 1.2992 1.1161 0.4592, 1.2992 1.1561 0.4596, 1.2992 1.103 0.4596, 1.2992 1.0947 0.4024, 1.2992 1.0866 0.4024, 1.2992 1.085 0.4019, 1.2992 1.103 0.4179, 1.2992 1.1001 0.4179, 1.2992 1.085 0.4596, 1.2992 1.103 0.4453, 1.2992 1.1082 0.4592, 1.2992 1.0265 0.4089, 1.2992 1.0265 0.4024, 1.2992 1.0318 0.4019, 1.2992 1.0252 0.4526, 1.2992 1.0318 0.4596, 1.2992 1.0252 0.4592, 1.2992 1.0186 0.4596, 1.2992 1.0186 0.4592, 1.2992 1.0033 0.428, 1.2992 1.0033 0.4089, 1.2992 1.0186 0.428, 1.2992 1.0186 0.4089, 1.2992 1.0236 0.428, 1.2992 1.0236 0.4345, 1.2992 1.0033 0.4526, 1.2992 1.0033 0.4345, 1.2992 1.0186 0.4526, 1.2992 1.0186 0.4345, 1.2992 0.9959 0.4024, 1.2992 0.9927 0.4019, 1.2992 1.0186 0.4019, 1.2992 1.0186 0.4024, 1.2992 0.9959 0.4592, 1.2992 0.9927 0.4596, 1.2992 -0.4921 0.2893, 1.2992 -0.4921 0.3118, 1.2992 -1.2992 0.3118, 1.2992 -0.4921 0.3852, 1.2992 -1.2992 0.3852, 1.2992 -0.4921 0.4019, 1.2992 -1.2992 0.4019, 1.2992 -0.4921 0.4596, 1.2992 -1.2992 0.4596, 1.2992 -0.4921 0.7874, 1.2992 -1.2992 0.7874, 1.2992 0.9505 0.4371, 1.2992 0.9822 0.4107, 1.2992 0.9523 0.4422, 1.2992 0.9549 0.4463, 1.2992 0.9498 0.4301, 1.2992 0.9498 0.4296, 1.2992 0.9792 0.4093, 1.2992 0.9728 0.4081, 1.2992 0.9846 0.4501, 1.2992 0.9846 0.4118, 1.2992 0.9836 0.4507, 1.2992 0.9822 0.4512, 1.2992 0.9778 0.4528, 1.2992 0.9507 0.4226, 1.2992 0.9524 0.418, 1.2992 0.9553 0.4139, 1.2992 0.9712 0.4535, 1.2992 0.9687 0.4534, 1.2992 0.9638 0.4524, 1.2992 0.9564 0.4129, 1.2992 0.9601 0.4102, 1.2992 0.9594 0.4502, 1.2992 0.9557 0.4472, 1.2992 0.9641 0.4087, 1.2992 0.9699 0.408, 1.2992 0.977 0.4596, 1.2992 0.979 0.4595, 1.2992 0.9822 0.4596, 1.2992 0.9822 0.4585, 1.2992 0.9846 0.4578, 1.2992 0.9716 0.4601, 1.2992 0.9822 0.7874, 1.2992 0.9711 0.4601, 1.2992 0.9446 0.7874, 1.2992 0.9665 0.4596, 1.2992 0.9446 0.4596, 1.2992 0.9579 0.4573, 1.2992 0.964 0.4594, 1.2992 0.9464 0.4468, 1.2992 0.9503 0.4518, 1.2992 0.9523 0.4536, 1.2992 0.9412 0.4596, 1.2992 0.9436 0.4405, 1.2992 0.9446 0.4428, 1.2992 0.9446 0.4168, 1.2992 0.9431 0.4206, 1.2992 0.9412 0.4019, 1.2992 0.9421 0.4297, 1.2992 0.9422 0.4332, 1.2992 0.9592 0.4029, 1.2992 0.9539 0.4054, 1.2992 0.9446 0.4019, 1.2992 0.9494 0.4092, 1.2992 0.9488 0.4098, 1.2992 0.9454 0.4146, 1.2992 0.9639 0.4019, 1.2992 0.9446 0.3852, 1.2992 0.9654 0.4016, 1.2992 0.9689 0.4014, 1.2992 0.9739 0.4019, 1.2992 0.9846 0.4047, 1.2992 0.9836 0.4042, 1.2992 0.9822 0.4019, 1.2992 0.9822 0.4038, 1.2992 0.9775 0.4022, 1.2992 0.95 0.3316, 1.2992 0.9511 0.3431, 1.2992 0.9486 0.3296, 1.2992 0.9476 0.3271, 1.2992 0.9446 0.3118, 1.2992 0.9484 0.3175, 1.2992 0.9475 0.3199, 1.2992 0.9668 0.3478, 1.2992 0.9644 0.348, 1.2992 0.9606 0.3364, 1.2992 0.9693 0.3534, 1.2992 0.9723 0.3525, 1.2992 0.9747 0.3512, 1.2992 0.9766 0.3494, 1.2992 0.978 0.3471, 1.2992 0.9522 0.3335, 1.2992 0.9552 0.3351, 1.2992 0.9561 0.3462, 1.2992 0.9606 0.3476, 1.2992 0.953 0.3129, 1.2992 0.9506 0.3145, 1.2992 0.9498 0.3153, 1.2992 0.9726 0.3186, 1.2992 0.9724 0.3186, 1.2992 0.9726 0.3123, 1.2992 0.9713 0.3169, 1.2992 0.9691 0.3145, 1.2992 0.9471 0.3232, 1.2992 0.9472 0.324, 1.2992 0.9511 0.35, 1.2992 0.9531 0.3511, 1.2992 0.9585 0.3531, 1.2992 0.9651 0.3538, 1.2992 0.9792 0.3439, 1.2992 0.9797 0.3384, 1.2992 0.9797 0.3123, 1.2992 0.9726 0.3381, 1.2992 0.9724 0.3412, 1.2992 0.9716 0.3438, 1.2992 0.9708 0.3452, 1.2992 0.9697 0.3464, 1.2992 0.9685 0.3472, 1.2992 0.9639 0.3118, 1.2992 0.9637 0.3117, 1.2992 0.9822 0.2893, 1.2992 0.9446 0.2893, 1.2992 0.96 0.3113, 1.2992 0.9559 0.3118, 1.2992 0.9557 0.3118, 1.2992 1.0284 0.3529, 1.2992 1.0205 0.3529, 1.2992 1.0361 0.3118, 1.2992 1.0364 0.3124, 1.2992 1.0318 0.3239, 1.2992 1.0332 0.305, 1.2992 1.0318 0.3118, 1.2992 1.0319 0.3025, 1.2992 1.0318 0.3024, 1.2992 1.0219 0.3001, 1.2992 1.0219 0.2938, 1.2992 1.0234 0.2996, 1.2992 1.026 0.2993, 1.2992 1.0277 0.2995, 1.2992 1.0318 0.2945, 1.2992 1.0294 0.2935, 1.2992 1.0318 0.2893, 1.2992 1.0265 0.2932, 1.2992 1.0249 0.2933, 1.2992 1.0292 0.3001, 1.2992 1.0305 0.301, 1.2992 1.041 0.3062, 1.2992 1.0378 0.2999, 1.2992 1.085 0.2893, 1.2992 1.0432 0.3118, 1.2992 1.0352 0.2968, 1.2992 1.0347 0.2963, 1.2992 1.0322 0.2946, 1.2992 1.254 0.2893, 1.2992 1.1561 0.0, 1.2992 1.1561 0.2893, 1.2992 1.103 0.0, 1.2992 1.103 0.2893, 1.2992 1.085 0.0, 1.2992 1.0318 0.0, 1.2992 1.0186 0.0, 1.2992 0.9927 0.0, 1.2992 0.9822 0.0, 1.2992 0.9446 0.0, 1.2992 0.9666 0.3128, 1.2992 0.9098 0.3691, 1.2992 0.9098 0.3123, 1.2992 0.9412 0.3118, 1.2992 0.9412 0.2893, 1.2992 0.9412 0.0, 1.2992 0.939 0.3691, 1.2992 0.9412 0.3852, 1.2992 0.939 0.3625, 1.2992 0.9403 0.3188, 1.2992 0.9403 0.3123, 1.2992 0.9171 0.3379, 1.2992 0.9171 0.3188, 1.2992 0.9374 0.3379, 1.2992 0.9374 0.3444, 1.2992 0.9171 0.3444, 1.2992 0.9171 0.3625, 1.2992 1.1529 0.3308, 1.2992 1.15 0.325, 1.2992 1.1561 0.3118, 1.2992 1.1399 0.3159, 1.2992 1.1334 0.3134, 1.2992 1.1239 0.3123, 1.2992 1.1083 0.3123, 1.2992 1.1083 0.3691, 1.2992 1.1245 0.3691, 1.2992 1.1561 0.3852, 1.2992 1.1339 0.3679, 1.2992 1.1406 0.3653, 1.2992 1.1519 0.3539, 1.2992 1.1538 0.3483, 1.2992 1.1545 0.3414, 1.2992 1.1543 0.3374, 1.2992 1.146 0.3203, 1.2992 1.1454 0.3197, 1.2992 1.146 0.3616, 1.2992 1.1485 0.359, 1.2992 1.1949 0.3278, 1.2992 1.1713 0.3278, 1.2992 1.2007 0.3123, 1.2992 1.1658 0.3123, 1.2992 1.2088 0.3123, 1.2992 1.254 0.3118, 1.2992 1.1577 0.3123, 1.2992 1.1793 0.3691, 1.2992 1.1872 0.3691, 1.2992 1.1238 0.4179, 1.2992 0.9098 0.4024, 1.2992 0.9098 0.4592, 1.2992 0.9397 0.4024, 1.2992 1.0688 0.406, 1.2992 1.0623 0.4035, 1.2992 1.0528 0.4024, 1.2992 1.0372 0.4024, 1.2992 1.0818 0.4209, 1.2992 1.0789 0.4151, 1.2992 1.0372 0.4592, 1.2992 1.0534 0.4592, 1.2992 1.0628 0.458, 1.2992 1.0695 0.4554, 1.2992 1.0808 0.444, 1.2992 1.0827 0.4384, 1.2992 1.0834 0.4315, 1.2992 1.0832 0.4275, 1.2992 1.0749 0.4103, 1.2992 1.0743 0.4098, 1.2992 1.0749 0.4516, 1.2992 1.0774 0.4491, 1.2992 1.254 0.3852, 1.2992 1.254 0.4019, 1.2992 1.254 0.4596, 1.2992 1.2992 0.3118, 1.2992 1.2992 0.3852, 1.2992 1.2992 0.4019, 1.2992 1.2992 0.4596, 1.2992 0.9412 0.7874, 1.2992 1.2992 0.7874, 1.2992 1.254 0.7874, 1.2992 1.1561 0.7874, 1.2992 1.103 0.7874, 1.2992 1.085 0.7874, 1.2992 1.0318 0.7874, 1.2992 1.0186 0.7874, 1.2992 0.9927 0.7874, 0.4568 -0.0886 0.1181, 0.485 -0.1253 0.1181, 0.315 -0.2657 0.1181, 0.5217 -0.1534 0.1181, 0.4568 0.0886 0.1181, 0.4391 0.0459 0.1181, 0.315 0.2657 0.1181, 0.4331 -0.0 0.1181, 0.4391 -0.0459 0.1181, 0.5644 0.1711 0.1181, 0.5217 0.1534 0.1181, 0.485 0.1253 0.1181, 0.6102 0.1772 0.1181, 0.6102 -0.1772 0.1181, 0.5644 -0.1711 0.1181, -0.4568 0.0886 0.1181, -0.485 0.1253 0.1181, -0.315 0.2657 0.1181, -0.5217 0.1534 0.1181, -0.5644 -0.1711 0.1181, -0.315 -0.2657 0.1181, -0.6102 -0.1772 0.1181, -1.2992 -0.2657 0.1181, -1.2992 -0.1772 0.1181, -0.5217 -0.1534 0.1181, -0.485 -0.1253 0.1181, -0.4568 -0.0886 0.1181, -0.4391 -0.0459 0.1181, -0.4331 0.0 0.1181, -0.4391 0.0459 0.1181, -1.2992 0.1772 0.1181, -1.2992 0.2657 0.1181, -0.6102 0.1772 0.1181, -0.5644 0.1711 0.1181, -0.7087 1.2992 0.3937, -0.4921 1.2992 0.3937, -0.7087 1.2992 0.0, -0.4921 1.2992 0.1969, 0.4921 1.2992 0.1969, 0.4921 1.2992 0.7874, -0.4921 -1.2992 0.3937, -0.7087 -1.2992 0.3937, -0.4921 -1.2992 0.1969, -0.7087 -1.2992 0.0, 0.4921 -1.2992 0.1969, 0.4921 -1.2992 0.7874, -1.1597 -0.4921 0.1969, -1.1597 -0.4921 0.3937, -1.0989 -0.6162 0.1969, -1.0989 -0.6162 0.3937, -1.0248 -0.7328 0.1969, -1.0248 -0.7328 0.3937, -0.9384 -0.8406 0.1969, -0.9384 -0.8406 0.3937, -0.8406 -0.9384 0.1969, -0.8406 -0.9384 0.3937, -0.7328 -1.0248 0.1969, -0.7328 -1.0248 0.3937, -0.6162 -1.0989 0.1969, -0.6162 -1.0989 0.3937, -0.4921 -1.1597 0.1969, -0.4921 -1.1597 0.3937, -0.4921 1.1597 0.1969, -0.4921 1.1597 0.3937, -0.6162 1.0989 0.1969, -0.6162 1.0989 0.3937, -0.7328 1.0248 0.1969, -0.7328 1.0248 0.3937, -0.8406 0.9384 0.1969, -0.8406 0.9384 0.3937, -0.9384 0.8406 0.1969, -0.9384 0.8406 0.3937, -1.0248 0.7328 0.1969, -1.0248 0.7328 0.3937, -1.0989 0.6162 0.1969, -1.0989 0.6162 0.3937, -1.1597 0.4921 0.1969, -1.1597 0.4921 0.3937, -1.2992 -0.4921 0.1969, -1.2992 0.4921 0.3937, -1.2992 0.7087 0.3937, -1.2992 0.4921 0.1969, -1.2992 0.7087 0.0, -1.2992 -0.2657 0.0, -1.2992 -0.7087 0.0, -1.2992 -0.4921 0.3937, -1.2992 -0.7087 0.3937, -1.2992 0.2657 0.0, 0.4921 -1.1597 0.7874, 0.6162 -1.0989 0.7874, 0.7328 -1.0248 0.7874, 1.1597 -0.4921 0.7874, 1.0989 -0.6162 0.7874, 1.0248 -0.7328 0.7874, 0.9384 -0.8406 0.7874, 0.8406 -0.9384 0.7874, 0.4921 1.1597 0.7874, 0.6162 1.0989 0.7874, 0.7328 1.0248 0.7874, 0.8406 0.9384 0.7874, 0.9384 0.8406 0.7874, 1.1597 0.4921 0.7874, 1.0989 0.6162 0.7874, 1.0248 0.7328 0.7874, 0.4921 -1.1597 0.1969, 0.6162 -1.0989 0.1969, 0.7328 -1.0248 0.1969, 0.8406 -0.9384 0.1969, 0.9384 -0.8406 0.1969, 1.0248 -0.7328 0.1969, 1.0989 -0.6162 0.1969, 1.1597 -0.4921 0.1969, 1.1597 0.4921 0.1969, 1.0989 0.6162 0.1969, 1.0248 0.7328 0.1969, 0.9384 0.8406 0.1969, 0.8406 0.9384 0.1969, 0.7328 1.0248 0.1969, 0.6162 1.0989 0.1969, 0.4921 1.1597 0.1969, 0.315 -0.2657 0.0, -0.315 -0.2657 0.0, 0.315 0.2657 0.0, -0.315 0.2657 0.0, 1.2992 1.2525 0.0, 1.2992 1.2216 0.0, 1.2992 1.1886 0.0, 1.2992 1.1753 0.0, 1.2992 1.1277 0.0, 1.2992 1.1233 0.0, 1.2992 1.054 0.0, 1.2992 1.1219 0.0, 1.0212 -0.2134 0.1969, 1.0378 -0.1073 0.1969, 1.0433 0.0 0.1969, 1.0378 0.1073 0.1969, 1.0212 0.2134 0.1969, 0.9939 0.3173 0.1969, 0.3428 -0.9854 0.1969, 0.2396 -1.0154 0.1969, -0.187 -1.0264 0.1969, -0.2916 -1.0017 0.1969, -0.393 -0.9664 0.1969, -0.6362 -1.0874 0.1969, 0.9939 -0.3173 0.1969, 0.956 -0.4178 0.1969, 1.0874 -0.6362 0.1969, 0.908 -0.5139 0.1969, 0.9973 -0.7698 0.1969, 0.2396 1.0154 0.1969, 0.134 1.0347 0.1969, -0.9762 -0.368 0.1969, -1.0089 -0.2657 0.1969, 0.134 -1.0347 0.1969, 0.0269 -1.043 0.1969, -0.0805 -1.0402 0.1969, 0.8503 -0.6045 0.1969, 0.7837 -0.6887 0.1969, 0.8908 -0.8908 0.1969, 0.7087 -0.7657 0.1969, 0.7698 -0.9973 0.1969, 0.6262 -0.8345 0.1969, 0.6362 -1.0874 0.1969, 0.5371 -0.8944 0.1969, 0.4423 -0.9449 0.1969, -1.0089 0.2657 0.1969, -1.0309 0.1606 0.1969, -0.4903 -0.9209 0.1969, -0.5824 -0.8656 0.1969, -0.7698 -0.9973 0.1969, -0.6683 -0.8011 0.1969, -0.8908 -0.8908 0.1969, -0.7472 -0.7282 0.1969, -0.9973 -0.7698 0.1969, -0.8181 -0.6475 0.1969, -1.0874 -0.6362 0.1969, -0.8803 -0.5599 0.1969, -0.9332 -0.4665 0.1969, 0.9973 0.7698 0.1969, 0.8503 0.6045 0.1969, 1.0874 0.6362 0.1969, 0.908 0.5139 0.1969, 0.956 0.4178 0.1969, -0.2916 1.0017 0.1969, -0.187 1.0264 0.1969, -0.0805 1.0402 0.1969, 0.0269 1.043 0.1969, -0.6362 1.0874 0.1969, -0.4903 0.9209 0.1969, -0.393 0.9664 0.1969, -1.0309 -0.1606 0.1969, -1.0419 -0.0537 0.1969, -1.0419 0.0537 0.1969, 0.3428 0.9854 0.1969, 0.4423 0.9449 0.1969, 0.6362 1.0874 0.1969, 0.5371 0.8944 0.1969, 0.7698 0.9973 0.1969, 0.6262 0.8345 0.1969, 0.8908 0.8908 0.1969, 0.7087 0.7657 0.1969, 0.7837 0.6887 0.1969, -0.9762 0.368 0.1969, -0.9332 0.4665 0.1969, -1.0874 0.6362 0.1969, -0.8803 0.5599 0.1969, -0.9973 0.7698 0.1969, -0.8181 0.6475 0.1969, -0.8908 0.8908 0.1969, -0.7472 0.7282 0.1969, -0.7698 0.9973 0.1969, -0.6683 0.8011 0.1969, -0.5824 0.8656 0.1969
            ]
        }
        coordIndex [
            0,1,2,-1,3,4,5,-1,6,7,8,-1,9,10,11,-1,11,10,12,-1,13,14,11,-1,11,14,15,-1,11,15,16,-1,16,17,11,-1,11,17,18,-1,11,18,9,-1,19,20,21,-1,21,20,22,-1,22,20,23,-1,22,23,24,-1,19,21,25,-1,25,21,26,-1,25,26,27,-1,28,29,26,-1,26,29,30,-1,26,30,31,-1,26,32,27,-1,27,32,33,-1,27,33,34,-1,34,33,35,-1,34,35,36,-1,31,37,26,-1,26,37,38,-1,26,38,32,-1,39,40,41,-1,39,41,42,-1,40,43,41,-1,41,43,44,-1,41,44,45,-1,45,44,46,-1,46,47,45,-1,45,47,48,-1,45,48,28,-1,28,48,49,-1,28,49,29,-1,50,42,51,-1,51,42,41,-1,51,41,52,-1,52,41,53,-1,52,53,54,-1,54,53,55,-1,56,57,58,-1,59,60,61,-1,60,59,62,-1,63,64,53,-1,53,64,65,-1,53,65,55,-1,66,56,67,-1,67,56,63,-1,58,68,56,-1,56,68,69,-1,56,69,63,-1,63,69,70,-1,63,70,64,-1,61,71,59,-1,59,71,72,-1,59,72,63,-1,63,72,73,-1,63,73,67,-1,74,75,57,-1,57,75,76,-1,57,76,77,-1,77,78,57,-1,57,78,79,-1,57,79,58,-1,80,81,82,-1,83,84,85,-1,86,87,74,-1,88,89,90,-1,90,89,91,-1,83,85,92,-1,86,74,93,-1,82,81,74,-1,74,81,94,-1,74,94,93,-1,84,95,85,-1,85,95,96,-1,85,96,97,-1,98,99,100,-1,100,99,101,-1,100,101,102,-1,103,104,105,-1,105,104,106,-1,105,106,100,-1,100,106,107,-1,100,107,98,-1,103,108,104,-1,104,108,109,-1,104,109,89,-1,89,109,110,-1,89,110,91,-1,111,112,113,-1,113,112,114,-1,113,114,85,-1,85,114,115,-1,85,115,92,-1,97,116,85,-1,85,116,117,-1,85,117,118,-1,119,120,75,-1,75,120,121,-1,75,121,122,-1,122,123,75,-1,75,123,124,-1,75,124,125,-1,125,124,111,-1,125,111,126,-1,126,111,113,-1,87,127,74,-1,74,127,128,-1,74,128,75,-1,75,128,129,-1,75,129,119,-1,130,131,85,-1,85,131,132,-1,85,132,89,-1,89,132,133,-1,89,133,134,-1,118,135,85,-1,85,135,136,-1,85,136,130,-1,137,138,139,-1,137,139,140,-1,134,141,89,-1,89,141,139,-1,89,139,104,-1,104,139,138,-1,104,138,142,-1,142,138,143,-1,144,145,139,-1,139,145,146,-1,139,146,140,-1,147,148,149,-1,148,150,149,-1,149,150,151,-1,149,151,152,-1,153,149,154,-1,143,138,153,-1,153,138,155,-1,153,155,149,-1,149,155,156,-1,149,156,147,-1,154,157,153,-1,153,157,158,-1,153,158,159,-1,152,151,160,-1,160,151,161,-1,160,161,162,-1,162,161,163,-1,162,163,164,-1,165,166,159,-1,159,166,167,-1,159,167,153,-1,10,168,12,-1,12,168,169,-1,12,169,82,-1,82,169,170,-1,82,170,80,-1,171,4,172,-1,172,4,3,-1,172,3,173,-1,174,175,176,-1,176,175,177,-1,176,177,178,-1,178,177,179,-1,178,179,180,-1,180,179,181,-1,180,181,182,-1,182,181,183,-1,182,183,184,-1,184,183,185,-1,186,187,188,-1,189,190,191,-1,171,181,4,-1,4,181,179,-1,4,179,192,-1,192,179,193,-1,192,193,194,-1,194,193,195,-1,194,195,196,-1,197,198,190,-1,190,198,199,-1,190,199,191,-1,200,201,202,-1,203,204,205,-1,206,207,200,-1,207,208,200,-1,200,208,209,-1,200,209,201,-1,201,209,210,-1,203,205,200,-1,200,205,211,-1,200,211,206,-1,212,213,214,-1,214,213,215,-1,214,215,202,-1,202,215,216,-1,202,216,200,-1,217,218,219,-1,219,218,220,-1,221,222,223,-1,224,225,226,-1,210,227,201,-1,201,227,228,-1,201,228,226,-1,226,228,229,-1,226,229,224,-1,230,231,232,-1,231,233,232,-1,232,233,234,-1,232,234,235,-1,225,236,226,-1,226,236,237,-1,226,237,238,-1,222,230,223,-1,223,230,232,-1,223,232,239,-1,239,232,238,-1,239,238,240,-1,240,238,237,-1,235,241,232,-1,232,241,242,-1,232,242,243,-1,244,245,246,-1,246,245,247,-1,246,247,248,-1,246,249,244,-1,244,249,250,-1,244,250,251,-1,251,252,244,-1,244,252,253,-1,244,253,254,-1,254,253,255,-1,254,255,256,-1,256,255,257,-1,256,257,223,-1,223,257,258,-1,223,258,221,-1,259,260,248,-1,248,260,261,-1,248,261,246,-1,262,263,204,-1,204,263,264,-1,204,264,205,-1,262,265,263,-1,263,265,266,-1,263,266,267,-1,267,266,268,-1,267,269,270,-1,268,271,267,-1,267,271,272,-1,267,272,273,-1,273,274,267,-1,267,274,275,-1,267,275,269,-1,270,276,267,-1,267,276,277,-1,267,277,278,-1,279,280,281,-1,280,279,282,-1,282,279,283,-1,282,283,284,-1,285,286,287,-1,5,288,289,-1,287,286,290,-1,290,286,291,-1,290,291,284,-1,284,291,292,-1,284,292,282,-1,293,294,295,-1,296,297,298,-1,298,297,299,-1,298,299,300,-1,301,302,303,-1,303,302,304,-1,303,304,305,-1,305,304,293,-1,305,293,306,-1,307,308,309,-1,309,308,310,-1,309,310,296,-1,311,312,313,-1,295,294,313,-1,313,294,314,-1,313,314,311,-1,300,299,315,-1,315,299,316,-1,315,316,311,-1,59,317,62,-1,62,317,318,-1,62,318,319,-1,319,318,320,-1,319,320,321,-1,321,320,322,-1,321,322,323,-1,323,322,324,-1,323,324,325,-1,325,324,326,-1,325,326,327,-1,328,329,330,-1,330,329,331,-1,328,332,329,-1,329,332,333,-1,329,333,334,-1,334,333,335,-1,311,316,312,-1,312,316,336,-1,312,336,337,-1,337,336,338,-1,337,338,329,-1,329,338,339,-1,329,339,340,-1,341,342,343,-1,340,344,329,-1,329,344,345,-1,329,345,346,-1,341,343,333,-1,333,343,347,-1,333,347,348,-1,346,349,329,-1,329,349,350,-1,329,350,331,-1,348,351,333,-1,333,351,352,-1,333,352,335,-1,353,354,355,-1,355,354,356,-1,355,356,316,-1,316,356,357,-1,316,357,336,-1,358,359,360,-1,360,359,361,-1,360,361,362,-1,363,364,365,-1,366,367,363,-1,363,367,368,-1,363,368,364,-1,369,370,363,-1,363,370,371,-1,363,371,366,-1,372,373,374,-1,374,373,375,-1,374,375,369,-1,369,375,376,-1,369,376,370,-1,377,378,379,-1,379,378,380,-1,380,381,379,-1,379,381,382,-1,379,382,372,-1,377,379,383,-1,383,379,384,-1,383,384,385,-1,385,384,386,-1,386,384,201,-1,386,201,387,-1,337,388,312,-1,312,388,389,-1,312,389,390,-1,390,389,391,-1,390,391,392,-1,393,394,395,-1,395,394,396,-1,397,398,399,-1,400,401,402,-1,403,404,201,-1,404,405,201,-1,201,405,406,-1,201,406,407,-1,393,408,394,-1,394,408,409,-1,394,409,410,-1,410,409,402,-1,410,402,411,-1,411,402,401,-1,412,413,397,-1,397,413,414,-1,397,414,398,-1,415,416,417,-1,417,416,418,-1,417,418,419,-1,399,420,397,-1,397,420,421,-1,397,421,384,-1,384,421,396,-1,384,396,422,-1,422,396,394,-1,422,423,384,-1,384,423,424,-1,384,424,201,-1,201,424,425,-1,201,425,403,-1,407,426,201,-1,201,426,427,-1,201,427,202,-1,202,427,428,-1,202,428,417,-1,429,430,402,-1,402,430,431,-1,402,431,432,-1,432,433,402,-1,402,433,434,-1,402,434,400,-1,435,436,437,-1,437,436,438,-1,436,439,438,-1,438,439,440,-1,438,440,397,-1,397,440,441,-1,397,441,412,-1,191,186,189,-1,189,186,188,-1,189,188,442,-1,442,188,443,-1,444,445,446,-1,447,448,449,-1,449,448,450,-1,448,232,451,-1,243,219,232,-1,232,219,220,-1,232,220,451,-1,451,220,452,-1,451,453,448,-1,448,453,454,-1,448,454,455,-1,456,457,458,-1,458,457,459,-1,458,459,220,-1,220,459,460,-1,220,460,452,-1,455,461,448,-1,448,461,462,-1,448,462,450,-1,463,464,465,-1,463,465,466,-1,464,467,465,-1,465,467,468,-1,465,468,458,-1,458,468,469,-1,458,469,456,-1,6,470,471,-1,471,470,472,-1,471,472,473,-1,473,472,474,-1,473,474,475,-1,475,474,465,-1,475,465,476,-1,476,465,458,-1,476,458,477,-1,477,458,220,-1,477,220,478,-1,478,220,218,-1,478,218,479,-1,479,218,437,-1,479,437,480,-1,480,437,438,-1,217,212,218,-1,218,212,214,-1,218,214,437,-1,437,214,202,-1,437,202,435,-1,435,202,417,-1,435,417,481,-1,481,417,419,-1,482,82,483,-1,483,82,74,-1,483,74,484,-1,484,74,57,-1,484,57,485,-1,485,57,56,-1,485,56,486,-1,482,487,488,-1,487,489,488,-1,488,489,490,-1,488,490,484,-1,484,490,491,-1,484,491,483,-1,492,493,494,-1,494,493,490,-1,494,490,495,-1,495,490,489,-1,495,489,496,-1,496,489,497,-1,498,499,500,-1,501,502,500,-1,500,502,503,-1,500,503,192,-1,192,503,504,-1,192,504,4,-1,4,504,505,-1,4,505,506,-1,507,508,509,-1,510,511,507,-1,507,511,512,-1,507,512,500,-1,500,512,513,-1,500,513,498,-1,499,514,500,-1,500,514,515,-1,500,515,501,-1,509,516,507,-1,507,516,517,-1,507,517,510,-1,518,519,520,-1,520,519,521,-1,522,520,523,-1,523,520,521,-1,523,521,500,-1,500,521,524,-1,500,524,507,-1,507,524,525,-1,507,525,526,-1,372,374,379,-1,379,374,488,-1,379,488,384,-1,384,488,484,-1,384,484,397,-1,397,484,485,-1,397,485,438,-1,438,485,486,-1,438,486,480,-1,392,387,390,-1,390,387,201,-1,390,201,312,-1,312,201,226,-1,312,226,313,-1,313,226,238,-1,313,238,295,-1,470,523,472,-1,472,523,500,-1,472,500,474,-1,474,500,192,-1,474,192,465,-1,465,192,194,-1,465,194,466,-1,466,194,196,-1,466,196,187,-1,187,196,173,-1,187,173,188,-1,188,173,3,-1,188,3,287,-1,287,3,5,-1,287,5,285,-1,285,5,289,-1,527,288,281,-1,281,288,5,-1,281,5,279,-1,279,5,4,-1,279,4,507,-1,507,4,506,-1,507,506,508,-1,482,488,82,-1,82,488,374,-1,82,374,12,-1,12,374,528,-1,12,528,11,-1,528,529,11,-1,11,529,0,-1,11,0,369,-1,369,0,2,-1,369,2,374,-1,374,2,530,-1,374,530,528,-1,531,532,287,-1,533,534,295,-1,295,534,297,-1,295,297,293,-1,293,297,296,-1,293,296,306,-1,306,296,310,-1,535,536,287,-1,532,533,287,-1,287,533,295,-1,287,295,188,-1,188,295,238,-1,188,238,443,-1,443,238,232,-1,443,232,446,-1,446,232,448,-1,446,448,444,-1,444,448,447,-1,534,537,297,-1,297,537,538,-1,297,538,290,-1,290,538,539,-1,290,539,540,-1,541,542,290,-1,290,542,543,-1,290,543,287,-1,287,543,544,-1,287,544,535,-1,536,545,287,-1,287,545,546,-1,287,546,531,-1,540,547,290,-1,290,547,548,-1,290,548,541,-1,522,523,526,-1,526,523,549,-1,526,549,507,-1,507,549,550,-1,507,550,279,-1,279,550,551,-1,279,551,283,-1,6,8,470,-1,470,8,552,-1,470,552,523,-1,523,552,553,-1,523,553,549,-1,549,553,554,-1,549,554,550,-1,550,554,555,-1,550,555,551,-1,365,362,363,-1,363,362,361,-1,363,361,369,-1,369,361,556,-1,369,556,11,-1,11,556,22,-1,11,22,13,-1,13,22,24,-1,555,557,551,-1,551,557,558,-1,551,558,283,-1,283,558,559,-1,283,559,284,-1,284,559,560,-1,284,560,290,-1,290,560,561,-1,290,561,297,-1,297,561,562,-1,297,562,299,-1,299,562,563,-1,299,563,316,-1,316,563,564,-1,316,564,355,-1,355,564,359,-1,355,359,353,-1,353,359,358,-1,565,566,567,-1,567,566,568,-1,569,570,571,-1,571,570,572,-1,571,572,567,-1,567,572,573,-1,567,573,565,-1,574,575,571,-1,571,575,576,-1,571,576,569,-1,574,571,577,-1,577,571,67,-1,577,67,73,-1,72,71,578,-1,578,71,567,-1,578,567,579,-1,579,567,568,-1,580,581,582,-1,582,581,583,-1,584,585,586,-1,586,585,587,-1,586,587,588,-1,584,589,585,-1,585,589,590,-1,585,590,591,-1,591,592,585,-1,585,592,593,-1,585,593,582,-1,582,593,594,-1,582,594,580,-1,595,596,597,-1,597,596,582,-1,597,582,598,-1,598,582,583,-1,599,600,601,-1,601,600,602,-1,601,602,603,-1,604,557,603,-1,603,557,555,-1,555,554,603,-1,603,554,553,-1,603,553,552,-1,552,8,603,-1,603,8,7,-1,603,7,601,-1,605,606,607,-1,607,606,608,-1,607,608,609,-1,609,608,60,-1,609,60,610,-1,610,60,327,-1,611,612,613,-1,613,612,614,-1,613,614,615,-1,615,614,616,-1,615,616,617,-1,617,616,618,-1,617,618,619,-1,619,618,620,-1,619,620,621,-1,621,620,622,-1,621,622,623,-1,623,622,624,-1,623,624,625,-1,625,624,626,-1,627,628,629,-1,629,628,630,-1,629,630,631,-1,631,630,632,-1,631,632,633,-1,633,632,634,-1,633,634,635,-1,635,634,636,-1,635,636,637,-1,637,636,638,-1,637,638,639,-1,639,638,640,-1,639,640,641,-1,641,640,642,-1,588,587,643,-1,644,645,646,-1,646,645,647,-1,587,648,643,-1,643,648,649,-1,643,649,650,-1,650,649,651,-1,588,643,595,-1,595,643,646,-1,595,646,596,-1,596,646,647,-1,596,647,652,-1,605,607,626,-1,626,607,625,-1,628,627,600,-1,600,627,602,-1,646,641,644,-1,644,641,642,-1,612,611,650,-1,650,611,643,-1,653,610,654,-1,654,610,327,-1,654,327,655,-1,326,656,327,-1,327,656,657,-1,327,657,658,-1,658,659,327,-1,327,659,660,-1,327,660,655,-1,604,661,557,-1,557,661,662,-1,662,663,557,-1,557,663,664,-1,557,664,665,-1,666,21,667,-1,667,21,557,-1,667,557,668,-1,668,557,665,-1,669,653,670,-1,670,653,654,-1,670,654,671,-1,671,654,655,-1,671,655,672,-1,672,655,660,-1,672,660,673,-1,673,660,659,-1,673,659,674,-1,674,659,658,-1,674,658,675,-1,675,658,657,-1,675,657,676,-1,676,657,656,-1,677,666,678,-1,678,666,667,-1,678,667,679,-1,679,667,668,-1,679,668,680,-1,680,668,665,-1,680,665,681,-1,681,665,664,-1,681,664,682,-1,682,664,663,-1,682,663,683,-1,683,663,662,-1,683,662,684,-1,684,662,661,-1,685,61,60,-1,649,648,608,-1,608,648,686,-1,60,608,685,-1,685,608,686,-1,685,686,687,-1,687,686,688,-1,652,647,688,-1,688,647,601,-1,688,601,7,-1,7,689,688,-1,688,689,690,-1,688,690,691,-1,691,692,688,-1,688,692,693,-1,688,693,694,-1,66,687,695,-1,695,687,688,-1,695,688,696,-1,696,688,694,-1,607,609,625,-1,625,609,669,-1,697,676,698,-1,698,676,59,-1,698,59,699,-1,699,59,63,-1,699,63,700,-1,700,63,701,-1,701,63,677,-1,701,677,702,-1,703,704,669,-1,705,706,625,-1,625,706,707,-1,625,707,708,-1,697,709,676,-1,676,709,710,-1,676,710,711,-1,711,710,712,-1,711,712,713,-1,714,684,715,-1,715,684,603,-1,611,716,643,-1,643,716,717,-1,704,718,669,-1,669,718,719,-1,669,719,625,-1,625,719,720,-1,625,720,705,-1,712,721,713,-1,713,721,722,-1,713,722,723,-1,723,722,724,-1,723,724,725,-1,725,724,726,-1,725,726,727,-1,727,726,728,-1,727,728,669,-1,669,728,729,-1,669,729,703,-1,603,602,627,-1,730,641,731,-1,731,641,646,-1,707,732,708,-1,708,732,733,-1,708,733,734,-1,734,733,735,-1,734,735,736,-1,736,735,737,-1,736,737,738,-1,738,737,739,-1,738,739,740,-1,740,739,741,-1,740,741,611,-1,611,741,742,-1,611,742,716,-1,743,744,745,-1,745,744,746,-1,745,746,677,-1,677,746,747,-1,677,747,702,-1,748,749,627,-1,627,749,750,-1,627,750,603,-1,603,750,751,-1,603,751,715,-1,752,753,627,-1,627,753,754,-1,627,754,748,-1,717,755,643,-1,643,755,756,-1,643,756,646,-1,646,756,757,-1,646,757,731,-1,714,758,684,-1,684,758,759,-1,684,759,760,-1,760,759,761,-1,760,761,762,-1,762,761,763,-1,762,763,764,-1,764,763,765,-1,764,765,743,-1,743,765,766,-1,743,766,744,-1,730,767,641,-1,641,767,768,-1,641,768,769,-1,769,768,770,-1,769,770,771,-1,771,770,772,-1,771,772,773,-1,773,772,774,-1,773,774,775,-1,775,774,776,-1,775,776,752,-1,752,776,777,-1,752,777,753,-1,669,609,653,-1,653,609,610,-1,603,684,604,-1,604,684,661,-1,677,63,666,-1,666,63,21,-1,676,656,59,-1,59,656,326,-1,605,626,606,-1,606,626,624,-1,612,650,614,-1,614,650,651,-1,614,651,616,-1,624,622,606,-1,606,622,620,-1,606,620,651,-1,651,620,618,-1,651,618,616,-1,644,642,645,-1,645,642,640,-1,640,638,645,-1,645,638,636,-1,645,636,599,-1,599,636,634,-1,628,600,630,-1,630,600,599,-1,630,599,632,-1,632,599,634,-1,649,608,651,-1,651,608,606,-1,601,647,599,-1,599,647,645,-1,582,596,688,-1,688,596,652,-1,686,648,585,-1,585,648,587,-1,585,582,686,-1,686,582,688,-1,567,71,685,-1,685,71,61,-1,687,66,571,-1,571,66,67,-1,571,567,687,-1,687,567,685,-1,
        ]
    }
}
Shape{
    appearance Appearance {
        material  Material 	{
            diffuseColor 0.2235294117647059 0.2235294117647059 0.2235294117647059
            specularColor 0.11372549019607843 0.11372549019607843 0.11372549019607843
            ambientIntensity 0.2235
            transparency 0.0
            shininess 0.5
        }
    }
    geometry IndexedFaceSet {
        ccw TRUE
        solid FALSE
        coord DEF co Coordinate {
            point [
                0.746 -0.7293 3.0315, 0.813 -0.6538 3.0315, 0.8724 -0.5722 3.0315, 0.6721 -0.798 3.0315, 0.9236 -0.4853 3.0315, 0.9661 -0.3938 3.0315, 1.0384 0.1008 3.0315, 1.0433 0.0 3.0315, 1.0384 -0.1008 3.0315, 1.0238 0.2006 3.0315, 0.9997 0.2986 3.0315, 0.9661 0.3938 3.0315, 0.9236 0.4853 3.0315, 0.8724 0.5722 3.0315, 0.813 0.6538 3.0315, 0.6152 0.8426 3.0315, 0.6152 -0.8426 3.0315, 0.6721 0.798 3.0315, 0.746 0.7293 3.0315, 0.9997 -0.2986 3.0315, 1.0238 -0.2006 3.0315, 0.8289 -0.9207 2.8346, 0.8868 -0.8669 2.8346, 0.8833 -0.8635 2.8784, 1.0508 -0.6567 2.8346, 1.0978 -0.5769 2.8346, 1.0935 -0.5746 2.8784, 1.1915 -0.3417 2.8346, 1.217 -0.2385 2.8346, 1.2122 -0.2376 2.8784, 1.2267 0.1724 2.8346, 1.217 0.2385 2.8346, 1.2122 0.2376 2.8784, 1.1915 0.3417 2.8346, 1.1883 0.355 2.8346, 1.1835 0.3535 2.8784, 1.1318 0.5039 2.8346, 1.0978 0.5769 2.8346, 1.0935 0.5746 2.8784, 0.9493 0.7965 2.8346, 0.8868 0.8669 2.8346, 0.8833 0.8635 2.8784, 0.6932 -1.0278 2.8346, 0.7035 -1.0213 2.8346, 0.7007 -1.0172 2.8784, 0.6152 0.8599 3.031, 0.7003 0.8315 3.0266, 0.6152 0.8932 3.0269, 0.6403 0.9295 3.012, 0.6152 0.9348 3.0163, 0.6167 0.8953 3.0266, 0.6152 0.8972 3.0264, 0.6152 0.8963 3.0265, 0.6152 0.9903 2.9883, 0.6152 0.981 2.994, 0.6615 0.9603 2.9885, 0.6152 0.9672 3.0024, 0.6152 0.946 3.0115, 0.6152 0.9949 2.9855, 0.6792 0.9859 2.9574, 0.6152 1.02 2.9646, 0.6925 1.0052 2.9201, 0.6152 1.0392 2.943, 0.6152 1.0266 2.9571, 0.6152 1.0705 2.8783, 0.6152 1.0672 2.8914, 0.7007 1.0172 2.8784, 0.6152 1.0558 2.9173, 0.6152 1.0541 2.92, 0.7035 1.0213 2.8346, 0.6932 1.0278 2.8346, 0.6152 1.0745 2.8628, 0.6152 1.0768 2.8346, 0.6152 -1.0739 2.8659, 0.6152 -1.0768 2.837, 0.6152 -1.0768 2.8346, 0.6925 -1.0052 2.9201, 0.6152 -1.0542 2.92, 0.6152 -1.0593 2.9104, 0.6152 -1.0662 2.8941, 0.6152 -1.0705 2.8783, 0.6792 -0.9859 2.9574, 0.6152 -1.035 2.9483, 0.6152 -1.0523 2.9236, 0.6615 -0.9603 2.9885, 0.6152 -0.9901 2.9882, 0.6152 -1.0065 2.9767, 0.6152 -1.0137 2.9705, 0.6152 -1.0266 2.9571, 0.6403 -0.9295 3.012, 0.6152 -0.9462 3.0118, 0.6152 -0.9502 3.0104, 0.6152 -0.9798 2.9954, 0.6152 -0.9808 2.9947, 0.6152 -0.8834 3.0287, 0.6152 -0.8932 3.0266, 0.6167 -0.8953 3.0266, 0.6152 -0.8961 3.0261, 0.6152 -0.9184 3.0214, 0.7003 -0.8315 3.0266, 0.6152 -0.8471 3.0315, 0.7774 0.76 3.0266, 0.7271 0.8633 3.012, 0.8071 0.789 3.012, 0.7511 0.8919 2.9885, 0.8338 0.8151 2.9885, 0.7712 0.9157 2.9574, 0.8561 0.8369 2.9574, 0.7863 0.9336 2.9201, 0.8729 0.8533 2.9201, 0.7957 0.9448 2.8784, 0.909 0.5963 3.0266, 0.9623 0.5057 3.0266, 0.9438 0.6191 3.012, 0.9992 0.525 3.012, 0.975 0.6396 2.9885, 1.0322 0.5424 2.9885, 1.0011 0.6567 2.9574, 1.0598 0.5569 2.9574, 1.0207 0.6695 2.9201, 1.0806 0.5678 2.9201, 1.0328 0.6775 2.8784, 1.082 -0.105 3.0266, 1.0668 -0.2091 3.0266, 1.1234 -0.109 3.012, 1.1076 -0.2171 3.012, 1.1606 -0.1126 2.9885, 1.1443 -0.2242 2.9885, 1.1916 -0.1157 2.9574, 1.1749 -0.2302 2.9574, 1.215 -0.1179 2.9201, 1.1979 -0.2348 2.9201, 1.2294 -0.1193 2.8784, 1.0067 -0.4103 3.0266, 0.9623 -0.5057 3.0266, 1.0452 -0.426 3.012, 0.9992 -0.525 3.012, 1.0798 -0.4401 2.9885, 1.0322 -0.5424 2.9885, 1.1087 -0.4519 2.9574, 1.0598 -0.5569 2.9574, 1.1304 -0.4607 2.9201, 1.0806 -0.5678 2.9201, 1.1439 -0.4662 2.8784, 0.8471 -0.6813 3.0266, 0.7774 -0.76 3.0266, 0.8796 -0.7074 3.012, 0.8071 -0.789 3.012, 0.9086 -0.7308 2.9885, 0.8338 -0.8151 2.9885, 0.9329 -0.7503 2.9574, 0.8561 -0.8369 2.9574, 0.9512 -0.765 2.9201, 0.8729 -0.8533 2.9201, 0.9626 -0.7741 2.8784, 0.7989 0.9486 2.8346, 0.8289 0.9207 2.8346, 0.9664 0.7772 2.8346, 0.9626 0.7741 2.8784, 0.9512 0.765 2.9201, 0.9329 0.7503 2.9574, 0.9086 0.7308 2.9885, 0.8796 0.7074 3.012, 0.8471 0.6813 3.0266, 1.037 0.6802 2.8346, 1.0508 0.6567 2.8346, 1.1484 0.4681 2.8346, 1.1439 0.4662 2.8784, 1.1304 0.4607 2.9201, 1.1087 0.4519 2.9574, 1.0798 0.4401 2.9885, 1.0452 0.426 3.012, 1.0067 0.4103 3.0266, 1.0416 0.3112 3.0266, 1.0815 0.3231 3.012, 1.1173 0.3337 2.9885, 1.1471 0.3427 2.9574, 1.1696 0.3494 2.9201, 1.1979 0.2348 2.9201, 1.1749 0.2302 2.9574, 1.1443 0.2242 2.9885, 1.1076 0.2171 3.012, 1.0668 0.2091 3.0266, 1.2344 0.1198 2.8346, 1.2294 0.1193 2.8784, 1.215 0.1179 2.9201, 1.1916 0.1157 2.9574, 1.1606 0.1126 2.9885, 1.1234 0.109 3.012, 1.082 0.105 3.0266, 1.0871 -0.0 3.0266, 1.1287 -0.0 3.012, 1.166 -0.0 2.9885, 1.1972 -0.0 2.9574, 1.2207 -0.0 2.9201, 1.2352 -0.0 2.8784, 1.2402 -0.0 2.8346, 1.2344 -0.1198 2.8346, 1.2267 -0.1724 2.8346, 1.1883 -0.355 2.8346, 1.1835 -0.3535 2.8784, 1.1696 -0.3494 2.9201, 1.1471 -0.3427 2.9574, 1.1173 -0.3337 2.9885, 1.0815 -0.3231 3.012, 1.0416 -0.3112 3.0266, 1.1484 -0.4681 2.8346, 1.1318 -0.5039 2.8346, 1.037 -0.6802 2.8346, 1.0328 -0.6775 2.8784, 1.0207 -0.6695 2.9201, 1.0011 -0.6567 2.9574, 0.975 -0.6396 2.9885, 0.9438 -0.6191 3.012, 0.909 -0.5963 3.0266, 0.9664 -0.7772 2.8346, 0.9493 -0.7965 2.8346, 0.7989 -0.9486 2.8346, 0.7957 -0.9448 2.8784, 0.7863 -0.9336 2.9201, 0.7712 -0.9157 2.9574, 0.7511 -0.8919 2.9885, 0.7271 -0.8633 3.012
            ]
        }
        coordIndex [
            0,1,2,-1,0,2,3,-1,3,2,4,-1,3,4,5,-1,6,3,7,-1,7,3,8,-1,6,9,3,-1,3,9,10,-1,3,10,11,-1,11,12,3,-1,3,12,13,-1,3,13,14,-1,15,16,17,-1,17,16,3,-1,17,3,18,-1,18,3,14,-1,5,19,3,-1,3,19,20,-1,3,20,8,-1,21,22,23,-1,24,25,26,-1,27,28,29,-1,30,31,32,-1,33,34,35,-1,36,37,38,-1,39,40,41,-1,42,43,44,-1,15,17,45,-1,45,17,46,-1,45,46,47,-1,48,49,50,-1,50,49,51,-1,50,51,52,-1,53,54,55,-1,55,54,56,-1,55,56,48,-1,48,56,57,-1,48,57,49,-1,53,55,58,-1,58,55,59,-1,58,59,60,-1,61,62,59,-1,59,62,63,-1,59,63,60,-1,64,65,66,-1,66,65,67,-1,66,67,61,-1,61,67,68,-1,61,68,62,-1,66,69,70,-1,64,66,71,-1,71,66,70,-1,71,70,72,-1,44,73,42,-1,42,73,74,-1,42,74,75,-1,76,77,44,-1,44,77,78,-1,78,79,44,-1,44,79,80,-1,44,80,73,-1,81,82,76,-1,76,82,83,-1,76,83,77,-1,84,85,81,-1,81,85,86,-1,86,87,81,-1,81,87,88,-1,81,88,82,-1,89,90,84,-1,84,90,91,-1,91,92,84,-1,84,92,93,-1,84,93,85,-1,94,95,96,-1,96,95,97,-1,96,97,89,-1,89,97,98,-1,89,98,90,-1,3,16,99,-1,99,16,100,-1,17,18,46,-1,46,18,101,-1,46,101,102,-1,102,101,103,-1,102,103,104,-1,104,103,105,-1,104,105,106,-1,106,105,107,-1,106,107,108,-1,108,107,109,-1,108,109,110,-1,110,109,41,-1,13,12,111,-1,111,12,112,-1,111,112,113,-1,113,112,114,-1,113,114,115,-1,115,114,116,-1,115,116,117,-1,117,116,118,-1,117,118,119,-1,119,118,120,-1,119,120,121,-1,121,120,38,-1,8,20,122,-1,122,20,123,-1,122,123,124,-1,124,123,125,-1,124,125,126,-1,126,125,127,-1,126,127,128,-1,128,127,129,-1,128,129,130,-1,130,129,131,-1,130,131,132,-1,132,131,29,-1,5,4,133,-1,133,4,134,-1,133,134,135,-1,135,134,136,-1,135,136,137,-1,137,136,138,-1,137,138,139,-1,139,138,140,-1,139,140,141,-1,141,140,142,-1,141,142,143,-1,143,142,26,-1,1,0,144,-1,144,0,145,-1,144,145,146,-1,146,145,147,-1,146,147,148,-1,148,147,149,-1,148,149,150,-1,150,149,151,-1,150,151,152,-1,152,151,153,-1,152,153,154,-1,154,153,23,-1,52,47,50,-1,50,47,46,-1,50,46,48,-1,48,46,102,-1,48,102,55,-1,55,102,104,-1,55,104,59,-1,59,104,106,-1,59,106,61,-1,61,106,108,-1,61,108,66,-1,66,108,110,-1,66,110,69,-1,69,110,155,-1,41,40,110,-1,110,40,156,-1,110,156,155,-1,157,39,158,-1,158,39,41,-1,158,41,159,-1,159,41,109,-1,159,109,160,-1,160,109,107,-1,160,107,161,-1,161,107,105,-1,161,105,162,-1,162,105,103,-1,162,103,163,-1,163,103,101,-1,163,101,14,-1,14,101,18,-1,14,13,163,-1,163,13,111,-1,163,111,162,-1,162,111,113,-1,162,113,161,-1,161,113,115,-1,161,115,160,-1,160,115,117,-1,160,117,159,-1,159,117,119,-1,159,119,158,-1,158,119,121,-1,158,121,157,-1,157,121,164,-1,38,37,121,-1,121,37,165,-1,121,165,164,-1,166,36,167,-1,167,36,38,-1,167,38,168,-1,168,38,120,-1,168,120,169,-1,169,120,118,-1,169,118,170,-1,170,118,116,-1,170,116,171,-1,171,116,114,-1,171,114,172,-1,172,114,112,-1,172,112,11,-1,11,112,12,-1,11,10,172,-1,172,10,173,-1,172,173,171,-1,171,173,174,-1,171,174,170,-1,170,174,175,-1,170,175,169,-1,169,175,176,-1,169,176,168,-1,168,176,177,-1,168,177,167,-1,167,177,35,-1,167,35,166,-1,166,35,34,-1,31,33,32,-1,32,33,35,-1,32,35,178,-1,178,35,177,-1,178,177,179,-1,179,177,176,-1,179,176,180,-1,180,176,175,-1,180,175,181,-1,181,175,174,-1,181,174,182,-1,182,174,173,-1,182,173,9,-1,9,173,10,-1,183,30,184,-1,184,30,32,-1,184,32,185,-1,185,32,178,-1,185,178,186,-1,186,178,179,-1,186,179,187,-1,187,179,180,-1,187,180,188,-1,188,180,181,-1,188,181,189,-1,189,181,182,-1,189,182,6,-1,6,182,9,-1,6,7,189,-1,189,7,190,-1,189,190,188,-1,188,190,191,-1,188,191,187,-1,187,191,192,-1,187,192,186,-1,186,192,193,-1,186,193,185,-1,185,193,194,-1,185,194,184,-1,184,194,195,-1,184,195,183,-1,183,195,196,-1,7,8,190,-1,190,8,122,-1,190,122,191,-1,191,122,124,-1,191,124,192,-1,192,124,126,-1,192,126,193,-1,193,126,128,-1,193,128,194,-1,194,128,130,-1,194,130,195,-1,195,130,132,-1,195,132,196,-1,196,132,197,-1,29,28,132,-1,132,28,198,-1,132,198,197,-1,199,27,200,-1,200,27,29,-1,200,29,201,-1,201,29,131,-1,201,131,202,-1,202,131,129,-1,202,129,203,-1,203,129,127,-1,203,127,204,-1,204,127,125,-1,204,125,205,-1,205,125,123,-1,205,123,19,-1,19,123,20,-1,19,5,205,-1,205,5,133,-1,205,133,204,-1,204,133,135,-1,204,135,203,-1,203,135,137,-1,203,137,202,-1,202,137,139,-1,202,139,201,-1,201,139,141,-1,201,141,200,-1,200,141,143,-1,200,143,199,-1,199,143,206,-1,26,25,143,-1,143,25,207,-1,143,207,206,-1,208,24,209,-1,209,24,26,-1,209,26,210,-1,210,26,142,-1,210,142,211,-1,211,142,140,-1,211,140,212,-1,212,140,138,-1,212,138,213,-1,213,138,136,-1,213,136,214,-1,214,136,134,-1,214,134,2,-1,2,134,4,-1,2,1,214,-1,214,1,144,-1,214,144,213,-1,213,144,146,-1,213,146,212,-1,212,146,148,-1,212,148,211,-1,211,148,150,-1,211,150,210,-1,210,150,152,-1,210,152,209,-1,209,152,154,-1,209,154,208,-1,208,154,215,-1,23,22,154,-1,154,22,216,-1,154,216,215,-1,217,21,218,-1,218,21,23,-1,218,23,219,-1,219,23,153,-1,219,153,220,-1,220,153,151,-1,220,151,221,-1,221,151,149,-1,221,149,222,-1,222,149,147,-1,222,147,99,-1,99,147,145,-1,99,145,3,-1,3,145,0,-1,100,94,99,-1,99,94,96,-1,99,96,222,-1,222,96,89,-1,222,89,221,-1,221,89,84,-1,221,84,220,-1,220,84,81,-1,220,81,219,-1,219,81,76,-1,219,76,218,-1,218,76,44,-1,218,44,217,-1,217,44,43,-1,
        ]
    }
}
Shape{
    appearance Appearance {
        material  Material 	{
            diffuseColor 0.8509803921568627 0.8509803921568627 0.8509803921568627
            specularColor 0.4235294117647059 0.4235294117647059 0.4235294117647059
            ambientIntensity 0.851
            transparency 0.0
            shininess 0.5
        }
    }
    geometry IndexedFaceSet {
        ccw TRUE
        solid FALSE
        coord DEF co Coordinate {
            point [
                1.2344 -0.1198 2.8346, 1.2281 -0.1726 0.9933, 1.2402 0.0 0.9933, 1.1915 -0.3417 2.8346, 1.1921 -0.3418 0.9933, 1.217 -0.2385 2.8346, 1.2267 -0.1724 2.8346, 1.1883 -0.355 2.8346, 1.1484 -0.4681 2.8346, 1.1329 -0.5044 0.9933, 1.0508 -0.6567 2.8346, 1.0517 -0.6572 0.9933, 1.0978 -0.5769 2.8346, 1.1318 -0.5039 2.8346, 1.037 -0.6802 2.8346, 0.9664 -0.7772 2.8346, 0.95 -0.7972 0.9933, 0.8289 -0.9207 2.8346, 0.8298 -0.9216 0.9933, 0.8868 -0.8669 2.8346, 0.9493 -0.7965 2.8346, 0.7989 -0.9486 2.8346, 0.7035 -1.0213 2.8346, 0.6935 -1.0281 0.9933, 0.6932 -1.0278 2.8346, 0.5436 -1.1146 0.9933, 0.6152 -1.0768 2.8346, 0.5543 -1.1094 2.8346, 0.5434 -1.1142 2.8346, 0.4444 -1.1578 2.8346, 0.3832 -1.1795 0.9933, 0.3828 -1.1781 2.8346, 0.3303 -1.1954 2.8346, 0.2154 -1.2213 0.9933, 0.2153 -1.2212 2.8346, 0.0433 -1.2394 0.9933, 0.2132 -1.2217 2.8346, 0.094 -1.2366 2.8346, -0.1296 -1.2327 2.8346, -0.1296 -1.2334 0.9933, -0.026 -1.2399 2.8346, 0.0432 -1.238 2.8346, -0.1458 -1.2316 2.8346, -0.2642 -1.2117 2.8346, -0.3 -1.2033 0.9933, -0.4642 -1.1488 2.8346, -0.4646 -1.1499 0.9933, -0.3802 -1.1804 2.8346, -0.2997 -1.2021 2.8346, -0.4926 -1.1381 2.8346, -0.6003 -1.0852 2.8346, -0.6201 -1.074 0.9933, -0.7627 -0.9762 2.8346, -0.7635 -0.9773 0.9933, -0.7025 -1.022 2.8346, -0.6196 -1.0733 2.8346, -0.798 -0.9493 2.8346, -0.8861 -0.8677 2.8346, -0.8921 -0.8615 0.9933, -0.8918 -0.8612 2.8346, -0.9658 -0.7779 2.8346, -1.0033 -0.7289 0.9933, -1.0021 -0.7281 2.8346, -1.0365 -0.6809 2.8346, -1.095 -0.5822 0.9933, -1.0948 -0.5821 2.8346, -1.1654 -0.4242 0.9933, -1.0975 -0.5774 2.8346, -1.1482 -0.4686 2.8346, -1.2123 -0.2577 2.8346, -1.2131 -0.2578 0.9933, -1.1882 -0.3553 2.8346, -1.1641 -0.4237 2.8346, -1.217 -0.2388 2.8346, -1.2343 -0.1199 2.8346, -1.2371 -0.0865 0.9933, -1.236 0.0865 2.8346, -1.2371 0.0865 0.9933, -1.2402 0.0 2.8346, -1.236 -0.0865 2.8346, -1.2343 0.1199 2.8346, -1.217 0.2388 2.8346, -1.2131 0.2578 0.9933, -1.1641 0.4237 2.8346, -1.1654 0.4242 0.9933, -1.1882 0.3553 2.8346, -1.2123 0.2577 2.8346, -1.1482 0.4686 2.8346, -1.0975 0.5774 2.8346, -1.095 0.5822 0.9933, -1.0948 0.5821 2.8346, -1.0365 0.6809 2.8346, -1.0033 0.7289 0.9933, -1.0021 0.7281 2.8346, -0.9658 0.7779 2.8346, -0.8921 0.8615 0.9933, -0.8918 0.8612 2.8346, -0.7635 0.9773 0.9933, -0.8861 0.8677 2.8346, -0.798 0.9493 2.8346, -0.6196 1.0733 2.8346, -0.6201 1.074 0.9933, -0.7025 1.022 2.8346, -0.7627 0.9762 2.8346, -0.6003 1.0852 2.8346, -0.4926 1.1381 2.8346, -0.4646 1.1499 0.9933, -0.2997 1.2021 2.8346, -0.3 1.2033 0.9933, -0.3802 1.1804 2.8346, -0.4642 1.1488 2.8346, -0.2642 1.2117 2.8346, -0.1458 1.2316 2.8346, -0.1296 1.2334 0.9933, 0.0432 1.238 2.8346, 0.0433 1.2394 0.9933, -0.026 1.2399 2.8346, -0.1296 1.2327 2.8346, 0.094 1.2366 2.8346, 0.2132 1.2217 2.8346, 0.2154 1.2213 0.9933, 0.2153 1.2212 2.8346, 0.3303 1.1954 2.8346, 0.3832 1.1795 0.9933, 0.5434 1.1142 2.8346, 0.5436 1.1146 0.9933, 0.4444 1.1578 2.8346, 0.3828 1.1781 2.8346, 0.6932 1.0278 2.8346, 0.6935 1.0281 0.9933, 0.6152 1.0768 2.8346, 0.5543 1.1094 2.8346, 0.7035 1.0213 2.8346, 0.7989 0.9486 2.8346, 0.8298 0.9216 0.9933, 0.9493 0.7965 2.8346, 0.95 0.7972 0.9933, 0.8868 0.8669 2.8346, 0.8289 0.9207 2.8346, 0.9664 0.7772 2.8346, 1.037 0.6802 2.8346, 1.0517 0.6572 0.9933, 1.1318 0.5039 2.8346, 1.1329 0.5044 0.9933, 1.0978 0.5769 2.8346, 1.0508 0.6567 2.8346, 1.1484 0.4681 2.8346, 1.1883 0.355 2.8346, 1.1921 0.3418 0.9933, 1.1915 0.3417 2.8346, 1.217 0.2385 2.8346, 1.2281 0.1726 0.9933, 1.2267 0.1724 2.8346, 1.2344 0.1198 2.8346, 1.2402 -0.0 2.8346, -0.7986 0.8869 0.866, -0.8273 0.8581 0.866, -0.846 0.8775 0.9044, 0.7986 -0.8869 0.866, 0.8273 -0.8581 0.866, 0.846 -0.8775 0.9044, 1.1869 -0.1247 0.866, 1.2157 -0.089 0.9044, 1.1792 -0.1735 0.866, 1.2059 -0.1775 0.9044, 1.1674 -0.2481 0.866, 1.1897 -0.265 0.9044, 1.1643 -0.2593 0.866, 1.1672 -0.3512 0.9044, 1.1418 -0.3435 0.866, 1.0335 -0.5967 0.866, 1.0401 -0.5838 0.866, 1.0629 -0.5966 0.9044, 1.0797 -0.5061 0.866, 1.1037 -0.5174 0.9044, 1.0903 -0.4854 0.866, 1.1385 -0.4354 0.9044, 1.1132 -0.4257 0.866, 1.135 -0.3688 0.866, 0.994 -0.6576 0.866, 1.0166 -0.6726 0.9044, 0.9655 -0.7015 0.866, 0.9648 -0.745 0.9044, 0.9436 -0.7286 0.866, 0.9078 -0.8134 0.9044, 0.8887 -0.7963 0.866, 0.8869 -0.7986 0.866, 0.7624 -0.9161 0.866, 0.7797 -0.9369 0.9044, 0.7015 -0.9655 0.866, 0.7092 -0.9913 0.9044, 0.6942 -0.9702 0.866, 0.635 -1.0404 0.9044, 0.6211 -1.0177 0.866, 0.3688 -1.135 0.866, 0.3851 -1.1288 0.866, 0.3936 -1.1536 0.9044, 0.4664 -1.0975 0.866, 0.4767 -1.1218 0.9044, 0.4854 -1.0903 0.866, 0.5573 -1.084 0.9044, 0.5449 -1.0599 0.866, 0.5967 -1.0335 0.866, 0.3014 -1.1531 0.866, 0.3083 -1.1793 0.9044, 0.2481 -1.1674 0.866, 0.2214 -1.1986 0.9044, 0.2166 -1.1723 0.866, 0.1333 -1.2116 0.9044, 0.1305 -1.186 0.866, 0.0445 -1.2181 0.9044, 0.0435 -1.1911 0.866, 0.1247 -1.1869 0.866, -0.2481 -1.1674 0.866, -0.2166 -1.1723 0.866, -0.2214 -1.1986 0.9044, -0.1305 -1.186 0.866, -0.1333 -1.2116 0.9044, -0.1247 -1.1869 0.866, -0.0445 -1.2181 0.9044, -0.0435 -1.1911 0.866, 0.0 -1.1934 0.866, -0.3014 -1.1531 0.866, -0.3083 -1.1793 0.9044, -0.3688 -1.135 0.866, -0.3936 -1.1536 0.9044, -0.3851 -1.1288 0.866, -0.4767 -1.1218 0.9044, -0.4664 -1.0975 0.866, -0.7015 -0.9655 0.866, -0.6942 -0.9702 0.866, -0.7092 -0.9913 0.9044, -0.6211 -1.0177 0.866, -0.635 -1.0404 0.9044, -0.5967 -1.0335 0.866, -0.5573 -1.084 0.9044, -0.5449 -1.0599 0.866, -0.4854 -1.0903 0.866, -0.7624 -0.9161 0.866, -0.7797 -0.9369 0.9044, -0.7986 -0.8869 0.866, -0.846 -0.8775 0.9044, -0.8273 -0.8581 0.866, -0.8869 -0.7986 0.866, -0.9078 -0.8134 0.9044, -0.8887 -0.7963 0.866, -0.9648 -0.745 0.9044, -0.9436 -0.7286 0.866, -1.0903 -0.4854 0.866, -1.0797 -0.5061 0.866, -1.1037 -0.5174 0.9044, -1.0401 -0.5838 0.866, -1.0629 -0.5966 0.9044, -1.0335 -0.5967 0.866, -1.0166 -0.6726 0.9044, -0.994 -0.6576 0.866, -0.9655 -0.7015 0.866, -1.1132 -0.4257 0.866, -1.1385 -0.4354 0.9044, -1.135 -0.3688 0.866, -1.1672 -0.3512 0.9044, -1.1418 -0.3435 0.866, -1.1897 -0.265 0.9044, -1.1643 -0.2593 0.866, -1.1869 0.1247 0.866, -1.1889 0.087 0.866, -1.2157 0.089 0.9044, -1.1934 0.0 0.866, -1.2189 0.0 0.9044, -1.1889 -0.087 0.866, -1.2157 -0.089 0.9044, -1.1869 -0.1247 0.866, -1.2059 -0.1775 0.9044, -1.1792 -0.1735 0.866, -1.1674 -0.2481 0.866, -1.1792 0.1735 0.866, -1.2059 0.1775 0.9044, -1.1674 0.2481 0.866, -1.1897 0.265 0.9044, -1.1643 0.2593 0.866, -1.1672 0.3512 0.9044, -1.1418 0.3435 0.866, -1.0335 0.5967 0.866, -1.0401 0.5838 0.866, -1.0629 0.5966 0.9044, -1.0797 0.5061 0.866, -1.1037 0.5174 0.9044, -1.0903 0.4854 0.866, -1.1385 0.4354 0.9044, -1.1132 0.4257 0.866, -1.135 0.3688 0.866, -0.994 0.6576 0.866, -1.0166 0.6726 0.9044, -0.9655 0.7015 0.866, -0.9648 0.745 0.9044, -0.9436 0.7286 0.866, -0.9078 0.8134 0.9044, -0.8887 0.7963 0.866, -0.8869 0.7986 0.866, -0.7624 0.9161 0.866, -0.7797 0.9369 0.9044, -0.7015 0.9655 0.866, -0.7092 0.9913 0.9044, -0.6942 0.9702 0.866, -0.635 1.0404 0.9044, -0.6211 1.0177 0.866, -0.3688 1.135 0.866, -0.3851 1.1288 0.866, -0.3936 1.1536 0.9044, -0.4664 1.0975 0.866, -0.4767 1.1218 0.9044, -0.4854 1.0903 0.866, -0.5573 1.084 0.9044, -0.5449 1.0599 0.866, -0.5967 1.0335 0.866, -0.3014 1.1531 0.866, -0.3083 1.1793 0.9044, -0.2481 1.1674 0.866, -0.2214 1.1986 0.9044, -0.2166 1.1723 0.866, -0.1333 1.2116 0.9044, -0.1305 1.186 0.866, 0.0445 1.2181 0.9044, 0.0 1.1934 0.866, -0.0445 1.2181 0.9044, -0.0435 1.1911 0.866, -0.1247 1.1869 0.866, 0.2481 1.1674 0.866, 0.2166 1.1723 0.866, 0.2214 1.1986 0.9044, 0.1305 1.186 0.866, 0.1333 1.2116 0.9044, 0.1247 1.1869 0.866, 0.0435 1.1911 0.866, 0.3014 1.1531 0.866, 0.3083 1.1793 0.9044, 0.3688 1.135 0.866, 0.3936 1.1536 0.9044, 0.3851 1.1288 0.866, 0.4767 1.1218 0.9044, 0.4664 1.0975 0.866, 0.7015 0.9655 0.866, 0.6942 0.9702 0.866, 0.7092 0.9913 0.9044, 0.6211 1.0177 0.866, 0.635 1.0404 0.9044, 0.5967 1.0335 0.866, 0.5573 1.084 0.9044, 0.5449 1.0599 0.866, 0.4854 1.0903 0.866, 0.7624 0.9161 0.866, 0.7797 0.9369 0.9044, 0.7986 0.8869 0.866, 0.846 0.8775 0.9044, 0.8273 0.8581 0.866, 0.8869 0.7986 0.866, 0.9078 0.8134 0.9044, 0.8887 0.7963 0.866, 0.9648 0.745 0.9044, 0.9436 0.7286 0.866, 1.0903 0.4854 0.866, 1.0797 0.5061 0.866, 1.1037 0.5174 0.9044, 1.0401 0.5838 0.866, 1.0629 0.5966 0.9044, 1.0335 0.5967 0.866, 1.0166 0.6726 0.9044, 0.994 0.6576 0.866, 0.9655 0.7015 0.866, 1.1132 0.4257 0.866, 1.1385 0.4354 0.9044, 1.135 0.3688 0.866, 1.1672 0.3512 0.9044, 1.1418 0.3435 0.866, 1.1897 0.265 0.9044, 1.1643 0.2593 0.866, 1.2315 0.0901 0.9476, 1.2368 0.0905 0.9933, 1.2216 0.1798 0.9476, 1.2269 0.1806 0.9933, 1.2052 0.2685 0.9476, 1.2105 0.2696 0.9933, 1.1824 0.3557 0.9476, 1.1876 0.3573 0.9933, 1.1533 0.4411 0.9476, 1.1583 0.443 0.9933, 1.118 0.5241 0.9476, 1.1229 0.5264 0.9933, 1.0768 0.6043 0.9476, 1.0815 0.607 0.9933, 1.0298 0.6813 0.9476, 1.0343 0.6843 0.9933, 0.9773 0.7547 0.9476, 0.9816 0.758 0.9933, 0.9196 0.824 0.9476, 0.9236 0.8276 0.9933, 0.857 0.8889 0.9476, 0.8608 0.8928 0.9933, 0.7898 0.9491 0.9476, 0.7933 0.9532 0.9933, 0.7185 1.0042 0.9476, 0.7216 1.0086 0.9933, 0.6432 1.054 0.9476, 0.646 1.0586 0.9933, 0.5646 1.0981 0.9476, 0.5671 1.1029 0.9933, 0.4829 1.1364 0.9476, 0.485 1.1414 0.9933, 0.3987 1.1686 0.9476, 0.4004 1.1737 0.9933, 0.3123 1.1946 0.9476, 0.3137 1.1998 0.9933, 0.2243 1.2142 0.9476, 0.2253 1.2195 0.9933, 0.135 1.2274 0.9476, 0.1356 1.2327 0.9933, 0.0451 1.2339 0.9476, 0.0453 1.2393 0.9933, -0.0451 1.2339 0.9476, -0.0453 1.2393 0.9933, -0.135 1.2274 0.9476, -0.1356 1.2327 0.9933, -0.2243 1.2142 0.9476, -0.2253 1.2195 0.9933, -0.3123 1.1946 0.9476, -0.3137 1.1998 0.9933, -0.3987 1.1686 0.9476, -0.4004 1.1737 0.9933, -0.4829 1.1364 0.9476, -0.485 1.1414 0.9933, -0.5646 1.0981 0.9476, -0.5671 1.1029 0.9933, -0.6432 1.054 0.9476, -0.646 1.0586 0.9933, -0.7185 1.0042 0.9476, -0.7216 1.0086 0.9933, -0.7898 0.9491 0.9476, -0.7933 0.9532 0.9933, -0.857 0.8889 0.9476, -0.8608 0.8928 0.9933, -0.9196 0.824 0.9476, -0.9236 0.8276 0.9933, -0.9773 0.7547 0.9476, -0.9816 0.758 0.9933, -1.0298 0.6813 0.9476, -1.0343 0.6843 0.9933, -1.0768 0.6043 0.9476, -1.0815 0.607 0.9933, -1.118 0.5241 0.9476, -1.1229 0.5264 0.9933, -1.1533 0.4411 0.9476, -1.1583 0.443 0.9933, -1.1824 0.3557 0.9476, -1.1876 0.3573 0.9933, -1.2052 0.2685 0.9476, -1.2105 0.2696 0.9933, -1.2216 0.1798 0.9476, -1.2269 0.1806 0.9933, -1.2315 0.0901 0.9476, -1.2368 0.0905 0.9933, -1.2348 0.0 0.9476, -1.2402 0.0 0.9933, -1.2315 -0.0901 0.9476, -1.2368 -0.0905 0.9933, -1.2216 -0.1798 0.9476, -1.2269 -0.1806 0.9933, -1.2052 -0.2685 0.9476, -1.2105 -0.2696 0.9933, -1.1824 -0.3557 0.9476, -1.1876 -0.3573 0.9933, -1.1533 -0.4411 0.9476, -1.1583 -0.443 0.9933, -1.118 -0.5241 0.9476, -1.1229 -0.5264 0.9933, -1.0768 -0.6043 0.9476, -1.0815 -0.607 0.9933, -1.0298 -0.6813 0.9476, -1.0343 -0.6843 0.9933, -0.9773 -0.7547 0.9476, -0.9816 -0.758 0.9933, -0.9196 -0.824 0.9476, -0.9236 -0.8276 0.9933, -0.857 -0.8889 0.9476, -0.8608 -0.8928 0.9933, -0.7898 -0.9491 0.9476, -0.7933 -0.9532 0.9933, -0.7185 -1.0042 0.9476, -0.7216 -1.0086 0.9933, -0.6432 -1.054 0.9476, -0.646 -1.0586 0.9933, -0.5646 -1.0981 0.9476, -0.5671 -1.1029 0.9933, -0.4829 -1.1364 0.9476, -0.485 -1.1414 0.9933, -0.3987 -1.1686 0.9476, -0.4004 -1.1737 0.9933, -0.3123 -1.1946 0.9476, -0.3137 -1.1998 0.9933, -0.2243 -1.2142 0.9476, -0.2253 -1.2195 0.9933, -0.135 -1.2274 0.9476, -0.1356 -1.2327 0.9933, -0.0451 -1.2339 0.9476, -0.0453 -1.2393 0.9933, 0.0451 -1.2339 0.9476, 0.0453 -1.2393 0.9933, 0.135 -1.2274 0.9476, 0.1356 -1.2327 0.9933, 0.2243 -1.2142 0.9476, 0.2253 -1.2195 0.9933, 0.3123 -1.1946 0.9476, 0.3137 -1.1998 0.9933, 0.3987 -1.1686 0.9476, 0.4004 -1.1737 0.9933, 0.4829 -1.1364 0.9476, 0.485 -1.1414 0.9933, 0.5646 -1.0981 0.9476, 0.5671 -1.1029 0.9933, 0.6432 -1.054 0.9476, 0.646 -1.0586 0.9933, 0.7185 -1.0042 0.9476, 0.7216 -1.0086 0.9933, 0.7898 -0.9491 0.9476, 0.7933 -0.9532 0.9933, 0.857 -0.8889 0.9476, 0.8608 -0.8928 0.9933, 0.9196 -0.824 0.9476, 0.9236 -0.8276 0.9933, 0.9773 -0.7547 0.9476, 0.9816 -0.758 0.9933, 1.0298 -0.6813 0.9476, 1.0343 -0.6843 0.9933, 1.0768 -0.6043 0.9476, 1.0815 -0.607 0.9933, 1.118 -0.5241 0.9476, 1.1229 -0.5264 0.9933, 1.1533 -0.4411 0.9476, 1.1583 -0.443 0.9933, 1.1824 -0.3557 0.9476, 1.1876 -0.3573 0.9933, 1.2052 -0.2685 0.9476, 1.2105 -0.2696 0.9933, 1.2216 -0.1798 0.9476, 1.2269 -0.1806 0.9933, 1.2315 -0.0901 0.9476, 1.2368 -0.0905 0.9933, 1.2348 0.0 0.9476, 1.2157 0.089 0.9044, 1.2059 0.1775 0.9044, 1.2189 0.0 0.9044, 1.1889 -0.087 0.866, 1.1934 0.0 0.866, 1.1889 0.087 0.866, 1.1869 0.1247 0.866, 1.1792 0.1735 0.866, 1.1674 0.2481 0.866, 1.0407 0.5841 0.5604, 1.0332 0.5965 0.5604, 1.0071 0.5814 0.6064, 0.8888 0.7964 0.5604, 0.8868 0.7985 0.5604, 0.8642 0.7781 0.6064, 0.8283 0.8592 0.5604, 0.798 0.8863 0.5604, 0.7781 0.8642 0.6064, 0.7634 0.9173 0.5604, 0.7013 0.9653 0.5604, 0.6835 0.9408 0.6064, 0.3853 1.1295 0.5604, 0.3686 1.1345 0.5604, 0.3593 1.1059 0.6064, 0.1305 1.1863 0.5604, 0.1247 1.1867 0.5604, 0.1216 1.1565 0.6064, -0.0436 1.1926 0.5604, -0.1247 1.1867 0.5604, -0.1216 1.1565 0.6064, -0.3019 1.1546 0.5604, -0.3686 1.1345 0.5604, -0.3593 1.1059 0.6064, -0.6944 0.9706 0.5604, -0.7013 0.9653 0.5604, -0.6835 0.9408 0.6064, -0.8283 0.8592 0.5604, -0.8868 0.7985 0.5604, -0.8642 0.7781 0.6064, -0.9953 0.6585 0.5604, -1.0332 0.5965 0.5604, -1.0071 0.5814 0.6064, -1.1649 0.2595 0.5604, -1.167 0.2481 0.5604, -1.1374 0.2418 0.6064, -1.1902 0.0871 0.5604, -1.1934 0.0 0.5604, -1.1629 0.0 0.6064, -1.1807 -0.1738 0.5604, -1.167 -0.2481 0.5604, -1.1374 -0.2418 0.6064, -1.0407 -0.5841 0.5604, -1.0332 -0.5965 0.5604, -1.0071 -0.5814 0.6064, -0.8888 -0.7964 0.5604, -0.8868 -0.7985 0.5604, -0.8642 -0.7781 0.6064, -0.8283 -0.8592 0.5604, -0.798 -0.8863 0.5604, -0.7781 -0.8642 0.6064, -0.7634 -0.9173 0.5604, -0.7013 -0.9653 0.5604, -0.6835 -0.9408 0.6064, -0.3853 -1.1295 0.5604, -0.3686 -1.1345 0.5604, -0.3593 -1.1059 0.6064, -0.1305 -1.1863 0.5604, -0.1247 -1.1867 0.5604, -0.1216 -1.1565 0.6064, 0.0436 -1.1926 0.5604, 0.1247 -1.1867 0.5604, 0.1216 -1.1565 0.6064, 0.3019 -1.1546 0.5604, 0.3686 -1.1345 0.5604, 0.3593 -1.1059 0.6064, 0.6944 -0.9706 0.5604, 0.7013 -0.9653 0.5604, 0.6835 -0.9408 0.6064, 0.8283 -0.8592 0.5604, 0.8868 -0.7985 0.5604, 0.8642 -0.7781 0.6064, 0.9953 -0.6585 0.5604, 1.0332 -0.5965 0.5604, 1.0071 -0.5814 0.6064, 1.1649 -0.2595 0.5604, 1.167 -0.2481 0.5604, 1.1374 -0.2418 0.6064, 0.7781 0.8642 0.82, 0.8642 0.7781 0.82, 0.85 0.7654 0.7681, 1.1374 0.2418 0.82, 1.0623 0.473 0.82, 0.2418 1.1374 0.82, 0.1216 1.1565 0.82, 0.0 1.1629 0.82, -0.5814 1.0071 0.82, -0.6835 0.9408 0.82, -0.7781 0.8642 0.82, -0.9408 0.6835 0.82, -1.1059 0.3593 0.82, -1.1374 0.2418 0.82, -1.1565 0.1216 0.82, -1.1565 -0.1216 0.82, -1.0071 -0.5814 0.82, -0.9408 -0.6835 0.82, -0.8642 -0.7781 0.82, -0.7781 -0.8642 0.82, -0.3593 -1.1059 0.82, -0.2418 -1.1374 0.82, -0.1216 -1.1565 0.82, 0.0 -1.1629 0.82, 0.5814 -1.0071 0.82, 0.6835 -0.9408 0.82, 0.7781 -0.8642 0.82, 0.9408 -0.6835 0.82, 1.1059 -0.3593 0.82, 1.1374 -0.2418 0.82, 1.1565 -0.1216 0.82, 1.0623 -0.473 0.82, 0.8642 -0.7781 0.82, 0.473 -1.0623 0.82, 0.2418 -1.1374 0.82, -0.473 -1.0623 0.82, -0.5814 -1.0071 0.82, -1.0623 -0.473 0.82, -1.1059 -0.3593 0.82, -1.0623 0.473 0.82, -0.8642 0.7781 0.82, -0.473 1.0623 0.82, -0.2418 1.1374 0.82, 0.3593 1.1059 0.82, 0.5814 1.0071 0.82, 0.9408 0.6835 0.82, 1.0071 0.5814 0.82, 1.1059 0.3593 0.82, 1.1565 0.1216 0.82, -0.6835 -0.9408 0.82, -0.6723 -0.9254 0.7681, -0.7654 -0.85 0.7681, -0.761 -0.8452 0.7132, 0.6835 0.9408 0.82, 0.6723 0.9254 0.7681, 0.7654 0.85 0.7681, 0.761 0.8452 0.7132, 0.9201 0.6685 0.7132, 0.9254 0.6723 0.7681, -0.5719 -0.9906 0.7681, -0.6685 -0.9201 0.7132, -0.7654 -0.85 0.6583, 0.473 1.0623 0.82, 0.5719 0.9906 0.7681, 0.6685 0.9201 0.7132, 0.7654 0.85 0.6583, 0.9906 0.5719 0.6583, 0.985 0.5687 0.7132, 0.9906 0.5719 0.7681, -0.4652 -1.0449 0.7681, -0.5687 -0.985 0.7132, -0.6723 -0.9254 0.6583, 0.4652 1.0449 0.7681, 0.5687 0.985 0.7132, 0.6723 0.9254 0.6583, 1.0623 0.473 0.6064, 1.0449 0.4652 0.6583, 1.039 0.4626 0.7132, 1.0449 0.4652 0.7681, 1.1565 -0.1216 0.6064, 1.1376 -0.1196 0.6583, 1.0623 -0.473 0.6064, 1.1059 -0.3593 0.6064, 1.0878 -0.3535 0.6583, 1.1188 -0.2378 0.6583, 1.1125 -0.2365 0.7132, 1.1311 -0.1189 0.7132, 1.1376 -0.1196 0.7681, 1.1438 0.0 0.7681, 1.1629 0.0 0.82, 1.0071 -0.5814 0.82, 0.9906 -0.5719 0.7681, 0.9254 -0.6723 0.7681, 0.9201 -0.6685 0.7132, 0.8452 -0.761 0.7132, 0.85 -0.7654 0.6583, 0.7654 -0.85 0.6583, 0.7781 -0.8642 0.6064, 0.85 -0.7654 0.7681, 0.7654 -0.85 0.7681, 0.761 -0.8452 0.7132, 0.6685 -0.9201 0.7132, 0.6723 -0.9254 0.6583, 0.5719 -0.9906 0.6583, 0.5814 -1.0071 0.6064, 0.473 -1.0623 0.6064, 0.3593 -1.1059 0.82, 0.3535 -1.0878 0.7681, 0.2378 -1.1188 0.7681, 0.2365 -1.1125 0.7132, 0.1189 -1.1311 0.7132, 0.1196 -1.1376 0.6583, 0.0 -1.1438 0.6583, 0.0 -1.1629 0.6064, 0.1216 -1.1565 0.82, 0.1196 -1.1376 0.7681, 0.0 -1.1438 0.7681, 0.0 -1.1374 0.7132, -0.1189 -1.1311 0.7132, -0.1196 -1.1376 0.6583, -0.2378 -1.1188 0.6583, -0.2418 -1.1374 0.6064, -0.9408 -0.6835 0.6064, -0.9254 -0.6723 0.6583, -1.0449 -0.4652 0.7681, -1.0878 -0.3535 0.7681, -1.0817 -0.3515 0.7132, -1.1125 -0.2365 0.7132, -1.1188 -0.2378 0.6583, -1.1376 -0.1196 0.6583, -1.1565 -0.1216 0.6064, -1.1374 -0.2418 0.82, -1.1188 -0.2378 0.7681, -1.1376 -0.1196 0.7681, -1.1311 -0.1189 0.7132, -1.1374 0.0 0.7132, -1.1438 0.0 0.6583, -1.1376 0.1196 0.6583, -1.1565 0.1216 0.6064, -1.1629 0.0 0.82, -1.1438 0.0 0.7681, -1.1376 0.1196 0.7681, -1.1311 0.1189 0.7132, -1.1125 0.2365 0.7132, -1.1188 0.2378 0.6583, -1.0878 0.3535 0.6583, -1.1059 0.3593 0.6064, -1.0623 0.473 0.6064, -1.0071 0.5814 0.82, -0.9906 0.5719 0.7681, -0.9254 0.6723 0.7681, -0.9201 0.6685 0.7132, -0.8452 0.761 0.7132, -0.85 0.7654 0.6583, -0.7654 0.85 0.6583, -0.7781 0.8642 0.6064, -0.85 0.7654 0.7681, -0.7654 0.85 0.7681, -0.761 0.8452 0.7132, -0.6685 0.9201 0.7132, -0.6723 0.9254 0.6583, -0.5719 0.9906 0.6583, -0.5814 1.0071 0.6064, -0.473 1.0623 0.6064, -0.3593 1.1059 0.82, -0.3535 1.0878 0.7681, -0.2378 1.1188 0.7681, -0.2365 1.1125 0.7132, -0.1189 1.1311 0.7132, -0.1196 1.1376 0.6583, 0.0 1.1438 0.6583, 0.0 1.1629 0.6064, -0.1216 1.1565 0.82, -0.1196 1.1376 0.7681, 0.0 1.1438 0.7681, 0.0 1.1374 0.7132, 0.1189 1.1311 0.7132, 0.1196 1.1376 0.6583, 0.2378 1.1188 0.6583, 0.2418 1.1374 0.6064, 0.9408 0.6835 0.6064, 0.9254 0.6723 0.6583, 1.1861 -0.1247 0.5604, 1.1902 -0.0871 0.5604, 1.1374 0.0 0.7132, 1.1438 0.0 0.6583, 1.1629 0.0 0.6064, 1.1934 0.0 0.5604, 1.1807 -0.1738 0.5604, 1.1344 -0.3686 0.5604, 1.1428 -0.3438 0.5604, 1.0407 -0.5841 0.5604, 1.0806 -0.5066 0.5604, 1.0897 -0.4852 0.5604, 1.1147 -0.4263 0.5604, 1.0449 -0.4652 0.6583, 1.0817 -0.3515 0.7132, 1.1188 -0.2378 0.7681, 1.0878 -0.3535 0.7681, 1.039 -0.4626 0.7132, 0.9906 -0.5719 0.6583, 0.9408 -0.6835 0.6064, 0.8888 -0.7964 0.5604, 0.9446 -0.7294 0.5604, 0.9649 -0.701 0.5604, 0.9254 -0.6723 0.6583, 0.985 -0.5687 0.7132, 1.0449 -0.4652 0.7681, 0.798 -0.8863 0.5604, 0.7634 -0.9173 0.5604, 0.5964 -1.0329 0.5604, 0.6217 -1.0187 0.5604, 0.3853 -1.1295 0.5604, 0.4668 -1.0984 0.5604, 0.4852 -1.0897 0.5604, 0.5457 -1.0614 0.5604, 0.4652 -1.0449 0.6583, 0.5687 -0.985 0.7132, 0.6723 -0.9254 0.7681, 0.5719 -0.9906 0.7681, 0.4626 -1.039 0.7132, 0.3535 -1.0878 0.6583, 0.2418 -1.1374 0.6064, 0.1305 -1.1863 0.5604, 0.2168 -1.1736 0.5604, 0.248 -1.1666 0.5604, 0.2378 -1.1188 0.6583, 0.3515 -1.0817 0.7132, 0.4652 -1.0449 0.7681, 0.0 -1.1926 0.5604, -0.0436 -1.1926 0.5604, -0.248 -1.1666 0.5604, -0.2168 -1.1736 0.5604, -0.3019 -1.1546 0.5604, -0.5457 -1.0614 0.5604, -0.4852 -1.0897 0.5604, -0.473 -1.0623 0.6064, -0.4668 -1.0984 0.5604, -0.3535 -1.0878 0.6583, -0.2365 -1.1125 0.7132, -0.1196 -1.1376 0.7681, -0.2378 -1.1188 0.7681, -0.3515 -1.0817 0.7132, -0.4652 -1.0449 0.6583, -0.5814 -1.0071 0.6064, -0.6944 -0.9706 0.5604, -0.6217 -1.0187 0.5604, -0.5964 -1.0329 0.5604, -0.5719 -0.9906 0.6583, -0.4626 -1.039 0.7132, -0.3535 -1.0878 0.7681, -0.8452 -0.761 0.7132, -0.85 -0.7654 0.6583, -0.9649 -0.701 0.5604, -0.9446 -0.7294 0.5604, -0.9953 -0.6585 0.5604, -1.1147 -0.4263 0.5604, -1.0897 -0.4852 0.5604, -1.0623 -0.473 0.6064, -1.0806 -0.5066 0.5604, -0.9906 -0.5719 0.6583, -0.9201 -0.6685 0.7132, -0.85 -0.7654 0.7681, -0.9254 -0.6723 0.7681, -0.985 -0.5687 0.7132, -1.0449 -0.4652 0.6583, -1.1059 -0.3593 0.6064, -1.1649 -0.2595 0.5604, -1.1428 -0.3438 0.5604, -1.1344 -0.3686 0.5604, -1.0878 -0.3535 0.6583, -1.039 -0.4626 0.7132, -0.9906 -0.5719 0.7681, -1.1861 -0.1247 0.5604, -1.1902 -0.0871 0.5604, -1.1861 0.1247 0.5604, -1.1807 0.1738 0.5604, -1.1344 0.3686 0.5604, -1.1428 0.3438 0.5604, -1.0407 0.5841 0.5604, -1.0806 0.5066 0.5604, -1.0897 0.4852 0.5604, -1.1147 0.4263 0.5604, -1.0449 0.4652 0.6583, -1.0817 0.3515 0.7132, -1.1188 0.2378 0.7681, -1.0878 0.3535 0.7681, -1.039 0.4626 0.7132, -0.9906 0.5719 0.6583, -0.9408 0.6835 0.6064, -0.8888 0.7964 0.5604, -0.9446 0.7294 0.5604, -0.9649 0.701 0.5604, -0.9254 0.6723 0.6583, -0.985 0.5687 0.7132, -1.0449 0.4652 0.7681, -0.798 0.8863 0.5604, -0.7634 0.9173 0.5604, -0.5964 1.0329 0.5604, -0.6217 1.0187 0.5604, -0.3853 1.1295 0.5604, -0.4668 1.0984 0.5604, -0.4852 1.0897 0.5604, -0.5457 1.0614 0.5604, -0.4652 1.0449 0.6583, -0.5687 0.985 0.7132, -0.6723 0.9254 0.7681, -0.5719 0.9906 0.7681, -0.4626 1.039 0.7132, -0.3535 1.0878 0.6583, -0.2418 1.1374 0.6064, -0.1305 1.1863 0.5604, -0.2168 1.1736 0.5604, -0.248 1.1666 0.5604, -0.2378 1.1188 0.6583, -0.3515 1.0817 0.7132, -0.4652 1.0449 0.7681, 0.0 1.1926 0.5604, 0.0436 1.1926 0.5604, 0.248 1.1666 0.5604, 0.2168 1.1736 0.5604, 0.3019 1.1546 0.5604, 0.5457 1.0614 0.5604, 0.4852 1.0897 0.5604, 0.473 1.0623 0.6064, 0.4668 1.0984 0.5604, 0.3535 1.0878 0.6583, 0.2365 1.1125 0.7132, 0.1196 1.1376 0.7681, 0.2378 1.1188 0.7681, 0.3515 1.0817 0.7132, 0.4652 1.0449 0.6583, 0.5814 1.0071 0.6064, 0.6944 0.9706 0.5604, 0.6217 1.0187 0.5604, 0.5964 1.0329 0.5604, 0.5719 0.9906 0.6583, 0.4626 1.039 0.7132, 0.3535 1.0878 0.7681, 0.8452 0.761 0.7132, 0.85 0.7654 0.6583, 0.9649 0.701 0.5604, 0.9446 0.7294 0.5604, 0.9953 0.6585 0.5604, 1.0897 0.4852 0.5604, 1.0806 0.5066 0.5604, 1.1428 0.3438 0.5604, 1.1344 0.3686 0.5604, 1.1059 0.3593 0.6064, 1.1147 0.4263 0.5604, 1.0878 0.3535 0.7681, 1.0817 0.3515 0.7132, 1.0878 0.3535 0.6583, 1.1374 0.2418 0.6064, 1.167 0.2481 0.5604, 1.1649 0.2595 0.5604, 1.1188 0.2378 0.7681, 1.1125 0.2365 0.7132, 1.1188 0.2378 0.6583, 1.1902 0.0871 0.5604, 1.1861 0.1247 0.5604, 1.1565 0.1216 0.6064, 1.1807 0.1738 0.5604, 1.1376 0.1196 0.7681, 1.1311 0.1189 0.7132, 1.1376 0.1196 0.6583, 1.1897 -0.265 0.522, 1.2059 -0.1775 0.522, 1.1672 -0.3512 0.522, 1.1385 -0.4354 0.522, 1.1037 -0.5174 0.522, 1.0629 -0.5966 0.522, 1.0166 -0.6726 0.522, 0.9648 -0.745 0.522, 0.9078 -0.8134 0.522, 0.846 -0.8775 0.522, 0.7797 -0.9369 0.522, 0.7092 -0.9913 0.522, 0.635 -1.0404 0.522, 0.5573 -1.084 0.522, 0.4767 -1.1218 0.522, 0.3936 -1.1536 0.522, 0.3083 -1.1793 0.522, 0.2214 -1.1986 0.522, 0.1333 -1.2116 0.522, 0.0445 -1.2181 0.522, -0.0445 -1.2181 0.522, -0.1333 -1.2116 0.522, -0.2214 -1.1986 0.522, -0.3083 -1.1793 0.522, -0.3936 -1.1536 0.522, -0.4767 -1.1218 0.522, -0.5573 -1.084 0.522, -0.635 -1.0404 0.522, -0.7092 -0.9913 0.522, -0.7797 -0.9369 0.522, -0.846 -0.8775 0.522, -0.9078 -0.8134 0.522, -0.9648 -0.745 0.522, -1.0166 -0.6726 0.522, -1.0629 -0.5966 0.522, -1.1037 -0.5174 0.522, -1.1385 -0.4354 0.522, -1.1672 -0.3512 0.522, -1.1897 -0.265 0.522, -1.2059 -0.1775 0.522, -1.2157 -0.089 0.522, -1.2189 0.0 0.522, -1.2157 0.089 0.522, -1.2059 0.1775 0.522, -1.1897 0.265 0.522, -1.1672 0.3512 0.522, -1.1385 0.4354 0.522, -1.1037 0.5174 0.522, -1.0629 0.5966 0.522, -1.0166 0.6726 0.522, -0.9648 0.745 0.522, -0.9078 0.8134 0.522, -0.846 0.8775 0.522, -0.7797 0.9369 0.522, -0.7092 0.9913 0.522, -0.635 1.0404 0.522, -0.5573 1.084 0.522, -0.4767 1.1218 0.522, -0.3936 1.1536 0.522, -0.3083 1.1793 0.522, -0.2214 1.1986 0.522, -0.1333 1.2116 0.522, -0.0445 1.2181 0.522, 0.0445 1.2181 0.522, 0.1333 1.2116 0.522, 0.2214 1.1986 0.522, 0.3083 1.1793 0.522, 0.3936 1.1536 0.522, 0.4767 1.1218 0.522, 0.5573 1.084 0.522, 0.635 1.0404 0.522, 0.7092 0.9913 0.522, 0.7797 0.9369 0.522, 0.846 0.8775 0.522, 0.9078 0.8134 0.522, 0.9648 0.745 0.522, 1.0166 0.6726 0.522, 1.0629 0.5966 0.522, 1.1037 0.5174 0.522, 1.1385 0.4354 0.522, 1.1672 0.3512 0.522, 1.1897 0.265 0.522, 1.2059 0.1775 0.522, 1.2157 0.089 0.522, 1.2189 0.0 0.522, 1.2157 -0.089 0.522, 1.2315 0.0901 0.4788, 1.2216 0.1798 0.4788, 1.2052 0.2685 0.4788, 1.1824 0.3557 0.4788, 1.1533 0.4411 0.4788, 1.118 0.5241 0.4788, 1.0768 0.6043 0.4788, 1.0298 0.6813 0.4788, 0.9773 0.7547 0.4788, 0.9196 0.824 0.4788, 0.857 0.8889 0.4788, 0.7898 0.9491 0.4788, 0.7185 1.0042 0.4788, 0.6432 1.054 0.4788, 0.5646 1.0981 0.4788, 0.4829 1.1364 0.4788, 0.3987 1.1686 0.4788, 0.3123 1.1946 0.4788, 0.2243 1.2142 0.4788, 0.135 1.2274 0.4788, 0.0451 1.2339 0.4788, -0.0451 1.2339 0.4788, -0.135 1.2274 0.4788, -0.2243 1.2142 0.4788, -0.3123 1.1946 0.4788, -0.3987 1.1686 0.4788, -0.4829 1.1364 0.4788, -0.5646 1.0981 0.4788, -0.6432 1.054 0.4788, -0.7185 1.0042 0.4788, -0.7898 0.9491 0.4788, -0.857 0.8889 0.4788, -0.9196 0.824 0.4788, -0.9773 0.7547 0.4788, -1.0298 0.6813 0.4788, -1.0768 0.6043 0.4788, -1.118 0.5241 0.4788, -1.1533 0.4411 0.4788, -1.1824 0.3557 0.4788, -1.2052 0.2685 0.4788, -1.2216 0.1798 0.4788, -1.2315 0.0901 0.4788, -1.2348 0.0 0.4788, -1.2315 -0.0901 0.4788, -1.2216 -0.1798 0.4788, -1.2052 -0.2685 0.4788, -1.1824 -0.3557 0.4788, -1.1533 -0.4411 0.4788, -1.118 -0.5241 0.4788, -1.0768 -0.6043 0.4788, -1.0298 -0.6813 0.4788, -0.9773 -0.7547 0.4788, -0.9196 -0.824 0.4788, -0.857 -0.8889 0.4788, -0.7898 -0.9491 0.4788, -0.7185 -1.0042 0.4788, -0.6432 -1.054 0.4788, -0.5646 -1.0981 0.4788, -0.4829 -1.1364 0.4788, -0.3987 -1.1686 0.4788, -0.3123 -1.1946 0.4788, -0.2243 -1.2142 0.4788, -0.135 -1.2274 0.4788, -0.0451 -1.2339 0.4788, 0.0451 -1.2339 0.4788, 0.135 -1.2274 0.4788, 0.2243 -1.2142 0.4788, 0.3123 -1.1946 0.4788, 0.3987 -1.1686 0.4788, 0.4829 -1.1364 0.4788, 0.5646 -1.0981 0.4788, 0.6432 -1.054 0.4788, 0.7185 -1.0042 0.4788, 0.7898 -0.9491 0.4788, 0.857 -0.8889 0.4788, 0.9196 -0.824 0.4788, 0.9773 -0.7547 0.4788, 1.0298 -0.6813 0.4788, 1.0768 -0.6043 0.4788, 1.118 -0.5241 0.4788, 1.1533 -0.4411 0.4788, 1.1824 -0.3557 0.4788, 1.2052 -0.2685 0.4788, 1.2216 -0.1798 0.4788, 1.2315 -0.0901 0.4788, 1.2348 0.0 0.4788, 1.2368 0.0905 0.4331, 1.2269 0.1806 0.4331, 1.2105 0.2696 0.4331, 1.1876 0.3573 0.4331, 1.1583 0.443 0.4331, 1.1229 0.5264 0.4331, 1.0815 0.607 0.4331, 1.0343 0.6843 0.4331, 0.9816 0.758 0.4331, 0.9236 0.8276 0.4331, 0.8608 0.8928 0.4331, 0.7933 0.9532 0.4331, 0.7216 1.0086 0.4331, 0.646 1.0586 0.4331, 0.5671 1.1029 0.4331, 0.485 1.1414 0.4331, 0.4004 1.1737 0.4331, 0.3137 1.1998 0.4331, 0.2253 1.2195 0.4331, 0.1356 1.2327 0.4331, 0.0453 1.2393 0.4331, -0.0453 1.2393 0.4331, -0.1356 1.2327 0.4331, -0.2253 1.2195 0.4331, -0.3137 1.1998 0.4331, -0.4004 1.1737 0.4331, -0.485 1.1414 0.4331, -0.5671 1.1029 0.4331, -0.646 1.0586 0.4331, -0.7216 1.0086 0.4331, -0.7933 0.9532 0.4331, -0.8608 0.8928 0.4331, -0.9236 0.8276 0.4331, -0.9816 0.758 0.4331, -1.0343 0.6843 0.4331, -1.0815 0.607 0.4331, -1.1229 0.5264 0.4331, -1.1583 0.443 0.4331, -1.1876 0.3573 0.4331, -1.2105 0.2696 0.4331, -1.2269 0.1806 0.4331, -1.2368 0.0905 0.4331, -1.2402 0.0 0.4331, -1.2368 -0.0905 0.4331, -1.2269 -0.1806 0.4331, -1.2105 -0.2696 0.4331, -1.1876 -0.3573 0.4331, -1.1583 -0.443 0.4331, -1.1229 -0.5264 0.4331, -1.0815 -0.607 0.4331, -1.0343 -0.6843 0.4331, -0.9816 -0.758 0.4331, -0.9236 -0.8276 0.4331, -0.8608 -0.8928 0.4331, -0.7933 -0.9532 0.4331, -0.7216 -1.0086 0.4331, -0.646 -1.0586 0.4331, -0.5671 -1.1029 0.4331, -0.485 -1.1414 0.4331, -0.4004 -1.1737 0.4331, -0.3137 -1.1998 0.4331, -0.2253 -1.2195 0.4331, -0.1356 -1.2327 0.4331, -0.0453 -1.2393 0.4331, 0.0453 -1.2393 0.4331, 0.1356 -1.2327 0.4331, 0.2253 -1.2195 0.4331, 0.3137 -1.1998 0.4331, 0.4004 -1.1737 0.4331, 0.485 -1.1414 0.4331, 0.5671 -1.1029 0.4331, 0.646 -1.0586 0.4331, 0.7216 -1.0086 0.4331, 0.7933 -0.9532 0.4331, 0.8608 -0.8928 0.4331, 0.9236 -0.8276 0.4331, 0.9816 -0.758 0.4331, 1.0343 -0.6843 0.4331, 1.0815 -0.607 0.4331, 1.1229 -0.5264 0.4331, 1.1583 -0.443 0.4331, 1.1876 -0.3573 0.4331, 1.2105 -0.2696 0.4331, 1.2269 -0.1806 0.4331, 1.2368 -0.0905 0.4331, 1.2402 0.0 0.4331, 1.1364 -0.4966 0.3937, 0.9232 -0.8272 0.3937, 0.9315 -0.8187 0.3937, 1.0108 -0.7186 0.3937, 1.0331 -0.6835 0.3937, 1.0793 -0.6108 0.3937, 1.1218 -0.5258 0.3937, 0.8424 -0.9101 0.3937, 0.7922 -0.952 0.3937, 0.7444 -0.9919 0.3937, 0.6458 -1.0582 0.3937, 0.6384 -1.0632 0.3937, 0.5257 -1.1232 0.3937, 0.1356 -1.2317 0.3937, 0.1592 -1.2299 0.3937, 0.2848 -1.207 0.3937, 0.3133 -1.1987 0.3937, 0.4074 -1.1713 0.3937, 0.4845 -1.14 0.3937, 0.0319 -1.2397 0.3937, -0.0453 -1.2378 0.3937, -0.0957 -1.2365 0.3937, -0.2223 -1.2201 0.3937, -0.2252 -1.2194 0.3937, -0.3466 -1.1907 0.3937, -0.3999 -1.1722 0.3937, -0.4672 -1.1488 0.3937, -0.5667 -1.1022 0.3937, -0.5828 -1.0947 0.3937, -0.6923 -1.0289 0.3937, -0.981 -0.7576 0.3937, -0.9724 -0.7697 0.3937, -0.8881 -0.8656 0.3937, -0.8598 -0.8918 0.3937, -0.7944 -0.9523 0.3937, -0.7208 -1.0075 0.3937, -1.0464 -0.6656 0.3937, -1.0801 -0.6061 0.3937, -1.1093 -0.5545 0.3937, -1.1581 -0.4429 0.3937, -1.1604 -0.4375 0.3937, -1.1993 -0.3158 0.3937, -1.209 -0.2693 0.3937, -1.2254 -0.1908 0.3937, -1.2358 -0.0904 0.3937, -1.2385 -0.0638 0.3937, -1.2358 0.0904 0.3937, -1.2385 0.0638 0.3937, -1.2254 0.1908 0.3937, -1.209 0.2693 0.3937, -1.1993 0.3158 0.3937, -1.1604 0.4375 0.3937, -1.1581 0.4429 0.3937, -1.1093 0.5545 0.3937, -1.0801 0.6061 0.3937, -1.0464 0.6656 0.3937, -0.981 0.7576 0.3937, -0.9724 0.7697 0.3937, -0.8881 0.8656 0.3937, -0.5667 1.1022 0.3937, -0.5828 1.0947 0.3937, -0.6923 1.0289 0.3937, -0.7208 1.0075 0.3937, -0.7944 0.9523 0.3937, -0.8598 0.8918 0.3937, -0.4672 1.1488 0.3937, -0.3999 1.1722 0.3937, -0.3466 1.1907 0.3937, -0.2252 1.2194 0.3937, -0.2223 1.2201 0.3937, -0.0957 1.2365 0.3937, -0.0453 1.2378 0.3937, 0.0319 1.2397 0.3937, 0.1356 1.2317 0.3937, 0.1592 1.2299 0.3937, 0.2848 1.207 0.3937, 0.6458 1.0582 0.3937, 0.6384 1.0632 0.3937, 0.5257 1.1232 0.3937, 0.4845 1.14 0.3937, 0.4074 1.1713 0.3937, 0.3133 1.1987 0.3937, 0.7444 0.9919 0.3937, 0.7922 0.952 0.3937, 0.8424 0.9101 0.3937, 0.9232 0.8272 0.3937, 0.9315 0.8187 0.3937, 1.0108 0.7186 0.3937, 1.1814 0.3772 0.3937, 1.1364 0.4966 0.3937, 1.1218 0.5258 0.3937, 1.0793 0.6108 0.3937, 1.0331 0.6835 0.3937, 1.1814 -0.3772 0.3937, 1.1867 -0.3571 0.3937, 1.2139 -0.2537 0.3937, 1.2254 -0.1803 0.3937, 1.2336 -0.1275 0.3937, 1.2402 0.0 0.3937, 1.2336 0.1275 0.3937, 1.2254 0.1803 0.3937, 1.2139 0.2537 0.3937, 1.1867 0.3571 0.3937, 1.1767 -0.3756 0.3499, 1.2091 -0.2527 0.3499, 1.1319 -0.4946 0.3499, 1.075 -0.6084 0.3499, 1.0067 -0.7157 0.3499, 0.9278 -0.8154 0.3499, 0.8391 -0.9065 0.3499, 0.7414 -0.988 0.3499, 0.6359 -1.059 0.3499, 0.5236 -1.1187 0.3499, 0.4058 -1.1667 0.3499, 0.2837 -1.2022 0.3499, 0.1586 -1.225 0.3499, 0.0318 -1.2348 0.3499, -0.0953 -1.2315 0.3499, -0.2215 -1.2152 0.3499, -0.3452 -1.186 0.3499, -0.4653 -1.1442 0.3499, -0.5805 -1.0903 0.3499, -0.6896 -1.0248 0.3499, -0.7913 -0.9485 0.3499, -0.8846 -0.8621 0.3499, -0.9686 -0.7666 0.3499, -1.0423 -0.6629 0.3499, -1.1049 -0.5523 0.3499, -1.1558 -0.4357 0.3499, -1.1945 -0.3146 0.3499, -1.2205 -0.1901 0.3499, -1.2336 -0.0636 0.3499, -1.2336 0.0636 0.3499, -1.2205 0.1901 0.3499, -1.1945 0.3146 0.3499, -1.1558 0.4357 0.3499, -1.1049 0.5523 0.3499, -1.0423 0.6629 0.3499, -0.9686 0.7666 0.3499, -0.8846 0.8621 0.3499, -0.7913 0.9485 0.3499, -0.6896 1.0248 0.3499, -0.5805 1.0903 0.3499, -0.4653 1.1442 0.3499, -0.3452 1.186 0.3499, -0.2215 1.2152 0.3499, -0.0953 1.2315 0.3499, 0.0318 1.2348 0.3499, 0.1586 1.225 0.3499, 0.2837 1.2022 0.3499, 0.4058 1.1667 0.3499, 0.5236 1.1187 0.3499, 0.6359 1.059 0.3499, 0.7414 0.988 0.3499, 0.8391 0.9065 0.3499, 0.9278 0.8154 0.3499, 1.0067 0.7157 0.3499, 1.075 0.6084 0.3499, 1.1319 0.4946 0.3499, 1.1767 0.3756 0.3499, 1.2091 0.2527 0.3499, 1.2287 0.127 0.3499, 1.2352 0.0 0.3499, 1.2287 -0.127 0.3499, 1.2142 0.1255 0.3083, 1.1949 0.2497 0.3083, 1.1628 0.3712 0.3083, 1.1185 0.4888 0.3083, 1.0623 0.6012 0.3083, 0.9949 0.7073 0.3083, 0.9169 0.8058 0.3083, 0.8292 0.8958 0.3083, 0.7327 0.9763 0.3083, 0.6284 1.0465 0.3083, 0.5175 1.1056 0.3083, 0.401 1.1529 0.3083, 0.2804 1.188 0.3083, 0.1567 1.2106 0.3083, 0.0314 1.2203 0.3083, -0.0942 1.217 0.3083, -0.2188 1.2009 0.3083, -0.3412 1.172 0.3083, -0.4599 1.1307 0.3083, -0.5737 1.0775 0.3083, -0.6814 1.0128 0.3083, -0.7819 0.9373 0.3083, -0.8742 0.852 0.3083, -0.9571 0.7576 0.3083, -1.03 0.6551 0.3083, -1.0919 0.5458 0.3083, -1.1422 0.4306 0.3083, -1.1804 0.3109 0.3083, -1.2061 0.1878 0.3083, -1.219 0.0628 0.3083, -1.219 -0.0628 0.3083, -1.2061 -0.1878 0.3083, -1.1804 -0.3109 0.3083, -1.1422 -0.4306 0.3083, -1.0919 -0.5458 0.3083, -1.03 -0.6551 0.3083, -0.9571 -0.7576 0.3083, -0.8742 -0.852 0.3083, -0.7819 -0.9373 0.3083, -0.6814 -1.0128 0.3083, -0.5737 -1.0775 0.3083, -0.4599 -1.1307 0.3083, -0.3412 -1.172 0.3083, -0.2188 -1.2009 0.3083, -0.0942 -1.217 0.3083, 0.0314 -1.2203 0.3083, 0.1567 -1.2106 0.3083, 0.2804 -1.188 0.3083, 0.401 -1.1529 0.3083, 0.5175 -1.1056 0.3083, 0.6284 -1.0465 0.3083, 0.7327 -0.9763 0.3083, 0.8292 -0.8958 0.3083, 0.9169 -0.8058 0.3083, 0.9949 -0.7073 0.3083, 1.0623 -0.6012 0.3083, 1.1185 -0.4888 0.3083, 1.1628 -0.3712 0.3083, 1.1949 -0.2497 0.3083, 1.2142 -0.1255 0.3083, 1.2207 0.0 0.3083, 1.1909 0.1231 0.271, 1.1719 0.2449 0.271, 1.1405 0.3641 0.271, 1.097 0.4794 0.271, 1.0419 0.5897 0.271, 0.9758 0.6937 0.271, 0.8993 0.7903 0.271, 0.8132 0.8786 0.271, 0.7186 0.9576 0.271, 0.6163 1.0264 0.271, 0.5075 1.0843 0.271, 0.3933 1.1308 0.271, 0.275 1.1652 0.271, 0.1537 1.1873 0.271, 0.0308 1.1968 0.271, -0.0924 1.1936 0.271, -0.2146 1.1778 0.271, -0.3346 1.1495 0.271, -0.451 1.109 0.271, -0.5627 1.0568 0.271, -0.6683 0.9933 0.271, -0.7669 0.9193 0.271, -0.8574 0.8356 0.271, -0.9388 0.743 0.271, -1.0102 0.6425 0.271, -1.0709 0.5353 0.271, -1.1203 0.4223 0.271, -1.1577 0.3049 0.271, -1.1829 0.1842 0.271, -1.1956 0.0616 0.271, -1.1956 -0.0616 0.271, -1.1829 -0.1842 0.271, -1.1577 -0.3049 0.271, -1.1203 -0.4223 0.271, -1.0709 -0.5353 0.271, -1.0102 -0.6425 0.271, -0.9388 -0.743 0.271, -0.8574 -0.8356 0.271, -0.7669 -0.9193 0.271, -0.6683 -0.9933 0.271, -0.5627 -1.0568 0.271, -0.451 -1.109 0.271, -0.3346 -1.1495 0.271, -0.2146 -1.1778 0.271, -0.0924 -1.1936 0.271, 0.0308 -1.1968 0.271, 0.1537 -1.1873 0.271, 0.275 -1.1652 0.271, 0.3933 -1.1308 0.271, 0.5075 -1.0843 0.271, 0.6163 -1.0264 0.271, 0.7186 -0.9576 0.271, 0.8132 -0.8786 0.271, 0.8993 -0.7903 0.271, 0.9758 -0.6937 0.271, 1.0419 -0.5897 0.271, 1.097 -0.4794 0.271, 1.1405 -0.3641 0.271, 1.1719 -0.2449 0.271, 1.1909 -0.1231 0.271, 1.1972 0.0 0.271, 1.1599 0.1199 0.2398, 1.1414 0.2385 0.2398, 1.1108 0.3546 0.2398, 1.0685 0.4669 0.2398, 1.0148 0.5743 0.2398, 0.9504 0.6756 0.2398, 0.8759 0.7698 0.2398, 0.7921 0.8557 0.2398, 0.6999 0.9326 0.2398, 0.6003 0.9997 0.2398, 0.4943 1.0561 0.2398, 0.3831 1.1013 0.2398, 0.2678 1.1349 0.2398, 0.1497 1.1564 0.2398, 0.03 1.1657 0.2398, -0.09 1.1626 0.2398, -0.209 1.1471 0.2398, -0.3259 1.1196 0.2398, -0.4393 1.0801 0.2398, -0.548 1.0292 0.2398, -0.6509 0.9674 0.2398, -0.747 0.8954 0.2398, -0.8351 0.8138 0.2398, -0.9143 0.7237 0.2398, -0.9839 0.6258 0.2398, -1.043 0.5213 0.2398, -1.0911 0.4113 0.2398, -1.1276 0.297 0.2398, -1.1522 0.1794 0.2398, -1.1645 0.06 0.2398, -1.1645 -0.06 0.2398, -1.1522 -0.1794 0.2398, -1.1276 -0.297 0.2398, -1.0911 -0.4113 0.2398, -1.043 -0.5213 0.2398, -0.9839 -0.6258 0.2398, -0.9143 -0.7237 0.2398, -0.8351 -0.8138 0.2398, -0.747 -0.8954 0.2398, -0.6509 -0.9674 0.2398, -0.548 -1.0292 0.2398, -0.4393 -1.0801 0.2398, -0.3259 -1.1196 0.2398, -0.209 -1.1471 0.2398, -0.09 -1.1626 0.2398, 0.03 -1.1657 0.2398, 0.1497 -1.1564 0.2398, 0.2678 -1.1349 0.2398, 0.3831 -1.1013 0.2398, 0.4943 -1.0561 0.2398, 0.6003 -0.9997 0.2398, 0.6999 -0.9326 0.2398, 0.7921 -0.8557 0.2398, 0.8759 -0.7698 0.2398, 0.9504 -0.6756 0.2398, 1.0148 -0.5743 0.2398, 1.0685 -0.4669 0.2398, 1.1108 -0.3546 0.2398, 1.1414 -0.2385 0.2398, 1.1599 -0.1199 0.2398, 1.166 0.0 0.2398, 1.1227 0.1161 0.2163, 1.1049 0.2309 0.2163, 1.0753 0.3433 0.2163, 1.0343 0.452 0.2163, 0.9823 0.5559 0.2163, 0.9199 0.654 0.2163, 0.8478 0.7451 0.2163, 0.7667 0.8283 0.2163, 0.6775 0.9028 0.2163, 0.5811 0.9677 0.2163, 0.4785 1.0223 0.2163, 0.3708 1.0661 0.2163, 0.2593 1.0985 0.2163, 0.1449 1.1194 0.2163, 0.0291 1.1283 0.2163, -0.0871 1.1254 0.2163, -0.2024 1.1104 0.2163, -0.3155 1.0837 0.2163, -0.4252 1.0456 0.2163, -0.5305 0.9963 0.2163, -0.6301 0.9365 0.2163, -0.723 0.8667 0.2163, -0.8083 0.7878 0.2163, -0.885 0.7005 0.2163, -0.9524 0.6058 0.2163, -1.0096 0.5046 0.2163, -1.0562 0.3982 0.2163, -1.0915 0.2875 0.2163, -1.1153 0.1737 0.2163, -1.1272 0.0581 0.2163, -1.1272 -0.0581 0.2163, -1.1153 -0.1737 0.2163, -1.0915 -0.2875 0.2163, -1.0562 -0.3982 0.2163, -1.0096 -0.5046 0.2163, -0.9524 -0.6058 0.2163, -0.885 -0.7005 0.2163, -0.8083 -0.7878 0.2163, -0.723 -0.8667 0.2163, -0.6301 -0.9365 0.2163, -0.5305 -0.9963 0.2163, -0.4252 -1.0456 0.2163, -0.3155 -1.0837 0.2163, -0.2024 -1.1104 0.2163, -0.0871 -1.1254 0.2163, 0.0291 -1.1283 0.2163, 0.1449 -1.1194 0.2163, 0.2593 -1.0985 0.2163, 0.3708 -1.0661 0.2163, 0.4785 -1.0223 0.2163, 0.5811 -0.9677 0.2163, 0.6775 -0.9028 0.2163, 0.7667 -0.8283 0.2163, 0.8478 -0.7451 0.2163, 0.9199 -0.654 0.2163, 0.9823 -0.5559 0.2163, 1.0343 -0.452 0.2163, 1.0753 -0.3433 0.2163, 1.1049 -0.2309 0.2163, 1.1227 -0.1161 0.2163, 1.1287 0.0 0.2163, 1.0813 0.1118 0.2018, 1.0641 0.2224 0.2018, 1.0356 0.3306 0.2018, 0.9961 0.4353 0.2018, 0.9461 0.5355 0.2018, 0.886 0.6299 0.2018, 0.8166 0.7177 0.2018, 0.7384 0.7978 0.2018, 0.6525 0.8695 0.2018, 0.5596 0.932 0.2018, 0.4608 0.9846 0.2018, 0.3572 1.0268 0.2018, 0.2497 1.058 0.2018, 0.1396 1.0781 0.2018, 0.028 1.0868 0.2018, -0.0839 1.0839 0.2018, -0.1949 1.0695 0.2018, -0.3038 1.0438 0.2018, -0.4095 1.007 0.2018, -0.5109 0.9596 0.2018, -0.6069 0.902 0.2018, -0.6964 0.8348 0.2018, -0.7785 0.7587 0.2018, -0.8524 0.6747 0.2018, -0.9173 0.5834 0.2018, -0.9724 0.486 0.2018, -1.0172 0.3835 0.2018, -1.0513 0.2769 0.2018, -1.0742 0.1673 0.2018, -1.0857 0.056 0.2018, -1.0857 -0.056 0.2018, -1.0742 -0.1673 0.2018, -1.0513 -0.2769 0.2018, -1.0172 -0.3835 0.2018, -0.9724 -0.486 0.2018, -0.9173 -0.5834 0.2018, -0.8524 -0.6747 0.2018, -0.7785 -0.7587 0.2018, -0.6964 -0.8348 0.2018, -0.6069 -0.902 0.2018, -0.5109 -0.9596 0.2018, -0.4095 -1.007 0.2018, -0.3038 -1.0438 0.2018, -0.1949 -1.0695 0.2018, -0.0839 -1.0839 0.2018, 0.028 -1.0868 0.2018, 0.1396 -1.0781 0.2018, 0.2497 -1.058 0.2018, 0.3572 -1.0268 0.2018, 0.4608 -0.9846 0.2018, 0.5596 -0.932 0.2018, 0.6525 -0.8695 0.2018, 0.7384 -0.7978 0.2018, 0.8166 -0.7177 0.2018, 0.886 -0.6299 0.2018, 0.9461 -0.5355 0.2018, 0.9961 -0.4353 0.2018, 1.0356 -0.3306 0.2018, 1.0641 -0.2224 0.2018, 1.0813 -0.1118 0.2018, 1.0871 0.0 0.2018, 1.0378 0.1073 0.1969, 1.0212 0.2134 0.1969, 0.9939 0.3173 0.1969, 0.956 0.4178 0.1969, 0.908 0.5139 0.1969, 0.8503 0.6045 0.1969, 0.7837 0.6887 0.1969, 0.7087 0.7657 0.1969, 0.6262 0.8345 0.1969, 0.5371 0.8944 0.1969, 0.4423 0.9449 0.1969, 0.3428 0.9854 0.1969, 0.2396 1.0154 0.1969, 0.134 1.0347 0.1969, 0.0269 1.043 0.1969, -0.0805 1.0402 0.1969, -0.187 1.0264 0.1969, -0.2916 1.0017 0.1969, -0.393 0.9664 0.1969, -0.4903 0.9209 0.1969, -0.5824 0.8656 0.1969, -0.6683 0.8011 0.1969, -0.7472 0.7282 0.1969, -0.8181 0.6475 0.1969, -0.8803 0.5599 0.1969, -0.9332 0.4665 0.1969, -0.9762 0.368 0.1969, -1.0089 0.2657 0.1969, -1.0309 0.1606 0.1969, -1.0419 0.0537 0.1969, -1.0419 -0.0537 0.1969, -1.0309 -0.1606 0.1969, -1.0089 -0.2657 0.1969, -0.9762 -0.368 0.1969, -0.9332 -0.4665 0.1969, -0.8803 -0.5599 0.1969, -0.8181 -0.6475 0.1969, -0.7472 -0.7282 0.1969, -0.6683 -0.8011 0.1969, -0.5824 -0.8656 0.1969, -0.4903 -0.9209 0.1969, -0.393 -0.9664 0.1969, -0.2916 -1.0017 0.1969, -0.187 -1.0264 0.1969, -0.0805 -1.0402 0.1969, 0.0269 -1.043 0.1969, 0.134 -1.0347 0.1969, 0.2396 -1.0154 0.1969, 0.3428 -0.9854 0.1969, 0.4423 -0.9449 0.1969, 0.5371 -0.8944 0.1969, 0.6262 -0.8345 0.1969, 0.7087 -0.7657 0.1969, 0.7837 -0.6887 0.1969, 0.8503 -0.6045 0.1969, 0.908 -0.5139 0.1969, 0.956 -0.4178 0.1969, 0.9939 -0.3173 0.1969, 1.0212 -0.2134 0.1969, 1.0378 -0.1073 0.1969, 1.0433 0.0 0.1969, -1.2992 0.1772 0.1181, -1.437 0.1772 0.1181, -1.2992 -0.1772 0.1181, -1.437 -0.1772 0.1181, -0.6102 0.1772 0.1181, -0.6102 0.1772 0.0, -1.437 0.1772 0.0, -1.437 -0.1772 0.0, -0.6102 -0.1772 0.0, -0.6102 -0.1772 0.1181, -0.5217 -0.1534 0.0, -0.5644 -0.1711 0.0, -0.5644 0.1711 0.0, -0.5217 0.1534 0.0, -0.485 0.1253 0.0, -0.4568 0.0886 0.0, -0.4391 0.0459 0.0, -0.4331 0.0 0.0, -0.4391 -0.0459 0.0, -0.4568 -0.0886 0.0, -0.485 -0.1253 0.0, 1.437 -0.1772 0.1181, 1.437 0.1772 0.1181, 1.2992 -0.1772 0.1181, 1.2992 0.1772 0.1181, 1.437 0.1772 0.0, 1.437 -0.1772 0.0, 0.6102 0.1772 0.0, 0.6102 0.1772 0.1181, 0.6102 -0.1772 0.1181, 0.6102 -0.1772 0.0, 0.5644 0.1711 0.0, 0.4331 0.0 0.0, 0.4391 -0.0459 0.0, 0.5644 -0.1711 0.0, 0.5217 -0.1534 0.0, 0.485 -0.1253 0.0, 0.4568 -0.0886 0.0, 0.4391 0.0459 0.0, 0.4568 0.0886 0.0, 0.485 0.1253 0.0, 0.5217 0.1534 0.0, 0.4331 -0.0 0.1181, 0.4391 -0.0459 0.1181, 0.4568 -0.0886 0.1181, 0.485 -0.1253 0.1181, 0.5217 -0.1534 0.1181, 0.5644 -0.1711 0.1181, 0.5644 0.1711 0.1181, 0.5217 0.1534 0.1181, 0.485 0.1253 0.1181, 0.4568 0.0886 0.1181, 0.4391 0.0459 0.1181, -0.4331 0.0 0.1181, -0.4391 0.0459 0.1181, -0.4568 0.0886 0.1181, -0.485 0.1253 0.1181, -0.5217 0.1534 0.1181, -0.5644 0.1711 0.1181, -0.5644 -0.1711 0.1181, -0.5217 -0.1534 0.1181, -0.485 -0.1253 0.1181, -0.4568 -0.0886 0.1181, -0.4391 -0.0459 0.1181
            ]
        }
        coordIndex [
            0,1,2,-1,3,4,5,-1,5,4,1,-1,5,1,6,-1,6,1,0,-1,3,7,4,-1,4,7,8,-1,4,8,9,-1,10,11,12,-1,12,11,9,-1,12,9,13,-1,13,9,8,-1,10,14,11,-1,11,14,15,-1,11,15,16,-1,17,18,19,-1,19,18,16,-1,19,16,20,-1,20,16,15,-1,17,21,18,-1,18,21,22,-1,18,22,23,-1,23,22,24,-1,23,24,25,-1,25,24,26,-1,25,26,27,-1,27,28,25,-1,25,28,29,-1,25,29,30,-1,29,31,30,-1,30,31,32,-1,30,32,33,-1,33,32,34,-1,33,34,35,-1,35,34,36,-1,35,36,37,-1,38,39,40,-1,40,39,35,-1,40,35,41,-1,41,35,37,-1,38,42,39,-1,39,42,43,-1,39,43,44,-1,45,46,47,-1,47,46,44,-1,47,44,48,-1,48,44,43,-1,45,49,46,-1,46,49,50,-1,46,50,51,-1,52,53,54,-1,54,53,51,-1,54,51,55,-1,55,51,50,-1,52,56,53,-1,53,56,57,-1,53,57,58,-1,57,59,58,-1,58,59,60,-1,58,60,61,-1,60,62,61,-1,61,62,63,-1,61,63,64,-1,64,63,65,-1,64,65,66,-1,66,65,67,-1,66,67,68,-1,69,70,71,-1,71,70,66,-1,71,66,72,-1,72,66,68,-1,69,73,70,-1,70,73,74,-1,70,74,75,-1,76,77,78,-1,78,77,75,-1,78,75,79,-1,79,75,74,-1,76,80,77,-1,77,80,81,-1,77,81,82,-1,83,84,85,-1,85,84,82,-1,85,82,86,-1,86,82,81,-1,83,87,84,-1,84,87,88,-1,84,88,89,-1,88,90,89,-1,89,90,91,-1,89,91,92,-1,91,93,92,-1,92,93,94,-1,92,94,95,-1,95,94,96,-1,95,96,97,-1,97,96,98,-1,97,98,99,-1,100,101,102,-1,102,101,97,-1,102,97,103,-1,103,97,99,-1,100,104,101,-1,101,104,105,-1,101,105,106,-1,107,108,109,-1,109,108,106,-1,109,106,110,-1,110,106,105,-1,107,111,108,-1,108,111,112,-1,108,112,113,-1,114,115,116,-1,116,115,113,-1,116,113,117,-1,117,113,112,-1,114,118,115,-1,115,118,119,-1,115,119,120,-1,119,121,120,-1,120,121,122,-1,120,122,123,-1,124,125,126,-1,126,125,123,-1,126,123,127,-1,127,123,122,-1,128,129,130,-1,130,129,125,-1,130,125,131,-1,131,125,124,-1,128,132,129,-1,129,132,133,-1,129,133,134,-1,135,136,137,-1,137,136,134,-1,137,134,138,-1,138,134,133,-1,135,139,136,-1,136,139,140,-1,136,140,141,-1,142,143,144,-1,144,143,141,-1,144,141,145,-1,145,141,140,-1,142,146,143,-1,143,146,147,-1,143,147,148,-1,147,149,148,-1,148,149,150,-1,148,150,151,-1,150,152,151,-1,151,152,153,-1,151,153,2,-1,2,153,154,-1,2,154,0,-1,155,156,157,-1,158,159,160,-1,161,162,163,-1,163,162,164,-1,163,164,165,-1,165,164,166,-1,165,166,167,-1,167,166,168,-1,167,168,169,-1,170,171,172,-1,172,171,173,-1,172,173,174,-1,174,173,175,-1,174,175,176,-1,176,175,177,-1,176,177,168,-1,168,177,178,-1,168,178,169,-1,170,172,179,-1,179,172,180,-1,179,180,181,-1,181,180,182,-1,181,182,183,-1,183,182,184,-1,183,184,185,-1,160,159,184,-1,184,159,186,-1,184,186,185,-1,158,160,187,-1,187,160,188,-1,187,188,189,-1,189,188,190,-1,189,190,191,-1,191,190,192,-1,191,192,193,-1,194,195,196,-1,196,195,197,-1,196,197,198,-1,198,197,199,-1,198,199,200,-1,200,199,201,-1,200,201,192,-1,192,201,202,-1,192,202,193,-1,194,196,203,-1,203,196,204,-1,203,204,205,-1,205,204,206,-1,205,206,207,-1,207,206,208,-1,207,208,209,-1,210,211,208,-1,208,211,212,-1,208,212,209,-1,213,214,215,-1,215,214,216,-1,215,216,217,-1,217,216,218,-1,217,218,219,-1,219,218,220,-1,219,220,210,-1,210,220,221,-1,210,221,211,-1,213,215,222,-1,222,215,223,-1,222,223,224,-1,224,223,225,-1,224,225,226,-1,226,225,227,-1,226,227,228,-1,229,230,231,-1,231,230,232,-1,231,232,233,-1,233,232,234,-1,233,234,235,-1,235,234,236,-1,235,236,227,-1,227,236,237,-1,227,237,228,-1,229,231,238,-1,238,231,239,-1,238,239,240,-1,240,239,241,-1,240,241,242,-1,242,241,243,-1,243,241,244,-1,243,244,245,-1,245,244,246,-1,245,246,247,-1,248,249,250,-1,250,249,251,-1,250,251,252,-1,252,251,253,-1,252,253,254,-1,254,253,255,-1,254,255,246,-1,246,255,256,-1,246,256,247,-1,248,250,257,-1,257,250,258,-1,257,258,259,-1,259,258,260,-1,259,260,261,-1,261,260,262,-1,261,262,263,-1,264,265,266,-1,266,265,267,-1,266,267,268,-1,268,267,269,-1,268,269,270,-1,270,269,271,-1,270,271,272,-1,272,271,273,-1,272,273,262,-1,262,273,274,-1,262,274,263,-1,264,266,275,-1,275,266,276,-1,275,276,277,-1,277,276,278,-1,277,278,279,-1,279,278,280,-1,279,280,281,-1,282,283,284,-1,284,283,285,-1,284,285,286,-1,286,285,287,-1,286,287,288,-1,288,287,289,-1,288,289,280,-1,280,289,290,-1,280,290,281,-1,282,284,291,-1,291,284,292,-1,291,292,293,-1,293,292,294,-1,293,294,295,-1,295,294,296,-1,295,296,297,-1,157,156,296,-1,296,156,298,-1,296,298,297,-1,155,157,299,-1,299,157,300,-1,299,300,301,-1,301,300,302,-1,301,302,303,-1,303,302,304,-1,303,304,305,-1,306,307,308,-1,308,307,309,-1,308,309,310,-1,310,309,311,-1,310,311,312,-1,312,311,313,-1,312,313,304,-1,304,313,314,-1,304,314,305,-1,306,308,315,-1,315,308,316,-1,315,316,317,-1,317,316,318,-1,317,318,319,-1,319,318,320,-1,319,320,321,-1,322,323,324,-1,324,323,325,-1,324,325,320,-1,320,325,326,-1,320,326,321,-1,327,328,329,-1,329,328,330,-1,329,330,331,-1,331,330,332,-1,331,332,322,-1,322,332,333,-1,322,333,323,-1,327,329,334,-1,334,329,335,-1,334,335,336,-1,336,335,337,-1,336,337,338,-1,338,337,339,-1,338,339,340,-1,341,342,343,-1,343,342,344,-1,343,344,345,-1,345,344,346,-1,345,346,347,-1,347,346,348,-1,347,348,339,-1,339,348,349,-1,339,349,340,-1,341,343,350,-1,350,343,351,-1,350,351,352,-1,352,351,353,-1,352,353,354,-1,354,353,355,-1,355,353,356,-1,355,356,357,-1,357,356,358,-1,357,358,359,-1,360,361,362,-1,362,361,363,-1,362,363,364,-1,364,363,365,-1,364,365,366,-1,366,365,367,-1,366,367,358,-1,358,367,368,-1,358,368,359,-1,360,362,369,-1,369,362,370,-1,369,370,371,-1,371,370,372,-1,371,372,373,-1,373,372,374,-1,373,374,375,-1,2,376,377,-1,377,376,378,-1,377,378,379,-1,379,378,380,-1,379,380,381,-1,381,380,382,-1,381,382,383,-1,383,382,384,-1,383,384,385,-1,385,384,386,-1,385,386,387,-1,387,386,388,-1,387,388,389,-1,389,388,390,-1,389,390,391,-1,391,390,392,-1,391,392,393,-1,393,392,394,-1,393,394,395,-1,395,394,396,-1,395,396,397,-1,397,396,398,-1,397,398,399,-1,399,398,400,-1,399,400,401,-1,401,400,402,-1,401,402,403,-1,403,402,404,-1,403,404,405,-1,405,404,406,-1,405,406,407,-1,407,406,408,-1,407,408,409,-1,409,408,410,-1,409,410,411,-1,411,410,412,-1,411,412,413,-1,413,412,414,-1,413,414,415,-1,415,414,416,-1,415,416,417,-1,417,416,418,-1,417,418,419,-1,419,418,420,-1,419,420,421,-1,421,420,422,-1,421,422,423,-1,423,422,424,-1,423,424,425,-1,425,424,426,-1,425,426,427,-1,427,426,428,-1,427,428,429,-1,429,428,430,-1,429,430,431,-1,431,430,432,-1,431,432,433,-1,433,432,434,-1,433,434,435,-1,435,434,436,-1,435,436,437,-1,437,436,438,-1,437,438,439,-1,439,438,440,-1,439,440,441,-1,441,440,442,-1,441,442,443,-1,443,442,444,-1,443,444,445,-1,445,444,446,-1,445,446,447,-1,447,446,448,-1,447,448,449,-1,449,448,450,-1,449,450,451,-1,451,450,452,-1,451,452,453,-1,453,452,454,-1,453,454,455,-1,455,454,456,-1,455,456,457,-1,457,456,458,-1,457,458,459,-1,459,458,460,-1,459,460,461,-1,461,460,462,-1,461,462,463,-1,463,462,464,-1,463,464,465,-1,465,464,466,-1,465,466,467,-1,467,466,468,-1,467,468,469,-1,469,468,470,-1,469,470,471,-1,471,470,472,-1,471,472,473,-1,473,472,474,-1,473,474,475,-1,475,474,476,-1,475,476,477,-1,477,476,478,-1,477,478,479,-1,479,478,480,-1,479,480,481,-1,481,480,482,-1,481,482,483,-1,483,482,484,-1,483,484,485,-1,485,484,486,-1,485,486,487,-1,487,486,488,-1,487,488,489,-1,489,488,490,-1,489,490,491,-1,491,490,492,-1,491,492,493,-1,493,492,494,-1,493,494,495,-1,495,494,496,-1,495,496,497,-1,497,496,498,-1,497,498,499,-1,499,498,500,-1,499,500,501,-1,501,500,502,-1,501,502,503,-1,503,502,504,-1,503,504,505,-1,505,504,506,-1,505,506,507,-1,507,506,508,-1,507,508,509,-1,509,508,510,-1,509,510,511,-1,511,510,512,-1,511,512,513,-1,513,512,514,-1,513,514,515,-1,515,514,516,-1,515,516,517,-1,517,516,518,-1,517,518,519,-1,519,518,520,-1,519,520,521,-1,521,520,522,-1,521,522,523,-1,523,522,524,-1,523,524,525,-1,525,524,526,-1,525,526,527,-1,527,526,528,-1,527,528,529,-1,529,528,530,-1,529,530,531,-1,531,530,532,-1,531,532,533,-1,533,532,534,-1,533,534,535,-1,535,534,536,-1,535,536,537,-1,537,536,538,-1,537,538,539,-1,539,538,540,-1,539,540,541,-1,541,540,542,-1,541,542,543,-1,543,542,544,-1,543,544,545,-1,545,544,546,-1,545,546,2,-1,2,546,376,-1,546,547,376,-1,376,547,548,-1,376,548,378,-1,378,548,374,-1,378,374,380,-1,380,374,372,-1,380,372,382,-1,382,372,370,-1,382,370,384,-1,384,370,362,-1,384,362,386,-1,386,362,364,-1,386,364,388,-1,388,364,366,-1,388,366,390,-1,390,366,358,-1,390,358,392,-1,392,358,356,-1,392,356,394,-1,394,356,353,-1,394,353,396,-1,396,353,351,-1,396,351,398,-1,398,351,343,-1,398,343,400,-1,400,343,345,-1,400,345,402,-1,402,345,347,-1,402,347,404,-1,404,347,339,-1,404,339,406,-1,406,339,337,-1,406,337,408,-1,408,337,335,-1,408,335,410,-1,410,335,329,-1,410,329,412,-1,412,329,331,-1,412,331,414,-1,414,331,322,-1,414,322,416,-1,416,322,324,-1,416,324,418,-1,418,324,320,-1,418,320,420,-1,420,320,318,-1,420,318,422,-1,422,318,316,-1,422,316,424,-1,424,316,308,-1,424,308,426,-1,426,308,310,-1,426,310,428,-1,428,310,312,-1,428,312,430,-1,430,312,304,-1,430,304,432,-1,432,304,302,-1,432,302,434,-1,434,302,300,-1,434,300,436,-1,436,300,157,-1,436,157,438,-1,438,157,296,-1,438,296,440,-1,440,296,294,-1,440,294,442,-1,442,294,292,-1,442,292,444,-1,444,292,284,-1,444,284,446,-1,446,284,286,-1,446,286,448,-1,448,286,288,-1,448,288,450,-1,450,288,280,-1,450,280,452,-1,452,280,278,-1,452,278,454,-1,454,278,276,-1,454,276,456,-1,456,276,266,-1,456,266,458,-1,458,266,268,-1,458,268,460,-1,460,268,270,-1,460,270,462,-1,462,270,272,-1,462,272,464,-1,464,272,262,-1,464,262,466,-1,466,262,260,-1,466,260,468,-1,468,260,258,-1,468,258,470,-1,470,258,250,-1,470,250,472,-1,472,250,252,-1,472,252,474,-1,474,252,254,-1,474,254,476,-1,476,254,246,-1,476,246,478,-1,478,246,244,-1,478,244,480,-1,480,244,241,-1,480,241,482,-1,482,241,239,-1,482,239,484,-1,484,239,231,-1,484,231,486,-1,486,231,233,-1,486,233,488,-1,488,233,235,-1,488,235,490,-1,490,235,227,-1,490,227,492,-1,492,227,225,-1,492,225,494,-1,494,225,223,-1,494,223,496,-1,496,223,215,-1,496,215,498,-1,498,215,217,-1,498,217,500,-1,500,217,219,-1,500,219,502,-1,502,219,210,-1,502,210,504,-1,504,210,208,-1,504,208,506,-1,506,208,206,-1,506,206,508,-1,508,206,204,-1,508,204,510,-1,510,204,196,-1,510,196,512,-1,512,196,198,-1,512,198,514,-1,514,198,200,-1,514,200,516,-1,516,200,192,-1,516,192,518,-1,518,192,190,-1,518,190,520,-1,520,190,188,-1,520,188,522,-1,522,188,160,-1,522,160,524,-1,524,160,184,-1,524,184,526,-1,526,184,182,-1,526,182,528,-1,528,182,180,-1,528,180,530,-1,530,180,172,-1,530,172,532,-1,532,172,174,-1,532,174,534,-1,534,174,176,-1,534,176,536,-1,536,176,168,-1,536,168,538,-1,538,168,166,-1,538,166,540,-1,540,166,164,-1,540,164,542,-1,542,164,162,-1,542,162,544,-1,544,162,549,-1,544,549,546,-1,546,549,547,-1,161,550,162,-1,162,550,551,-1,162,551,549,-1,549,551,552,-1,549,552,547,-1,547,552,553,-1,547,553,548,-1,548,553,554,-1,548,554,374,-1,374,554,555,-1,374,555,375,-1,556,557,558,-1,559,560,561,-1,562,563,564,-1,565,566,567,-1,568,569,570,-1,571,572,573,-1,574,575,576,-1,577,578,579,-1,580,581,582,-1,583,584,585,-1,586,587,588,-1,589,590,591,-1,592,593,594,-1,595,596,597,-1,598,599,600,-1,601,602,603,-1,604,605,606,-1,607,608,609,-1,610,611,612,-1,613,614,615,-1,616,617,618,-1,619,620,621,-1,622,623,624,-1,625,626,627,-1,628,629,630,-1,631,632,633,-1,634,635,636,-1,375,555,637,-1,361,360,638,-1,328,327,639,-1,333,332,640,-1,325,323,641,-1,305,314,642,-1,299,301,643,-1,156,155,644,-1,291,293,645,-1,281,290,646,-1,275,277,647,-1,265,264,648,-1,273,271,649,-1,255,253,650,-1,247,256,651,-1,242,243,652,-1,238,240,653,-1,222,224,654,-1,214,213,655,-1,220,218,656,-1,211,221,657,-1,193,202,658,-1,187,189,659,-1,159,158,660,-1,179,181,661,-1,169,178,662,-1,163,165,663,-1,550,161,664,-1,550,664,551,-1,169,662,167,-1,177,175,665,-1,665,175,173,-1,179,661,170,-1,183,185,666,-1,159,660,186,-1,193,658,191,-1,201,199,667,-1,667,199,197,-1,194,203,668,-1,668,203,205,-1,668,205,207,-1,211,657,212,-1,214,655,216,-1,226,228,669,-1,237,236,670,-1,670,236,234,-1,670,234,232,-1,238,653,229,-1,247,651,245,-1,251,249,671,-1,248,257,672,-1,672,257,259,-1,672,259,261,-1,273,649,274,-1,265,648,267,-1,281,646,279,-1,289,287,673,-1,673,287,285,-1,291,645,282,-1,295,297,674,-1,156,644,298,-1,305,642,303,-1,313,311,675,-1,675,311,309,-1,306,315,676,-1,676,315,317,-1,676,317,319,-1,325,641,326,-1,328,639,330,-1,334,336,677,-1,677,336,338,-1,349,348,678,-1,678,348,346,-1,678,346,344,-1,341,350,634,-1,350,352,634,-1,634,352,354,-1,634,354,635,-1,635,354,355,-1,635,355,357,-1,359,368,679,-1,679,368,367,-1,680,365,363,-1,360,369,681,-1,369,371,681,-1,681,371,373,-1,681,373,375,-1,555,554,682,-1,682,554,553,-1,682,553,552,-1,232,230,670,-1,670,230,683,-1,670,683,684,-1,684,683,685,-1,684,685,686,-1,344,342,678,-1,678,342,687,-1,678,687,688,-1,688,687,689,-1,688,689,690,-1,691,636,692,-1,692,636,635,-1,692,635,679,-1,679,635,357,-1,679,357,359,-1,228,237,669,-1,669,237,670,-1,669,670,693,-1,693,670,684,-1,693,684,694,-1,694,684,686,-1,694,686,695,-1,340,349,696,-1,696,349,678,-1,696,678,697,-1,697,678,688,-1,697,688,698,-1,698,688,690,-1,698,690,699,-1,700,691,701,-1,701,691,692,-1,701,692,702,-1,702,692,679,-1,702,679,680,-1,680,679,367,-1,680,367,365,-1,224,226,654,-1,654,226,669,-1,654,669,703,-1,703,669,693,-1,703,693,704,-1,704,693,694,-1,704,694,705,-1,705,694,695,-1,705,695,606,-1,338,340,677,-1,677,340,696,-1,677,696,706,-1,706,696,697,-1,706,697,707,-1,707,697,698,-1,707,698,708,-1,708,698,699,-1,708,699,564,-1,709,700,710,-1,710,700,701,-1,710,701,711,-1,711,701,702,-1,711,702,712,-1,712,702,680,-1,712,680,638,-1,638,680,363,-1,638,363,361,-1,633,713,714,-1,715,716,717,-1,717,716,718,-1,717,718,719,-1,719,718,720,-1,719,720,721,-1,721,720,722,-1,721,722,723,-1,173,171,665,-1,665,171,724,-1,665,724,725,-1,725,724,726,-1,725,726,727,-1,727,726,728,-1,727,728,729,-1,729,728,730,-1,729,730,731,-1,731,730,624,-1,181,183,661,-1,661,183,666,-1,661,666,732,-1,732,666,733,-1,732,733,734,-1,734,733,735,-1,734,735,736,-1,736,735,737,-1,736,737,738,-1,738,737,739,-1,197,195,667,-1,667,195,740,-1,667,740,741,-1,741,740,742,-1,741,742,743,-1,743,742,744,-1,743,744,745,-1,745,744,746,-1,745,746,747,-1,747,746,615,-1,207,209,668,-1,668,209,748,-1,668,748,749,-1,749,748,750,-1,749,750,751,-1,751,750,752,-1,751,752,753,-1,753,752,754,-1,753,754,755,-1,755,754,612,-1,600,756,757,-1,253,251,650,-1,650,251,671,-1,650,671,758,-1,758,671,759,-1,758,759,760,-1,760,759,761,-1,760,761,762,-1,762,761,763,-1,762,763,764,-1,764,763,594,-1,261,263,672,-1,672,263,765,-1,672,765,766,-1,766,765,767,-1,766,767,768,-1,768,767,769,-1,768,769,770,-1,770,769,771,-1,770,771,772,-1,772,771,591,-1,271,269,649,-1,649,269,773,-1,649,773,774,-1,774,773,775,-1,774,775,776,-1,776,775,777,-1,776,777,778,-1,778,777,779,-1,778,779,780,-1,780,779,781,-1,285,283,673,-1,673,283,782,-1,673,782,783,-1,783,782,784,-1,783,784,785,-1,785,784,786,-1,785,786,787,-1,787,786,788,-1,787,788,789,-1,789,788,582,-1,293,295,645,-1,645,295,674,-1,645,674,790,-1,790,674,791,-1,790,791,792,-1,792,791,793,-1,792,793,794,-1,794,793,795,-1,794,795,796,-1,796,795,797,-1,309,307,675,-1,675,307,798,-1,675,798,799,-1,799,798,800,-1,799,800,801,-1,801,800,802,-1,801,802,803,-1,803,802,804,-1,803,804,805,-1,805,804,573,-1,319,321,676,-1,676,321,806,-1,676,806,807,-1,807,806,808,-1,807,808,809,-1,809,808,810,-1,809,810,811,-1,811,810,812,-1,811,812,813,-1,813,812,570,-1,558,814,815,-1,713,816,817,-1,818,714,819,-1,819,714,713,-1,819,713,820,-1,820,713,817,-1,820,817,821,-1,633,632,713,-1,713,632,822,-1,713,822,816,-1,716,823,824,-1,824,631,716,-1,716,631,633,-1,716,633,718,-1,718,633,714,-1,718,714,720,-1,720,714,818,-1,720,818,722,-1,825,826,715,-1,715,826,827,-1,715,827,716,-1,716,827,828,-1,716,828,823,-1,629,825,630,-1,630,825,715,-1,630,715,829,-1,829,715,717,-1,829,717,830,-1,830,717,719,-1,830,719,831,-1,831,719,721,-1,831,721,664,-1,664,721,723,-1,664,723,551,-1,551,723,552,-1,161,163,664,-1,664,163,663,-1,664,663,831,-1,831,663,832,-1,831,832,830,-1,830,832,833,-1,830,833,829,-1,829,833,834,-1,829,834,630,-1,630,834,835,-1,630,835,628,-1,836,837,835,-1,835,837,838,-1,835,838,628,-1,626,836,627,-1,627,836,835,-1,627,835,839,-1,839,835,834,-1,839,834,840,-1,840,834,833,-1,840,833,841,-1,841,833,832,-1,841,832,662,-1,662,832,663,-1,662,663,167,-1,167,663,165,-1,842,625,731,-1,731,625,627,-1,731,627,729,-1,729,627,839,-1,729,839,727,-1,727,839,840,-1,727,840,725,-1,725,840,841,-1,725,841,665,-1,665,841,662,-1,665,662,177,-1,177,662,178,-1,624,623,731,-1,731,623,843,-1,731,843,842,-1,738,844,845,-1,845,622,738,-1,738,622,624,-1,738,624,736,-1,736,624,730,-1,736,730,734,-1,734,730,728,-1,734,728,732,-1,732,728,726,-1,732,726,661,-1,661,726,724,-1,661,724,170,-1,170,724,171,-1,846,847,739,-1,739,847,848,-1,739,848,738,-1,738,848,849,-1,738,849,844,-1,620,846,621,-1,621,846,739,-1,621,739,850,-1,850,739,737,-1,850,737,851,-1,851,737,735,-1,851,735,852,-1,852,735,733,-1,852,733,660,-1,660,733,666,-1,660,666,186,-1,186,666,185,-1,158,187,660,-1,660,187,659,-1,660,659,852,-1,852,659,853,-1,852,853,851,-1,851,853,854,-1,851,854,850,-1,850,854,855,-1,850,855,621,-1,621,855,856,-1,621,856,619,-1,857,858,856,-1,856,858,859,-1,856,859,619,-1,617,857,618,-1,618,857,856,-1,618,856,860,-1,860,856,855,-1,860,855,861,-1,861,855,854,-1,861,854,862,-1,862,854,853,-1,862,853,658,-1,658,853,659,-1,658,659,191,-1,191,659,189,-1,863,616,747,-1,747,616,618,-1,747,618,745,-1,745,618,860,-1,745,860,743,-1,743,860,861,-1,743,861,741,-1,741,861,862,-1,741,862,667,-1,667,862,658,-1,667,658,201,-1,201,658,202,-1,615,614,747,-1,747,614,864,-1,747,864,863,-1,755,865,866,-1,866,613,755,-1,755,613,615,-1,755,615,753,-1,753,615,746,-1,753,746,751,-1,751,746,744,-1,751,744,749,-1,749,744,742,-1,749,742,668,-1,668,742,740,-1,668,740,194,-1,194,740,195,-1,612,611,755,-1,755,611,867,-1,755,867,865,-1,868,869,870,-1,870,869,871,-1,871,610,870,-1,870,610,612,-1,870,612,872,-1,872,612,754,-1,872,754,873,-1,873,754,752,-1,873,752,874,-1,874,752,750,-1,874,750,657,-1,657,750,748,-1,657,748,212,-1,212,748,209,-1,221,220,657,-1,657,220,656,-1,657,656,874,-1,874,656,875,-1,874,875,873,-1,873,875,876,-1,873,876,872,-1,872,876,877,-1,872,877,870,-1,870,877,878,-1,870,878,868,-1,879,880,878,-1,878,880,881,-1,878,881,868,-1,608,879,609,-1,609,879,878,-1,609,878,882,-1,882,878,877,-1,882,877,883,-1,883,877,876,-1,883,876,884,-1,884,876,875,-1,884,875,655,-1,655,875,656,-1,655,656,216,-1,216,656,218,-1,605,607,606,-1,606,607,609,-1,606,609,705,-1,705,609,882,-1,705,882,704,-1,704,882,883,-1,704,883,703,-1,703,883,884,-1,703,884,654,-1,654,884,655,-1,654,655,222,-1,222,655,213,-1,685,885,686,-1,686,885,886,-1,686,886,695,-1,695,886,603,-1,695,603,606,-1,606,603,602,-1,606,602,604,-1,756,887,888,-1,885,757,886,-1,886,757,756,-1,886,756,603,-1,603,756,888,-1,603,888,601,-1,600,599,756,-1,756,599,889,-1,756,889,887,-1,890,891,892,-1,892,891,893,-1,893,598,892,-1,892,598,600,-1,892,600,894,-1,894,600,757,-1,894,757,895,-1,895,757,885,-1,895,885,896,-1,896,885,685,-1,896,685,653,-1,653,685,683,-1,653,683,229,-1,229,683,230,-1,240,242,653,-1,653,242,652,-1,653,652,896,-1,896,652,897,-1,896,897,895,-1,895,897,898,-1,895,898,894,-1,894,898,899,-1,894,899,892,-1,892,899,900,-1,892,900,890,-1,901,902,900,-1,900,902,903,-1,900,903,890,-1,596,901,597,-1,597,901,900,-1,597,900,904,-1,904,900,899,-1,904,899,905,-1,905,899,898,-1,905,898,906,-1,906,898,897,-1,906,897,651,-1,651,897,652,-1,651,652,245,-1,245,652,243,-1,907,595,764,-1,764,595,597,-1,764,597,762,-1,762,597,904,-1,762,904,760,-1,760,904,905,-1,760,905,758,-1,758,905,906,-1,758,906,650,-1,650,906,651,-1,650,651,255,-1,255,651,256,-1,594,593,764,-1,764,593,908,-1,764,908,907,-1,909,592,772,-1,772,592,594,-1,772,594,770,-1,770,594,763,-1,770,763,768,-1,768,763,761,-1,768,761,766,-1,766,761,759,-1,766,759,672,-1,672,759,671,-1,672,671,248,-1,248,671,249,-1,591,590,772,-1,772,590,910,-1,772,910,909,-1,780,911,912,-1,912,589,780,-1,780,589,591,-1,780,591,778,-1,778,591,771,-1,778,771,776,-1,776,771,769,-1,776,769,774,-1,774,769,767,-1,774,767,649,-1,649,767,765,-1,649,765,274,-1,274,765,263,-1,913,914,781,-1,781,914,915,-1,781,915,780,-1,780,915,916,-1,780,916,911,-1,587,913,588,-1,588,913,781,-1,588,781,917,-1,917,781,779,-1,917,779,918,-1,918,779,777,-1,918,777,919,-1,919,777,775,-1,919,775,648,-1,648,775,773,-1,648,773,267,-1,267,773,269,-1,264,275,648,-1,648,275,647,-1,648,647,919,-1,919,647,920,-1,919,920,918,-1,918,920,921,-1,918,921,917,-1,917,921,922,-1,917,922,588,-1,588,922,923,-1,588,923,586,-1,924,925,923,-1,923,925,926,-1,923,926,586,-1,584,924,585,-1,585,924,923,-1,585,923,927,-1,927,923,922,-1,927,922,928,-1,928,922,921,-1,928,921,929,-1,929,921,920,-1,929,920,646,-1,646,920,647,-1,646,647,279,-1,279,647,277,-1,930,583,789,-1,789,583,585,-1,789,585,787,-1,787,585,927,-1,787,927,785,-1,785,927,928,-1,785,928,783,-1,783,928,929,-1,783,929,673,-1,673,929,646,-1,673,646,289,-1,289,646,290,-1,582,581,789,-1,789,581,931,-1,789,931,930,-1,796,932,933,-1,933,580,796,-1,796,580,582,-1,796,582,794,-1,794,582,788,-1,794,788,792,-1,792,788,786,-1,792,786,790,-1,790,786,784,-1,790,784,645,-1,645,784,782,-1,645,782,282,-1,282,782,283,-1,934,935,797,-1,797,935,936,-1,797,936,796,-1,796,936,937,-1,796,937,932,-1,578,934,579,-1,579,934,797,-1,579,797,938,-1,938,797,795,-1,938,795,939,-1,939,795,793,-1,939,793,940,-1,940,793,791,-1,940,791,644,-1,644,791,674,-1,644,674,298,-1,298,674,297,-1,155,299,644,-1,644,299,643,-1,644,643,940,-1,940,643,941,-1,940,941,939,-1,939,941,942,-1,939,942,938,-1,938,942,943,-1,938,943,579,-1,579,943,944,-1,579,944,577,-1,945,946,944,-1,944,946,947,-1,944,947,577,-1,575,945,576,-1,576,945,944,-1,576,944,948,-1,948,944,943,-1,948,943,949,-1,949,943,942,-1,949,942,950,-1,950,942,941,-1,950,941,642,-1,642,941,643,-1,642,643,303,-1,303,643,301,-1,951,574,805,-1,805,574,576,-1,805,576,803,-1,803,576,948,-1,803,948,801,-1,801,948,949,-1,801,949,799,-1,799,949,950,-1,799,950,675,-1,675,950,642,-1,675,642,313,-1,313,642,314,-1,573,572,805,-1,805,572,952,-1,805,952,951,-1,813,953,954,-1,954,571,813,-1,813,571,573,-1,813,573,811,-1,811,573,804,-1,811,804,809,-1,809,804,802,-1,809,802,807,-1,807,802,800,-1,807,800,676,-1,676,800,798,-1,676,798,306,-1,306,798,307,-1,570,569,813,-1,813,569,955,-1,813,955,953,-1,956,957,958,-1,958,957,959,-1,959,568,958,-1,958,568,570,-1,958,570,960,-1,960,570,812,-1,960,812,961,-1,961,812,810,-1,961,810,962,-1,962,810,808,-1,962,808,641,-1,641,808,806,-1,641,806,326,-1,326,806,321,-1,323,333,641,-1,641,333,640,-1,641,640,962,-1,962,640,963,-1,962,963,961,-1,961,963,964,-1,961,964,960,-1,960,964,965,-1,960,965,958,-1,958,965,966,-1,958,966,956,-1,967,968,966,-1,966,968,969,-1,966,969,956,-1,566,967,567,-1,567,967,966,-1,567,966,970,-1,970,966,965,-1,970,965,971,-1,971,965,964,-1,971,964,972,-1,972,964,963,-1,972,963,639,-1,639,963,640,-1,639,640,330,-1,330,640,332,-1,563,565,564,-1,564,565,567,-1,564,567,708,-1,708,567,970,-1,708,970,707,-1,707,970,971,-1,707,971,706,-1,706,971,972,-1,706,972,677,-1,677,972,639,-1,677,639,334,-1,334,639,327,-1,689,973,690,-1,690,973,974,-1,690,974,699,-1,699,974,561,-1,699,561,564,-1,564,561,560,-1,564,560,562,-1,814,975,976,-1,973,815,974,-1,974,815,814,-1,974,814,561,-1,561,814,976,-1,561,976,559,-1,558,557,814,-1,814,557,977,-1,814,977,975,-1,709,978,979,-1,979,556,709,-1,709,556,558,-1,709,558,700,-1,700,558,815,-1,700,815,691,-1,691,815,973,-1,691,973,636,-1,636,973,689,-1,636,689,634,-1,634,689,687,-1,634,687,341,-1,341,687,342,-1,980,981,982,-1,982,981,983,-1,360,681,638,-1,638,681,984,-1,638,984,712,-1,712,984,985,-1,712,985,711,-1,711,985,986,-1,711,986,710,-1,710,986,982,-1,710,982,709,-1,709,982,983,-1,709,983,978,-1,987,988,989,-1,375,637,681,-1,681,637,990,-1,681,990,984,-1,984,990,991,-1,984,991,985,-1,985,991,992,-1,985,992,986,-1,986,992,987,-1,986,987,982,-1,982,987,989,-1,982,989,980,-1,993,994,995,-1,995,994,996,-1,555,682,637,-1,637,682,997,-1,637,997,990,-1,990,997,998,-1,990,998,991,-1,991,998,999,-1,991,999,992,-1,992,999,995,-1,992,995,987,-1,987,995,996,-1,987,996,988,-1,552,723,682,-1,682,723,722,-1,682,722,997,-1,997,722,818,-1,997,818,998,-1,998,818,819,-1,998,819,999,-1,999,819,820,-1,999,820,995,-1,995,820,821,-1,995,821,993,-1,632,1000,1001,-1,632,631,1000,-1,1000,631,824,-1,1000,824,1002,-1,1002,824,823,-1,1002,823,1003,-1,823,828,1003,-1,1003,828,827,-1,1003,827,1004,-1,827,826,1004,-1,1004,826,825,-1,1004,825,1005,-1,1005,825,629,-1,1005,629,1006,-1,1006,629,628,-1,1006,628,1007,-1,1007,628,838,-1,838,837,1007,-1,1007,837,836,-1,1007,836,1008,-1,1008,836,626,-1,1008,626,1009,-1,626,625,1009,-1,1009,625,842,-1,1009,842,1010,-1,842,843,1010,-1,1010,843,623,-1,1010,623,1011,-1,623,622,1011,-1,1011,622,845,-1,1011,845,1012,-1,1012,845,844,-1,1012,844,1013,-1,844,849,1013,-1,1013,849,848,-1,1013,848,1014,-1,848,847,1014,-1,1014,847,846,-1,1014,846,1015,-1,1015,846,620,-1,1015,620,1016,-1,1016,620,619,-1,1016,619,1017,-1,1017,619,859,-1,859,858,1017,-1,1017,858,857,-1,1017,857,1018,-1,1018,857,617,-1,1018,617,1019,-1,617,616,1019,-1,1019,616,863,-1,1019,863,1020,-1,863,864,1020,-1,1020,864,614,-1,1020,614,1021,-1,614,613,1021,-1,1021,613,866,-1,1021,866,1022,-1,1022,866,865,-1,1022,865,1023,-1,865,867,1023,-1,1023,867,611,-1,1023,611,1024,-1,611,610,1024,-1,1024,610,871,-1,1024,871,1025,-1,1025,871,869,-1,1025,869,1026,-1,1026,869,868,-1,1026,868,1027,-1,1027,868,881,-1,881,880,1027,-1,1027,880,879,-1,1027,879,1028,-1,1028,879,608,-1,1028,608,1029,-1,1029,608,607,-1,1029,607,1030,-1,1030,607,605,-1,605,604,1030,-1,1030,604,602,-1,1030,602,1031,-1,602,601,1031,-1,1031,601,888,-1,1031,888,1032,-1,1032,888,887,-1,1032,887,1033,-1,887,889,1033,-1,1033,889,599,-1,1033,599,1034,-1,599,598,1034,-1,1034,598,893,-1,1034,893,1035,-1,1035,893,891,-1,1035,891,1036,-1,1036,891,890,-1,1036,890,1037,-1,1037,890,903,-1,903,902,1037,-1,1037,902,901,-1,1037,901,1038,-1,1038,901,596,-1,1038,596,1039,-1,1039,596,595,-1,1039,595,1040,-1,1040,595,907,-1,907,908,1040,-1,1040,908,593,-1,1040,593,1041,-1,1041,593,592,-1,1041,592,1042,-1,1042,592,909,-1,1042,909,1043,-1,909,910,1043,-1,1043,910,590,-1,1043,590,1044,-1,590,589,1044,-1,1044,589,912,-1,1044,912,1045,-1,1045,912,911,-1,1045,911,1046,-1,911,916,1046,-1,1046,916,915,-1,1046,915,1047,-1,915,914,1047,-1,1047,914,913,-1,1047,913,1048,-1,1048,913,587,-1,1048,587,1049,-1,1049,587,586,-1,1049,586,1050,-1,1050,586,926,-1,926,925,1050,-1,1050,925,924,-1,1050,924,1051,-1,1051,924,584,-1,1051,584,1052,-1,584,583,1052,-1,1052,583,930,-1,1052,930,1053,-1,930,931,1053,-1,1053,931,581,-1,1053,581,1054,-1,581,580,1054,-1,1054,580,933,-1,1054,933,1055,-1,1055,933,932,-1,1055,932,1056,-1,932,937,1056,-1,1056,937,936,-1,1056,936,1057,-1,936,935,1057,-1,1057,935,934,-1,1057,934,1058,-1,1058,934,578,-1,1058,578,1059,-1,1059,578,577,-1,1059,577,1060,-1,1060,577,947,-1,947,946,1060,-1,1060,946,945,-1,1060,945,1061,-1,1061,945,575,-1,1061,575,1062,-1,575,574,1062,-1,1062,574,951,-1,1062,951,1063,-1,951,952,1063,-1,1063,952,572,-1,1063,572,1064,-1,572,571,1064,-1,1064,571,954,-1,1064,954,1065,-1,1065,954,953,-1,1065,953,1066,-1,953,955,1066,-1,1066,955,569,-1,1066,569,1067,-1,569,568,1067,-1,1067,568,959,-1,1067,959,1068,-1,1068,959,957,-1,1068,957,1069,-1,1069,957,956,-1,1069,956,1070,-1,1070,956,969,-1,969,968,1070,-1,1070,968,967,-1,1070,967,1071,-1,1071,967,566,-1,1071,566,1072,-1,1072,566,565,-1,1072,565,1073,-1,1073,565,563,-1,563,562,1073,-1,1073,562,560,-1,1073,560,1074,-1,560,559,1074,-1,1074,559,976,-1,1074,976,1075,-1,1075,976,975,-1,1075,975,1076,-1,975,977,1076,-1,1076,977,557,-1,1076,557,1077,-1,557,556,1077,-1,1077,556,979,-1,1077,979,1078,-1,1078,979,978,-1,1078,978,1079,-1,1079,978,983,-1,1079,983,1080,-1,1080,983,981,-1,981,980,1080,-1,1080,980,989,-1,1080,989,1081,-1,1081,989,988,-1,1081,988,1082,-1,1082,988,996,-1,1082,996,1083,-1,1083,996,994,-1,994,993,1083,-1,1083,993,821,-1,1083,821,1084,-1,1084,821,817,-1,1084,817,1085,-1,1085,817,816,-1,1085,816,1001,-1,1001,816,822,-1,1001,822,632,-1,1084,1086,1083,-1,1083,1086,1087,-1,1083,1087,1082,-1,1082,1087,1088,-1,1082,1088,1081,-1,1081,1088,1089,-1,1081,1089,1080,-1,1080,1089,1090,-1,1080,1090,1079,-1,1079,1090,1091,-1,1079,1091,1078,-1,1078,1091,1092,-1,1078,1092,1077,-1,1077,1092,1093,-1,1077,1093,1076,-1,1076,1093,1094,-1,1076,1094,1075,-1,1075,1094,1095,-1,1075,1095,1074,-1,1074,1095,1096,-1,1074,1096,1073,-1,1073,1096,1097,-1,1073,1097,1072,-1,1072,1097,1098,-1,1072,1098,1071,-1,1071,1098,1099,-1,1071,1099,1070,-1,1070,1099,1100,-1,1070,1100,1069,-1,1069,1100,1101,-1,1069,1101,1068,-1,1068,1101,1102,-1,1068,1102,1067,-1,1067,1102,1103,-1,1067,1103,1066,-1,1066,1103,1104,-1,1066,1104,1065,-1,1065,1104,1105,-1,1065,1105,1064,-1,1064,1105,1106,-1,1064,1106,1063,-1,1063,1106,1107,-1,1063,1107,1062,-1,1062,1107,1108,-1,1062,1108,1061,-1,1061,1108,1109,-1,1061,1109,1060,-1,1060,1109,1110,-1,1060,1110,1059,-1,1059,1110,1111,-1,1059,1111,1058,-1,1058,1111,1112,-1,1058,1112,1057,-1,1057,1112,1113,-1,1057,1113,1056,-1,1056,1113,1114,-1,1056,1114,1055,-1,1055,1114,1115,-1,1055,1115,1054,-1,1054,1115,1116,-1,1054,1116,1053,-1,1053,1116,1117,-1,1053,1117,1052,-1,1052,1117,1118,-1,1052,1118,1051,-1,1051,1118,1119,-1,1051,1119,1050,-1,1050,1119,1120,-1,1050,1120,1049,-1,1049,1120,1121,-1,1049,1121,1048,-1,1048,1121,1122,-1,1048,1122,1047,-1,1047,1122,1123,-1,1047,1123,1046,-1,1046,1123,1124,-1,1046,1124,1045,-1,1045,1124,1125,-1,1045,1125,1044,-1,1044,1125,1126,-1,1044,1126,1043,-1,1043,1126,1127,-1,1043,1127,1042,-1,1042,1127,1128,-1,1042,1128,1041,-1,1041,1128,1129,-1,1041,1129,1040,-1,1040,1129,1130,-1,1040,1130,1039,-1,1039,1130,1131,-1,1039,1131,1038,-1,1038,1131,1132,-1,1038,1132,1037,-1,1037,1132,1133,-1,1037,1133,1036,-1,1036,1133,1134,-1,1036,1134,1035,-1,1035,1134,1135,-1,1035,1135,1034,-1,1034,1135,1136,-1,1034,1136,1033,-1,1033,1136,1137,-1,1033,1137,1032,-1,1032,1137,1138,-1,1032,1138,1031,-1,1031,1138,1139,-1,1031,1139,1030,-1,1030,1139,1140,-1,1030,1140,1029,-1,1029,1140,1141,-1,1029,1141,1028,-1,1028,1141,1142,-1,1028,1142,1027,-1,1027,1142,1143,-1,1027,1143,1026,-1,1026,1143,1144,-1,1026,1144,1025,-1,1025,1144,1145,-1,1025,1145,1024,-1,1024,1145,1146,-1,1024,1146,1023,-1,1023,1146,1147,-1,1023,1147,1022,-1,1022,1147,1148,-1,1022,1148,1021,-1,1021,1148,1149,-1,1021,1149,1020,-1,1020,1149,1150,-1,1020,1150,1019,-1,1019,1150,1151,-1,1019,1151,1018,-1,1018,1151,1152,-1,1018,1152,1017,-1,1017,1152,1153,-1,1017,1153,1016,-1,1016,1153,1154,-1,1016,1154,1015,-1,1015,1154,1155,-1,1015,1155,1014,-1,1014,1155,1156,-1,1014,1156,1013,-1,1013,1156,1157,-1,1013,1157,1012,-1,1012,1157,1158,-1,1012,1158,1011,-1,1011,1158,1159,-1,1011,1159,1010,-1,1010,1159,1160,-1,1010,1160,1009,-1,1009,1160,1161,-1,1009,1161,1008,-1,1008,1161,1162,-1,1008,1162,1007,-1,1007,1162,1163,-1,1007,1163,1006,-1,1006,1163,1164,-1,1006,1164,1005,-1,1005,1164,1165,-1,1005,1165,1004,-1,1004,1165,1166,-1,1004,1166,1003,-1,1003,1166,1167,-1,1003,1167,1002,-1,1002,1167,1168,-1,1002,1168,1000,-1,1000,1168,1169,-1,1000,1169,1001,-1,1001,1169,1170,-1,1001,1170,1085,-1,1085,1170,1171,-1,1085,1171,1084,-1,1084,1171,1086,-1,1171,1172,1086,-1,1086,1172,1173,-1,1086,1173,1087,-1,1087,1173,1174,-1,1087,1174,1088,-1,1088,1174,1175,-1,1088,1175,1089,-1,1089,1175,1176,-1,1089,1176,1090,-1,1090,1176,1177,-1,1090,1177,1091,-1,1091,1177,1178,-1,1091,1178,1092,-1,1092,1178,1179,-1,1092,1179,1093,-1,1093,1179,1180,-1,1093,1180,1094,-1,1094,1180,1181,-1,1094,1181,1095,-1,1095,1181,1182,-1,1095,1182,1096,-1,1096,1182,1183,-1,1096,1183,1097,-1,1097,1183,1184,-1,1097,1184,1098,-1,1098,1184,1185,-1,1098,1185,1099,-1,1099,1185,1186,-1,1099,1186,1100,-1,1100,1186,1187,-1,1100,1187,1101,-1,1101,1187,1188,-1,1101,1188,1102,-1,1102,1188,1189,-1,1102,1189,1103,-1,1103,1189,1190,-1,1103,1190,1104,-1,1104,1190,1191,-1,1104,1191,1105,-1,1105,1191,1192,-1,1105,1192,1106,-1,1106,1192,1193,-1,1106,1193,1107,-1,1107,1193,1194,-1,1107,1194,1108,-1,1108,1194,1195,-1,1108,1195,1109,-1,1109,1195,1196,-1,1109,1196,1110,-1,1110,1196,1197,-1,1110,1197,1111,-1,1111,1197,1198,-1,1111,1198,1112,-1,1112,1198,1199,-1,1112,1199,1113,-1,1113,1199,1200,-1,1113,1200,1114,-1,1114,1200,1201,-1,1114,1201,1115,-1,1115,1201,1202,-1,1115,1202,1116,-1,1116,1202,1203,-1,1116,1203,1117,-1,1117,1203,1204,-1,1117,1204,1118,-1,1118,1204,1205,-1,1118,1205,1119,-1,1119,1205,1206,-1,1119,1206,1120,-1,1120,1206,1207,-1,1120,1207,1121,-1,1121,1207,1208,-1,1121,1208,1122,-1,1122,1208,1209,-1,1122,1209,1123,-1,1123,1209,1210,-1,1123,1210,1124,-1,1124,1210,1211,-1,1124,1211,1125,-1,1125,1211,1212,-1,1125,1212,1126,-1,1126,1212,1213,-1,1126,1213,1127,-1,1127,1213,1214,-1,1127,1214,1128,-1,1128,1214,1215,-1,1128,1215,1129,-1,1129,1215,1216,-1,1129,1216,1130,-1,1130,1216,1217,-1,1130,1217,1131,-1,1131,1217,1218,-1,1131,1218,1132,-1,1132,1218,1219,-1,1132,1219,1133,-1,1133,1219,1220,-1,1133,1220,1134,-1,1134,1220,1221,-1,1134,1221,1135,-1,1135,1221,1222,-1,1135,1222,1136,-1,1136,1222,1223,-1,1136,1223,1137,-1,1137,1223,1224,-1,1137,1224,1138,-1,1138,1224,1225,-1,1138,1225,1139,-1,1139,1225,1226,-1,1139,1226,1140,-1,1140,1226,1227,-1,1140,1227,1141,-1,1141,1227,1228,-1,1141,1228,1142,-1,1142,1228,1229,-1,1142,1229,1143,-1,1143,1229,1230,-1,1143,1230,1144,-1,1144,1230,1231,-1,1144,1231,1145,-1,1145,1231,1232,-1,1145,1232,1146,-1,1146,1232,1233,-1,1146,1233,1147,-1,1147,1233,1234,-1,1147,1234,1148,-1,1148,1234,1235,-1,1148,1235,1149,-1,1149,1235,1236,-1,1149,1236,1150,-1,1150,1236,1237,-1,1150,1237,1151,-1,1151,1237,1238,-1,1151,1238,1152,-1,1152,1238,1239,-1,1152,1239,1153,-1,1153,1239,1240,-1,1153,1240,1154,-1,1154,1240,1241,-1,1154,1241,1155,-1,1155,1241,1242,-1,1155,1242,1156,-1,1156,1242,1243,-1,1156,1243,1157,-1,1157,1243,1244,-1,1157,1244,1158,-1,1158,1244,1245,-1,1158,1245,1159,-1,1159,1245,1246,-1,1159,1246,1160,-1,1160,1246,1247,-1,1160,1247,1161,-1,1161,1247,1248,-1,1161,1248,1162,-1,1162,1248,1249,-1,1162,1249,1163,-1,1163,1249,1250,-1,1163,1250,1164,-1,1164,1250,1251,-1,1164,1251,1165,-1,1165,1251,1252,-1,1165,1252,1166,-1,1166,1252,1253,-1,1166,1253,1167,-1,1167,1253,1254,-1,1167,1254,1168,-1,1168,1254,1255,-1,1168,1255,1169,-1,1169,1255,1256,-1,1169,1256,1170,-1,1170,1256,1257,-1,1170,1257,1171,-1,1171,1257,1172,-1,1252,1251,1258,-1,1252,1258,1253,-1,1247,1259,1260,-1,1247,1260,1248,-1,1248,1260,1261,-1,1248,1261,1249,-1,1249,1261,1262,-1,1249,1262,1250,-1,1250,1262,1263,-1,1250,1263,1251,-1,1251,1263,1264,-1,1251,1264,1258,-1,1259,1247,1265,-1,1265,1247,1246,-1,1265,1246,1266,-1,1266,1246,1245,-1,1266,1245,1267,-1,1267,1245,1244,-1,1267,1244,1268,-1,1268,1244,1243,-1,1268,1243,1269,-1,1269,1243,1270,-1,1270,1243,1242,-1,1270,1242,1241,-1,1237,1271,1272,-1,1237,1272,1238,-1,1238,1272,1273,-1,1238,1273,1239,-1,1239,1273,1274,-1,1239,1274,1240,-1,1240,1274,1275,-1,1240,1275,1241,-1,1241,1275,1276,-1,1241,1276,1270,-1,1271,1237,1277,-1,1277,1237,1236,-1,1277,1236,1278,-1,1278,1236,1235,-1,1278,1235,1279,-1,1279,1235,1234,-1,1279,1234,1280,-1,1280,1234,1233,-1,1280,1233,1281,-1,1281,1233,1282,-1,1282,1233,1232,-1,1282,1232,1283,-1,1283,1232,1231,-1,1283,1231,1284,-1,1284,1231,1230,-1,1284,1230,1285,-1,1285,1230,1229,-1,1285,1229,1286,-1,1286,1229,1287,-1,1287,1229,1228,-1,1287,1228,1227,-1,1223,1288,1289,-1,1223,1289,1224,-1,1224,1289,1290,-1,1224,1290,1225,-1,1225,1290,1291,-1,1225,1291,1226,-1,1226,1291,1292,-1,1226,1292,1227,-1,1227,1292,1293,-1,1227,1293,1287,-1,1288,1223,1294,-1,1294,1223,1222,-1,1294,1222,1295,-1,1295,1222,1221,-1,1295,1221,1296,-1,1296,1221,1220,-1,1296,1220,1297,-1,1297,1220,1219,-1,1297,1219,1298,-1,1298,1219,1299,-1,1299,1219,1218,-1,1299,1218,1300,-1,1300,1218,1217,-1,1300,1217,1301,-1,1301,1217,1216,-1,1301,1216,1302,-1,1302,1216,1215,-1,1302,1215,1303,-1,1213,1304,1305,-1,1303,1215,1305,-1,1305,1215,1214,-1,1305,1214,1213,-1,1304,1213,1306,-1,1306,1213,1212,-1,1306,1212,1307,-1,1307,1212,1211,-1,1307,1211,1308,-1,1308,1211,1210,-1,1308,1210,1309,-1,1309,1210,1209,-1,1309,1209,1310,-1,1310,1209,1311,-1,1311,1209,1208,-1,1311,1208,1312,-1,1312,1208,1207,-1,1312,1207,1313,-1,1313,1207,1206,-1,1313,1206,1314,-1,1314,1206,1205,-1,1314,1205,1315,-1,1315,1205,1316,-1,1316,1205,1204,-1,1316,1204,1203,-1,1199,1317,1318,-1,1199,1318,1200,-1,1200,1318,1319,-1,1200,1319,1201,-1,1201,1319,1320,-1,1201,1320,1202,-1,1202,1320,1321,-1,1202,1321,1203,-1,1203,1321,1322,-1,1203,1322,1316,-1,1317,1199,1323,-1,1323,1199,1198,-1,1323,1198,1324,-1,1324,1198,1197,-1,1324,1197,1325,-1,1325,1197,1196,-1,1325,1196,1326,-1,1326,1196,1195,-1,1326,1195,1327,-1,1327,1195,1328,-1,1328,1195,1194,-1,1328,1194,1329,-1,1329,1194,1193,-1,1329,1193,1330,-1,1330,1193,1192,-1,1330,1192,1331,-1,1331,1192,1191,-1,1331,1191,1332,-1,1332,1191,1333,-1,1333,1191,1190,-1,1333,1190,1189,-1,1185,1334,1335,-1,1185,1335,1186,-1,1186,1335,1336,-1,1186,1336,1187,-1,1187,1336,1337,-1,1187,1337,1188,-1,1188,1337,1338,-1,1188,1338,1189,-1,1189,1338,1339,-1,1189,1339,1333,-1,1334,1185,1340,-1,1340,1185,1184,-1,1340,1184,1341,-1,1341,1184,1183,-1,1341,1183,1342,-1,1342,1183,1182,-1,1342,1182,1343,-1,1343,1182,1181,-1,1343,1181,1344,-1,1344,1181,1345,-1,1345,1181,1180,-1,1345,1180,1179,-1,1175,1346,1176,-1,1176,1346,1347,-1,1176,1347,1177,-1,1177,1347,1348,-1,1177,1348,1178,-1,1178,1348,1349,-1,1178,1349,1179,-1,1179,1349,1350,-1,1179,1350,1345,-1,1258,1351,1253,-1,1253,1351,1352,-1,1253,1352,1254,-1,1254,1352,1353,-1,1254,1353,1255,-1,1255,1353,1354,-1,1255,1354,1256,-1,1256,1354,1355,-1,1256,1355,1257,-1,1257,1355,1356,-1,1257,1356,1172,-1,1172,1356,1357,-1,1172,1357,1173,-1,1173,1357,1358,-1,1173,1358,1174,-1,1174,1358,1359,-1,1174,1359,1175,-1,1175,1359,1360,-1,1175,1360,1346,-1,1352,1361,1362,-1,1352,1351,1361,-1,1361,1351,1258,-1,1361,1258,1363,-1,1363,1258,1264,-1,1363,1264,1364,-1,1364,1264,1263,-1,1364,1263,1365,-1,1365,1263,1262,-1,1262,1261,1365,-1,1365,1261,1260,-1,1365,1260,1366,-1,1366,1260,1259,-1,1366,1259,1367,-1,1367,1259,1265,-1,1367,1265,1368,-1,1368,1265,1266,-1,1266,1267,1368,-1,1368,1267,1268,-1,1368,1268,1369,-1,1268,1269,1369,-1,1369,1269,1270,-1,1369,1270,1370,-1,1370,1270,1276,-1,1370,1276,1371,-1,1371,1276,1275,-1,1371,1275,1372,-1,1372,1275,1274,-1,1274,1273,1372,-1,1372,1273,1272,-1,1372,1272,1373,-1,1373,1272,1271,-1,1373,1271,1374,-1,1374,1271,1277,-1,1374,1277,1375,-1,1375,1277,1278,-1,1278,1279,1375,-1,1375,1279,1280,-1,1375,1280,1376,-1,1376,1280,1281,-1,1376,1281,1377,-1,1281,1282,1377,-1,1377,1282,1283,-1,1377,1283,1378,-1,1283,1284,1378,-1,1378,1284,1285,-1,1378,1285,1379,-1,1285,1286,1379,-1,1379,1286,1287,-1,1379,1287,1380,-1,1380,1287,1293,-1,1380,1293,1381,-1,1381,1293,1292,-1,1381,1292,1382,-1,1382,1292,1291,-1,1291,1290,1382,-1,1382,1290,1289,-1,1382,1289,1383,-1,1383,1289,1288,-1,1383,1288,1384,-1,1384,1288,1294,-1,1384,1294,1385,-1,1385,1294,1295,-1,1295,1296,1385,-1,1385,1296,1297,-1,1385,1297,1386,-1,1297,1298,1386,-1,1386,1298,1299,-1,1386,1299,1387,-1,1387,1299,1300,-1,1387,1300,1388,-1,1388,1300,1301,-1,1388,1301,1389,-1,1389,1301,1302,-1,1302,1303,1389,-1,1389,1303,1305,-1,1389,1305,1390,-1,1390,1305,1304,-1,1390,1304,1391,-1,1391,1304,1306,-1,1391,1306,1392,-1,1392,1306,1307,-1,1307,1308,1392,-1,1392,1308,1309,-1,1392,1309,1393,-1,1393,1309,1310,-1,1393,1310,1394,-1,1310,1311,1394,-1,1394,1311,1312,-1,1394,1312,1395,-1,1312,1313,1395,-1,1395,1313,1314,-1,1395,1314,1396,-1,1314,1315,1396,-1,1396,1315,1316,-1,1396,1316,1397,-1,1397,1316,1322,-1,1397,1322,1398,-1,1398,1322,1321,-1,1398,1321,1399,-1,1399,1321,1320,-1,1320,1319,1399,-1,1399,1319,1318,-1,1399,1318,1400,-1,1400,1318,1317,-1,1400,1317,1401,-1,1401,1317,1323,-1,1401,1323,1402,-1,1402,1323,1324,-1,1324,1325,1402,-1,1402,1325,1326,-1,1402,1326,1403,-1,1326,1327,1403,-1,1403,1327,1328,-1,1403,1328,1404,-1,1404,1328,1329,-1,1404,1329,1405,-1,1329,1330,1405,-1,1405,1330,1331,-1,1405,1331,1406,-1,1331,1332,1406,-1,1406,1332,1333,-1,1406,1333,1407,-1,1407,1333,1339,-1,1407,1339,1408,-1,1408,1339,1338,-1,1408,1338,1409,-1,1409,1338,1337,-1,1337,1336,1409,-1,1409,1336,1335,-1,1409,1335,1410,-1,1410,1335,1334,-1,1410,1334,1411,-1,1334,1340,1411,-1,1411,1340,1341,-1,1411,1341,1412,-1,1341,1342,1412,-1,1412,1342,1343,-1,1412,1343,1413,-1,1343,1344,1413,-1,1413,1344,1345,-1,1413,1345,1414,-1,1414,1345,1350,-1,1414,1350,1415,-1,1415,1350,1349,-1,1415,1349,1416,-1,1416,1349,1348,-1,1348,1347,1416,-1,1416,1347,1346,-1,1416,1346,1417,-1,1417,1346,1360,-1,1417,1360,1418,-1,1418,1360,1359,-1,1418,1359,1419,-1,1419,1359,1358,-1,1358,1357,1419,-1,1419,1357,1356,-1,1419,1356,1420,-1,1420,1356,1355,-1,1420,1355,1421,-1,1421,1355,1354,-1,1421,1354,1362,-1,1362,1354,1353,-1,1362,1353,1352,-1,1420,1422,1419,-1,1419,1422,1423,-1,1419,1423,1418,-1,1418,1423,1424,-1,1418,1424,1417,-1,1417,1424,1425,-1,1417,1425,1416,-1,1416,1425,1426,-1,1416,1426,1415,-1,1415,1426,1427,-1,1415,1427,1414,-1,1414,1427,1428,-1,1414,1428,1413,-1,1413,1428,1429,-1,1413,1429,1412,-1,1412,1429,1430,-1,1412,1430,1411,-1,1411,1430,1431,-1,1411,1431,1410,-1,1410,1431,1432,-1,1410,1432,1409,-1,1409,1432,1433,-1,1409,1433,1408,-1,1408,1433,1434,-1,1408,1434,1407,-1,1407,1434,1435,-1,1407,1435,1406,-1,1406,1435,1436,-1,1406,1436,1405,-1,1405,1436,1437,-1,1405,1437,1404,-1,1404,1437,1438,-1,1404,1438,1403,-1,1403,1438,1439,-1,1403,1439,1402,-1,1402,1439,1440,-1,1402,1440,1401,-1,1401,1440,1441,-1,1401,1441,1400,-1,1400,1441,1442,-1,1400,1442,1399,-1,1399,1442,1443,-1,1399,1443,1398,-1,1398,1443,1444,-1,1398,1444,1397,-1,1397,1444,1445,-1,1397,1445,1396,-1,1396,1445,1446,-1,1396,1446,1395,-1,1395,1446,1447,-1,1395,1447,1394,-1,1394,1447,1448,-1,1394,1448,1393,-1,1393,1448,1449,-1,1393,1449,1392,-1,1392,1449,1450,-1,1392,1450,1391,-1,1391,1450,1451,-1,1391,1451,1390,-1,1390,1451,1452,-1,1390,1452,1389,-1,1389,1452,1453,-1,1389,1453,1388,-1,1388,1453,1454,-1,1388,1454,1387,-1,1387,1454,1455,-1,1387,1455,1386,-1,1386,1455,1456,-1,1386,1456,1385,-1,1385,1456,1457,-1,1385,1457,1384,-1,1384,1457,1458,-1,1384,1458,1383,-1,1383,1458,1459,-1,1383,1459,1382,-1,1382,1459,1460,-1,1382,1460,1381,-1,1381,1460,1461,-1,1381,1461,1380,-1,1380,1461,1462,-1,1380,1462,1379,-1,1379,1462,1463,-1,1379,1463,1378,-1,1378,1463,1464,-1,1378,1464,1377,-1,1377,1464,1465,-1,1377,1465,1376,-1,1376,1465,1466,-1,1376,1466,1375,-1,1375,1466,1467,-1,1375,1467,1374,-1,1374,1467,1468,-1,1374,1468,1373,-1,1373,1468,1469,-1,1373,1469,1372,-1,1372,1469,1470,-1,1372,1470,1371,-1,1371,1470,1471,-1,1371,1471,1370,-1,1370,1471,1472,-1,1370,1472,1369,-1,1369,1472,1473,-1,1369,1473,1368,-1,1368,1473,1474,-1,1368,1474,1367,-1,1367,1474,1475,-1,1367,1475,1366,-1,1366,1475,1476,-1,1366,1476,1365,-1,1365,1476,1477,-1,1365,1477,1364,-1,1364,1477,1478,-1,1364,1478,1363,-1,1363,1478,1479,-1,1363,1479,1361,-1,1361,1479,1480,-1,1361,1480,1362,-1,1362,1480,1481,-1,1362,1481,1421,-1,1421,1481,1482,-1,1421,1482,1420,-1,1420,1482,1422,-1,1482,1483,1422,-1,1422,1483,1484,-1,1422,1484,1423,-1,1423,1484,1485,-1,1423,1485,1424,-1,1424,1485,1486,-1,1424,1486,1425,-1,1425,1486,1487,-1,1425,1487,1426,-1,1426,1487,1488,-1,1426,1488,1427,-1,1427,1488,1489,-1,1427,1489,1428,-1,1428,1489,1490,-1,1428,1490,1429,-1,1429,1490,1491,-1,1429,1491,1430,-1,1430,1491,1492,-1,1430,1492,1431,-1,1431,1492,1493,-1,1431,1493,1432,-1,1432,1493,1494,-1,1432,1494,1433,-1,1433,1494,1495,-1,1433,1495,1434,-1,1434,1495,1496,-1,1434,1496,1435,-1,1435,1496,1497,-1,1435,1497,1436,-1,1436,1497,1498,-1,1436,1498,1437,-1,1437,1498,1499,-1,1437,1499,1438,-1,1438,1499,1500,-1,1438,1500,1439,-1,1439,1500,1501,-1,1439,1501,1440,-1,1440,1501,1502,-1,1440,1502,1441,-1,1441,1502,1503,-1,1441,1503,1442,-1,1442,1503,1504,-1,1442,1504,1443,-1,1443,1504,1505,-1,1443,1505,1444,-1,1444,1505,1506,-1,1444,1506,1445,-1,1445,1506,1507,-1,1445,1507,1446,-1,1446,1507,1508,-1,1446,1508,1447,-1,1447,1508,1509,-1,1447,1509,1448,-1,1448,1509,1510,-1,1448,1510,1449,-1,1449,1510,1511,-1,1449,1511,1450,-1,1450,1511,1512,-1,1450,1512,1451,-1,1451,1512,1513,-1,1451,1513,1452,-1,1452,1513,1514,-1,1452,1514,1453,-1,1453,1514,1515,-1,1453,1515,1454,-1,1454,1515,1516,-1,1454,1516,1455,-1,1455,1516,1517,-1,1455,1517,1456,-1,1456,1517,1518,-1,1456,1518,1457,-1,1457,1518,1519,-1,1457,1519,1458,-1,1458,1519,1520,-1,1458,1520,1459,-1,1459,1520,1521,-1,1459,1521,1460,-1,1460,1521,1522,-1,1460,1522,1461,-1,1461,1522,1523,-1,1461,1523,1462,-1,1462,1523,1524,-1,1462,1524,1463,-1,1463,1524,1525,-1,1463,1525,1464,-1,1464,1525,1526,-1,1464,1526,1465,-1,1465,1526,1527,-1,1465,1527,1466,-1,1466,1527,1528,-1,1466,1528,1467,-1,1467,1528,1529,-1,1467,1529,1468,-1,1468,1529,1530,-1,1468,1530,1469,-1,1469,1530,1531,-1,1469,1531,1470,-1,1470,1531,1532,-1,1470,1532,1471,-1,1471,1532,1533,-1,1471,1533,1472,-1,1472,1533,1534,-1,1472,1534,1473,-1,1473,1534,1535,-1,1473,1535,1474,-1,1474,1535,1536,-1,1474,1536,1475,-1,1475,1536,1537,-1,1475,1537,1476,-1,1476,1537,1538,-1,1476,1538,1477,-1,1477,1538,1539,-1,1477,1539,1478,-1,1478,1539,1540,-1,1478,1540,1479,-1,1479,1540,1541,-1,1479,1541,1480,-1,1480,1541,1542,-1,1480,1542,1481,-1,1481,1542,1543,-1,1481,1543,1482,-1,1482,1543,1483,-1,1543,1544,1483,-1,1483,1544,1545,-1,1483,1545,1484,-1,1484,1545,1546,-1,1484,1546,1485,-1,1485,1546,1547,-1,1485,1547,1486,-1,1486,1547,1548,-1,1486,1548,1487,-1,1487,1548,1549,-1,1487,1549,1488,-1,1488,1549,1550,-1,1488,1550,1489,-1,1489,1550,1551,-1,1489,1551,1490,-1,1490,1551,1552,-1,1490,1552,1491,-1,1491,1552,1553,-1,1491,1553,1492,-1,1492,1553,1554,-1,1492,1554,1493,-1,1493,1554,1555,-1,1493,1555,1494,-1,1494,1555,1556,-1,1494,1556,1495,-1,1495,1556,1557,-1,1495,1557,1496,-1,1496,1557,1558,-1,1496,1558,1497,-1,1497,1558,1559,-1,1497,1559,1498,-1,1498,1559,1560,-1,1498,1560,1499,-1,1499,1560,1561,-1,1499,1561,1500,-1,1500,1561,1562,-1,1500,1562,1501,-1,1501,1562,1563,-1,1501,1563,1502,-1,1502,1563,1564,-1,1502,1564,1503,-1,1503,1564,1565,-1,1503,1565,1504,-1,1504,1565,1566,-1,1504,1566,1505,-1,1505,1566,1567,-1,1505,1567,1506,-1,1506,1567,1568,-1,1506,1568,1507,-1,1507,1568,1569,-1,1507,1569,1508,-1,1508,1569,1570,-1,1508,1570,1509,-1,1509,1570,1571,-1,1509,1571,1510,-1,1510,1571,1572,-1,1510,1572,1511,-1,1511,1572,1573,-1,1511,1573,1512,-1,1512,1573,1574,-1,1512,1574,1513,-1,1513,1574,1575,-1,1513,1575,1514,-1,1514,1575,1576,-1,1514,1576,1515,-1,1515,1576,1577,-1,1515,1577,1516,-1,1516,1577,1578,-1,1516,1578,1517,-1,1517,1578,1579,-1,1517,1579,1518,-1,1518,1579,1580,-1,1518,1580,1519,-1,1519,1580,1581,-1,1519,1581,1520,-1,1520,1581,1582,-1,1520,1582,1521,-1,1521,1582,1583,-1,1521,1583,1522,-1,1522,1583,1584,-1,1522,1584,1523,-1,1523,1584,1585,-1,1523,1585,1524,-1,1524,1585,1586,-1,1524,1586,1525,-1,1525,1586,1587,-1,1525,1587,1526,-1,1526,1587,1588,-1,1526,1588,1527,-1,1527,1588,1589,-1,1527,1589,1528,-1,1528,1589,1590,-1,1528,1590,1529,-1,1529,1590,1591,-1,1529,1591,1530,-1,1530,1591,1592,-1,1530,1592,1531,-1,1531,1592,1593,-1,1531,1593,1532,-1,1532,1593,1594,-1,1532,1594,1533,-1,1533,1594,1595,-1,1533,1595,1534,-1,1534,1595,1596,-1,1534,1596,1535,-1,1535,1596,1597,-1,1535,1597,1536,-1,1536,1597,1598,-1,1536,1598,1537,-1,1537,1598,1599,-1,1537,1599,1538,-1,1538,1599,1600,-1,1538,1600,1539,-1,1539,1600,1601,-1,1539,1601,1540,-1,1540,1601,1602,-1,1540,1602,1541,-1,1541,1602,1603,-1,1541,1603,1542,-1,1542,1603,1604,-1,1542,1604,1543,-1,1543,1604,1544,-1,1604,1605,1544,-1,1544,1605,1606,-1,1544,1606,1545,-1,1545,1606,1607,-1,1545,1607,1546,-1,1546,1607,1608,-1,1546,1608,1547,-1,1547,1608,1609,-1,1547,1609,1548,-1,1548,1609,1610,-1,1548,1610,1549,-1,1549,1610,1611,-1,1549,1611,1550,-1,1550,1611,1612,-1,1550,1612,1551,-1,1551,1612,1613,-1,1551,1613,1552,-1,1552,1613,1614,-1,1552,1614,1553,-1,1553,1614,1615,-1,1553,1615,1554,-1,1554,1615,1616,-1,1554,1616,1555,-1,1555,1616,1617,-1,1555,1617,1556,-1,1556,1617,1618,-1,1556,1618,1557,-1,1557,1618,1619,-1,1557,1619,1558,-1,1558,1619,1620,-1,1558,1620,1559,-1,1559,1620,1621,-1,1559,1621,1560,-1,1560,1621,1622,-1,1560,1622,1561,-1,1561,1622,1623,-1,1561,1623,1562,-1,1562,1623,1624,-1,1562,1624,1563,-1,1563,1624,1625,-1,1563,1625,1564,-1,1564,1625,1626,-1,1564,1626,1565,-1,1565,1626,1627,-1,1565,1627,1566,-1,1566,1627,1628,-1,1566,1628,1567,-1,1567,1628,1629,-1,1567,1629,1568,-1,1568,1629,1630,-1,1568,1630,1569,-1,1569,1630,1631,-1,1569,1631,1570,-1,1570,1631,1632,-1,1570,1632,1571,-1,1571,1632,1633,-1,1571,1633,1572,-1,1572,1633,1634,-1,1572,1634,1573,-1,1573,1634,1635,-1,1573,1635,1574,-1,1574,1635,1636,-1,1574,1636,1575,-1,1575,1636,1637,-1,1575,1637,1576,-1,1576,1637,1638,-1,1576,1638,1577,-1,1577,1638,1639,-1,1577,1639,1578,-1,1578,1639,1640,-1,1578,1640,1579,-1,1579,1640,1641,-1,1579,1641,1580,-1,1580,1641,1642,-1,1580,1642,1581,-1,1581,1642,1643,-1,1581,1643,1582,-1,1582,1643,1644,-1,1582,1644,1583,-1,1583,1644,1645,-1,1583,1645,1584,-1,1584,1645,1646,-1,1584,1646,1585,-1,1585,1646,1647,-1,1585,1647,1586,-1,1586,1647,1648,-1,1586,1648,1587,-1,1587,1648,1649,-1,1587,1649,1588,-1,1588,1649,1650,-1,1588,1650,1589,-1,1589,1650,1651,-1,1589,1651,1590,-1,1590,1651,1652,-1,1590,1652,1591,-1,1591,1652,1653,-1,1591,1653,1592,-1,1592,1653,1654,-1,1592,1654,1593,-1,1593,1654,1655,-1,1593,1655,1594,-1,1594,1655,1656,-1,1594,1656,1595,-1,1595,1656,1657,-1,1595,1657,1596,-1,1596,1657,1658,-1,1596,1658,1597,-1,1597,1658,1659,-1,1597,1659,1598,-1,1598,1659,1660,-1,1598,1660,1599,-1,1599,1660,1661,-1,1599,1661,1600,-1,1600,1661,1662,-1,1600,1662,1601,-1,1601,1662,1663,-1,1601,1663,1602,-1,1602,1663,1664,-1,1602,1664,1603,-1,1603,1664,1665,-1,1603,1665,1604,-1,1604,1665,1605,-1,1665,1666,1605,-1,1605,1666,1667,-1,1605,1667,1606,-1,1606,1667,1668,-1,1606,1668,1607,-1,1607,1668,1669,-1,1607,1669,1608,-1,1608,1669,1670,-1,1608,1670,1609,-1,1609,1670,1671,-1,1609,1671,1610,-1,1610,1671,1672,-1,1610,1672,1611,-1,1611,1672,1673,-1,1611,1673,1612,-1,1612,1673,1674,-1,1612,1674,1613,-1,1613,1674,1675,-1,1613,1675,1614,-1,1614,1675,1676,-1,1614,1676,1615,-1,1615,1676,1677,-1,1615,1677,1616,-1,1616,1677,1678,-1,1616,1678,1617,-1,1617,1678,1679,-1,1617,1679,1618,-1,1618,1679,1680,-1,1618,1680,1619,-1,1619,1680,1681,-1,1619,1681,1620,-1,1620,1681,1682,-1,1620,1682,1621,-1,1621,1682,1683,-1,1621,1683,1622,-1,1622,1683,1684,-1,1622,1684,1623,-1,1623,1684,1685,-1,1623,1685,1624,-1,1624,1685,1686,-1,1624,1686,1625,-1,1625,1686,1687,-1,1625,1687,1626,-1,1626,1687,1688,-1,1626,1688,1627,-1,1627,1688,1689,-1,1627,1689,1628,-1,1628,1689,1690,-1,1628,1690,1629,-1,1629,1690,1691,-1,1629,1691,1630,-1,1630,1691,1692,-1,1630,1692,1631,-1,1631,1692,1693,-1,1631,1693,1632,-1,1632,1693,1694,-1,1632,1694,1633,-1,1633,1694,1695,-1,1633,1695,1634,-1,1634,1695,1696,-1,1634,1696,1635,-1,1635,1696,1697,-1,1635,1697,1636,-1,1636,1697,1698,-1,1636,1698,1637,-1,1637,1698,1699,-1,1637,1699,1638,-1,1638,1699,1700,-1,1638,1700,1639,-1,1639,1700,1701,-1,1639,1701,1640,-1,1640,1701,1702,-1,1640,1702,1641,-1,1641,1702,1703,-1,1641,1703,1642,-1,1642,1703,1704,-1,1642,1704,1643,-1,1643,1704,1705,-1,1643,1705,1644,-1,1644,1705,1706,-1,1644,1706,1645,-1,1645,1706,1707,-1,1645,1707,1646,-1,1646,1707,1708,-1,1646,1708,1647,-1,1647,1708,1709,-1,1647,1709,1648,-1,1648,1709,1710,-1,1648,1710,1649,-1,1649,1710,1711,-1,1649,1711,1650,-1,1650,1711,1712,-1,1650,1712,1651,-1,1651,1712,1713,-1,1651,1713,1652,-1,1652,1713,1714,-1,1652,1714,1653,-1,1653,1714,1715,-1,1653,1715,1654,-1,1654,1715,1716,-1,1654,1716,1655,-1,1655,1716,1717,-1,1655,1717,1656,-1,1656,1717,1718,-1,1656,1718,1657,-1,1657,1718,1719,-1,1657,1719,1658,-1,1658,1719,1720,-1,1658,1720,1659,-1,1659,1720,1721,-1,1659,1721,1660,-1,1660,1721,1722,-1,1660,1722,1661,-1,1661,1722,1723,-1,1661,1723,1662,-1,1662,1723,1724,-1,1662,1724,1663,-1,1663,1724,1725,-1,1663,1725,1664,-1,1664,1725,1726,-1,1664,1726,1665,-1,1665,1726,1666,-1,1726,1727,1666,-1,1666,1727,1728,-1,1666,1728,1667,-1,1667,1728,1729,-1,1667,1729,1668,-1,1668,1729,1730,-1,1668,1730,1669,-1,1669,1730,1731,-1,1669,1731,1670,-1,1670,1731,1732,-1,1670,1732,1671,-1,1671,1732,1733,-1,1671,1733,1672,-1,1672,1733,1734,-1,1672,1734,1673,-1,1673,1734,1735,-1,1673,1735,1674,-1,1674,1735,1736,-1,1674,1736,1675,-1,1675,1736,1737,-1,1675,1737,1676,-1,1676,1737,1738,-1,1676,1738,1677,-1,1677,1738,1739,-1,1677,1739,1678,-1,1678,1739,1740,-1,1678,1740,1679,-1,1679,1740,1741,-1,1679,1741,1680,-1,1680,1741,1742,-1,1680,1742,1681,-1,1681,1742,1743,-1,1681,1743,1682,-1,1682,1743,1744,-1,1682,1744,1683,-1,1683,1744,1745,-1,1683,1745,1684,-1,1684,1745,1746,-1,1684,1746,1685,-1,1685,1746,1747,-1,1685,1747,1686,-1,1686,1747,1748,-1,1686,1748,1687,-1,1687,1748,1749,-1,1687,1749,1688,-1,1688,1749,1750,-1,1688,1750,1689,-1,1689,1750,1751,-1,1689,1751,1690,-1,1690,1751,1752,-1,1690,1752,1691,-1,1691,1752,1753,-1,1691,1753,1692,-1,1692,1753,1754,-1,1692,1754,1693,-1,1693,1754,1755,-1,1693,1755,1694,-1,1694,1755,1756,-1,1694,1756,1695,-1,1695,1756,1757,-1,1695,1757,1696,-1,1696,1757,1758,-1,1696,1758,1697,-1,1697,1758,1759,-1,1697,1759,1698,-1,1698,1759,1760,-1,1698,1760,1699,-1,1699,1760,1761,-1,1699,1761,1700,-1,1700,1761,1762,-1,1700,1762,1701,-1,1701,1762,1763,-1,1701,1763,1702,-1,1702,1763,1764,-1,1702,1764,1703,-1,1703,1764,1765,-1,1703,1765,1704,-1,1704,1765,1766,-1,1704,1766,1705,-1,1705,1766,1767,-1,1705,1767,1706,-1,1706,1767,1768,-1,1706,1768,1707,-1,1707,1768,1769,-1,1707,1769,1708,-1,1708,1769,1770,-1,1708,1770,1709,-1,1709,1770,1771,-1,1709,1771,1710,-1,1710,1771,1772,-1,1710,1772,1711,-1,1711,1772,1773,-1,1711,1773,1712,-1,1712,1773,1774,-1,1712,1774,1713,-1,1713,1774,1775,-1,1713,1775,1714,-1,1714,1775,1776,-1,1714,1776,1715,-1,1715,1776,1777,-1,1715,1777,1716,-1,1716,1777,1778,-1,1716,1778,1717,-1,1717,1778,1779,-1,1717,1779,1718,-1,1718,1779,1780,-1,1718,1780,1719,-1,1719,1780,1781,-1,1719,1781,1720,-1,1720,1781,1782,-1,1720,1782,1721,-1,1721,1782,1783,-1,1721,1783,1722,-1,1722,1783,1784,-1,1722,1784,1723,-1,1723,1784,1785,-1,1723,1785,1724,-1,1724,1785,1786,-1,1724,1786,1725,-1,1725,1786,1787,-1,1725,1787,1726,-1,1726,1787,1727,-1,1788,1789,1790,-1,1790,1789,1791,-1,1792,1793,1788,-1,1788,1793,1794,-1,1788,1794,1789,-1,1791,1789,1795,-1,1795,1789,1794,-1,1796,1797,1795,-1,1795,1797,1790,-1,1795,1790,1791,-1,1798,1799,1796,-1,1795,1794,1796,-1,1796,1794,1793,-1,1796,1793,1800,-1,1800,1801,1796,-1,1796,1801,1802,-1,1796,1802,1803,-1,1803,1804,1796,-1,1796,1804,1805,-1,1796,1805,1806,-1,1806,1807,1796,-1,1796,1807,1808,-1,1796,1808,1798,-1,1809,1810,1811,-1,1811,1810,1812,-1,1810,1809,1813,-1,1813,1809,1814,-1,1815,1816,1813,-1,1813,1816,1812,-1,1813,1812,1810,-1,1817,1818,1811,-1,1811,1818,1814,-1,1811,1814,1809,-1,1815,1813,1814,-1,1819,1815,1820,-1,1820,1815,1821,-1,1814,1818,1815,-1,1815,1818,1822,-1,1815,1822,1823,-1,1823,1824,1815,-1,1815,1824,1825,-1,1815,1825,1821,-1,1820,1826,1827,-1,1827,1828,1820,-1,1820,1828,1829,-1,1820,1829,1819,-1,1830,1820,1821,-1,1830,1821,1831,-1,1831,1821,1825,-1,1831,1825,1832,-1,1832,1825,1824,-1,1832,1824,1833,-1,1833,1824,1823,-1,1833,1823,1834,-1,1834,1823,1822,-1,1834,1822,1835,-1,1835,1822,1818,-1,1835,1818,1817,-1,1816,1815,1819,-1,1816,1819,1836,-1,1836,1819,1829,-1,1836,1829,1837,-1,1837,1829,1828,-1,1837,1828,1838,-1,1838,1828,1827,-1,1838,1827,1839,-1,1839,1827,1826,-1,1839,1826,1840,-1,1840,1826,1820,-1,1840,1820,1830,-1,1841,1805,1804,-1,1841,1804,1842,-1,1842,1804,1803,-1,1842,1803,1843,-1,1843,1803,1802,-1,1843,1802,1844,-1,1844,1802,1801,-1,1844,1801,1845,-1,1845,1801,1800,-1,1845,1800,1846,-1,1846,1800,1793,-1,1846,1793,1792,-1,1797,1796,1799,-1,1797,1799,1847,-1,1847,1799,1798,-1,1847,1798,1848,-1,1848,1798,1808,-1,1848,1808,1849,-1,1849,1808,1807,-1,1849,1807,1850,-1,1850,1807,1806,-1,1850,1806,1851,-1,1851,1806,1805,-1,1851,1805,1841,-1,
        ]
    }
}
Shape{
    appearance Appearance {
        material  Material 	{
            diffuseColor 1.0 1.0 1.0
            specularColor 0.5019607843137255 0.5019607843137255 0.5019607843137255
            ambientIntensity 1.0
            transparency 0.0
            shininess 0.5
        }
    }
    geometry IndexedFaceSet {
        ccw TRUE
        solid FALSE
        coord DEF co Coordinate {
            point [
                1.2993 0.9397 0.4089, 1.2993 0.9397 0.4024, 1.2992 0.9397 0.4089, 1.2992 0.9397 0.4024, 1.2993 0.9171 0.4089, 1.2992 0.9171 0.4089, 1.2993 0.9171 0.4592, 1.2992 0.9171 0.4592, 1.2993 0.9098 0.4592, 1.2992 0.9098 0.4592, 1.2993 0.9098 0.4024, 1.2992 0.9098 0.4024, 1.2992 0.9846 0.4047, 1.2993 0.9846 0.4047, 1.2993 0.9836 0.4042, 1.2993 0.9775 0.4022, 1.2993 0.9689 0.4014, 1.2992 0.9739 0.4019, 1.2992 0.9689 0.4014, 1.2992 0.9775 0.4022, 1.2992 0.9822 0.4038, 1.2992 0.9836 0.4042, 1.2993 0.9846 0.4118, 1.2992 0.9846 0.4118, 1.2992 0.9822 0.4107, 1.2993 0.9792 0.4093, 1.2992 0.9792 0.4093, 1.2992 0.9728 0.4081, 1.2993 0.9728 0.4081, 1.2992 0.9699 0.408, 1.2993 0.9699 0.408, 1.2992 0.9641 0.4087, 1.2993 0.9641 0.4087, 1.2992 0.9601 0.4102, 1.2993 0.9601 0.4102, 1.2992 0.9564 0.4129, 1.2993 0.9564 0.4129, 1.2992 0.9553 0.4139, 1.2993 0.9553 0.4139, 1.2992 0.9524 0.418, 1.2993 0.9524 0.418, 1.2992 0.9507 0.4226, 1.2993 0.9507 0.4226, 1.2992 0.9498 0.4296, 1.2993 0.9498 0.4296, 1.2992 0.9498 0.4301, 1.2993 0.9498 0.4301, 1.2992 0.9505 0.4371, 1.2993 0.9505 0.4371, 1.2992 0.9523 0.4422, 1.2993 0.9523 0.4422, 1.2992 0.9549 0.4463, 1.2993 0.9549 0.4463, 1.2992 0.9557 0.4472, 1.2993 0.9557 0.4472, 1.2992 0.9594 0.4502, 1.2993 0.9594 0.4502, 1.2992 0.9638 0.4524, 1.2993 0.9638 0.4524, 1.2992 0.9687 0.4534, 1.2993 0.9687 0.4534, 1.2992 0.9712 0.4535, 1.2993 0.9712 0.4535, 1.2992 0.9846 0.4501, 1.2993 0.9846 0.4501, 1.2993 0.9836 0.4507, 1.2992 0.9778 0.4528, 1.2993 0.9778 0.4528, 1.2992 0.9822 0.4512, 1.2992 0.9836 0.4507, 1.2993 0.9846 0.4578, 1.2992 0.9846 0.4578, 1.2992 0.9711 0.4601, 1.2993 0.9711 0.4601, 1.2993 0.9716 0.4601, 1.2992 0.9822 0.4585, 1.2993 0.979 0.4595, 1.2992 0.979 0.4595, 1.2992 0.977 0.4596, 1.2992 0.9716 0.4601, 1.2993 0.964 0.4594, 1.2992 0.9665 0.4596, 1.2992 0.964 0.4594, 1.2992 0.9579 0.4573, 1.2993 0.9579 0.4573, 1.2992 0.9523 0.4536, 1.2993 0.9523 0.4536, 1.2992 0.9503 0.4518, 1.2993 0.9503 0.4518, 1.2992 0.9464 0.4468, 1.2993 0.9464 0.4468, 1.2992 0.9446 0.4428, 1.2993 0.9436 0.4405, 1.2992 0.9436 0.4405, 1.2992 0.9422 0.4332, 1.2993 0.9422 0.4332, 1.2992 0.9421 0.4297, 1.2993 0.9421 0.4297, 1.2992 0.9431 0.4206, 1.2993 0.9431 0.4206, 1.2992 0.9446 0.4168, 1.2993 0.9454 0.4146, 1.2992 0.9454 0.4146, 1.2992 0.9488 0.4098, 1.2993 0.9488 0.4098, 1.2992 0.9494 0.4092, 1.2993 0.9494 0.4092, 1.2993 0.9654 0.4016, 1.2992 0.9539 0.4054, 1.2993 0.9539 0.4054, 1.2992 0.9592 0.4029, 1.2993 0.9592 0.4029, 1.2992 0.9639 0.4019, 1.2992 0.9654 0.4016, 1.2993 1.0265 0.4089, 1.2993 1.0265 0.4024, 1.2992 1.0265 0.4089, 1.2992 1.0265 0.4024, 1.2992 1.0033 0.4089, 1.2993 1.0033 0.4089, 1.2992 1.0186 0.4089, 1.2993 1.0033 0.428, 1.2992 1.0033 0.428, 1.2992 1.0236 0.428, 1.2993 1.0236 0.428, 1.2992 1.0186 0.428, 1.2993 1.0236 0.4345, 1.2992 1.0236 0.4345, 1.2992 1.0033 0.4345, 1.2993 1.0033 0.4345, 1.2992 1.0186 0.4345, 1.2993 1.0033 0.4526, 1.2992 1.0033 0.4526, 1.2992 1.0252 0.4526, 1.2993 1.0252 0.4526, 1.2992 1.0186 0.4526, 1.2993 1.0252 0.4592, 1.2992 1.0252 0.4592, 1.2992 0.9959 0.4592, 1.2993 0.9959 0.4592, 1.2992 1.0186 0.4592, 1.2993 0.9959 0.4024, 1.2992 0.9959 0.4024, 1.2992 1.0186 0.4024, 1.2993 1.0756 0.4281, 1.2993 1.0832 0.4275, 1.2993 1.0757 0.4313, 1.2993 1.0834 0.4315, 1.2993 1.075 0.4379, 1.2993 1.0827 0.4384, 1.2993 1.0735 0.4422, 1.2993 1.0808 0.444, 1.2993 1.0713 0.4455, 1.2993 1.0774 0.4491, 1.2993 1.0695 0.4473, 1.2993 1.0749 0.4516, 1.2993 1.0651 0.4501, 1.2993 1.0695 0.4554, 1.2993 1.0602 0.4519, 1.2993 1.0628 0.458, 1.2993 1.0531 0.4526, 1.2993 1.0534 0.4592, 1.2993 1.0445 0.4526, 1.2993 1.0372 0.4592, 1.2993 1.0445 0.4089, 1.2993 1.0372 0.4024, 1.2993 1.0528 0.4089, 1.2993 1.0528 0.4024, 1.2993 1.0598 0.4096, 1.2993 1.0623 0.4035, 1.2993 1.0647 0.4113, 1.2993 1.0688 0.406, 1.2993 1.0685 0.4137, 1.2993 1.0743 0.4098, 1.2993 1.0697 0.4148, 1.2993 1.0749 0.4103, 1.2993 1.0726 0.4185, 1.2993 1.0789 0.4151, 1.2993 1.0745 0.4228, 1.2993 1.0818 0.4209, 1.2992 1.0528 0.4024, 1.2992 1.0372 0.4024, 1.2992 1.0623 0.4035, 1.2992 1.0688 0.406, 1.2992 1.0743 0.4098, 1.2992 1.0749 0.4103, 1.2992 1.0789 0.4151, 1.2992 1.0818 0.4209, 1.2992 1.0832 0.4275, 1.2992 1.0834 0.4315, 1.2992 1.0827 0.4384, 1.2992 1.0808 0.444, 1.2992 1.0774 0.4491, 1.2992 1.0749 0.4516, 1.2992 1.0695 0.4554, 1.2992 1.0628 0.458, 1.2992 1.0534 0.4592, 1.2992 1.0372 0.4592, 1.2992 1.0531 0.4526, 1.2992 1.0445 0.4526, 1.2992 1.0445 0.4089, 1.2992 1.0528 0.4089, 1.2992 1.0697 0.4148, 1.2992 1.0685 0.4137, 1.2992 1.0647 0.4113, 1.2992 1.0598 0.4096, 1.2992 1.0757 0.4313, 1.2992 1.0756 0.4281, 1.2992 1.0745 0.4228, 1.2992 1.0726 0.4185, 1.2992 1.0695 0.4473, 1.2992 1.0713 0.4455, 1.2992 1.0735 0.4422, 1.2992 1.075 0.4379, 1.2992 1.0602 0.4519, 1.2992 1.0651 0.4501
            ]
        }
        coordIndex [
            0,1,2,-1,2,1,3,-1,4,0,5,-1,5,0,2,-1,6,4,7,-1,7,4,5,-1,8,6,9,-1,9,6,7,-1,10,8,11,-1,11,8,9,-1,1,10,3,-1,3,10,11,-1,6,8,4,-1,4,8,10,-1,4,10,0,-1,0,10,1,-1,12,13,14,-1,15,16,17,-1,17,16,18,-1,17,19,15,-1,15,19,20,-1,15,20,14,-1,14,20,21,-1,14,21,12,-1,22,13,23,-1,23,13,12,-1,22,23,24,-1,22,24,25,-1,24,26,25,-1,25,26,27,-1,25,27,28,-1,28,27,29,-1,28,29,30,-1,30,29,31,-1,30,31,32,-1,32,31,33,-1,32,33,34,-1,34,33,35,-1,34,35,36,-1,36,35,37,-1,36,37,38,-1,38,37,39,-1,38,39,40,-1,40,39,41,-1,40,41,42,-1,42,41,43,-1,42,43,44,-1,44,43,45,-1,44,45,46,-1,46,45,47,-1,46,47,48,-1,48,47,49,-1,48,49,50,-1,50,49,51,-1,50,51,52,-1,52,51,53,-1,52,53,54,-1,54,53,55,-1,54,55,56,-1,56,55,57,-1,56,57,58,-1,58,57,59,-1,58,59,60,-1,60,59,61,-1,60,61,62,-1,63,64,65,-1,62,61,66,-1,62,66,67,-1,67,66,68,-1,67,68,65,-1,65,68,69,-1,65,69,63,-1,70,64,71,-1,71,64,63,-1,72,73,74,-1,70,71,75,-1,70,75,76,-1,75,77,76,-1,76,77,78,-1,76,78,74,-1,74,78,79,-1,74,79,72,-1,80,73,81,-1,81,73,72,-1,81,82,80,-1,80,82,83,-1,80,83,84,-1,84,83,85,-1,84,85,86,-1,86,85,87,-1,86,87,88,-1,88,87,89,-1,88,89,90,-1,90,89,91,-1,90,91,92,-1,91,93,92,-1,92,93,94,-1,92,94,95,-1,95,94,96,-1,95,96,97,-1,97,96,98,-1,97,98,99,-1,99,98,100,-1,99,100,101,-1,100,102,101,-1,101,102,103,-1,101,103,104,-1,104,103,105,-1,104,105,106,-1,18,16,107,-1,106,105,108,-1,106,108,109,-1,109,108,110,-1,109,110,111,-1,111,110,112,-1,111,112,107,-1,107,112,113,-1,107,113,18,-1,65,64,70,-1,48,50,90,-1,13,22,14,-1,14,22,25,-1,14,25,15,-1,15,25,28,-1,15,28,16,-1,16,28,30,-1,16,30,107,-1,107,30,32,-1,107,32,111,-1,111,32,34,-1,111,34,109,-1,109,34,36,-1,109,36,106,-1,106,36,38,-1,106,38,104,-1,104,38,40,-1,104,40,101,-1,101,40,99,-1,99,40,42,-1,99,42,97,-1,90,50,88,-1,65,70,67,-1,67,70,76,-1,67,76,62,-1,62,76,74,-1,62,74,60,-1,60,74,73,-1,60,73,58,-1,58,73,80,-1,58,80,56,-1,80,84,56,-1,56,84,86,-1,56,86,54,-1,54,86,88,-1,54,88,52,-1,52,88,50,-1,42,44,97,-1,97,44,46,-1,97,46,95,-1,95,46,48,-1,95,48,92,-1,92,48,90,-1,114,115,116,-1,116,115,117,-1,118,119,120,-1,120,119,114,-1,120,114,116,-1,121,119,122,-1,122,119,118,-1,123,124,125,-1,125,124,121,-1,125,121,122,-1,126,124,127,-1,127,124,123,-1,128,129,130,-1,130,129,126,-1,130,126,127,-1,131,129,132,-1,132,129,128,-1,133,134,135,-1,135,134,131,-1,135,131,132,-1,136,134,137,-1,137,134,133,-1,138,139,140,-1,140,139,136,-1,140,136,137,-1,141,139,142,-1,142,139,138,-1,117,115,143,-1,143,115,141,-1,143,141,142,-1,141,115,114,-1,114,119,141,-1,141,119,121,-1,141,121,139,-1,134,136,131,-1,131,136,139,-1,131,139,129,-1,129,139,121,-1,129,121,126,-1,126,121,124,-1,144,145,146,-1,146,145,147,-1,146,147,148,-1,148,147,149,-1,148,149,150,-1,150,149,151,-1,150,151,152,-1,152,151,153,-1,152,153,154,-1,154,153,155,-1,154,155,156,-1,156,155,157,-1,156,157,158,-1,158,157,159,-1,158,159,160,-1,160,159,161,-1,160,161,162,-1,162,161,163,-1,162,163,164,-1,164,163,165,-1,164,165,166,-1,166,165,167,-1,166,167,168,-1,168,167,169,-1,168,169,170,-1,170,169,171,-1,170,171,172,-1,172,171,173,-1,172,173,174,-1,174,173,175,-1,174,175,176,-1,176,175,177,-1,176,177,178,-1,178,177,179,-1,178,179,144,-1,144,179,145,-1,167,165,180,-1,180,165,181,-1,167,180,182,-1,167,182,169,-1,169,182,183,-1,169,183,171,-1,171,183,184,-1,171,184,173,-1,173,184,185,-1,173,185,175,-1,175,185,186,-1,175,186,177,-1,177,186,187,-1,177,187,179,-1,179,187,188,-1,179,188,145,-1,145,188,189,-1,145,189,147,-1,147,189,190,-1,147,190,149,-1,149,190,191,-1,149,191,151,-1,151,191,192,-1,151,192,153,-1,153,192,193,-1,153,193,155,-1,155,193,194,-1,155,194,157,-1,157,194,195,-1,157,195,159,-1,159,195,196,-1,159,196,161,-1,163,161,197,-1,197,161,196,-1,165,163,181,-1,181,163,197,-1,160,162,198,-1,198,162,199,-1,162,164,199,-1,199,164,200,-1,164,166,200,-1,200,166,201,-1,174,202,203,-1,174,203,172,-1,172,203,204,-1,172,204,170,-1,170,204,205,-1,170,205,168,-1,168,205,201,-1,168,201,166,-1,146,206,207,-1,146,207,144,-1,144,207,208,-1,144,208,178,-1,178,208,209,-1,178,209,176,-1,176,209,202,-1,176,202,174,-1,154,210,211,-1,154,211,152,-1,152,211,212,-1,152,212,150,-1,150,212,213,-1,150,213,148,-1,148,213,206,-1,148,206,146,-1,160,198,214,-1,160,214,158,-1,158,214,215,-1,158,215,156,-1,156,215,210,-1,156,210,154,-1,
        ]
    }
}
Shape{
    appearance Appearance {
        material  Material 	{
            diffuseColor 0.25098039215686274 0.25098039215686274 0.25098039215686274
            specularColor 0.12549019607843137 0.12549019607843137 0.12549019607843137
            ambientIntensity 0.251
            transparency 0.0
            shininess 0.5
        }
    }
    geometry IndexedFaceSet {
        ccw TRUE
        solid FALSE
        coord DEF co Coordinate {
            point [
                1.2992 1.0445 0.4526, 1.2992 1.0445 0.4089, 1.2992 1.0531 0.4526, 1.2992 1.0528 0.4089, 1.2992 1.0598 0.4096, 1.2992 1.0647 0.4113, 1.2992 1.0685 0.4137, 1.2992 1.0697 0.4148, 1.2992 1.0726 0.4185, 1.2992 1.0745 0.4228, 1.2992 1.0756 0.4281, 1.2992 1.0757 0.4313, 1.2992 1.075 0.4379, 1.2992 1.0735 0.4422, 1.2992 1.0713 0.4455, 1.2992 1.0695 0.4473, 1.2992 1.0602 0.4519, 1.2992 1.0651 0.4501
            ]
        }
        coordIndex [
            0,1,2,-1,2,1,3,-1,2,3,4,-1,4,5,2,-1,2,5,6,-1,2,6,7,-1,7,8,2,-1,2,8,9,-1,2,9,10,-1,10,11,2,-1,2,11,12,-1,2,12,13,-1,13,14,2,-1,2,14,15,-1,2,15,16,-1,16,15,17,-1,
        ]
    }
}
Shape{
    appearance Appearance {
        material  Material 	{
            diffuseColor 1.0 1.0 1.0
            specularColor 0.5019607843137255 0.5019607843137255 0.5019607843137255
            ambientIntensity 1.0
            transparency 0.0
            shininess 0.5
        }
    }
    geometry IndexedFaceSet {
        ccw TRUE
        solid FALSE
        coord DEF co Coordinate {
            point [
                1.2993 1.1025 0.4243, 1.2993 1.1001 0.4179, 1.2993 1.1215 0.4243, 1.2993 1.1238 0.4179, 1.2993 1.111 0.4479, 1.2993 1.1082 0.4592, 1.2993 1.0866 0.4024, 1.2993 1.0947 0.4024, 1.2993 1.1114 0.4496, 1.2993 1.1119 0.4519, 1.2993 1.1161 0.4592, 1.2993 1.1121 0.4519, 1.2993 1.1125 0.4495, 1.2993 1.1129 0.4479, 1.2993 1.1377 0.4024, 1.2993 1.1296 0.4024, 1.2992 1.1161 0.4592, 1.2992 1.1377 0.4024, 1.2992 1.1082 0.4592, 1.2992 1.0866 0.4024, 1.2992 1.103 0.4453, 1.2992 1.0947 0.4024, 1.2992 1.1001 0.4179, 1.2992 1.1238 0.4179, 1.2992 1.103 0.4179, 1.2992 1.1296 0.4024, 1.2992 1.1025 0.4243, 1.2992 1.1215 0.4243, 1.2992 1.1129 0.4479, 1.2992 1.1121 0.4519, 1.2992 1.1125 0.4495, 1.2992 1.1119 0.4519, 1.2992 1.111 0.4479, 1.2992 1.1114 0.4496
            ]
        }
        coordIndex [
            0,1,2,-1,2,1,3,-1,4,5,0,-1,0,5,6,-1,0,6,1,-1,1,6,7,-1,4,8,5,-1,5,8,9,-1,5,9,10,-1,10,9,11,-1,10,11,12,-1,12,13,10,-1,10,13,2,-1,10,2,14,-1,14,2,3,-1,14,3,15,-1,10,14,16,-1,16,14,17,-1,5,10,18,-1,18,10,16,-1,19,6,20,-1,20,6,5,-1,20,5,18,-1,7,6,21,-1,21,6,19,-1,1,7,22,-1,22,7,21,-1,23,3,24,-1,24,3,1,-1,24,1,22,-1,15,3,25,-1,25,3,23,-1,14,15,17,-1,17,15,25,-1,0,2,26,-1,26,2,27,-1,2,13,27,-1,27,13,28,-1,11,29,30,-1,11,30,12,-1,12,30,28,-1,12,28,13,-1,11,9,29,-1,29,9,31,-1,4,32,33,-1,4,33,8,-1,8,33,31,-1,8,31,9,-1,4,0,32,-1,32,0,26,-1,
        ]
    }
}
Shape{
    appearance Appearance {
        material  Material 	{
            diffuseColor 0.25098039215686274 0.25098039215686274 0.25098039215686274
            specularColor 0.12549019607843137 0.12549019607843137 0.12549019607843137
            ambientIntensity 0.251
            transparency 0.0
            shininess 0.5
        }
    }
    geometry IndexedFaceSet {
        ccw TRUE
        solid FALSE
        coord DEF co Coordinate {
            point [
                1.2992 1.1121 0.4519, 1.2992 1.1119 0.4519, 1.2992 1.1125 0.4495, 1.2992 1.1114 0.4496, 1.2992 1.1129 0.4479, 1.2992 1.111 0.4479, 1.2992 1.1215 0.4243, 1.2992 1.1025 0.4243
            ]
        }
        coordIndex [
            0,1,2,-1,2,1,3,-1,2,3,4,-1,4,3,5,-1,4,5,6,-1,6,5,7,-1,
        ]
    }
}
Shape{
    appearance Appearance {
        material  Material 	{
            diffuseColor 1.0 1.0 1.0
            specularColor 0.5019607843137255 0.5019607843137255 0.5019607843137255
            ambientIntensity 1.0
            transparency 0.0
            shininess 0.5
        }
    }
    geometry IndexedFaceSet {
        ccw TRUE
        solid FALSE
        coord DEF co Coordinate {
            point [
                1.2993 0.9403 0.3188, 1.2993 0.9403 0.3123, 1.2992 0.9403 0.3188, 1.2992 0.9403 0.3123, 1.2993 0.9171 0.3188, 1.2992 0.9171 0.3188, 1.2993 0.9171 0.3379, 1.2992 0.9171 0.3379, 1.2993 0.9374 0.3379, 1.2992 0.9374 0.3379, 1.2993 0.9374 0.3444, 1.2992 0.9374 0.3444, 1.2993 0.9171 0.3444, 1.2992 0.9171 0.3444, 1.2993 0.9171 0.3625, 1.2992 0.9171 0.3625, 1.2993 0.939 0.3625, 1.2992 0.939 0.3625, 1.2993 0.939 0.3691, 1.2992 0.939 0.3691, 1.2993 0.9098 0.3691, 1.2992 0.9098 0.3691, 1.2993 0.9098 0.3123, 1.2992 0.9098 0.3123, 1.2993 0.9724 0.3186, 1.2993 0.9726 0.3186, 1.2993 0.9722 0.3251, 1.2993 0.9552 0.3351, 1.2993 0.9522 0.3335, 1.2993 0.9562 0.3289, 1.2993 0.9726 0.3283, 1.2993 0.9797 0.3384, 1.2993 0.9726 0.3288, 1.2993 0.9726 0.3326, 1.2993 0.9726 0.3123, 1.2993 0.9797 0.3123, 1.2993 0.9711 0.3226, 1.2993 0.9696 0.3205, 1.2993 0.9713 0.3169, 1.2993 0.9687 0.3196, 1.2993 0.9691 0.3145, 1.2993 0.9667 0.3183, 1.2993 0.9666 0.3128, 1.2993 0.9645 0.3175, 1.2993 0.9637 0.3117, 1.2993 0.9618 0.3172, 1.2993 0.96 0.3113, 1.2993 0.9594 0.3174, 1.2993 0.9557 0.3118, 1.2993 0.9578 0.318, 1.2993 0.953 0.3129, 1.2993 0.9564 0.319, 1.2993 0.9506 0.3145, 1.2993 0.9558 0.3196, 1.2993 0.9554 0.3278, 1.2993 0.95 0.3316, 1.2993 0.9548 0.3265, 1.2993 0.9486 0.3296, 1.2993 0.9544 0.3249, 1.2993 0.9573 0.3296, 1.2993 0.959 0.3304, 1.2993 0.9606 0.3364, 1.2993 0.9631 0.3314, 1.2993 0.9726 0.3381, 1.2993 0.9511 0.35, 1.2993 0.9511 0.3431, 1.2993 0.9531 0.3511, 1.2993 0.9561 0.3462, 1.2993 0.9585 0.3531, 1.2993 0.9606 0.3476, 1.2993 0.9651 0.3538, 1.2993 0.9644 0.348, 1.2993 0.9693 0.3534, 1.2993 0.9668 0.3478, 1.2993 0.9723 0.3525, 1.2993 0.9685 0.3472, 1.2993 0.9747 0.3512, 1.2993 0.9697 0.3464, 1.2993 0.9766 0.3494, 1.2993 0.9708 0.3452, 1.2993 0.978 0.3471, 1.2993 0.9716 0.3438, 1.2993 0.9792 0.3439, 1.2993 0.9724 0.3412, 1.2993 0.9476 0.3271, 1.2993 0.9472 0.324, 1.2993 0.9544 0.3237, 1.2993 0.9471 0.3232, 1.2993 0.9545 0.3221, 1.2993 0.9475 0.3199, 1.2993 0.955 0.3208, 1.2993 0.9484 0.3175, 1.2993 0.9498 0.3153, 1.2992 0.9651 0.3538, 1.2992 0.9585 0.3531, 1.2992 0.9531 0.3511, 1.2992 0.9511 0.35, 1.2992 0.9511 0.3431, 1.2992 0.9561 0.3462, 1.2992 0.9606 0.3476, 1.2992 0.9644 0.348, 1.2992 0.9668 0.3478, 1.2992 0.9685 0.3472, 1.2992 0.9697 0.3464, 1.2992 0.9708 0.3452, 1.2992 0.9716 0.3438, 1.2992 0.9724 0.3412, 1.2992 0.9726 0.3381, 1.2992 0.9606 0.3364, 1.2992 0.9552 0.3351, 1.2992 0.9522 0.3335, 1.2992 0.95 0.3316, 1.2992 0.9486 0.3296, 1.2992 0.9476 0.3271, 1.2992 0.9472 0.324, 1.2992 0.9471 0.3232, 1.2992 0.9475 0.3199, 1.2992 0.9484 0.3175, 1.2992 0.9498 0.3153, 1.2992 0.9506 0.3145, 1.2992 0.96 0.3113, 1.2992 0.9559 0.3118, 1.2992 0.9557 0.3118, 1.2992 0.953 0.3129, 1.2992 0.9637 0.3117, 1.2992 0.9639 0.3118, 1.2992 0.9666 0.3128, 1.2992 0.9691 0.3145, 1.2992 0.9713 0.3169, 1.2992 0.9724 0.3186, 1.2992 0.9726 0.3186, 1.2992 0.9726 0.3123, 1.2992 0.9797 0.3123, 1.2992 0.9797 0.3384, 1.2992 0.9792 0.3439, 1.2992 0.978 0.3471, 1.2992 0.9766 0.3494, 1.2992 0.9747 0.3512, 1.2992 0.9723 0.3525, 1.2992 0.9693 0.3534, 1.2992 0.9562 0.3289, 1.2992 0.9573 0.3296, 1.2992 0.959 0.3304, 1.2992 0.9631 0.3314, 1.2992 0.9544 0.3237, 1.2992 0.9544 0.3249, 1.2992 0.9548 0.3265, 1.2992 0.9554 0.3278, 1.2992 0.9564 0.319, 1.2992 0.9558 0.3196, 1.2992 0.955 0.3208, 1.2992 0.9545 0.3221, 1.2992 0.9618 0.3172, 1.2992 0.9594 0.3174, 1.2992 0.9578 0.318, 1.2992 0.9696 0.3205, 1.2992 0.9687 0.3196, 1.2992 0.9667 0.3183, 1.2992 0.9645 0.3175, 1.2992 0.9726 0.3288, 1.2992 0.9726 0.3283, 1.2992 0.9722 0.3251, 1.2992 0.9711 0.3226, 1.2992 0.9726 0.3326
            ]
        }
        coordIndex [
            0,1,2,-1,2,1,3,-1,4,0,5,-1,5,0,2,-1,6,4,7,-1,7,4,5,-1,8,6,9,-1,9,6,7,-1,10,8,11,-1,11,8,9,-1,12,10,13,-1,13,10,11,-1,14,12,15,-1,15,12,13,-1,16,14,17,-1,17,14,15,-1,18,16,19,-1,19,16,17,-1,20,18,21,-1,21,18,19,-1,22,20,23,-1,23,20,21,-1,1,22,3,-1,3,22,23,-1,1,0,22,-1,22,0,4,-1,8,10,6,-1,6,10,12,-1,16,18,14,-1,14,18,20,-1,14,20,12,-1,12,20,22,-1,12,22,6,-1,6,22,4,-1,24,25,26,-1,27,28,29,-1,30,31,32,-1,32,31,33,-1,34,35,25,-1,25,35,31,-1,25,31,26,-1,26,31,30,-1,26,36,24,-1,24,36,37,-1,24,37,38,-1,38,37,39,-1,38,39,40,-1,40,39,41,-1,40,41,42,-1,42,41,43,-1,42,43,44,-1,44,43,45,-1,44,45,46,-1,46,45,47,-1,46,47,48,-1,48,47,49,-1,48,49,50,-1,50,49,51,-1,50,51,52,-1,52,51,53,-1,29,28,54,-1,54,28,55,-1,54,55,56,-1,56,55,57,-1,56,57,58,-1,29,59,27,-1,27,59,60,-1,27,60,61,-1,61,60,62,-1,61,62,63,-1,64,65,66,-1,66,65,67,-1,66,67,68,-1,68,67,69,-1,68,69,70,-1,70,69,71,-1,70,71,72,-1,72,71,73,-1,72,73,74,-1,74,73,75,-1,74,75,76,-1,76,75,77,-1,76,77,78,-1,78,77,79,-1,78,79,80,-1,80,79,81,-1,80,81,82,-1,82,81,83,-1,82,83,31,-1,31,83,63,-1,31,63,33,-1,33,63,62,-1,57,84,58,-1,58,84,85,-1,58,85,86,-1,86,85,87,-1,86,87,88,-1,88,87,89,-1,88,89,90,-1,90,89,91,-1,90,91,53,-1,53,91,92,-1,53,92,52,-1,70,93,94,-1,70,94,68,-1,68,94,95,-1,68,95,66,-1,66,95,96,-1,66,96,64,-1,65,64,97,-1,97,64,96,-1,65,97,98,-1,65,98,67,-1,67,98,99,-1,67,99,69,-1,69,99,100,-1,69,100,71,-1,71,100,101,-1,71,101,73,-1,73,101,102,-1,73,102,75,-1,75,102,103,-1,75,103,77,-1,77,103,104,-1,77,104,79,-1,79,104,105,-1,79,105,81,-1,81,105,106,-1,81,106,83,-1,83,106,107,-1,83,107,63,-1,61,63,108,-1,108,63,107,-1,61,108,109,-1,61,109,27,-1,27,109,110,-1,27,110,28,-1,28,110,111,-1,28,111,55,-1,55,111,112,-1,55,112,57,-1,57,112,113,-1,57,113,84,-1,84,113,114,-1,84,114,85,-1,85,114,115,-1,85,115,87,-1,87,115,116,-1,87,116,89,-1,89,116,117,-1,89,117,91,-1,91,117,118,-1,91,118,92,-1,92,118,119,-1,92,119,52,-1,120,46,121,-1,121,46,48,-1,121,48,122,-1,122,48,50,-1,122,50,123,-1,123,50,52,-1,123,52,119,-1,46,120,124,-1,46,124,44,-1,44,124,125,-1,44,125,42,-1,125,126,42,-1,42,126,127,-1,42,127,40,-1,40,127,128,-1,40,128,38,-1,38,128,129,-1,38,129,24,-1,25,24,130,-1,130,24,129,-1,34,25,131,-1,131,25,130,-1,35,34,132,-1,132,34,131,-1,31,35,133,-1,133,35,132,-1,31,133,134,-1,31,134,82,-1,82,134,135,-1,82,135,80,-1,80,135,136,-1,80,136,78,-1,78,136,137,-1,78,137,76,-1,76,137,138,-1,76,138,74,-1,74,138,139,-1,74,139,72,-1,72,139,93,-1,72,93,70,-1,29,140,141,-1,29,141,59,-1,59,141,142,-1,59,142,60,-1,60,142,143,-1,60,143,62,-1,86,144,145,-1,86,145,58,-1,58,145,146,-1,58,146,56,-1,56,146,147,-1,56,147,54,-1,54,147,140,-1,54,140,29,-1,51,148,149,-1,51,149,53,-1,53,149,150,-1,53,150,90,-1,90,150,151,-1,90,151,88,-1,88,151,144,-1,88,144,86,-1,45,152,153,-1,45,153,47,-1,47,153,154,-1,47,154,49,-1,49,154,148,-1,49,148,51,-1,37,155,156,-1,37,156,39,-1,39,156,157,-1,39,157,41,-1,41,157,158,-1,41,158,43,-1,43,158,152,-1,43,152,45,-1,32,159,160,-1,32,160,30,-1,30,160,161,-1,30,161,26,-1,26,161,162,-1,26,162,36,-1,36,162,155,-1,36,155,37,-1,32,33,159,-1,159,33,163,-1,33,62,163,-1,163,62,143,-1,
        ]
    }
}
Shape{
    appearance Appearance {
        material  Material 	{
            diffuseColor 0.25098039215686274 0.25098039215686274 0.25098039215686274
            specularColor 0.12549019607843137 0.12549019607843137 0.12549019607843137
            ambientIntensity 0.251
            transparency 0.0
            shininess 0.5
        }
    }
    geometry IndexedFaceSet {
        ccw TRUE
        solid FALSE
        coord DEF co Coordinate {
            point [
                1.2992 0.9726 0.3326, 1.2992 0.9631 0.3314, 1.2992 0.9726 0.3288, 1.2992 0.959 0.3304, 1.2992 0.9573 0.3296, 1.2992 0.9562 0.3289, 1.2992 0.9726 0.3283, 1.2992 0.9722 0.3251, 1.2992 0.9554 0.3278, 1.2992 0.9711 0.3226, 1.2992 0.9558 0.3196, 1.2992 0.9564 0.319, 1.2992 0.9687 0.3196, 1.2992 0.955 0.3208, 1.2992 0.9667 0.3183, 1.2992 0.9645 0.3175, 1.2992 0.9618 0.3172, 1.2992 0.9548 0.3265, 1.2992 0.9544 0.3249, 1.2992 0.9696 0.3205, 1.2992 0.9544 0.3237, 1.2992 0.9545 0.3221, 1.2992 0.9578 0.318, 1.2992 0.9594 0.3174
            ]
        }
        coordIndex [
            0,1,2,-1,2,1,3,-1,3,4,2,-1,2,4,5,-1,2,5,6,-1,6,5,7,-1,7,5,8,-1,7,8,9,-1,10,11,12,-1,10,12,13,-1,14,12,15,-1,15,12,16,-1,8,17,9,-1,9,17,18,-1,9,18,19,-1,19,18,20,-1,19,20,12,-1,12,20,21,-1,12,21,13,-1,11,22,12,-1,12,22,23,-1,12,23,16,-1,
        ]
    }
}
Shape{
    appearance Appearance {
        material  Material 	{
            diffuseColor 1.0 1.0 1.0
            specularColor 0.5019607843137255 0.5019607843137255 0.5019607843137255
            ambientIntensity 1.0
            transparency 0.0
            shininess 0.5
        }
    }
    geometry IndexedFaceSet {
        ccw TRUE
        solid FALSE
        coord DEF co Coordinate {
            point [
                1.2992 0.9894 0.3211, 1.2993 0.9894 0.3211, 1.2993 0.9921 0.3193, 1.2993 1.0011 0.3171, 1.2992 1.0011 0.3171, 1.2992 0.9966 0.3177, 1.2993 0.9966 0.3177, 1.2992 0.9927 0.3192, 1.2992 0.9921 0.3193, 1.2993 0.9894 0.3137, 1.2992 0.9894 0.3137, 1.2993 0.9945 0.3119, 1.2992 0.9927 0.3126, 1.2992 1.0004 0.3113, 1.2993 1.0004 0.3113, 1.2992 0.9957 0.3118, 1.2992 0.9945 0.3119, 1.2993 1.0066 0.3121, 1.2992 1.0045 0.3118, 1.2992 1.0066 0.3121, 1.2992 1.0104 0.3135, 1.2993 1.0104 0.3135, 1.2992 1.0122 0.3146, 1.2993 1.0122 0.3146, 1.2992 1.0142 0.3163, 1.2993 1.0142 0.3163, 1.2992 1.0155 0.3182, 1.2993 1.0155 0.3182, 1.2992 1.0164 0.3205, 1.2993 1.0164 0.3205, 1.2992 1.0168 0.3233, 1.2993 1.0168 0.3233, 1.2992 1.0165 0.326, 1.2993 1.0165 0.326, 1.2992 1.0157 0.3281, 1.2993 1.0157 0.3281, 1.2992 1.0144 0.33, 1.2993 1.0144 0.33, 1.2992 1.0127 0.3315, 1.2993 1.0127 0.3315, 1.2992 1.008 0.3342, 1.2993 1.008 0.3342, 1.2992 1.0052 0.3353, 1.2993 1.0052 0.3353, 1.2992 1.0008 0.3372, 1.2993 1.0008 0.3372, 1.2992 0.9983 0.3388, 1.2993 0.9983 0.3388, 1.2992 0.9976 0.3395, 1.2993 0.9976 0.3395, 1.2992 0.9971 0.3405, 1.2993 0.9971 0.3405, 1.2992 0.9968 0.3416, 1.2993 0.9968 0.3416, 1.2992 0.9967 0.3425, 1.2993 0.9967 0.3425, 1.2992 0.9969 0.3437, 1.2993 0.9969 0.3437, 1.2992 0.9972 0.3446, 1.2993 0.9972 0.3446, 1.2992 0.9978 0.3455, 1.2993 0.9978 0.3455, 1.2992 0.9989 0.3465, 1.2993 0.9989 0.3465, 1.2992 1.0005 0.3473, 1.2993 1.0005 0.3473, 1.2992 1.0024 0.3478, 1.2993 1.0024 0.3478, 1.2992 1.0045 0.348, 1.2993 1.0045 0.348, 1.2992 1.0092 0.3475, 1.2993 1.0092 0.3475, 1.2992 1.0132 0.346, 1.2993 1.0132 0.346, 1.2992 1.0148 0.3451, 1.2993 1.0148 0.3451, 1.2993 1.0148 0.352, 1.2992 1.0148 0.352, 1.2992 1.0093 0.3535, 1.2993 1.0093 0.3535, 1.2992 1.0052 0.3538, 1.2993 1.0052 0.3538, 1.2992 0.9994 0.3531, 1.2993 0.9994 0.3531, 1.2992 0.9956 0.3516, 1.2993 0.9956 0.3516, 1.2992 0.994 0.3506, 1.2993 0.994 0.3506, 1.2993 0.9919 0.3487, 1.2992 0.9927 0.3494, 1.2992 0.9919 0.3487, 1.2992 0.9905 0.3467, 1.2993 0.9905 0.3467, 1.2992 0.9897 0.3445, 1.2993 0.9897 0.3445, 1.2992 0.9894 0.3419, 1.2993 0.9894 0.3419, 1.2992 0.9897 0.3391, 1.2993 0.9897 0.3391, 1.2992 0.9905 0.337, 1.2993 0.9905 0.337, 1.2992 0.9914 0.3355, 1.2993 0.9914 0.3355, 1.2992 1.0002 0.3301, 1.2993 1.0002 0.3301, 1.2993 0.9959 0.3321, 1.2992 0.9926 0.3343, 1.2993 0.9926 0.3343, 1.2992 0.9927 0.3342, 1.2992 0.9959 0.3321, 1.2992 1.0049 0.3282, 1.2993 1.0049 0.3282, 1.2992 1.0076 0.3265, 1.2993 1.0076 0.3265, 1.2992 1.0085 0.3256, 1.2993 1.0085 0.3256, 1.2992 1.0091 0.3246, 1.2993 1.0091 0.3246, 1.2992 1.0094 0.3235, 1.2993 1.0094 0.3235, 1.2992 1.0095 0.3226, 1.2993 1.0095 0.3226, 1.2992 1.0093 0.3213, 1.2993 1.0093 0.3213, 1.2992 1.0089 0.3203, 1.2993 1.0089 0.3203, 1.2992 1.0083 0.3193, 1.2993 1.0083 0.3193, 1.2992 1.0075 0.3186, 1.2993 1.0075 0.3186, 1.2992 1.0069 0.3182, 1.2993 1.0069 0.3182, 1.2992 1.005 0.3176, 1.2993 1.005 0.3176, 1.2992 1.0014 0.3171, 1.2993 1.0014 0.3171, 1.2993 1.052 0.3529, 1.2993 1.0594 0.3529, 1.2992 1.052 0.3529, 1.2992 1.0594 0.3529, 1.2993 1.0409 0.3223, 1.2992 1.0409 0.3223, 1.2992 1.0404 0.3204, 1.2993 1.0404 0.3204, 1.2992 1.0401 0.319, 1.2993 1.0401 0.319, 1.2993 1.0399 0.319, 1.2992 1.0399 0.319, 1.2993 1.039 0.3224, 1.2992 1.039 0.3224, 1.2992 1.0284 0.3529, 1.2993 1.0284 0.3529, 1.2992 1.0318 0.343, 1.2993 1.0205 0.3529, 1.2992 1.0205 0.3529, 1.2992 1.0364 0.3124, 1.2993 1.0364 0.3124, 1.2992 1.0318 0.3239, 1.2992 1.0332 0.305, 1.2993 1.0332 0.305, 1.2992 1.0361 0.3118, 1.2992 1.0319 0.3025, 1.2993 1.0319 0.3025, 1.2992 1.0318 0.3024, 1.2993 1.0305 0.301, 1.2992 1.0305 0.301, 1.2992 1.0292 0.3001, 1.2993 1.0292 0.3001, 1.2992 1.0277 0.2995, 1.2993 1.0277 0.2995, 1.2992 1.026 0.2993, 1.2993 1.026 0.2993, 1.2992 1.0234 0.2996, 1.2993 1.0234 0.2996, 1.2992 1.0219 0.3001, 1.2993 1.0219 0.3001, 1.2993 1.0219 0.2938, 1.2992 1.0219 0.2938, 1.2992 1.0249 0.2933, 1.2993 1.0249 0.2933, 1.2992 1.0265 0.2932, 1.2993 1.0265 0.2932, 1.2992 1.0294 0.2935, 1.2993 1.0294 0.2935, 1.2992 1.0318 0.2945, 1.2993 1.0322 0.2946, 1.2992 1.0322 0.2946, 1.2992 1.0347 0.2963, 1.2993 1.0347 0.2963, 1.2992 1.0352 0.2968, 1.2993 1.0352 0.2968, 1.2992 1.0378 0.2999, 1.2993 1.0378 0.2999, 1.2992 1.041 0.3062, 1.2993 1.041 0.3062, 1.2992 1.0432 0.3118, 1.2993 1.0976 0.3188, 1.2993 1.0976 0.3123, 1.2992 1.0976 0.3188, 1.2992 1.0976 0.3123, 1.2992 1.0744 0.3188, 1.2993 1.0744 0.3188, 1.2992 1.085 0.3188, 1.2993 1.0744 0.3379, 1.2992 1.0744 0.3379, 1.2992 1.0947 0.3379, 1.2993 1.0947 0.3379, 1.2992 1.085 0.3379, 1.2993 1.0947 0.3444, 1.2992 1.0947 0.3444, 1.2992 1.0744 0.3444, 1.2993 1.0744 0.3444, 1.2992 1.085 0.3444, 1.2993 1.0744 0.3625, 1.2992 1.0744 0.3625, 1.2992 1.0963 0.3625, 1.2993 1.0963 0.3625, 1.2992 1.085 0.3625, 1.2993 1.0963 0.3691, 1.2992 1.0963 0.3691, 1.2992 1.0671 0.3691, 1.2993 1.0671 0.3691, 1.2992 1.085 0.3691, 1.2993 1.0671 0.3123, 1.2992 1.0671 0.3123, 1.2992 1.085 0.3123, 1.2993 1.1467 0.338, 1.2993 1.1543 0.3374, 1.2993 1.1468 0.3412, 1.2993 1.1545 0.3414, 1.2993 1.1461 0.3479, 1.2993 1.1538 0.3483, 1.2993 1.1446 0.3521, 1.2993 1.1519 0.3539, 1.2993 1.1424 0.3554, 1.2993 1.1485 0.359, 1.2993 1.1406 0.3572, 1.2993 1.146 0.3616, 1.2993 1.1362 0.3601, 1.2993 1.1406 0.3653, 1.2993 1.1313 0.3618, 1.2993 1.1339 0.3679, 1.2993 1.1242 0.3625, 1.2993 1.1245 0.3691, 1.2993 1.1156 0.3625, 1.2993 1.1083 0.3691, 1.2993 1.1156 0.3188, 1.2993 1.1083 0.3123, 1.2993 1.1239 0.3188, 1.2993 1.1239 0.3123, 1.2993 1.1309 0.3195, 1.2993 1.1334 0.3134, 1.2993 1.1358 0.3212, 1.2993 1.1399 0.3159, 1.2993 1.1396 0.3236, 1.2993 1.1454 0.3197, 1.2993 1.1408 0.3247, 1.2993 1.146 0.3203, 1.2993 1.1437 0.3284, 1.2993 1.15 0.325, 1.2993 1.1456 0.3327, 1.2993 1.1529 0.3308, 1.2992 1.1239 0.3123, 1.2992 1.1083 0.3123, 1.2992 1.1334 0.3134, 1.2992 1.1399 0.3159, 1.2992 1.1454 0.3197, 1.2992 1.146 0.3203, 1.2992 1.15 0.325, 1.2992 1.1529 0.3308, 1.2992 1.1543 0.3374, 1.2992 1.1545 0.3414, 1.2992 1.1538 0.3483, 1.2992 1.1519 0.3539, 1.2992 1.1485 0.359, 1.2992 1.146 0.3616, 1.2992 1.1406 0.3653, 1.2992 1.1339 0.3679, 1.2992 1.1245 0.3691, 1.2992 1.1083 0.3691, 1.2992 1.1242 0.3625, 1.2992 1.1156 0.3625, 1.2992 1.1156 0.3188, 1.2992 1.1239 0.3188, 1.2992 1.1408 0.3247, 1.2992 1.1396 0.3236, 1.2992 1.1358 0.3212, 1.2992 1.1309 0.3195, 1.2992 1.1468 0.3412, 1.2992 1.1467 0.338, 1.2992 1.1456 0.3327, 1.2992 1.1437 0.3284, 1.2992 1.1406 0.3572, 1.2992 1.1424 0.3554, 1.2992 1.1446 0.3521, 1.2992 1.1461 0.3479, 1.2992 1.1313 0.3618, 1.2992 1.1362 0.3601
            ]
        }
        coordIndex [
            0,1,2,-1,3,4,5,-1,3,5,6,-1,6,5,7,-1,6,7,2,-1,2,7,8,-1,2,8,0,-1,9,1,10,-1,10,1,0,-1,11,9,12,-1,12,9,10,-1,13,14,15,-1,15,14,11,-1,15,11,16,-1,16,11,12,-1,17,14,18,-1,18,14,13,-1,18,19,17,-1,17,19,20,-1,17,20,21,-1,21,20,22,-1,21,22,23,-1,23,22,24,-1,23,24,25,-1,25,24,26,-1,25,26,27,-1,27,26,28,-1,27,28,29,-1,29,28,30,-1,29,30,31,-1,31,30,32,-1,31,32,33,-1,33,32,34,-1,33,34,35,-1,35,34,36,-1,35,36,37,-1,37,36,38,-1,37,38,39,-1,39,38,40,-1,39,40,41,-1,41,40,42,-1,41,42,43,-1,43,42,44,-1,43,44,45,-1,45,44,46,-1,45,46,47,-1,47,46,48,-1,47,48,49,-1,49,48,50,-1,49,50,51,-1,51,50,52,-1,51,52,53,-1,53,52,54,-1,53,54,55,-1,55,54,56,-1,55,56,57,-1,57,56,58,-1,57,58,59,-1,59,58,60,-1,59,60,61,-1,61,60,62,-1,61,62,63,-1,63,62,64,-1,63,64,65,-1,65,64,66,-1,65,66,67,-1,67,66,68,-1,67,68,69,-1,69,68,70,-1,69,70,71,-1,71,70,72,-1,71,72,73,-1,73,72,74,-1,73,74,75,-1,76,75,77,-1,77,75,74,-1,76,77,78,-1,76,78,79,-1,79,78,80,-1,79,80,81,-1,81,80,82,-1,81,82,83,-1,83,82,84,-1,83,84,85,-1,85,84,86,-1,85,86,87,-1,88,87,89,-1,89,87,86,-1,89,90,88,-1,88,90,91,-1,88,91,92,-1,92,91,93,-1,92,93,94,-1,94,93,95,-1,94,95,96,-1,96,95,97,-1,96,97,98,-1,98,97,99,-1,98,99,100,-1,100,99,101,-1,100,101,102,-1,103,104,105,-1,102,101,106,-1,102,106,107,-1,107,106,108,-1,107,108,105,-1,105,108,109,-1,105,109,103,-1,104,103,110,-1,104,110,111,-1,111,110,112,-1,111,112,113,-1,113,112,114,-1,113,114,115,-1,115,114,116,-1,115,116,117,-1,117,116,118,-1,117,118,119,-1,119,118,120,-1,119,120,121,-1,121,120,122,-1,121,122,123,-1,123,122,124,-1,123,124,125,-1,125,124,126,-1,125,126,127,-1,127,126,128,-1,127,128,129,-1,129,128,130,-1,129,130,131,-1,131,130,132,-1,131,132,133,-1,133,132,134,-1,133,134,135,-1,135,134,4,-1,135,4,3,-1,61,63,85,-1,85,63,83,-1,111,43,104,-1,104,43,45,-1,21,23,127,-1,127,23,25,-1,127,25,125,-1,125,25,27,-1,125,27,123,-1,123,27,29,-1,123,29,121,-1,121,29,31,-1,121,31,119,-1,119,31,33,-1,119,33,117,-1,117,33,35,-1,117,35,115,-1,115,35,37,-1,115,37,113,-1,113,37,39,-1,113,39,111,-1,111,39,41,-1,111,41,43,-1,14,3,11,-1,11,3,6,-1,11,6,9,-1,9,6,2,-1,9,2,1,-1,63,65,83,-1,83,65,67,-1,83,67,81,-1,81,67,69,-1,81,69,79,-1,79,69,71,-1,79,71,76,-1,76,71,73,-1,76,73,75,-1,127,129,21,-1,21,129,131,-1,21,131,17,-1,17,131,133,-1,17,133,14,-1,14,133,135,-1,14,135,3,-1,85,87,61,-1,61,87,88,-1,61,88,59,-1,59,88,92,-1,59,92,57,-1,57,92,94,-1,57,94,55,-1,55,94,96,-1,55,96,53,-1,53,96,98,-1,53,98,51,-1,51,98,100,-1,51,100,49,-1,49,100,102,-1,49,102,47,-1,47,102,107,-1,47,107,45,-1,45,107,105,-1,45,105,104,-1,136,137,138,-1,138,137,139,-1,140,136,141,-1,141,136,138,-1,140,141,142,-1,140,142,143,-1,143,142,144,-1,143,144,145,-1,146,145,147,-1,147,145,144,-1,148,146,149,-1,149,146,147,-1,150,151,152,-1,152,151,148,-1,152,148,149,-1,153,151,154,-1,154,151,150,-1,155,156,157,-1,157,156,153,-1,157,153,154,-1,158,159,160,-1,160,159,156,-1,160,156,155,-1,159,158,161,-1,159,161,162,-1,162,161,163,-1,162,163,164,-1,163,165,164,-1,164,165,166,-1,164,166,167,-1,167,166,168,-1,167,168,169,-1,169,168,170,-1,169,170,171,-1,171,170,172,-1,171,172,173,-1,173,172,174,-1,173,174,175,-1,176,175,177,-1,177,175,174,-1,176,177,178,-1,176,178,179,-1,179,178,180,-1,179,180,181,-1,181,180,182,-1,181,182,183,-1,183,182,184,-1,183,184,185,-1,184,186,185,-1,185,186,187,-1,185,187,188,-1,188,187,189,-1,188,189,190,-1,190,189,191,-1,190,191,192,-1,192,191,193,-1,192,193,194,-1,139,137,195,-1,195,137,194,-1,195,194,193,-1,143,145,194,-1,137,136,194,-1,194,136,140,-1,194,140,143,-1,151,153,148,-1,148,153,156,-1,148,156,146,-1,192,162,190,-1,190,162,164,-1,175,176,173,-1,173,176,179,-1,173,179,171,-1,171,179,181,-1,171,181,169,-1,169,181,183,-1,169,183,167,-1,167,183,185,-1,167,185,164,-1,164,185,188,-1,164,188,190,-1,145,146,194,-1,194,146,156,-1,194,156,192,-1,192,156,159,-1,192,159,162,-1,196,197,198,-1,198,197,199,-1,200,201,202,-1,202,201,196,-1,202,196,198,-1,203,201,204,-1,204,201,200,-1,205,206,207,-1,207,206,203,-1,207,203,204,-1,208,206,209,-1,209,206,205,-1,210,211,212,-1,212,211,208,-1,212,208,209,-1,213,211,214,-1,214,211,210,-1,215,216,217,-1,217,216,213,-1,217,213,214,-1,218,216,219,-1,219,216,215,-1,220,221,222,-1,222,221,218,-1,222,218,219,-1,223,221,224,-1,224,221,220,-1,199,197,225,-1,225,197,223,-1,225,223,224,-1,216,218,213,-1,213,218,221,-1,213,221,211,-1,197,196,223,-1,223,196,201,-1,223,201,203,-1,206,208,203,-1,203,208,211,-1,203,211,223,-1,223,211,221,-1,226,227,228,-1,228,227,229,-1,228,229,230,-1,230,229,231,-1,230,231,232,-1,232,231,233,-1,232,233,234,-1,234,233,235,-1,234,235,236,-1,236,235,237,-1,236,237,238,-1,238,237,239,-1,238,239,240,-1,240,239,241,-1,240,241,242,-1,242,241,243,-1,242,243,244,-1,244,243,245,-1,244,245,246,-1,246,245,247,-1,246,247,248,-1,248,247,249,-1,248,249,250,-1,250,249,251,-1,250,251,252,-1,252,251,253,-1,252,253,254,-1,254,253,255,-1,254,255,256,-1,256,255,257,-1,256,257,258,-1,258,257,259,-1,258,259,260,-1,260,259,261,-1,260,261,226,-1,226,261,227,-1,249,247,262,-1,262,247,263,-1,249,262,264,-1,249,264,251,-1,251,264,265,-1,251,265,253,-1,253,265,266,-1,253,266,255,-1,255,266,267,-1,255,267,257,-1,257,267,268,-1,257,268,259,-1,259,268,269,-1,259,269,261,-1,261,269,270,-1,261,270,227,-1,227,270,271,-1,227,271,229,-1,229,271,272,-1,229,272,231,-1,231,272,273,-1,231,273,233,-1,233,273,274,-1,233,274,235,-1,235,274,275,-1,235,275,237,-1,237,275,276,-1,237,276,239,-1,239,276,277,-1,239,277,241,-1,241,277,278,-1,241,278,243,-1,245,243,279,-1,279,243,278,-1,247,245,263,-1,263,245,279,-1,242,244,280,-1,280,244,281,-1,244,246,281,-1,281,246,282,-1,246,248,282,-1,282,248,283,-1,256,284,285,-1,256,285,254,-1,254,285,286,-1,254,286,252,-1,252,286,287,-1,252,287,250,-1,250,287,283,-1,250,283,248,-1,228,288,289,-1,228,289,226,-1,226,289,290,-1,226,290,260,-1,260,290,291,-1,260,291,258,-1,258,291,284,-1,258,284,256,-1,236,292,293,-1,236,293,234,-1,234,293,294,-1,234,294,232,-1,232,294,295,-1,232,295,230,-1,230,295,288,-1,230,288,228,-1,242,280,296,-1,242,296,240,-1,240,296,297,-1,240,297,238,-1,238,297,292,-1,238,292,236,-1,
        ]
    }
}
Shape{
    appearance Appearance {
        material  Material 	{
            diffuseColor 0.25098039215686274 0.25098039215686274 0.25098039215686274
            specularColor 0.12549019607843137 0.12549019607843137 0.12549019607843137
            ambientIntensity 0.251
            transparency 0.0
            shininess 0.5
        }
    }
    geometry IndexedFaceSet {
        ccw TRUE
        solid FALSE
        coord DEF co Coordinate {
            point [
                1.2992 1.1156 0.3625, 1.2992 1.1156 0.3188, 1.2992 1.1242 0.3625, 1.2992 1.1239 0.3188, 1.2992 1.1309 0.3195, 1.2992 1.1358 0.3212, 1.2992 1.1396 0.3236, 1.2992 1.1408 0.3247, 1.2992 1.1437 0.3284, 1.2992 1.1456 0.3327, 1.2992 1.1467 0.338, 1.2992 1.1468 0.3412, 1.2992 1.1461 0.3479, 1.2992 1.1446 0.3521, 1.2992 1.1424 0.3554, 1.2992 1.1406 0.3572, 1.2992 1.1313 0.3618, 1.2992 1.1362 0.3601
            ]
        }
        coordIndex [
            0,1,2,-1,2,1,3,-1,2,3,4,-1,4,5,2,-1,2,5,6,-1,2,6,7,-1,7,8,2,-1,2,8,9,-1,2,9,10,-1,10,11,2,-1,2,11,12,-1,2,12,13,-1,13,14,2,-1,2,14,15,-1,2,15,16,-1,16,15,17,-1,
        ]
    }
}
Shape{
    appearance Appearance {
        material  Material 	{
            diffuseColor 1.0 1.0 1.0
            specularColor 0.5019607843137255 0.5019607843137255 0.5019607843137255
            ambientIntensity 1.0
            transparency 0.0
            shininess 0.5
        }
    }
    geometry IndexedFaceSet {
        ccw TRUE
        solid FALSE
        coord DEF co Coordinate {
            point [
                1.2993 1.1736 0.3342, 1.2993 1.1713 0.3278, 1.2993 1.1926 0.3342, 1.2993 1.1949 0.3278, 1.2993 1.1821 0.3578, 1.2993 1.1793 0.3691, 1.2993 1.1577 0.3123, 1.2993 1.1658 0.3123, 1.2993 1.1826 0.3595, 1.2993 1.183 0.3618, 1.2993 1.1872 0.3691, 1.2993 1.1832 0.3618, 1.2993 1.1836 0.3594, 1.2993 1.1841 0.3578, 1.2993 1.2088 0.3123, 1.2993 1.2007 0.3123, 1.2992 1.1872 0.3691, 1.2992 1.2088 0.3123, 1.2992 1.1793 0.3691, 1.2992 1.1577 0.3123, 1.2992 1.1658 0.3123, 1.2992 1.1713 0.3278, 1.2992 1.1949 0.3278, 1.2992 1.2007 0.3123, 1.2992 1.1736 0.3342, 1.2992 1.1926 0.3342, 1.2992 1.1841 0.3578, 1.2992 1.1832 0.3618, 1.2992 1.1836 0.3594, 1.2992 1.183 0.3618, 1.2992 1.1821 0.3578, 1.2992 1.1826 0.3595
            ]
        }
        coordIndex [
            0,1,2,-1,2,1,3,-1,4,5,0,-1,0,5,6,-1,0,6,1,-1,1,6,7,-1,4,8,5,-1,5,8,9,-1,5,9,10,-1,10,9,11,-1,10,11,12,-1,12,13,10,-1,10,13,2,-1,10,2,14,-1,14,2,3,-1,14,3,15,-1,10,14,16,-1,16,14,17,-1,5,10,18,-1,18,10,16,-1,6,5,19,-1,19,5,18,-1,7,6,20,-1,20,6,19,-1,1,7,21,-1,21,7,20,-1,3,1,22,-1,22,1,21,-1,15,3,23,-1,23,3,22,-1,14,15,17,-1,17,15,23,-1,0,2,24,-1,24,2,25,-1,2,13,25,-1,25,13,26,-1,11,27,28,-1,11,28,12,-1,12,28,26,-1,12,26,13,-1,11,9,27,-1,27,9,29,-1,4,30,31,-1,4,31,8,-1,8,31,29,-1,8,29,9,-1,4,0,30,-1,30,0,24,-1,
        ]
    }
}
Shape{
    appearance Appearance {
        material  Material 	{
            diffuseColor 0.25098039215686274 0.25098039215686274 0.25098039215686274
            specularColor 0.12549019607843137 0.12549019607843137 0.12549019607843137
            ambientIntensity 0.251
            transparency 0.0
            shininess 0.5
        }
    }
    geometry IndexedFaceSet {
        ccw TRUE
        solid FALSE
        coord DEF co Coordinate {
            point [
                1.2992 1.1832 0.3618, 1.2992 1.183 0.3618, 1.2992 1.1836 0.3594, 1.2992 1.1826 0.3595, 1.2992 1.1841 0.3578, 1.2992 1.1821 0.3578, 1.2992 1.1926 0.3342, 1.2992 1.1736 0.3342
            ]
        }
        coordIndex [
            0,1,2,-1,2,1,3,-1,2,3,4,-1,4,3,5,-1,4,5,6,-1,6,5,7,-1,
        ]
    }
}
Shape{
    appearance Appearance {
        material  Material 	{
            diffuseColor 1.0 1.0 1.0
            specularColor 0.5019607843137255 0.5019607843137255 0.5019607843137255
            ambientIntensity 1.0
            transparency 0.0
            shininess 0.5
        }
    }
    geometry IndexedFaceSet {
        ccw TRUE
        solid FALSE
        coord DEF co Coordinate {
            point [
                1.2993 0.6483 0.4101, 1.2993 0.6573 0.4149, 1.2993 0.6552 0.4397, 1.2993 0.7263 0.3026, 1.2993 0.7311 0.3116, 1.2993 0.7335 0.3215, 1.2993 0.6804 0.4409, 1.2993 0.6929 0.4114, 1.2993 0.6991 0.4242, 1.2993 0.678 0.3205, 1.2993 0.6772 0.3243, 1.2993 0.6554 0.34, 1.2993 0.655 0.3129, 1.2993 0.6499 0.3144, 1.2993 0.6466 0.3454, 1.2993 0.6711 0.4417, 1.2993 0.7902 0.3597, 1.2993 0.7777 0.3811, 1.2993 0.7337 0.3299, 1.2993 0.7236 0.3529, 1.2993 0.7337 0.3258, 1.2993 0.7121 0.2901, 1.2993 0.7202 0.2957, 1.2993 0.6796 0.3171, 1.2993 0.6651 0.2968, 1.2993 0.659 0.3042, 1.2993 0.6887 0.4505, 1.2993 0.7082 0.435, 1.2993 0.6982 0.4586, 1.2993 0.719 0.4429, 1.2993 0.708 0.4648, 1.2993 0.6672 0.4172, 1.2993 0.6715 0.4175, 1.2993 0.6758 0.4414, 1.2993 0.6811 0.4163, 1.2993 0.6901 0.4129, 1.2993 0.7057 0.3163, 1.2993 0.7035 0.3138, 1.2993 0.7005 0.3116, 1.2993 0.7031 0.2867, 1.2993 0.697 0.3102, 1.2993 0.6933 0.2855, 1.2993 0.6929 0.3097, 1.2993 0.6918 0.2855, 1.2993 0.6922 0.3097, 1.2993 0.6823 0.287, 1.2993 0.6886 0.3103, 1.2993 0.673 0.2909, 1.2993 0.685 0.3119, 1.2993 0.6819 0.3142, 1.2993 0.7076 0.3311, 1.2993 0.7086 0.3273, 1.2993 0.7086 0.3236, 1.2993 0.7076 0.3197, 1.2993 0.8116 0.3121, 1.2993 0.8092 0.3367, 1.2993 0.7878 0.3121, 1.2993 0.791 0.3367, 1.2993 0.7855 0.3125, 1.2993 0.6774 0.3282, 1.2993 0.6786 0.332, 1.2993 0.6598 0.3486, 1.2993 0.6807 0.3353, 1.2993 0.6665 0.3562, 1.2993 0.6823 0.337, 1.2993 0.6747 0.362, 1.2993 0.6855 0.3393, 1.2993 0.6837 0.3654, 1.2993 0.689 0.3407, 1.2993 0.6933 0.3666, 1.2993 0.6929 0.3412, 1.2993 0.6982 0.3663, 1.2993 0.6963 0.3408, 1.2993 0.708 0.3639, 1.2993 0.7 0.3395, 1.2993 0.7165 0.3593, 1.2993 0.7033 0.3373, 1.2993 0.7059 0.3344, 1.2993 0.8035 0.3997, 1.2993 0.8068 0.3997, 1.2993 0.8233 0.4215, 1.2993 0.8134 0.399, 1.2993 0.8253 0.4209, 1.2993 0.8205 0.3965, 1.2993 0.8373 0.4149, 1.2993 0.8269 0.3924, 1.2993 0.8482 0.4056, 1.2993 0.8323 0.3867, 1.2993 0.8565 0.3942, 1.2993 0.8361 0.3797, 1.2993 0.8614 0.3818, 1.2993 0.838 0.372, 1.2993 0.8633 0.3686, 1.2993 0.8383 0.3682, 1.2993 0.8614 0.3542, 1.2993 0.8376 0.3615, 1.2993 0.8564 0.3415, 1.2993 0.8351 0.3542, 1.2993 0.8484 0.3303, 1.2993 0.8309 0.3478, 1.2993 0.8374 0.321, 1.2993 0.8269 0.3438, 1.2993 0.8251 0.3149, 1.2993 0.8204 0.3397, 1.2993 0.8129 0.3372, 1.2993 0.8015 0.4534, 1.2993 0.7857 0.4349, 1.2993 0.8149 0.4379, 1.2993 0.7948 0.424, 1.2993 0.801 0.411, 1.2993 0.6324 0.3869, 1.2993 0.6058 0.3801, 1.2993 0.6312 0.3771, 1.2993 0.6057 0.3763, 1.2993 0.6317 0.3708, 1.2993 0.6077 0.3604, 1.2993 0.6346 0.3609, 1.2993 0.6135 0.3454, 1.2993 0.6393 0.3528, 1.2993 0.6227 0.3323, 1.2993 0.6353 0.3216, 1.2993 0.7267 0.4719, 1.2993 0.7321 0.4483, 1.2993 0.7466 0.4744, 1.2993 0.747 0.4502, 1.2993 0.7633 0.4726, 1.2993 0.7607 0.4485, 1.2993 0.7835 0.4655, 1.2993 0.7734 0.4436, 1.2993 0.7847 0.4357, 1.2993 0.6403 0.4339, 1.2993 0.6274 0.4249, 1.2993 0.6414 0.4039, 1.2993 0.6247 0.4223, 1.2993 0.6358 0.3959, 1.2993 0.615 0.4099, 1.2993 0.6085 0.3953, 1.2993 0.789 0.3371, 1.2993 0.7793 0.3163, 1.2993 0.7802 0.3154, 1.2993 0.7902 0.3368, 1.2993 0.7829 0.3135, 1.2993 0.7761 0.3246, 1.2993 0.7765 0.3216, 1.2993 0.7775 0.3189, 1.2993 0.7855 0.3367, 1.2993 0.7827 0.3356, 1.2993 0.7762 0.3262, 1.2993 0.7802 0.3339, 1.2993 0.7786 0.332, 1.2993 0.777 0.3293, 1.2993 0.7886 0.3371, 1.2992 0.8633 0.3686, 1.2992 0.8614 0.3818, 1.2992 0.8509 0.4019, 1.2992 0.8601 0.3852, 1.2992 0.8565 0.3942, 1.2992 0.8482 0.4056, 1.2992 0.8373 0.4149, 1.2992 0.8253 0.4209, 1.2992 0.8233 0.4215, 1.2992 0.8149 0.4379, 1.2992 0.8015 0.4534, 1.2992 0.7923 0.4596, 1.2992 0.7835 0.4655, 1.2992 0.7633 0.4726, 1.2992 0.7466 0.4744, 1.2992 0.6982 0.4586, 1.2992 0.6998 0.4596, 1.2992 0.708 0.4648, 1.2992 0.7267 0.4719, 1.2992 0.6887 0.4505, 1.2992 0.6804 0.4409, 1.2992 0.6758 0.4414, 1.2992 0.6711 0.4417, 1.2992 0.6552 0.4397, 1.2992 0.6403 0.4339, 1.2992 0.6274 0.4249, 1.2992 0.6247 0.4223, 1.2992 0.6057 0.3763, 1.2992 0.615 0.4099, 1.2992 0.6115 0.4019, 1.2992 0.6085 0.3953, 1.2992 0.6068 0.3852, 1.2992 0.6058 0.3801, 1.2992 0.6077 0.3604, 1.2992 0.6135 0.3454, 1.2992 0.6227 0.3323, 1.2992 0.6353 0.3216, 1.2992 0.6499 0.3144, 1.2992 0.655 0.3129, 1.2992 0.6555 0.3118, 1.2992 0.659 0.3042, 1.2992 0.6651 0.2968, 1.2992 0.673 0.2909, 1.2992 0.6766 0.2893, 1.2992 0.6823 0.287, 1.2992 0.6918 0.2855, 1.2992 0.6933 0.2855, 1.2992 0.7337 0.3258, 1.2992 0.7031 0.2867, 1.2992 0.71 0.2893, 1.2992 0.7121 0.2901, 1.2992 0.7202 0.2957, 1.2992 0.7263 0.3026, 1.2992 0.7311 0.3116, 1.2992 0.7311 0.3118, 1.2992 0.7335 0.3215, 1.2992 0.7337 0.3299, 1.2992 0.7902 0.3597, 1.2992 0.7777 0.3811, 1.2992 0.7236 0.3529, 1.2992 0.7165 0.3593, 1.2992 0.708 0.3639, 1.2992 0.6982 0.3663, 1.2992 0.6933 0.3666, 1.2992 0.6837 0.3654, 1.2992 0.6747 0.362, 1.2992 0.6665 0.3562, 1.2992 0.6598 0.3486, 1.2992 0.6554 0.34, 1.2992 0.6466 0.3454, 1.2992 0.6393 0.3528, 1.2992 0.6346 0.3609, 1.2992 0.6317 0.3708, 1.2992 0.6312 0.3771, 1.2992 0.6322 0.3852, 1.2992 0.6324 0.3869, 1.2992 0.6358 0.3959, 1.2992 0.64 0.4019, 1.2992 0.6414 0.4039, 1.2992 0.6483 0.4101, 1.2992 0.6573 0.4149, 1.2992 0.6672 0.4172, 1.2992 0.6715 0.4175, 1.2992 0.6811 0.4163, 1.2992 0.6901 0.4129, 1.2992 0.6929 0.4114, 1.2992 0.6991 0.4242, 1.2992 0.7082 0.435, 1.2992 0.719 0.4429, 1.2992 0.7321 0.4483, 1.2992 0.747 0.4502, 1.2992 0.8035 0.3997, 1.2992 0.8031 0.4019, 1.2992 0.801 0.411, 1.2992 0.7948 0.424, 1.2992 0.7857 0.4349, 1.2992 0.7847 0.4357, 1.2992 0.7734 0.4436, 1.2992 0.7607 0.4485, 1.2992 0.8068 0.3997, 1.2992 0.8134 0.399, 1.2992 0.8205 0.3965, 1.2992 0.8269 0.3924, 1.2992 0.8323 0.3867, 1.2992 0.8331 0.3852, 1.2992 0.8361 0.3797, 1.2992 0.838 0.372, 1.2992 0.8383 0.3682, 1.2992 0.8376 0.3615, 1.2992 0.8351 0.3542, 1.2992 0.8309 0.3478, 1.2992 0.8269 0.3438, 1.2992 0.8204 0.3397, 1.2992 0.8129 0.3372, 1.2992 0.8092 0.3367, 1.2992 0.791 0.3367, 1.2992 0.7902 0.3368, 1.2992 0.789 0.3371, 1.2992 0.7886 0.3371, 1.2992 0.7855 0.3367, 1.2992 0.7827 0.3356, 1.2992 0.7802 0.3339, 1.2992 0.7786 0.332, 1.2992 0.777 0.3293, 1.2992 0.7762 0.3262, 1.2992 0.7761 0.3246, 1.2992 0.7765 0.3216, 1.2992 0.7775 0.3189, 1.2992 0.7793 0.3163, 1.2992 0.7802 0.3154, 1.2992 0.7829 0.3135, 1.2992 0.7855 0.3125, 1.2992 0.7878 0.3121, 1.2992 0.8116 0.3121, 1.2992 0.8251 0.3149, 1.2992 0.8374 0.321, 1.2992 0.8484 0.3303, 1.2992 0.8564 0.3415, 1.2992 0.8614 0.3542, 1.2992 0.6929 0.3412, 1.2992 0.6963 0.3408, 1.2992 0.7 0.3395, 1.2992 0.7033 0.3373, 1.2992 0.7059 0.3344, 1.2992 0.7076 0.3311, 1.2992 0.7086 0.3273, 1.2992 0.7086 0.3236, 1.2992 0.7076 0.3197, 1.2992 0.7057 0.3163, 1.2992 0.7035 0.3138, 1.2992 0.7005 0.3116, 1.2992 0.697 0.3102, 1.2992 0.6929 0.3097, 1.2992 0.6922 0.3097, 1.2992 0.6886 0.3103, 1.2992 0.685 0.3119, 1.2992 0.6819 0.3142, 1.2992 0.6796 0.3171, 1.2992 0.678 0.3205, 1.2992 0.6772 0.3243, 1.2992 0.6774 0.3282, 1.2992 0.6786 0.332, 1.2992 0.6807 0.3353, 1.2992 0.6823 0.337, 1.2992 0.6855 0.3393, 1.2992 0.689 0.3407
            ]
        }
        coordIndex [
            0,1,2,-1,3,4,5,-1,6,7,8,-1,9,10,11,-1,12,11,13,-1,13,11,14,-1,2,1,15,-1,16,17,18,-1,18,17,19,-1,18,19,20,-1,20,19,21,-1,20,21,5,-1,5,21,22,-1,5,22,3,-1,23,9,24,-1,24,9,11,-1,24,11,25,-1,25,11,12,-1,6,8,26,-1,26,8,27,-1,26,27,28,-1,28,27,29,-1,28,29,30,-1,1,31,15,-1,15,31,32,-1,15,32,33,-1,33,32,34,-1,33,34,6,-1,6,34,35,-1,6,35,7,-1,36,37,21,-1,21,37,38,-1,21,38,39,-1,39,38,40,-1,39,40,41,-1,41,40,42,-1,41,42,43,-1,43,42,44,-1,43,44,45,-1,45,44,46,-1,45,46,47,-1,47,46,48,-1,47,48,24,-1,24,48,49,-1,24,49,23,-1,50,51,19,-1,19,51,52,-1,19,52,21,-1,21,52,53,-1,21,53,36,-1,54,55,56,-1,56,55,57,-1,56,57,58,-1,10,59,11,-1,11,59,60,-1,11,60,61,-1,61,60,62,-1,61,62,63,-1,63,62,64,-1,63,64,65,-1,65,64,66,-1,65,66,67,-1,67,66,68,-1,67,68,69,-1,69,68,70,-1,69,70,71,-1,71,70,72,-1,71,72,73,-1,73,72,74,-1,73,74,75,-1,75,74,76,-1,75,76,19,-1,19,76,77,-1,19,77,50,-1,78,79,80,-1,80,79,81,-1,80,81,82,-1,82,81,83,-1,82,83,84,-1,84,83,85,-1,84,85,86,-1,86,85,87,-1,86,87,88,-1,88,87,89,-1,88,89,90,-1,90,89,91,-1,90,91,92,-1,92,91,93,-1,92,93,94,-1,94,93,95,-1,94,95,96,-1,96,95,97,-1,96,97,98,-1,98,97,99,-1,98,99,100,-1,100,99,101,-1,100,101,102,-1,102,101,103,-1,102,103,54,-1,54,103,104,-1,54,104,55,-1,105,106,107,-1,107,106,108,-1,107,108,80,-1,80,108,109,-1,80,109,78,-1,110,111,112,-1,112,111,113,-1,112,113,114,-1,114,113,115,-1,114,115,116,-1,116,115,117,-1,116,117,118,-1,118,117,119,-1,118,119,14,-1,14,119,120,-1,14,120,13,-1,30,29,121,-1,121,29,122,-1,121,122,123,-1,123,122,124,-1,123,124,125,-1,125,124,126,-1,125,126,127,-1,127,126,128,-1,127,128,105,-1,105,128,129,-1,105,129,106,-1,2,130,0,-1,0,130,131,-1,0,131,132,-1,132,131,133,-1,132,133,134,-1,134,133,135,-1,134,135,110,-1,110,135,136,-1,110,136,111,-1,137,138,139,-1,57,140,58,-1,58,140,137,-1,58,137,141,-1,141,137,139,-1,142,143,137,-1,137,143,144,-1,137,144,138,-1,145,146,147,-1,146,148,147,-1,147,148,149,-1,147,149,150,-1,142,137,147,-1,147,137,151,-1,147,151,145,-1,92,152,153,-1,154,86,88,-1,92,153,90,-1,90,153,155,-1,90,155,88,-1,88,155,156,-1,88,156,154,-1,154,157,86,-1,86,157,158,-1,86,158,84,-1,84,158,159,-1,84,159,82,-1,82,159,160,-1,82,160,80,-1,80,160,161,-1,80,161,107,-1,107,161,162,-1,107,162,105,-1,105,162,163,-1,105,163,127,-1,163,164,127,-1,127,164,165,-1,127,165,125,-1,125,165,166,-1,125,166,123,-1,167,28,168,-1,168,28,30,-1,168,30,169,-1,169,30,121,-1,169,121,170,-1,170,121,123,-1,170,123,166,-1,28,167,171,-1,28,171,26,-1,26,171,172,-1,26,172,6,-1,6,172,173,-1,6,173,33,-1,33,173,174,-1,33,174,15,-1,15,174,175,-1,15,175,2,-1,2,175,176,-1,2,176,130,-1,130,176,177,-1,130,177,131,-1,131,177,178,-1,131,178,133,-1,179,113,111,-1,133,178,180,-1,133,180,135,-1,135,180,181,-1,135,181,136,-1,181,182,136,-1,136,182,183,-1,136,183,111,-1,111,183,184,-1,111,184,179,-1,113,179,185,-1,113,185,115,-1,115,185,186,-1,115,186,117,-1,117,186,187,-1,117,187,119,-1,119,187,188,-1,119,188,120,-1,120,188,189,-1,120,189,13,-1,13,189,190,-1,13,190,12,-1,12,190,191,-1,12,191,25,-1,191,192,25,-1,25,192,193,-1,25,193,24,-1,24,193,194,-1,24,194,47,-1,47,194,195,-1,47,195,45,-1,195,196,45,-1,45,196,197,-1,45,197,43,-1,43,197,198,-1,43,198,41,-1,199,20,5,-1,41,198,200,-1,41,200,39,-1,39,200,201,-1,39,201,21,-1,201,202,21,-1,21,202,203,-1,21,203,22,-1,22,203,204,-1,22,204,3,-1,3,204,205,-1,3,205,4,-1,4,205,206,-1,4,206,5,-1,5,206,207,-1,5,207,199,-1,18,20,208,-1,208,20,199,-1,16,18,209,-1,209,18,208,-1,17,16,210,-1,210,16,209,-1,19,17,211,-1,211,17,210,-1,19,211,212,-1,19,212,75,-1,75,212,213,-1,75,213,73,-1,73,213,214,-1,73,214,71,-1,71,214,215,-1,71,215,69,-1,69,215,216,-1,69,216,67,-1,67,216,217,-1,67,217,65,-1,65,217,218,-1,65,218,63,-1,63,218,219,-1,63,219,61,-1,61,219,220,-1,61,220,11,-1,11,220,221,-1,11,221,14,-1,14,221,222,-1,14,222,118,-1,118,222,223,-1,118,223,116,-1,116,223,224,-1,116,224,114,-1,114,224,225,-1,114,225,112,-1,110,112,226,-1,226,112,225,-1,226,227,110,-1,110,227,228,-1,110,228,134,-1,134,228,229,-1,134,229,132,-1,229,230,132,-1,132,230,231,-1,132,231,0,-1,0,231,232,-1,0,232,1,-1,1,232,233,-1,1,233,31,-1,31,233,234,-1,31,234,32,-1,32,234,235,-1,32,235,34,-1,34,235,236,-1,34,236,35,-1,35,236,237,-1,35,237,7,-1,7,237,238,-1,7,238,8,-1,8,238,239,-1,8,239,27,-1,27,239,240,-1,27,240,29,-1,29,240,241,-1,29,241,122,-1,122,241,242,-1,122,242,124,-1,243,78,244,-1,244,78,109,-1,244,109,245,-1,245,109,108,-1,245,108,246,-1,246,108,106,-1,246,106,247,-1,247,106,129,-1,247,129,248,-1,248,129,128,-1,248,128,249,-1,249,128,126,-1,249,126,250,-1,250,126,124,-1,250,124,242,-1,79,78,251,-1,251,78,243,-1,79,251,252,-1,79,252,81,-1,81,252,253,-1,81,253,83,-1,83,253,254,-1,83,254,85,-1,85,254,255,-1,85,255,87,-1,87,255,256,-1,87,256,89,-1,256,257,89,-1,89,257,258,-1,89,258,91,-1,91,258,259,-1,91,259,93,-1,93,259,260,-1,93,260,95,-1,95,260,261,-1,95,261,97,-1,97,261,262,-1,97,262,99,-1,99,262,263,-1,99,263,101,-1,101,263,264,-1,101,264,103,-1,103,264,265,-1,103,265,104,-1,104,265,266,-1,104,266,55,-1,57,55,267,-1,267,55,266,-1,57,267,268,-1,57,268,140,-1,140,268,269,-1,140,269,137,-1,137,269,270,-1,137,270,151,-1,151,270,271,-1,151,271,145,-1,145,271,272,-1,145,272,146,-1,146,272,273,-1,146,273,148,-1,148,273,274,-1,148,274,149,-1,149,274,275,-1,149,275,150,-1,150,275,276,-1,150,276,147,-1,147,276,277,-1,147,277,142,-1,142,277,278,-1,142,278,143,-1,143,278,279,-1,143,279,144,-1,144,279,280,-1,144,280,138,-1,138,280,281,-1,138,281,139,-1,139,281,282,-1,139,282,141,-1,141,282,283,-1,141,283,58,-1,58,283,284,-1,58,284,56,-1,54,56,285,-1,285,56,284,-1,54,285,286,-1,54,286,102,-1,102,286,287,-1,102,287,100,-1,100,287,288,-1,100,288,98,-1,98,288,289,-1,98,289,96,-1,96,289,290,-1,96,290,94,-1,94,290,152,-1,94,152,92,-1,70,291,292,-1,70,292,72,-1,72,292,293,-1,72,293,74,-1,74,293,294,-1,74,294,76,-1,76,294,295,-1,76,295,77,-1,77,295,296,-1,77,296,50,-1,50,296,297,-1,50,297,51,-1,51,297,298,-1,51,298,52,-1,52,298,299,-1,52,299,53,-1,53,299,300,-1,53,300,36,-1,36,300,301,-1,36,301,37,-1,37,301,302,-1,37,302,38,-1,38,302,303,-1,38,303,40,-1,40,303,304,-1,40,304,42,-1,42,304,305,-1,42,305,44,-1,44,305,306,-1,44,306,46,-1,46,306,307,-1,46,307,48,-1,48,307,308,-1,48,308,49,-1,49,308,309,-1,49,309,23,-1,23,309,310,-1,23,310,9,-1,9,310,311,-1,9,311,10,-1,10,311,312,-1,10,312,59,-1,59,312,313,-1,59,313,60,-1,60,313,314,-1,60,314,62,-1,62,314,315,-1,62,315,64,-1,64,315,316,-1,64,316,66,-1,66,316,317,-1,66,317,68,-1,68,317,291,-1,68,291,70,-1,
        ]
    }
}
Shape{
    appearance Appearance {
        material  Material 	{
            diffuseColor 0.25098039215686274 0.25098039215686274 0.25098039215686274
            specularColor 0.12549019607843137 0.12549019607843137 0.12549019607843137
            ambientIntensity 0.251
            transparency 0.0
            shininess 0.5
        }
    }
    geometry IndexedFaceSet {
        ccw TRUE
        solid FALSE
        coord DEF co Coordinate {
            point [
                1.2992 0.6922 0.3097, 1.2992 0.6823 0.337, 1.2992 0.6807 0.3353, 1.2992 0.697 0.3102, 1.2992 0.7005 0.3116, 1.2992 0.6963 0.3408, 1.2992 0.6929 0.3412, 1.2992 0.689 0.3407, 1.2992 0.6855 0.3393, 1.2992 0.678 0.3205, 1.2992 0.6796 0.3171, 1.2992 0.6819 0.3142, 1.2992 0.6929 0.3097, 1.2992 0.6786 0.332, 1.2992 0.6774 0.3282, 1.2992 0.6772 0.3243, 1.2992 0.685 0.3119, 1.2992 0.6886 0.3103, 1.2992 0.7035 0.3138, 1.2992 0.7057 0.3163, 1.2992 0.7076 0.3197, 1.2992 0.7086 0.3236, 1.2992 0.7086 0.3273, 1.2992 0.7076 0.3311, 1.2992 0.7059 0.3344, 1.2992 0.7033 0.3373, 1.2992 0.7 0.3395, 0.6496 -0.0 0.1969, 0.6363 0.1308 0.1969, 0.0 0.0 0.1969, 0.5332 -0.3711 0.1969, 0.597 -0.2562 0.1969, 0.6363 -0.1308 0.1969, 0.2256 -0.6092 0.1969, 0.3436 -0.5513 0.1969, 0.4476 -0.4708 0.1969, -0.1628 -0.6289 0.1969, -0.0329 -0.6488 0.1969, 0.0984 -0.6421 0.1969, -0.4929 -0.4231 0.1969, -0.3976 -0.5137 0.1969, -0.2861 -0.5832 0.1969, -0.6463 -0.0657 0.1969, -0.6198 -0.1945 0.1969, -0.568 -0.3153 0.1969, -0.568 0.3153 0.1969, -0.6198 0.1945 0.1969, -0.6463 0.0657 0.1969, -0.2861 0.5832 0.1969, -0.3976 0.5137 0.1969, -0.4929 0.4231 0.1969, 0.0984 0.6421 0.1969, -0.0329 0.6488 0.1969, -0.1628 0.6289 0.1969, 0.4476 0.4708 0.1969, 0.3436 0.5513 0.1969, 0.2256 0.6092 0.1969, 0.597 0.2562 0.1969, 0.5332 0.3711 0.1969
            ]
        }
        coordIndex [
            0,1,2,-1,3,4,5,-1,6,7,0,-1,0,7,8,-1,0,8,1,-1,9,10,2,-1,2,10,11,-1,6,0,5,-1,5,0,12,-1,5,12,3,-1,13,14,2,-1,2,14,15,-1,2,15,9,-1,11,16,2,-1,2,16,17,-1,2,17,0,-1,4,18,5,-1,5,18,19,-1,5,19,20,-1,20,21,5,-1,5,21,22,-1,5,22,23,-1,23,24,5,-1,5,24,25,-1,5,25,26,-1,27,28,29,-1,30,31,29,-1,29,31,32,-1,29,32,27,-1,33,34,29,-1,29,34,35,-1,29,35,30,-1,36,37,29,-1,29,37,38,-1,29,38,33,-1,39,40,29,-1,29,40,41,-1,29,41,36,-1,42,43,29,-1,29,43,44,-1,29,44,39,-1,45,46,29,-1,29,46,47,-1,29,47,42,-1,48,49,29,-1,29,49,50,-1,29,50,45,-1,51,52,29,-1,29,52,53,-1,29,53,48,-1,54,55,29,-1,29,55,56,-1,29,56,51,-1,28,57,29,-1,29,57,58,-1,29,58,54,-1,
        ]
    }
}
Shape{
    appearance Appearance {
        material  Material 	{
            diffuseColor 0.8509803921568627 0.8509803921568627 0.8509803921568627
            specularColor 0.4235294117647059 0.4235294117647059 0.4235294117647059
            ambientIntensity 0.851
            transparency 0.0
            shininess 0.5
        }
    }
    geometry IndexedFaceSet {
        ccw TRUE
        solid FALSE
        coord DEF co Coordinate {
            point [
                0.6496 0.0 0.2362, 0.6363 -0.1308 0.2362, 0.0 0.0 0.2362, 0.5332 0.3711 0.2362, 0.597 0.2562 0.2362, 0.6363 0.1308 0.2362, 0.2256 0.6092 0.2362, 0.3436 0.5513 0.2362, 0.4476 0.4708 0.2362, -0.1628 0.6289 0.2362, -0.0329 0.6488 0.2362, 0.0984 0.6421 0.2362, -0.4929 0.4231 0.2362, -0.3976 0.5137 0.2362, -0.2861 0.5832 0.2362, -0.6463 0.0657 0.2362, -0.6198 0.1945 0.2362, -0.568 0.3153 0.2362, -0.568 -0.3153 0.2362, -0.6198 -0.1945 0.2362, -0.6463 -0.0657 0.2362, -0.2861 -0.5832 0.2362, -0.3976 -0.5137 0.2362, -0.4929 -0.4231 0.2362, 0.0984 -0.6421 0.2362, -0.0329 -0.6488 0.2362, -0.1628 -0.6289 0.2362, 0.4476 -0.4708 0.2362, 0.3436 -0.5513 0.2362, 0.2256 -0.6092 0.2362, 0.597 -0.2562 0.2362, 0.5332 -0.3711 0.2362, 0.6496 -0.0 0.1969, 0.6363 0.1308 0.1969, 0.597 0.2562 0.1969, 0.5332 0.3711 0.1969, 0.4476 0.4708 0.1969, 0.3436 0.5513 0.1969, 0.2256 0.6092 0.1969, 0.0984 0.6421 0.1969, -0.0329 0.6488 0.1969, -0.1628 0.6289 0.1969, -0.2861 0.5832 0.1969, -0.3976 0.5137 0.1969, -0.4929 0.4231 0.1969, -0.568 0.3153 0.1969, -0.6198 0.1945 0.1969, -0.6463 0.0657 0.1969, -0.6463 -0.0657 0.1969, -0.6198 -0.1945 0.1969, -0.568 -0.3153 0.1969, -0.4929 -0.4231 0.1969, -0.3976 -0.5137 0.1969, -0.2861 -0.5832 0.1969, -0.1628 -0.6289 0.1969, -0.0329 -0.6488 0.1969, 0.0984 -0.6421 0.1969, 0.2256 -0.6092 0.1969, 0.3436 -0.5513 0.1969, 0.4476 -0.4708 0.1969, 0.5332 -0.3711 0.1969, 0.597 -0.2562 0.1969, 0.6363 -0.1308 0.1969
            ]
        }
        coordIndex [
            0,1,2,-1,3,4,2,-1,2,4,5,-1,2,5,0,-1,6,7,2,-1,2,7,8,-1,2,8,3,-1,9,10,2,-1,2,10,11,-1,2,11,6,-1,12,13,2,-1,2,13,14,-1,2,14,9,-1,15,16,2,-1,2,16,17,-1,2,17,12,-1,18,19,2,-1,2,19,20,-1,2,20,15,-1,21,22,2,-1,2,22,23,-1,2,23,18,-1,24,25,2,-1,2,25,26,-1,2,26,21,-1,27,28,2,-1,2,28,29,-1,2,29,24,-1,1,30,2,-1,2,30,31,-1,2,31,27,-1,32,0,33,-1,33,0,5,-1,33,5,34,-1,34,5,4,-1,34,4,35,-1,35,4,3,-1,35,3,36,-1,36,3,8,-1,36,8,37,-1,37,8,7,-1,37,7,38,-1,38,7,6,-1,38,6,39,-1,39,6,11,-1,39,11,40,-1,40,11,10,-1,40,10,41,-1,41,10,9,-1,41,9,42,-1,42,9,14,-1,42,14,43,-1,43,14,13,-1,43,13,44,-1,44,13,12,-1,44,12,45,-1,45,12,17,-1,45,17,46,-1,46,17,16,-1,46,16,47,-1,47,16,15,-1,47,15,48,-1,48,15,20,-1,48,20,49,-1,49,20,19,-1,49,19,50,-1,50,19,18,-1,50,18,51,-1,51,18,23,-1,51,23,52,-1,52,23,22,-1,52,22,53,-1,53,22,21,-1,53,21,54,-1,54,21,26,-1,54,26,55,-1,55,26,25,-1,55,25,56,-1,56,25,24,-1,56,24,57,-1,57,24,29,-1,57,29,58,-1,58,29,28,-1,58,28,59,-1,59,28,27,-1,59,27,60,-1,60,27,31,-1,60,31,61,-1,61,31,30,-1,61,30,62,-1,62,30,1,-1,62,1,32,-1,32,1,0,-1,
        ]
    }
}