ISO-10303-21;
HEADER;
FILE_DESCRIPTION (( 'STEP AP214' ),
    '1' );
FILE_NAME ('SOT-89-3_L4.3-W2.5-H1.6-LS4.1-P1.50.STEP',
    '2026-07-20T02:51:20',
    ( '' ),
    ( '' ),
    'SwSTEP 2.0',
    'SolidWorks 2021',
    '' );
FILE_SCHEMA (( 'AUTOMOTIVE_DESIGN' ));
ENDSEC;

DATA;
#1 = CARTESIAN_POINT ( 'NONE',  ( 1.184489739542452513, 0.5381328669845406587, 0.8761297237651195502 ) ) ;
#2 = VECTOR ( 'NONE', #4887, 1000.000000000000000 ) ;
#3 = EDGE_CURVE ( 'NONE', #6373, #6834, #9441, .T. ) ;
#4 = FACE_OUTER_BOUND ( 'NONE', #1618, .T. ) ;
#5 = CARTESIAN_POINT ( 'NONE',  ( 1.172048365739314812, 0.5739733223590658406, 0.9718399947631601865 ) ) ;
#6 =( GEOMETRIC_REPRESENTATION_CONTEXT ( 3 ) GLOBAL_UNCERTAINTY_ASSIGNED_CONTEXT ( ( #4372 ) ) GLOBAL_UNIT_ASSIGNED_CONTEXT ( ( #9465, #7163, #7108 ) ) REPRESENTATION_CONTEXT ( 'NONE', 'WORKASPACE' ) );
#7 = CARTESIAN_POINT ( 'NONE',  ( 1.185273118879126564, -0.3881144490365188715, 0.8705556901518068935 ) ) ;
#8 = LINE ( 'NONE', #9884, #5568 ) ;
#9 = CARTESIAN_POINT ( 'NONE',  ( -1.149999999999999689, 2.049999999999999822, 0.1100000000000000006 ) ) ;
#10 = CARTESIAN_POINT ( 'NONE',  ( 1.175885977702742613, 0.1373373829811191105, 0.9445339667923279281 ) ) ;
#11 = ORIENTED_EDGE ( 'NONE', *, *, #2106, .T. ) ;
#12 = DIRECTION ( 'NONE',  ( -0.9902680687415706950, -1.431534388630178744E-16, -0.1391731009600623292 ) ) ;
#13 = VECTOR ( 'NONE', #8114, 1000.000000000000227 ) ;
#14 = VERTEX_POINT ( 'NONE', #930 ) ;
#15 = ORIENTED_EDGE ( 'NONE', *, *, #4477, .T. ) ;
#16 = ORIENTED_EDGE ( 'NONE', *, *, #8214, .F. ) ;
#17 = EDGE_LOOP ( 'NONE', ( #6651, #4403, #9392, #2896 ) ) ;
#18 = CARTESIAN_POINT ( 'NONE',  ( 1.156871565485909414, 0.1942329361620255823, 1.079828539768916018 ) ) ;
#19 = LINE ( 'NONE', #6621, #1100 ) ;
#20 = EDGE_CURVE ( 'NONE', #6253, #338, #3177, .T. ) ;
#21 = EDGE_CURVE ( 'NONE', #6530, #1779, #6564, .T. ) ;
#22 = VECTOR ( 'NONE', #8587, 1000.000000000000000 ) ;
#23 = DIRECTION ( 'NONE',  ( 1.000000000000000000, 0.000000000000000000, 0.000000000000000000 ) ) ;
#24 = DIRECTION ( 'NONE',  ( -0.000000000000000000, -0.000000000000000000, -1.000000000000000000 ) ) ;
#25 = ORIENTED_EDGE ( 'NONE', *, *, #2565, .F. ) ;
#26 = ADVANCED_FACE ( 'NONE', ( #3198 ), #6443, .F. ) ;
#27 = VERTEX_POINT ( 'NONE', #4049 ) ;
#28 = ORIENTED_EDGE ( 'NONE', *, *, #3882, .F. ) ;
#29 = AXIS2_PLACEMENT_3D ( 'NONE', #8059, #9663, #1646 ) ;
#30 = CARTESIAN_POINT ( 'NONE',  ( 1.153034057285735159, -0.4340968178936723265, 1.099948532891509068 ) ) ;
#31 = CARTESIAN_POINT ( 'NONE',  ( 1.173072886580212915, 0.2829762743196016506, 0.9645501501918819498 ) ) ;
#32 = CARTESIAN_POINT ( 'NONE',  ( 1.181919755060209631, 0.3588370118945546916, 0.8944161135370689575 ) ) ;
#33 = CARTESIAN_POINT ( 'NONE',  ( 1.181234323787523133, 0.2881854614802366044, 0.9064785069958440911 ) ) ;
#34 = ADVANCED_FACE ( 'NONE', ( #7361 ), #2607, .T. ) ;
#35 = LINE ( 'NONE', #5853, #3347 ) ;
#36 = ORIENTED_EDGE ( 'NONE', *, *, #8062, .T. ) ;
#37 = ORIENTED_EDGE ( 'NONE', *, *, #2894, .F. ) ;
#38 = EDGE_CURVE ( 'NONE', #7802, #1347, #4331, .T. ) ;
#39 = DIRECTION ( 'NONE',  ( -0.000000000000000000, 1.000000000000000000, 4.267423006025254594E-15 ) ) ;
#40 = AXIS2_PLACEMENT_3D ( 'NONE', #5811, #4204, #5854 ) ;
#41 = ORIENTED_EDGE ( 'NONE', *, *, #7677, .T. ) ;
#42 = LINE ( 'NONE', #2588, #4540 ) ;
#43 = CARTESIAN_POINT ( 'NONE',  ( 1.179610241978131580, 0.5830192162315277482, 0.9108491529947367882 ) ) ;
#44 = CARTESIAN_POINT ( 'NONE',  ( 1.183821196281927390, 0.1656915813592096387, 0.8808866562391648447 ) ) ;
#45 = EDGE_CURVE ( 'NONE', #8240, #1623, #1044, .T. ) ;
#46 = ORIENTED_EDGE ( 'NONE', *, *, #390, .F. ) ;
#47 = CARTESIAN_POINT ( 'NONE',  ( 1.249995309899464946, -2.050968503025308198, 0.4100333717993150384 ) ) ;
#48 = CARTESIAN_POINT ( 'NONE',  ( 1.173350722740490015, 0.3835728527238249086, 0.9625732431892652929 ) ) ;
#49 = CARTESIAN_POINT ( 'NONE',  ( 1.145789333529667831, -0.4280236817057631593, 1.151497420952471540 ) ) ;
#50 = DIRECTION ( 'NONE',  ( -0.9902680687415706950, -1.431534388630178744E-16, -0.1391731009600623292 ) ) ;
#51 = ORIENTED_EDGE ( 'NONE', *, *, #2229, .T. ) ;
#52 = EDGE_CURVE ( 'NONE', #976, #8673, #10054, .T. ) ;
#53 = ORIENTED_EDGE ( 'NONE', *, *, #1794, .T. ) ;
#54 = CARTESIAN_POINT ( 'NONE',  ( 0.000000000000000000, 0.000000000000000000, 0.4000000000000000222 ) ) ;
#55 = DIRECTION ( 'NONE',  ( -0.04862645234307004516, 0.9369753459439782439, 0.3459951867088463251 ) ) ;
#56 = ORIENTED_EDGE ( 'NONE', *, *, #1186, .F. ) ;
#57 = LINE ( 'NONE', #4336, #1093 ) ;
#58 = ORIENTED_EDGE ( 'NONE', *, *, #6686, .F. ) ;
#59 = ORIENTED_EDGE ( 'NONE', *, *, #8264, .F. ) ;
#60 = CARTESIAN_POINT ( 'NONE',  ( 1.182110767420392339, 0.5855146352303391977, 0.8930569899728236782 ) ) ;
#61 = FACE_OUTER_BOUND ( 'NONE', #3725, .T. ) ;
#62 = CARTESIAN_POINT ( 'NONE',  ( 1.170450807817867478, 0.09369874323312481212, 0.9832072100271833648 ) ) ;
#63 = EDGE_LOOP ( 'NONE', ( #3120, #1295, #3439, #2606 ) ) ;
#64 = VERTEX_POINT ( 'NONE', #1005 ) ;
#65 = FACE_OUTER_BOUND ( 'NONE', #6753, .T. ) ;
#66 = ORIENTED_EDGE ( 'NONE', *, *, #1192, .T. ) ;
#67 = PLANE ( 'NONE',  #532 ) ;
#68 = UNCERTAINTY_MEASURE_WITH_UNIT (LENGTH_MEASURE( 1.000000000000000082E-05 ), #4933, 'distance_accuracy_value', 'NONE');
#69 = CARTESIAN_POINT ( 'NONE',  ( -1.249998436620933351, -2.050645677516103049, 0.4100111240200405849 ) ) ;
#70 = FACE_OUTER_BOUND ( 'NONE', #6248, .T. ) ;
#71 = VERTEX_POINT ( 'NONE', #7218 ) ;
#72 = COLOUR_RGB ( '',0.8509803921568627194, 0.8509803921568627194, 0.8509803921568627194 ) ;
#73 = CARTESIAN_POINT ( 'NONE',  ( -1.149999999999999467, -1.159844184519376401E-16, 0.01000000000000000021 ) ) ;
#74 = CARTESIAN_POINT ( 'NONE',  ( 1.169238260211920011, -0.3872468368763390401, 0.9918349345494910096 ) ) ;
#75 = CARTESIAN_POINT ( 'NONE',  ( 1.173046362692385047, 0.2588330955027907110, 0.9575535809259245745 ) ) ;
#76 = VECTOR ( 'NONE', #148, 1000.000000000000227 ) ;
#77 = ORIENTED_EDGE ( 'NONE', *, *, #343, .T. ) ;
#78 = CARTESIAN_POINT ( 'NONE',  ( -2.214999999999998970, -1.300000000000000044, 0.4000000000000000222 ) ) ;
#79 = CARTESIAN_POINT ( 'NONE',  ( 1.173810412133001968, 0.1952934892367083342, 0.9521170866697551416 ) ) ;
#80 = VERTEX_POINT ( 'NONE', #9209 ) ;
#81 = ORIENTED_EDGE ( 'NONE', *, *, #1939, .T. ) ;
#82 = AXIS2_PLACEMENT_3D ( 'NONE', #1419, #9445, #4587 ) ;
#83 = EDGE_CURVE ( 'NONE', #6097, #3296, #9635, .T. ) ;
#84 = CARTESIAN_POINT ( 'NONE',  ( 1.185273118879126786, -0.3881144490365188715, 0.8705556901518068935 ) ) ;
#85 = ADVANCED_FACE ( 'NONE', ( #5584 ), #10473, .T. ) ;
#86 = VECTOR ( 'NONE', #2354, 1000.000000000000227 ) ;
#87 = VERTEX_POINT ( 'NONE', #5344 ) ;
#88 = CARTESIAN_POINT ( 'NONE',  ( 1.154000027362340308, -0.05842939069376375250, 1.093075298655703298 ) ) ;
#89 = CARTESIAN_POINT ( 'NONE',  ( -0.3981366483959006830, 0.8649999999999999911, 0.000000000000000000 ) ) ;
#90 = EDGE_CURVE ( 'NONE', #221, #7511, #6175, .T. ) ;
#91 = DIRECTION ( 'NONE',  ( 0.1391731009600619962, 4.442505161597411547E-15, -0.9902680687415708061 ) ) ;
#92 = COLOUR_RGB ( '',0.8509803921568627194, 0.8509803921568627194, 0.8509803921568627194 ) ;
#93 = CARTESIAN_POINT ( 'NONE',  ( 1.158538582447339760, 0.3287048274790951852, 1.067967097754855876 ) ) ;
#94 = CARTESIAN_POINT ( 'NONE',  ( 1.149830155299589096, 0.4511051293881749302, 1.129930776611549392 ) ) ;
#95 = ORIENTED_EDGE ( 'NONE', *, *, #8885, .F. ) ;
#96 = AXIS2_PLACEMENT_3D ( 'NONE', #4630, #549, #7925 ) ;
#97 = STYLED_ITEM ( 'NONE', ( #4981 ), #6565 ) ;
#98 = CARTESIAN_POINT ( 'NONE',  ( 1.885000000000000453, 0.5649999999999993916, 0.4000000000000000222 ) ) ;
#99 = CARTESIAN_POINT ( 'NONE',  ( 1.183109717869132327, 0.1751741735560292390, 0.8931343847300253769 ) ) ;
#100 = AXIS2_PLACEMENT_3D ( 'NONE', #4715, #636, #481 ) ;
#101 = EDGE_CURVE ( 'NONE', #8780, #4848, #6389, .T. ) ;
#102 = CARTESIAN_POINT ( 'NONE',  ( 1.156489540765543111, 0.2297302714249714328, 1.082546786897413016 ) ) ;
#103 = STYLED_ITEM ( 'NONE', ( #3690 ), #6754 ) ;
#104 = FACE_OUTER_BOUND ( 'NONE', #9297, .T. ) ;
#105 = DIRECTION ( 'NONE',  ( 0.9902680687415706950, 0.000000000000000000, 0.1391731009600623292 ) ) ;
#106 = CARTESIAN_POINT ( 'NONE',  ( 1.187084292333328017, -0.3004876231897623540, 0.8576685213937977892 ) ) ;
#107 = SURFACE_SIDE_STYLE ('',( #7431 ) ) ;
#108 = LINE ( 'NONE', #5879, #9324 ) ;
#109 = LINE ( 'NONE', #10431, #5900 ) ;
#110 = ORIENTED_EDGE ( 'NONE', *, *, #6678, .T. ) ;
#111 = CARTESIAN_POINT ( 'NONE',  ( 1.174889002162061713, -0.5625005051174475357, 0.9444425198341175332 ) ) ;
#112 =( NAMED_UNIT ( * ) PLANE_ANGLE_UNIT ( ) SI_UNIT ( $, .RADIAN. ) );
#113 = VECTOR ( 'NONE', #3698, 1000.000000000000227 ) ;
#114 = ORIENTED_EDGE ( 'NONE', *, *, #1028, .F. ) ;
#115 = CARTESIAN_POINT ( 'NONE',  ( 1.146030824321482955, -0.4150097971705957178, 1.149779124684155995 ) ) ;
#116 = VERTEX_POINT ( 'NONE', #9611 ) ;
#117 = ADVANCED_FACE ( 'NONE', ( #5553 ), #7248, .F. ) ;
#118 = CARTESIAN_POINT ( 'NONE',  ( 1.184548638442932678, -0.1842302414374129838, 0.8757106363119614434 ) ) ;
#119 = CARTESIAN_POINT ( 'NONE',  ( 1.141555847152307512, 0.5211952105270740709, 1.188805538276395346 ) ) ;
#120 = CARTESIAN_POINT ( 'NONE',  ( 1.143248911253846867, 0.2098916903817933943, 1.176758761230245920 ) ) ;
#121 = DIRECTION ( 'NONE',  ( -0.000000000000000000, 1.000000000000000000, 2.484500384857524592E-15 ) ) ;
#122 = ORIENTED_EDGE ( 'NONE', *, *, #363, .F. ) ;
#123 = ORIENTED_EDGE ( 'NONE', *, *, #583, .F. ) ;
#124 = ORIENTED_EDGE ( 'NONE', *, *, #4735, .F. ) ;
#125 = ORIENTED_EDGE ( 'NONE', *, *, #726, .F. ) ;
#126 = DIRECTION ( 'NONE',  ( 0.1300587156395339172, -0.3559357243643034852, -0.9254158473937289520 ) ) ;
#127 = SURFACE_STYLE_FILL_AREA ( #187 ) ;
#128 = ORIENTED_EDGE ( 'NONE', *, *, #8792, .T. ) ;
#129 = CARTESIAN_POINT ( 'NONE',  ( 1.169460539749125783, 0.09369874323312481212, 0.9830680369262232432 ) ) ;
#130 = CARTESIAN_POINT ( 'NONE',  ( 1.185297414568225349, -0.4696681304213600194, 0.8775681138755390132 ) ) ;
#131 = CARTESIAN_POINT ( 'NONE',  ( 1.154845239952088543, -0.3881144324885079655, 1.087061298585631608 ) ) ;
#132 = DIRECTION ( 'NONE',  ( -0.000000000000000000, -1.000000000000000000, -0.000000000000000000 ) ) ;
#133 = VERTEX_POINT ( 'NONE', #5388 ) ;
#134 = CARTESIAN_POINT ( 'NONE',  ( 1.161148316957105964, -0.5755143896521993652, 1.049397871840601404 ) ) ;
#135 = PLANE ( 'NONE',  #2124 ) ;
#136 = DIRECTION ( 'NONE',  ( 0.000000000000000000, -3.499493697399982809E-15, 1.000000000000000000 ) ) ;
#137 = ORIENTED_EDGE ( 'NONE', *, *, #4866, .F. ) ;
#138 = PRODUCT_DEFINITION ( 'δ֪', '', #7633, #8868 ) ;
#139 = ADVANCED_BREP_SHAPE_REPRESENTATION ( 'SOT-89-3_L4.3-W2.5-H1.6-LS4.1-P1.50', ( #6698, #8156 ), #8848 ) ;
#140 = EDGE_LOOP ( 'NONE', ( #7907, #9718, #10352, #4350 ) ) ;
#141 = CARTESIAN_POINT ( 'NONE',  ( 1.184489739542452735, 0.2282330200255209551, 0.8761297237651184400 ) ) ;
#142 = VECTOR ( 'NONE', #1948, 1000.000000000000227 ) ;
#143 = STYLED_ITEM ( 'NONE', ( #10174 ), #9064 ) ;
#144 = CARTESIAN_POINT ( 'NONE',  ( 1.170450807817867034, 0.5387567217336164394, 0.9832072100271849191 ) ) ;
#145 = ORIENTED_EDGE ( 'NONE', *, *, #2616, .T. ) ;
#146 = EDGE_CURVE ( 'NONE', #1571, #8679, #10283, .T. ) ;
#147 = EDGE_CURVE ( 'NONE', #7626, #6530, #3791, .T. ) ;
#148 = DIRECTION ( 'NONE',  ( -0.9902680687415706950, -1.431534388630178744E-16, -0.1391731009600623292 ) ) ;
#149 = CARTESIAN_POINT ( 'NONE',  ( 1.157835309666707557, 0.2386513943472006183, 1.072971143604743327 ) ) ;
#150 = EDGE_CURVE ( 'NONE', #200, #3942, #1643, .T. ) ;
#151 = CARTESIAN_POINT ( 'NONE',  ( 1.170589249150228994, 0.6638084063296135762, 0.9750368522282433226 ) ) ;
#152 = B_SPLINE_SURFACE_WITH_KNOTS ( 'NONE', 3, 1, ( 
 ( #10381, #669 ),
 ( #1412, #608 ),
 ( #2969, #7932 ),
 ( #4743, #7131 ) ),
 .UNSPECIFIED., .F., .F., .F.,
 ( 4, 4 ),
 ( 2, 2 ),
 ( 33.00000000000000000, 34.00000000000000000 ),
 ( 0.000000000000000000, 1.000000000000000000 ),
 .UNSPECIFIED. ) ;
#153 = ORIENTED_EDGE ( 'NONE', *, *, #1072, .T. ) ;
#154 = CARTESIAN_POINT ( 'NONE',  ( 1.173810412133001968, 0.1952934892367083342, 0.9521170866697551416 ) ) ;
#155 = CARTESIAN_POINT ( 'NONE',  ( 1.155612143636888689, 0.3852260678105494107, 1.081604495326820015 ) ) ;
#156 = CARTESIAN_POINT ( 'NONE',  ( 1.149899137591852805, 0.3224662799812311187, 1.122254645563468101 ) ) ;
#157 = CARTESIAN_POINT ( 'NONE',  ( 1.173810412133001746, 0.2897450983550145520, 0.9521170866697553636 ) ) ;
#158 = CARTESIAN_POINT ( 'NONE',  ( 1.144039007834456889, 0.4122389784756240738, 1.171136931942812653 ) ) ;
#159 = CARTESIAN_POINT ( 'NONE',  ( 1.192517840332155910, -0.3395292767956802349, 0.8190068184778130922 ) ) ;
#160 = CARTESIAN_POINT ( 'NONE',  ( 1.175790471522650593, 0.2129485786556118698, 0.9452135285744516224 ) ) ;
#161 = AXIS2_PLACEMENT_3D ( 'NONE', #10321, #1525, #3069 ) ;
#162 = MECHANICAL_DESIGN_GEOMETRIC_PRESENTATION_REPRESENTATION (  '', ( #4764 ), #2361 ) ;
#163 = EDGE_CURVE ( 'NONE', #897, #4286, #8161, .T. ) ;
#164 = AXIS2_PLACEMENT_3D ( 'NONE', #3534, #963, #9120 ) ;
#165 = ORIENTED_EDGE ( 'NONE', *, *, #9694, .T. ) ;
#166 = CARTESIAN_POINT ( 'NONE',  ( 1.159337134290752580, -0.1503941615036764046, 1.062285106146480640 ) ) ;
#167 = LINE ( 'NONE', #5454, #3591 ) ;
#168 = VERTEX_POINT ( 'NONE', #93 ) ;
#169 = FACE_OUTER_BOUND ( 'NONE', #8111, .T. ) ;
#170 = ADVANCED_FACE ( 'NONE', ( #2544 ), #936, .F. ) ;
#171 = ORIENTED_EDGE ( 'NONE', *, *, #1505, .T. ) ;
#172 = ORIENTED_EDGE ( 'NONE', *, *, #1891, .F. ) ;
#173 = B_SPLINE_SURFACE_WITH_KNOTS ( 'NONE', 3, 1, ( 
 ( #8778, #8603 ),
 ( #2022, #10137 ),
 ( #9496, #8556 ),
 ( #6934, #2163 ) ),
 .UNSPECIFIED., .F., .F., .F.,
 ( 4, 4 ),
 ( 2, 2 ),
 ( 3.000000000000000000, 4.000000000000000000 ),
 ( 0.000000000000000000, 1.000000000000000000 ),
 .UNSPECIFIED. ) ;
#174 = VECTOR ( 'NONE', #6390, 1000.000000000000000 ) ;
#175 = CARTESIAN_POINT ( 'NONE',  ( 1.155499272696801638, 0.2297302714249714328, 1.082407613796452894 ) ) ;
#176 = PLANE ( 'NONE',  #5738 ) ;
#177 = CARTESIAN_POINT ( 'NONE',  ( 1.059371777266040260, 1.860344970391882624, 1.766390284273130717 ) ) ;
#178 = STYLED_ITEM ( 'NONE', ( #4566 ), #7990 ) ;
#179 = EDGE_CURVE ( 'NONE', #7524, #2204, #3461, .T. ) ;
#180 = ORIENTED_EDGE ( 'NONE', *, *, #179, .F. ) ;
#181 = FILL_AREA_STYLE ('',( #9278 ) ) ;
#182 = ORIENTED_EDGE ( 'NONE', *, *, #788, .T. ) ;
#183 = CARTESIAN_POINT ( 'NONE',  ( 1.175677600582563320, 0.3036258665378299137, 0.9460166470440892761 ) ) ;
#184 = ORIENTED_EDGE ( 'NONE', *, *, #9694, .F. ) ;
#185 =( NAMED_UNIT ( * ) SI_UNIT ( $, .STERADIAN. ) SOLID_ANGLE_UNIT ( ) );
#186 = CARTESIAN_POINT ( 'NONE',  ( 1.158346866222010885, -0.1061469673224326449, 1.062145933045520740 ) ) ;
#187 = FILL_AREA_STYLE ('',( #8159 ) ) ;
#188 = DIRECTION ( 'NONE',  ( -0.9902680687415706950, -1.431534388630178744E-16, -0.1391731009600623292 ) ) ;
#189 = DIRECTION ( 'NONE',  ( 0.1391731009600623570, 0.000000000000000000, -0.9902680687415708061 ) ) ;
#190 = EDGE_CURVE ( 'NONE', #6898, #301, #5080, .T. ) ;
#191 = ORIENTED_EDGE ( 'NONE', *, *, #3560, .T. ) ;
#192 = ORIENTED_EDGE ( 'NONE', *, *, #9305, .T. ) ;
#193 = PRESENTATION_STYLE_ASSIGNMENT (( #8110 ) ) ;
#194 = CARTESIAN_POINT ( 'NONE',  ( 1.170632661050218015, 0.6667405236536104729, 0.9747279605094703037 ) ) ;
#195 = CARTESIAN_POINT ( 'NONE',  ( 1.149894680446003958, -0.1573348933033379693, 1.122286359804087308 ) ) ;
#196 = AXIS2_PLACEMENT_3D ( 'NONE', #8032, #6433, #9696 ) ;
#197 = UNCERTAINTY_MEASURE_WITH_UNIT (LENGTH_MEASURE( 1.000000000000000082E-05 ), #4486, 'distance_accuracy_value', 'NONE');
#198 = DIRECTION ( 'NONE',  ( -0.1391731009600610247, -7.758517942990226245E-15, 0.9902680687415709171 ) ) ;
#199 = CARTESIAN_POINT ( 'NONE',  ( 1.185480007611193987, 0.5574411714901652548, 0.8762688968660796718 ) ) ;
#200 = VERTEX_POINT ( 'NONE', #6509 ) ;
#201 = VECTOR ( 'NONE', #7576, 1000.000000000000000 ) ;
#202 = CARTESIAN_POINT ( 'NONE',  ( 1.168497272316162405, 0.6740084314887033745, 0.9971073373876181423 ) ) ;
#203 = VECTOR ( 'NONE', #7944, 1000.000000000000114 ) ;
#204 = EDGE_CURVE ( 'NONE', #80, #9856, #9772, .T. ) ;
#205 = CARTESIAN_POINT ( 'NONE',  ( 1.249998436620934461, 2.050645677516102605, 0.4100111240200390306 ) ) ;
#206 = CARTESIAN_POINT ( 'NONE',  ( 1.179723112918219075, 0.3060900927991891951, 0.9100460345251033534 ) ) ;
#207 = ADVANCED_FACE ( 'NONE', ( #7719 ), #2015, .F. ) ;
#208 = CARTESIAN_POINT ( 'NONE',  ( 1.140513484803463484, 0.2310403663997008805, 1.189037035238785123 ) ) ;
#209 = ORIENTED_EDGE ( 'NONE', *, *, #8465, .T. ) ;
#210 = CARTESIAN_POINT ( 'NONE',  ( 1.174261895893466523, 0.2694386262491972883, 0.9489046127903965067 ) ) ;
#211 = VERTEX_POINT ( 'NONE', #3516 ) ;
#212 = ORIENTED_EDGE ( 'NONE', *, *, #3685, .T. ) ;
#213 = DIRECTION ( 'NONE',  ( 0.000000000000000000, 2.729269891712918659E-15, -1.000000000000000000 ) ) ;
#214 = EDGE_CURVE ( 'NONE', #6041, #14, #9299, .T. ) ;
#215 = LINE ( 'NONE', #364, #10218 ) ;
#216 = CARTESIAN_POINT ( 'NONE',  ( 1.150645677516103138, 2.149998436620934150, 0.4100111240200388085 ) ) ;
#217 = ADVANCED_FACE ( 'NONE', ( #7758 ), #3569, .T. ) ;
#218 = CARTESIAN_POINT ( 'NONE',  ( 1.144243945404976426, -0.2718570838317662663, 1.169678725358559435 ) ) ;
#219 = EDGE_LOOP ( 'NONE', ( #295, #1369, #3196, #9117 ) ) ;
#220 = ORIENTED_EDGE ( 'NONE', *, *, #6626, .T. ) ;
#221 = VERTEX_POINT ( 'NONE', #8381 ) ;
#222 = VERTEX_POINT ( 'NONE', #1049 ) ;
#223 = ADVANCED_FACE ( 'NONE', ( #9251 ), #4424, .T. ) ;
#224 = DIRECTION ( 'NONE',  ( 0.9902680687415706950, 0.000000000000000000, 0.1391731009600623015 ) ) ;
#225 = DIRECTION ( 'NONE',  ( 0.000000000000000000, 0.000000000000000000, -1.000000000000000000 ) ) ;
#226 = CARTESIAN_POINT ( 'NONE',  ( 1.170667867318159638, 0.6650561158286005803, 0.9816627514308489122 ) ) ;
#227 = CARTESIAN_POINT ( 'NONE',  ( 1.184331451400734592, -0.4965634868294417914, 0.8844412989504427669 ) ) ;
#228 = PLANE ( 'NONE',  #40 ) ;
#229 = FACE_OUTER_BOUND ( 'NONE', #6824, .T. ) ;
#230 = ORIENTED_EDGE ( 'NONE', *, *, #1063, .F. ) ;
#231 = B_SPLINE_SURFACE_WITH_KNOTS ( 'NONE', 3, 1, ( 
 ( #5496, #2330 ),
 ( #5613, #564 ),
 ( #9721, #7142 ),
 ( #6514, #9615 ) ),
 .UNSPECIFIED., .F., .F., .F.,
 ( 4, 4 ),
 ( 2, 2 ),
 ( 3.000000000000000000, 4.000000000000000000 ),
 ( 0.000000000000000000, 1.000000000000000000 ),
 .UNSPECIFIED. ) ;
#232 = ORIENTED_EDGE ( 'NONE', *, *, #1516, .T. ) ;
#233 = CARTESIAN_POINT ( 'NONE',  ( 1.158538582447339760, 0.4752795009424433670, 1.067967097754856320 ) ) ;
#234 = VECTOR ( 'NONE', #398, 1000.000000000000000 ) ;
#235 = EDGE_CURVE ( 'NONE', #7181, #7738, #2263, .T. ) ;
#236 = ORIENTED_EDGE ( 'NONE', *, *, #6371, .F. ) ;
#237 = LINE ( 'NONE', #4320, #9828 ) ;
#238 = VECTOR ( 'NONE', #5960, 1000.000000000000000 ) ;
#239 =( NAMED_UNIT ( * ) PLANE_ANGLE_UNIT ( ) SI_UNIT ( $, .RADIAN. ) );
#240 = FILL_AREA_STYLE_COLOUR ( '', #2121 ) ;
#241 = VERTEX_POINT ( 'NONE', #3931 ) ;
#242 = LINE ( 'NONE', #9301, #831 ) ;
#243 = CARTESIAN_POINT ( 'NONE',  ( 1.179158758217782932, 0.2721835871484730163, 0.9140616268732701943 ) ) ;
#244 = LINE ( 'NONE', #2065, #5048 ) ;
#245 = VECTOR ( 'NONE', #2180, 1000.000000000000000 ) ;
#246 = ORIENTED_EDGE ( 'NONE', *, *, #90, .F. ) ;
#247 = DIRECTION ( 'NONE',  ( 0.06443965996039517641, -0.8863488427958606808, -0.4585120054029417358 ) ) ;
#248 = CARTESIAN_POINT ( 'NONE',  ( 1.175295575862196795, 0.1753301372432980176, 0.9487348941725856077 ) ) ;
#249 = PLANE ( 'NONE',  #10254 ) ;
#250 =( NAMED_UNIT ( * ) PLANE_ANGLE_UNIT ( ) SI_UNIT ( $, .RADIAN. ) );
#251 = LINE ( 'NONE', #2554, #6120 ) ;
#252 = VECTOR ( 'NONE', #10402, 1000.000000000000227 ) ;
#253 = CARTESIAN_POINT ( 'NONE',  ( 1.187659284993189512, 0.3432406431492763810, 0.8607625325655535731 ) ) ;
#254 = ORIENTED_EDGE ( 'NONE', *, *, #1257, .T. ) ;
#255 = DIRECTION ( 'NONE',  ( 0.000000000000000000, -0.000000000000000000, 1.000000000000000000 ) ) ;
#256 = VECTOR ( 'NONE', #1687, 1000.000000000000000 ) ;
#257 = LINE ( 'NONE', #1766, #526 ) ;
#258 = ORIENTED_EDGE ( 'NONE', *, *, #10303, .T. ) ;
#259 = CARTESIAN_POINT ( 'NONE',  ( 1.143248911253846867, 0.2098916903817933943, 1.176758761230245920 ) ) ;
#260 =( NAMED_UNIT ( * ) PLANE_ANGLE_UNIT ( ) SI_UNIT ( $, .RADIAN. ) );
#261 = CARTESIAN_POINT ( 'NONE',  ( 1.155881297417167941, 0.2071467294825181937, 1.079689366667955897 ) ) ;
#262 = ORIENTED_EDGE ( 'NONE', *, *, #6576, .F. ) ;
#263 = CARTESIAN_POINT ( 'NONE',  ( 1.168497272316162405, 0.6571643532436003410, 0.9971073373876179202 ) ) ;
#264 = CARTESIAN_POINT ( 'NONE',  ( 1.175854965329553359, -0.3881144490365190935, 0.9375693347592094495 ) ) ;
#265 = AXIS2_PLACEMENT_3D ( 'NONE', #6697, #10102, #366 ) ;
#266 = PLANE ( 'NONE',  #6639 ) ;
#267 = EDGE_CURVE ( 'NONE', #8475, #373, #9031, .T. ) ;
#268 = EDGE_CURVE ( 'NONE', #2040, #4696, #7403, .T. ) ;
#269 = ORIENTED_EDGE ( 'NONE', *, *, #5735, .F. ) ;
#270 = FACE_BOUND ( 'NONE', #6632, .T. ) ;
#271 = ORIENTED_EDGE ( 'NONE', *, *, #2400, .T. ) ;
#272 = ORIENTED_EDGE ( 'NONE', *, *, #4940, .F. ) ;
#273 = PRESENTATION_STYLE_ASSIGNMENT (( #3597 ) ) ;
#274 = ADVANCED_FACE ( 'NONE', ( #5852 ), #9864, .F. ) ;
#275 = ORIENTED_EDGE ( 'NONE', *, *, #2836, .F. ) ;
#276 = ORIENTED_EDGE ( 'NONE', *, *, #9165, .F. ) ;
#277 = CARTESIAN_POINT ( 'NONE',  ( 1.143300528785998971, 0.5133034479420742757, 1.169206186870498820 ) ) ;
#278 = CARTESIAN_POINT ( 'NONE',  ( 1.181867660780222984, 0.2489449977186548313, 0.8947867835995970687 ) ) ;
#279 = LINE ( 'NONE', #6803, #9722 ) ;
#280 = CARTESIAN_POINT ( 'NONE',  ( 1.177830830824449393, 0.4752795009424437556, 0.9306956177756503523 ) ) ;
#281 = CARTESIAN_POINT ( 'NONE',  ( 1.158538582447339760, 0.2630753078015179991, 1.067967097754855654 ) ) ;
#282 = SURFACE_STYLE_USAGE ( .BOTH. , #7405 ) ;
#283 = ORIENTED_EDGE ( 'NONE', *, *, #932, .T. ) ;
#284 = CARTESIAN_POINT ( 'NONE',  ( 1.185176670899595885, -0.1026765848750050975, 0.8784272497194743901 ) ) ;
#285 = FILL_AREA_STYLE_COLOUR ( '', #9646 ) ;
#286 = EDGE_CURVE ( 'NONE', #4827, #4095, #4906, .T. ) ;
#287 = ORIENTED_EDGE ( 'NONE', *, *, #3168, .F. ) ;
#288 = B_SPLINE_CURVE_WITH_KNOTS ( 'NONE', 3,
 ( #6196, #2187, #3980, #486 ),
 .UNSPECIFIED., .F., .F.,
 ( 4, 4 ),
 ( 10.00000000000000000, 11.00000000000000000 ),
 .UNSPECIFIED. ) ;
#289 = AXIS2_PLACEMENT_3D ( 'NONE', #10475, #4840, #537 ) ;
#290 = ORIENTED_EDGE ( 'NONE', *, *, #4198, .F. ) ;
#291 = UNCERTAINTY_MEASURE_WITH_UNIT (LENGTH_MEASURE( 1.000000000000000082E-05 ), #4433, 'distance_accuracy_value', 'NONE');
#292 =( LENGTH_UNIT ( ) NAMED_UNIT ( * ) SI_UNIT ( .MILLI., .METRE. ) );
#293 = PLANE ( 'NONE',  #4577 ) ;
#294 = DIRECTION ( 'NONE',  ( -0.9902680687415706950, -1.431534388630178744E-16, -0.1391731009600623292 ) ) ;
#295 = ORIENTED_EDGE ( 'NONE', *, *, #9834, .T. ) ;
#296 = CARTESIAN_POINT ( 'NONE',  ( 1.175928912854896646, 0.2647909083631491134, 0.9370431707763340334 ) ) ;
#297 = EDGE_CURVE ( 'NONE', #3116, #9054, #767, .T. ) ;
#298 = DIRECTION ( 'NONE',  ( 1.141223288582338889E-15, -1.000000000000000000, -7.091625725919136160E-15 ) ) ;
#299 = VERTEX_POINT ( 'NONE', #8257 ) ;
#300 = VECTOR ( 'NONE', #6258, 1000.000000000000227 ) ;
#301 = VERTEX_POINT ( 'NONE', #7290 ) ;
#302 = CARTESIAN_POINT ( 'NONE',  ( 1.180157708666522920, 0.1804769389290224735, 0.9141390216304728922 ) ) ;
#303 = CARTESIAN_POINT ( 'NONE',  ( 1.185453960471200885, 0.3499470817097778963, 0.8764542318973451707 ) ) ;
#304 =( NAMED_UNIT ( * ) PLANE_ANGLE_UNIT ( ) SI_UNIT ( $, .RADIAN. ) );
#305 = CARTESIAN_POINT ( 'NONE',  ( 1.143048739765715194, 0.4122389784756240738, 1.170997758841852532 ) ) ;
#306 = DIRECTION ( 'NONE',  ( 5.042800802258161104E-17, -1.000000000000000000, 0.000000000000000000 ) ) ;
#307 = EDGE_CURVE ( 'NONE', #3452, #4970, #9991, .T. ) ;
#308 = ORIENTED_EDGE ( 'NONE', *, *, #150, .F. ) ;
#309 = MECHANICAL_DESIGN_GEOMETRIC_PRESENTATION_REPRESENTATION (  '', ( #5795 ), #7654 ) ;
#310 = CARTESIAN_POINT ( 'NONE',  ( 1.183039782081198865, 0.2860955480687417674, 0.8864467071836688028 ) ) ;
#311 = DIRECTION ( 'NONE',  ( 1.226379329743083133E-15, -1.000000000000000000, -7.697542442872411763E-15 ) ) ;
#312 = ORIENTED_EDGE ( 'NONE', *, *, #4870, .F. ) ;
#313 = CARTESIAN_POINT ( 'NONE',  ( 1.170059174809531921, -0.5208560481278446952, 0.9788085271426525402 ) ) ;
#314 = DIRECTION ( 'NONE',  ( 0.1379300578013642753, 0.1333547648937649654, -0.9814233570865535938 ) ) ;
#315 = SURFACE_STYLE_FILL_AREA ( #2028 ) ;
#316 = VECTOR ( 'NONE', #6886, 1000.000000000000000 ) ;
#317 = COLOUR_RGB ( '',0.8509803921568627194, 0.8509803921568627194, 0.8509803921568627194 ) ;
#318 = FACE_OUTER_BOUND ( 'NONE', #2986, .T. ) ;
#319 = COLOUR_RGB ( '',0.8509803921568627194, 0.8509803921568627194, 0.8509803921568627194 ) ;
#320 = B_SPLINE_CURVE_WITH_KNOTS ( 'NONE', 3,
 ( #5757, #2249, #3118, #8190 ),
 .UNSPECIFIED., .F., .F.,
 ( 4, 4 ),
 ( 24.00000000000000000, 25.00000000000000000 ),
 .UNSPECIFIED. ) ;
#321 = CARTESIAN_POINT ( 'NONE',  ( 1.155734173704808576, 0.2386513943472005073, 1.087921502810651919 ) ) ;
#322 = CARTESIAN_POINT ( 'NONE',  ( 1.151470648373190908, 0.4511051293881750412, 1.111072765331531986 ) ) ;
#323 = VERTEX_POINT ( 'NONE', #9757 ) ;
#324 = VECTOR ( 'NONE', #4019, 1000.000000000000000 ) ;
#325 = EDGE_LOOP ( 'NONE', ( #3808, #7898, #7968, #3405 ) ) ;
#326 = EDGE_LOOP ( 'NONE', ( #10106, #8887, #8533, #6756 ) ) ;
#327 = CARTESIAN_POINT ( 'NONE',  ( 1.143253677336234730, -0.2718570838317662663, 1.169539552257599313 ) ) ;
#328 = VERTEX_POINT ( 'NONE', #3112 ) ;
#329 = ADVANCED_FACE ( 'NONE', ( #6313 ), #2092, .F. ) ;
#330 = VECTOR ( 'NONE', #6997, 1000.000000000000227 ) ;
#331 = CARTESIAN_POINT ( 'NONE',  ( 1.178173432177748170, -0.1382478891282721278, 0.9282578824795383321 ) ) ;
#332 = PLANE ( 'NONE',  #6816 ) ;
#333 = PRESENTATION_LAYER_ASSIGNMENT (  '', '', ( #9072 ) ) ;
#334 = CARTESIAN_POINT ( 'NONE',  ( 1.187659284993189512, 0.3432406431492763810, 0.8607625325655535731 ) ) ;
#335 = DIRECTION ( 'NONE',  ( 5.093439393433638083E-16, -1.000000000000000000, -2.595570536144192248E-15 ) ) ;
#336 = EDGE_CURVE ( 'NONE', #360, #707, #4619, .T. ) ;
#337 = ORIENTED_EDGE ( 'NONE', *, *, #2241, .T. ) ;
#338 = VERTEX_POINT ( 'NONE', #7850 ) ;
#339 = CARTESIAN_POINT ( 'NONE',  ( 1.147021092390224650, -0.4150097971705957178, 1.149918297785116117 ) ) ;
#340 = VECTOR ( 'NONE', #2066, 1000.000000000000000 ) ;
#341 = CARTESIAN_POINT ( 'NONE',  ( 1.173810412133002190, 0.1848439221775698693, 0.9521170866697550306 ) ) ;
#342 = ORIENTED_EDGE ( 'NONE', *, *, #4606, .F. ) ;
#343 = EDGE_CURVE ( 'NONE', #2520, #6214, #5210, .T. ) ;
#344 = ADVANCED_FACE ( 'NONE', ( #8625 ), #4948, .F. ) ;
#345 = DIRECTION ( 'NONE',  ( -0.1391731009600627456, -2.776210893285049957E-15, 0.9902680687415706950 ) ) ;
#346 = SURFACE_SIDE_STYLE ('',( #6021 ) ) ;
#347 =( NAMED_UNIT ( * ) SI_UNIT ( $, .STERADIAN. ) SOLID_ANGLE_UNIT ( ) );
#348 = EDGE_CURVE ( 'NONE', #8048, #9811, #7388, .T. ) ;
#349 = ORIENTED_EDGE ( 'NONE', *, *, #8591, .T. ) ;
#350 = VECTOR ( 'NONE', #1042, 1000.000000000000000 ) ;
#351 = CARTESIAN_POINT ( 'NONE',  ( 1.183691437329679408, 0.2020623132716999892, 0.8889952356935256761 ) ) ;
#352 = LINE ( 'NONE', #5291, #6682 ) ;
#353 = EDGE_CURVE ( 'NONE', #2303, #3268, #5799, .T. ) ;
#354 = DIRECTION ( 'NONE',  ( 0.9902680687415706950, 0.000000000000000000, 0.1391731009600623292 ) ) ;
#355 = SURFACE_STYLE_FILL_AREA ( #8500 ) ;
#356 = DIRECTION ( 'NONE',  ( 0.1304017644196093784, 0.3493954794691433996, -0.9278567662968136842 ) ) ;
#357 =( NAMED_UNIT ( * ) SI_UNIT ( $, .STERADIAN. ) SOLID_ANGLE_UNIT ( ) );
#358 = CARTESIAN_POINT ( 'NONE',  ( 1.143509382654012585, 0.2788276402336485882, 1.174905410915960902 ) ) ;
#359 = LINE ( 'NONE', #9308, #4430 ) ;
#360 = VERTEX_POINT ( 'NONE', #736 ) ;
#361 = VECTOR ( 'NONE', #5379, 1000.000000000000000 ) ;
#362 = DIRECTION ( 'NONE',  ( -0.1391731009600615798, 0.000000000000000000, 0.9902680687415708061 ) ) ;
#363 = EDGE_CURVE ( 'NONE', #1779, #6253, #2338, .T. ) ;
#364 = CARTESIAN_POINT ( 'NONE',  ( 1.183031576449035782, 0.2063981037827952447, 0.8936903898246436606 ) ) ;
#365 = ORIENTED_EDGE ( 'NONE', *, *, #6314, .F. ) ;
#366 = DIRECTION ( 'NONE',  ( 0.9902680687415706950, 0.000000000000000000, 0.1391731009600623292 ) ) ;
#367 = DIRECTION ( 'NONE',  ( 0.000000000000000000, 1.000000000000000000, 0.000000000000000000 ) ) ;
#368 = DIRECTION ( 'NONE',  ( -7.833253940712103470E-16, 1.000000000000000000, 4.545049883609536402E-15 ) ) ;
#369 = ORIENTED_EDGE ( 'NONE', *, *, #10153, .F. ) ;
#370 = FACE_BOUND ( 'NONE', #5566, .T. ) ;
#371 = ORIENTED_EDGE ( 'NONE', *, *, #353, .F. ) ;
#372 = VERTEX_POINT ( 'NONE', #5684 ) ;
#373 = VERTEX_POINT ( 'NONE', #8952 ) ;
#374 = CARTESIAN_POINT ( 'NONE',  ( 1.174800680201743441, 0.2765505703970164153, 0.9522562597707153742 ) ) ;
#375 = CARTESIAN_POINT ( 'NONE',  ( 1.153893509143190776, 0.4870079702384424447, 1.101018511701453040 ) ) ;
#376 = ORIENTED_EDGE ( 'NONE', *, *, #10018, .T. ) ;
#377 = CARTESIAN_POINT ( 'NONE',  ( 1.157548314378598064, 0.2630753078015179991, 1.067827924653895533 ) ) ;
#378 = SURFACE_STYLE_USAGE ( .BOTH. , #1176 ) ;
#379 = FILL_AREA_STYLE ('',( #10113 ) ) ;
#380 = CARTESIAN_POINT ( 'NONE',  ( 1.173810412133001968, 0.1952934892367083342, 0.9521170866697551416 ) ) ;
#381 = CARTESIAN_POINT ( 'NONE',  ( 1.178916128325447454, 0.6448120291985222075, 0.9229733247972686794 ) ) ;
#382 = CARTESIAN_POINT ( 'NONE',  ( 1.155881297417167719, 0.2071467294825181937, 1.079689366667955897 ) ) ;
#383 = DIRECTION ( 'NONE',  ( 0.000000000000000000, 0.000000000000000000, 1.000000000000000000 ) ) ;
#384 = ORIENTED_EDGE ( 'NONE', *, *, #1654, .T. ) ;
#385 = CARTESIAN_POINT ( 'NONE',  ( 1.173705849649449018, -0.07578123674051365222, 0.9600463839336526028 ) ) ;
#386 = ORIENTED_EDGE ( 'NONE', *, *, #5317, .F. ) ;
#387 = CARTESIAN_POINT ( 'NONE',  ( 1.174895709634000918, 0.09369874323312490927, 0.9443947936913678065 ) ) ;
#388 = CARTESIAN_POINT ( 'NONE',  ( 1.155612143636888911, 0.09369874323312436804, 1.081604495326818904 ) ) ;
#389 =( NAMED_UNIT ( * ) PLANE_ANGLE_UNIT ( ) SI_UNIT ( $, .RADIAN. ) );
#390 = EDGE_CURVE ( 'NONE', #7747, #8597, #4549, .T. ) ;
#391 = ORIENTED_EDGE ( 'NONE', *, *, #7627, .T. ) ;
#392 = UNCERTAINTY_MEASURE_WITH_UNIT (LENGTH_MEASURE( 1.000000000000000082E-05 ), #2426, 'distance_accuracy_value', 'NONE');
#393 = B_SPLINE_CURVE_WITH_KNOTS ( 'NONE', 3,
 ( #334, #2795, #6056, #9335 ),
 .UNSPECIFIED., .F., .F.,
 ( 4, 4 ),
 ( 5.000000000000000000, 6.000000000000000000 ),
 .UNSPECIFIED. ) ;
#394 = CARTESIAN_POINT ( 'NONE',  ( 1.193508108400897827, -0.3872468534243500571, 0.8191459915787731028 ) ) ;
#395 = CARTESIAN_POINT ( 'NONE',  ( 1.174105613053274322, 0.2971065844024654012, 0.9500166229796289663 ) ) ;
#396 = ORIENTED_EDGE ( 'NONE', *, *, #2293, .F. ) ;
#397 = FILL_AREA_STYLE_COLOUR ( '', #9712 ) ;
#398 = DIRECTION ( 'NONE',  ( -0.000000000000000000, 1.000000000000000000, -0.000000000000000000 ) ) ;
#399 = EDGE_CURVE ( 'NONE', #1556, #718, #4876, .T. ) ;
#400 = DIRECTION ( 'NONE',  ( -0.1313021986740821601, 0.3315284183503959814, 0.9342636889280437895 ) ) ;
#401 = EDGE_CURVE ( 'NONE', #5199, #7566, #2462, .T. ) ;
#402 = VECTOR ( 'NONE', #1887, 1000.000000000000000 ) ;
#403 = CARTESIAN_POINT ( 'NONE',  ( 1.152668816814276687, 0.4302059952707308343, 1.102547353883513992 ) ) ;
#404 = SURFACE_STYLE_FILL_AREA ( #1368 ) ;
#405 = DIRECTION ( 'NONE',  ( -0.9902680687415706950, -1.431534388630178744E-16, -0.1391731009600623292 ) ) ;
#406 = COLOUR_RGB ( '',0.8509803921568627194, 0.8509803921568627194, 0.8509803921568627194 ) ;
#407 = MECHANICAL_DESIGN_GEOMETRIC_PRESENTATION_REPRESENTATION (  '', ( #9638 ), #3335 ) ;
#408 = ORIENTED_EDGE ( 'NONE', *, *, #856, .F. ) ;
#409 = AXIS2_PLACEMENT_3D ( 'NONE', #2503, #785, #7473 ) ;
#410 = EDGE_CURVE ( 'NONE', #7021, #5913, #1973, .T. ) ;
#411 = VECTOR ( 'NONE', #5314, 1000.000000000000114 ) ;
#412 = CARTESIAN_POINT ( 'NONE',  ( 1.183812513901929986, 0.2979799810520100123, 0.8809484345829174945 ) ) ;
#413 = DIRECTION ( 'NONE',  ( -0.9902680687415706950, -1.431534388630178744E-16, -0.1391731009600623292 ) ) ;
#414 = VECTOR ( 'NONE', #906, 1000.000000000000227 ) ;
#415 = CARTESIAN_POINT ( 'NONE',  ( 1.155835508020830238, -0.3881144324885079655, 1.087200471686591730 ) ) ;
#416 = EDGE_CURVE ( 'NONE', #5333, #87, #108, .T. ) ;
#417 = ORIENTED_EDGE ( 'NONE', *, *, #6079, .T. ) ;
#418 = VECTOR ( 'NONE', #2534, 1000.000000000000227 ) ;
#419 = VECTOR ( 'NONE', #6986, 1000.000000000000000 ) ;
#420 = ORIENTED_EDGE ( 'NONE', *, *, #4530, .F. ) ;
#421 =( NAMED_UNIT ( * ) PLANE_ANGLE_UNIT ( ) SI_UNIT ( $, .RADIAN. ) );
#422 = VECTOR ( 'NONE', #2997, 1000.000000000000227 ) ;
#423 = VERTEX_POINT ( 'NONE', #5197 ) ;
#424 = ORIENTED_EDGE ( 'NONE', *, *, #883, .F. ) ;
#425 = SURFACE_STYLE_FILL_AREA ( #5904 ) ;
#426 = PLANE ( 'NONE',  #7266 ) ;
#427 = CARTESIAN_POINT ( 'NONE',  ( 1.185045888610841258, 0.2065228747330227765, 0.8793578140571036705 ) ) ;
#428 = CARTESIAN_POINT ( 'NONE',  ( 1.183039782081198865, 0.2740863441352417440, 0.8864467071836686918 ) ) ;
#429 = CARTESIAN_POINT ( 'NONE',  ( 1.167507004247420932, 0.5393805764835282179, 0.9969681642866573545 ) ) ;
#430 = B_SPLINE_CURVE_WITH_KNOTS ( 'NONE', 3,
 ( #5570, #4766, #4605, #3909 ),
 .UNSPECIFIED., .F., .F.,
 ( 4, 4 ),
 ( 2.000000000000000000, 3.000000000000000000 ),
 .UNSPECIFIED. ) ;
#431 = VERTEX_POINT ( 'NONE', #5040 ) ;
#432 = DIRECTION ( 'NONE',  ( 0.000000000000000000, 0.000000000000000000, 1.000000000000000000 ) ) ;
#433 = EDGE_CURVE ( 'NONE', #9380, #7159, #953, .T. ) ;
#434 = CARTESIAN_POINT ( 'NONE',  ( 1.178752859437986134, -0.2093904314435910130, 0.9169497467613885178 ) ) ;
#435 = ORIENTED_EDGE ( 'NONE', *, *, #6750, .T. ) ;
#436 = VECTOR ( 'NONE', #5011, 1000.000000000000000 ) ;
#437 = DIRECTION ( 'NONE',  ( -0.9902680687415706950, -1.431534388630178744E-16, -0.1391731009600623292 ) ) ;
#438 = CARTESIAN_POINT ( 'NONE',  ( 1.170450807817867256, 0.5203218138775312918, 0.9832072100271849191 ) ) ;
#439 = ORIENTED_EDGE ( 'NONE', *, *, #7102, .F. ) ;
#440 = LINE ( 'NONE', #8376, #5914 ) ;
#441 = LINE ( 'NONE', #4170, #1011 ) ;
#442 = CARTESIAN_POINT ( 'NONE',  ( 1.184548638442932900, -0.1356450857445861691, 0.8757106363119617765 ) ) ;
#443 = ORIENTED_EDGE ( 'NONE', *, *, #7961, .F. ) ;
#444 = CARTESIAN_POINT ( 'NONE',  ( 1.190127235011756879, -0.4583894288361080593, 0.8432021557270815704 ) ) ;
#445 = PLANE ( 'NONE',  #6513 ) ;
#446 = B_SPLINE_CURVE_WITH_KNOTS ( 'NONE', 3,
 ( #1982, #4438, #7692, #4342 ),
 .UNSPECIFIED., .F., .F.,
 ( 4, 4 ),
 ( 4.000000000000000000, 5.000000000000000000 ),
 .UNSPECIFIED. ) ;
#447 =( GEOMETRIC_REPRESENTATION_CONTEXT ( 3 ) GLOBAL_UNCERTAINTY_ASSIGNED_CONTEXT ( ( #197 ) ) GLOBAL_UNIT_ASSIGNED_CONTEXT ( ( #4486, #6180, #1256 ) ) REPRESENTATION_CONTEXT ( 'NONE', 'WORKASPACE' ) );
#448 = ORIENTED_EDGE ( 'NONE', *, *, #5504, .F. ) ;
#449 = FACE_OUTER_BOUND ( 'NONE', #7267, .T. ) ;
#450 = VECTOR ( 'NONE', #3340, 1000.000000000000000 ) ;
#451 = VERTEX_POINT ( 'NONE', #5146 ) ;
#452 = CYLINDRICAL_SURFACE ( 'NONE', #6385, 0.1000000000000001166 ) ;
#453 = LINE ( 'NONE', #6984, #9075 ) ;
#454 = CARTESIAN_POINT ( 'NONE',  ( 1.184489739542452513, 0.7204856103475046902, 0.8761297237651202163 ) ) ;
#455 = B_SPLINE_SURFACE_WITH_KNOTS ( 'NONE', 3, 1, ( 
 ( #5509, #3099 ),
 ( #8139, #4075 ),
 ( #5688, #4767 ),
 ( #1665, #9844 ) ),
 .UNSPECIFIED., .F., .F., .F.,
 ( 4, 4 ),
 ( 2, 2 ),
 ( 7.000000000000000000, 8.000000000000000000 ),
 ( 0.000000000000000000, 1.000000000000000000 ),
 .UNSPECIFIED. ) ;
#456 = FACE_OUTER_BOUND ( 'NONE', #3748, .T. ) ;
#457 = CARTESIAN_POINT ( 'NONE',  ( 1.148944552538887498, 0.3224662799812311187, 1.136232167681107130 ) ) ;
#458 = EDGE_CURVE ( 'NONE', #8247, #4705, #3581, .T. ) ;
#459 = SURFACE_STYLE_USAGE ( .BOTH. , #1971 ) ;
#460 = VERTEX_POINT ( 'NONE', #9307 ) ;
#461 = EDGE_CURVE ( 'NONE', #4435, #5617, #1974, .T. ) ;
#462 = MECHANICAL_DESIGN_GEOMETRIC_PRESENTATION_REPRESENTATION (  '', ( #4600 ), #5450 ) ;
#463 = ORIENTED_EDGE ( 'NONE', *, *, #10255, .T. ) ;
#464 = CARTESIAN_POINT ( 'NONE',  ( 1.181234323787523133, 0.2881854614802366044, 0.9064785069958440911 ) ) ;
#465 = CARTESIAN_POINT ( 'NONE',  ( 1.141963919012667583, 0.2386513943472002852, 1.185901956116633515 ) ) ;
#466 = EDGE_CURVE ( 'NONE', #4910, #562, #6080, .T. ) ;
#467 = CARTESIAN_POINT ( 'NONE',  ( 1.189369713854724342, 0.3275818889295040170, 0.8485921988318960718 ) ) ;
#468 = ADVANCED_FACE ( 'NONE', ( #2875 ), #10037, .T. ) ;
#469 = VECTOR ( 'NONE', #8235, 999.9999999999998863 ) ;
#470 = CARTESIAN_POINT ( 'NONE',  ( 1.169677599249417277, 0.6650561158286005803, 0.9815235783298887906 ) ) ;
#472 = EDGE_CURVE ( 'NONE', #2520, #8673, #1580, .T. ) ;
#471 = CARTESIAN_POINT ( 'NONE',  ( 1.155734173704808576, 0.2386513943472005073, 1.087921502810651919 ) ) ;
#473 = ORIENTED_EDGE ( 'NONE', *, *, #9255, .F. ) ;
#474 = FACE_BOUND ( 'NONE', #6845, .T. ) ;
#475 = ORIENTED_EDGE ( 'NONE', *, *, #5577, .F. ) ;
#476 = PLANE ( 'NONE',  #5976 ) ;
#477 = AXIS2_PLACEMENT_3D ( 'NONE', #9149, #7575, #2594 ) ;
#478 = PRESENTATION_LAYER_ASSIGNMENT (  '', '', ( #7494 ) ) ;
#479 = ORIENTED_EDGE ( 'NONE', *, *, #4339, .T. ) ;
#480 = STYLED_ITEM ( 'NONE', ( #7136 ), #6939 ) ;
#481 = DIRECTION ( 'NONE',  ( -0.9902680687415706950, 0.000000000000000000, -0.1391731009600623292 ) ) ;
#482 = CARTESIAN_POINT ( 'NONE',  ( 1.152816877152650354, -0.1078821254503317811, 1.108679146369094148 ) ) ;
#483 = VERTEX_POINT ( 'NONE', #7294 ) ;
#484 = CARTESIAN_POINT ( 'NONE',  ( 1.141555847152307734, 0.2630753078015175550, 1.188805538276394458 ) ) ;
#485 = EDGE_CURVE ( 'NONE', #460, #3059, #7512, .T. ) ;
#486 = CARTESIAN_POINT ( 'NONE',  ( 1.150238227159948945, 0.1638200171098933289, 1.127027194451787784 ) ) ;
#487 = FACE_OUTER_BOUND ( 'NONE', #326, .T. ) ;
#488 = LINE ( 'NONE', #701, #6941 ) ;
#489 = EDGE_LOOP ( 'NONE', ( #10269, #3886, #59, #7614 ) ) ;
#490 = PLANE ( 'NONE',  #746 ) ;
#491 = VECTOR ( 'NONE', #8295, 1000.000000000000227 ) ;
#492 = STYLED_ITEM ( 'NONE', ( #5550 ), #7007 ) ;
#493 = ORIENTED_EDGE ( 'NONE', *, *, #4662, .T. ) ;
#494 = SPHERICAL_SURFACE ( 'NONE', #7067, 0.1000000000000000056 ) ;
#495 = LINE ( 'NONE', #591, #10298 ) ;
#496 = PRESENTATION_LAYER_ASSIGNMENT (  '', '', ( #6988 ) ) ;
#497 = ORIENTED_EDGE ( 'NONE', *, *, #2155, .T. ) ;
#498 = ORIENTED_EDGE ( 'NONE', *, *, #3423, .F. ) ;
#499 = STYLED_ITEM ( 'NONE', ( #3790 ), #2440 ) ;
#500 = CARTESIAN_POINT ( 'NONE',  ( 1.172126030411575703, 0.5828944452808791921, 0.9641020853713280214 ) ) ;
#501 = ADVANCED_FACE ( 'NONE', ( #6664 ), #3564, .F. ) ;
#502 = LINE ( 'NONE', #3776, #1162 ) ;
#503 = LINE ( 'NONE', #2149, #9472 ) ;
#504 = ORIENTED_EDGE ( 'NONE', *, *, #5651, .T. ) ;
#505 = PLANE ( 'NONE',  #5642 ) ;
#506 = VECTOR ( 'NONE', #2809, 1000.000000000000227 ) ;
#507 = ORIENTED_EDGE ( 'NONE', *, *, #5401, .T. ) ;
#508 = DIRECTION ( 'NONE',  ( -1.000000000000000000, 0.000000000000000000, 0.000000000000000000 ) ) ;
#509 = B_SPLINE_CURVE_WITH_KNOTS ( 'NONE', 3,
 ( #8107, #10322, #2376, #4681 ),
 .UNSPECIFIED., .F., .F.,
 ( 4, 4 ),
 ( 11.00000000000000000, 12.00000000000000000 ),
 .UNSPECIFIED. ) ;
#510 = LINE ( 'NONE', #5384, #1885 ) ;
#511 = DIRECTION ( 'NONE',  ( -0.1391731009600623570, -3.271853265869492656E-15, 0.9902680687415708061 ) ) ;
#512 = DIRECTION ( 'NONE',  ( 1.000000000000000000, -0.000000000000000000, 0.000000000000000000 ) ) ;
#513 = DIRECTION ( 'NONE',  ( -0.000000000000000000, -0.000000000000000000, 1.000000000000000000 ) ) ;
#514 = DIRECTION ( 'NONE',  ( -0.000000000000000000, -1.000000000000000000, -0.000000000000000000 ) ) ;
#515 = CARTESIAN_POINT ( 'NONE',  ( 1.144116672506718446, 0.4211601013982697594, 1.163399022550977158 ) ) ;
#516 = CARTESIAN_POINT ( 'NONE',  ( 1.183101035489134034, 0.5855146352303391977, 0.8931961630737836888 ) ) ;
#517 = VECTOR ( 'NONE', #9020, 1000.000000000000227 ) ;
#518 = ORIENTED_EDGE ( 'NONE', *, *, #647, .T. ) ;
#519 = VECTOR ( 'NONE', #2862, 1000.000000000000227 ) ;
#520 = DIRECTION ( 'NONE',  ( -0.7071067811865489050, -0.7071067811865462405, 0.000000000000000000 ) ) ;
#521 = EDGE_CURVE ( 'NONE', #5355, #3298, #4410, .T. ) ;
#522 = ORIENTED_EDGE ( 'NONE', *, *, #9420, .F. ) ;
#523 = DIRECTION ( 'NONE',  ( -0.9902680687415706950, -1.431534388630178744E-16, -0.1391731009600623292 ) ) ;
#524 = CARTESIAN_POINT ( 'NONE',  ( 1.173072886580212915, 0.2904001458419628867, 0.9645501501918819498 ) ) ;
#525 = CARTESIAN_POINT ( 'NONE',  ( 1.167507004247421154, 0.1407997768422540874, 0.9969681642866561333 ) ) ;
#526 = VECTOR ( 'NONE', #8287, 1000.000000000000000 ) ;
#527 = ORIENTED_EDGE ( 'NONE', *, *, #3745, .T. ) ;
#528 = ADVANCED_FACE ( 'NONE', ( #1903 ), #8434, .F. ) ;
#529 = ADVANCED_FACE ( 'NONE', ( #3709 ), #490, .T. ) ;
#530 = ORIENTED_EDGE ( 'NONE', *, *, #1192, .F. ) ;
#531 = ADVANCED_FACE ( 'NONE', ( #966 ), #3643, .T. ) ;
#532 = AXIS2_PLACEMENT_3D ( 'NONE', #4356, #4148, #9960 ) ;
#533 = DIRECTION ( 'NONE',  ( -0.9902680687415706950, -1.431534388630178744E-16, -0.1391731009600623292 ) ) ;
#534 = CARTESIAN_POINT ( 'NONE',  ( 1.180081053611479636, -0.3004876231897625205, 0.9074991541538662831 ) ) ;
#535 = CARTESIAN_POINT ( 'NONE',  ( 1.184030050149940561, 0.2740863441352417440, 0.8865858802846288134 ) ) ;
#536 = DIRECTION ( 'NONE',  ( -0.9902680687415706950, -1.431534388630178744E-16, -0.1391731009600623292 ) ) ;
#537 = DIRECTION ( 'NONE',  ( 0.9902680687415706950, 0.000000000000000000, 0.1391731009600623292 ) ) ;
#538 = EDGE_LOOP ( 'NONE', ( #4208, #8916, #2532, #5787 ) ) ;
#539 = FILL_AREA_STYLE ('',( #4670 ) ) ;
#540 = ORIENTED_EDGE ( 'NONE', *, *, #3149, .T. ) ;
#541 = ORIENTED_EDGE ( 'NONE', *, *, #5731, .T. ) ;
#542 = EDGE_CURVE ( 'NONE', #2803, #603, #7424, .T. ) ;
#543 = LINE ( 'NONE', #2955, #8797 ) ;
#544 = B_SPLINE_CURVE_WITH_KNOTS ( 'NONE', 3,
 ( #5818, #1702, #4120, #8319 ),
 .UNSPECIFIED., .F., .F.,
 ( 4, 4 ),
 ( 5.000000000000000000, 6.000000000000000000 ),
 .UNSPECIFIED. ) ;
#545 = VERTEX_POINT ( 'NONE', #6543 ) ;
#546 = ORIENTED_EDGE ( 'NONE', *, *, #4601, .T. ) ;
#547 = CARTESIAN_POINT ( 'NONE',  ( 1.182389080328504205, 0.2921157464040102791, 0.8982619872674243444 ) ) ;
#548 = LINE ( 'NONE', #6259, #6853 ) ;
#549 = DIRECTION ( 'NONE',  ( 1.000000000000000000, 0.000000000000000000, 0.000000000000000000 ) ) ;
#550 = ORIENTED_EDGE ( 'NONE', *, *, #5806, .F. ) ;
#551 = DIRECTION ( 'NONE',  ( 0.1391731009600623570, 0.000000000000000000, -0.9902680687415708061 ) ) ;
#552 = EDGE_LOOP ( 'NONE', ( #10538, #4519, #2906, #3287 ) ) ;
#553 = EDGE_CURVE ( 'NONE', #2680, #4505, #2479, .T. ) ;
#554 = ORIENTED_EDGE ( 'NONE', *, *, #9972, .F. ) ;
#555 = CARTESIAN_POINT ( 'NONE',  ( 1.176684279915631182, 0.2282330200255207608, 0.9316684548630974616 ) ) ;
#556 = LINE ( 'NONE', #7083, #6701 ) ;
#557 = SURFACE_SIDE_STYLE ('',( #7039 ) ) ;
#558 = CARTESIAN_POINT ( 'NONE',  ( 1.177062420440378343, -0.1807599251816169594, 0.9289778452225081473 ) ) ;
#559 = LINE ( 'NONE', #609, #8198 ) ;
#560 = DIRECTION ( 'NONE',  ( 0.1391731009600654378, -0.000000000000000000, -0.9902680687415703620 ) ) ;
#561 = CARTESIAN_POINT ( 'NONE',  ( 1.185480007611193987, 0.5574411714901652548, 0.8762688968660796718 ) ) ;
#562 = VERTEX_POINT ( 'NONE', #3385 ) ;
#563 = EDGE_LOOP ( 'NONE', ( #864, #8517, #645, #7107 ) ) ;
#564 = CARTESIAN_POINT ( 'NONE',  ( 1.152668816814276687, 0.4302059952707308343, 1.102547353883513992 ) ) ;
#565 = CARTESIAN_POINT ( 'NONE',  ( 1.167507004247420710, 0.6740084314887033745, 0.9969681642866580207 ) ) ;
#566 = DIRECTION ( 'NONE',  ( -0.9902680687415706950, 0.000000000000000000, -0.1391731009600630786 ) ) ;
#567 = FACE_OUTER_BOUND ( 'NONE', #10294, .T. ) ;
#568 = ORIENTED_EDGE ( 'NONE', *, *, #1388, .F. ) ;
#569 = VECTOR ( 'NONE', #1242, 1000.000000000000227 ) ;
#570 = LINE ( 'NONE', #3855, #3689 ) ;
#571 = CARTESIAN_POINT ( 'NONE',  ( 1.149378194791405905, 0.1472878662401649885, 1.125961346192861479 ) ) ;
#572 = CARTESIAN_POINT ( 'NONE',  ( 1.179393659225790536, 0.2129485786556120641, 0.9195755158874665547 ) ) ;
#573 = ORIENTED_EDGE ( 'NONE', *, *, #9950, .F. ) ;
#574 = PLANE ( 'NONE',  #2119 ) ;
#575 = ORIENTED_EDGE ( 'NONE', *, *, #5310, .F. ) ;
#576 = VECTOR ( 'NONE', #699, 1000.000000000000000 ) ;
#577 = CARTESIAN_POINT ( 'NONE',  ( 1.152009432681583956, 0.4345417857818211771, 1.114424412311025847 ) ) ;
#578 = LINE ( 'NONE', #484, #8296 ) ;
#579 = LINE ( 'NONE', #8795, #1519 ) ;
#580 = CARTESIAN_POINT ( 'NONE',  ( 1.184064302922097189, 0.2489449977186548313, 0.8791568626123908992 ) ) ;
#581 = EDGE_CURVE ( 'NONE', #1018, #2803, #10051, .T. ) ;
#582 = LINE ( 'NONE', #6197, #967 ) ;
#583 = EDGE_CURVE ( 'NONE', #8903, #7181, #4445, .T. ) ;
#584 = VECTOR ( 'NONE', #3842, 1000.000000000000227 ) ;
#585 = ORIENTED_EDGE ( 'NONE', *, *, #1891, .T. ) ;
#586 = ORIENTED_EDGE ( 'NONE', *, *, #5612, .F. ) ;
#587 = EDGE_CURVE ( 'NONE', #1062, #5148, #3066, .T. ) ;
#588 = CARTESIAN_POINT ( 'NONE',  ( 1.146779601598409526, -0.4349644135054252514, 1.151636594053431661 ) ) ;
#589 = VECTOR ( 'NONE', #7222, 1000.000000000000227 ) ;
#590 = EDGE_LOOP ( 'NONE', ( #3181, #5915, #6047, #2173, #408, #8754, #9746, #6589 ) ) ;
#591 = CARTESIAN_POINT ( 'NONE',  ( -1.249999999999999334, -1.299999999999999600, 1.510000000000000009 ) ) ;
#592 = LINE ( 'NONE', #10308, #10138 ) ;
#593 = DIRECTION ( 'NONE',  ( -0.1391731009600629676, -2.641197597603661887E-15, 0.9902680687415705840 ) ) ;
#594 = VERTEX_POINT ( 'NONE', #3718 ) ;
#595 = SURFACE_SIDE_STYLE ('',( #7922 ) ) ;
#596 = UNCERTAINTY_MEASURE_WITH_UNIT (LENGTH_MEASURE( 1.000000000000000082E-05 ), #4979, 'distance_accuracy_value', 'NONE');
#597 = AXIS2_PLACEMENT_3D ( 'NONE', #5980, #7682, #354 ) ;
#598 = LINE ( 'NONE', #8034, #7501 ) ;
#599 = DIRECTION ( 'NONE',  ( -1.000000000000000000, 0.000000000000000000, 0.000000000000000000 ) ) ;
#600 = CARTESIAN_POINT ( 'NONE',  ( 1.168497272316162405, 0.6740084314887033745, 0.9971073373876181423 ) ) ;
#601 = DIRECTION ( 'NONE',  ( -0.1391731009600610247, -0.000000000000000000, 0.9902680687415709171 ) ) ;
#602 = EDGE_CURVE ( 'NONE', #3298, #7196, #10316, .T. ) ;
#603 = VERTEX_POINT ( 'NONE', #1292 ) ;
#604 = DIRECTION ( 'NONE',  ( -0.9902680687415706950, -1.431534388630178744E-16, -0.1391731009600623292 ) ) ;
#605 = VECTOR ( 'NONE', #3496, 1000.000000000000000 ) ;
#606 = ADVANCED_FACE ( 'NONE', ( #7030 ), #3008, .F. ) ;
#607 = ORIENTED_EDGE ( 'NONE', *, *, #5150, .F. ) ;
#608 = CARTESIAN_POINT ( 'NONE',  ( 1.184186402830854412, -0.1026765848750050975, 0.8782880766185143795 ) ) ;
#609 = CARTESIAN_POINT ( 'NONE',  ( 1.168634534959545501, -0.02199050737592457214, 0.9961306629308762650 ) ) ;
#610 = FILL_AREA_STYLE ('',( #5343 ) ) ;
#611 = DIRECTION ( 'NONE',  ( -0.1300587156392370713, -0.3559357243698773599, 0.9254158473916268557 ) ) ;
#612 = EDGE_CURVE ( 'NONE', #7298, #815, #9629, .T. ) ;
#613 = FACE_OUTER_BOUND ( 'NONE', #810, .T. ) ;
#614 = VERTEX_POINT ( 'NONE', #5482 ) ;
#615 = PRESENTATION_STYLE_ASSIGNMENT (( #725 ) ) ;
#616 = ORIENTED_EDGE ( 'NONE', *, *, #7527, .F. ) ;
#617 = ORIENTED_EDGE ( 'NONE', *, *, #7194, .F. ) ;
#618 = DIRECTION ( 'NONE',  ( -0.000000000000000000, 1.000000000000000000, -0.000000000000000000 ) ) ;
#619 = DIRECTION ( 'NONE',  ( 0.000000000000000000, 0.000000000000000000, -1.000000000000000000 ) ) ;
#620 = ORIENTED_EDGE ( 'NONE', *, *, #1723, .F. ) ;
#621 = CARTESIAN_POINT ( 'NONE',  ( 1.141708289787361164, -0.3768357391772623188, 1.187720852566533702 ) ) ;
#622 = EDGE_CURVE ( 'NONE', #3217, #360, #8766, .T. ) ;
#623 = PLANE ( 'NONE',  #8314 ) ;
#624 = B_SPLINE_SURFACE_WITH_KNOTS ( 'NONE', 3, 1, ( 
 ( #8681, #6363 ),
 ( #9632, #1500 ),
 ( #4778, #1332 ),
 ( #2242, #5518 ) ),
 .UNSPECIFIED., .F., .F., .F.,
 ( 4, 4 ),
 ( 2, 2 ),
 ( 9.000000000000000000, 10.00000000000000000 ),
 ( 0.000000000000000000, 1.000000000000000000 ),
 .UNSPECIFIED. ) ;
#625 = LINE ( 'NONE', #10347, #7313 ) ;
#626 = CARTESIAN_POINT ( 'NONE',  ( 1.153034057285735159, -0.4340968178936723265, 1.099948532891509068 ) ) ;
#627 = ORIENTED_EDGE ( 'NONE', *, *, #9668, .F. ) ;
#628 = FACE_BOUND ( 'NONE', #2635, .T. ) ;
#629 = FACE_OUTER_BOUND ( 'NONE', #5880, .T. ) ;
#630 = CARTESIAN_POINT ( 'NONE',  ( 1.147954284470145803, 0.2788276402336486992, 1.136092994580147009 ) ) ;
#631 = FACE_OUTER_BOUND ( 'NONE', #6774, .T. ) ;
#632 = EDGE_LOOP ( 'NONE', ( #9911, #6359, #8120, #7939 ) ) ;
#633 = ORIENTED_EDGE ( 'NONE', *, *, #6430, .T. ) ;
#634 = VERTEX_POINT ( 'NONE', #7923 ) ;
#635 = DIRECTION ( 'NONE',  ( 0.1378445374916254795, -0.1378445374916256183, 0.9808148484639899189 ) ) ;
#636 = DIRECTION ( 'NONE',  ( 0.1391731009600623570, 6.281002984785968190E-15, -0.9902680687415708061 ) ) ;
#637 = CARTESIAN_POINT ( 'NONE',  ( 1.183318094989310731, 0.1582053243615262617, 0.8916517044782701351 ) ) ;
#638 = AXIS2_PLACEMENT_3D ( 'NONE', #10374, #5535, #766 ) ;
#639 = CARTESIAN_POINT ( 'NONE',  ( 1.155881297417167719, 0.1942329361620255823, 1.079689366667955897 ) ) ;
#640 = CARTESIAN_POINT ( 'NONE',  ( 1.188379445785982647, 0.3275818889295040170, 0.8484530257309360612 ) ) ;
#641 = LINE ( 'NONE', #7056, #6972 ) ;
#642 = B_SPLINE_SURFACE_WITH_KNOTS ( 'NONE', 3, 1, ( 
 ( #7179, #6375 ),
 ( #1357, #4628 ),
 ( #227, #1740 ),
 ( #130, #6609 ) ),
 .UNSPECIFIED., .F., .F., .F.,
 ( 4, 4 ),
 ( 2, 2 ),
 ( 8.000000000000000000, 9.000000000000000000 ),
 ( 0.000000000000000000, 1.000000000000000000 ),
 .UNSPECIFIED. ) ;
#643 = CARTESIAN_POINT ( 'NONE',  ( 1.171058097670573339, 0.5739733223590658406, 0.9717008216622001759 ) ) ;
#644 = CARTESIAN_POINT ( 'NONE',  ( 1.192517840332156132, -0.3872468534243500571, 0.8190068184778129812 ) ) ;
#645 = ORIENTED_EDGE ( 'NONE', *, *, #3971, .F. ) ;
#646 =( GEOMETRIC_REPRESENTATION_CONTEXT ( 3 ) GLOBAL_UNCERTAINTY_ASSIGNED_CONTEXT ( ( #10540 ) ) GLOBAL_UNIT_ASSIGNED_CONTEXT ( ( #292, #2805, #2055 ) ) REPRESENTATION_CONTEXT ( 'NONE', 'WORKASPACE' ) );
#647 = EDGE_CURVE ( 'NONE', #8299, #8973, #3879, .T. ) ;
#648 = ORIENTED_EDGE ( 'NONE', *, *, #3386, .F. ) ;
#649 = ORIENTED_EDGE ( 'NONE', *, *, #4993, .T. ) ;
#650 = EDGE_LOOP ( 'NONE', ( #463, #5035, #10121, #4239, #2037, #1842, #9179, #8944, #1085, #8496, #5894, #3432, #8667, #4485, #9808, #4245, #5942, #1427, #3297, #4079, #6766 ) ) ;
#651 = DIRECTION ( 'NONE',  ( -0.9902680687415706950, -1.431534388630178744E-16, -0.1391731009600623292 ) ) ;
#652 = FILL_AREA_STYLE ('',( #3991 ) ) ;
#653 = ORIENTED_EDGE ( 'NONE', *, *, #2050, .T. ) ;
#654 = CARTESIAN_POINT ( 'NONE',  ( 1.168497272316162627, 0.5045694814458161481, 0.9971073373876174761 ) ) ;
#655 = EDGE_CURVE ( 'NONE', #9040, #3116, #9976, .T. ) ;
#656 = PRESENTATION_LAYER_ASSIGNMENT (  '', '', ( #4258 ) ) ;
#657 =( GEOMETRIC_REPRESENTATION_CONTEXT ( 3 ) GLOBAL_UNCERTAINTY_ASSIGNED_CONTEXT ( ( #6605 ) ) GLOBAL_UNIT_ASSIGNED_CONTEXT ( ( #7348, #1738, #916 ) ) REPRESENTATION_CONTEXT ( 'NONE', 'WORKASPACE' ) );
#658 = FACE_OUTER_BOUND ( 'NONE', #5649, .T. ) ;
#659 = ORIENTED_EDGE ( 'NONE', *, *, #4726, .F. ) ;
#660 = CARTESIAN_POINT ( 'NONE',  ( 1.185766526151469380, 0.1858420897773413460, 0.8742302115197041479 ) ) ;
#661 = DIRECTION ( 'NONE',  ( -0.000000000000000000, 1.000000000000000000, 3.230312303371763289E-15 ) ) ;
#662 = CARTESIAN_POINT ( 'NONE',  ( 1.176845233398295054, -0.3881144490365190935, 0.9377085078601694601 ) ) ;
#663 = PRESENTATION_STYLE_ASSIGNMENT (( #7981 ) ) ;
#664 = CARTESIAN_POINT ( 'NONE',  ( 1.187659284993189512, 0.3432406431492763810, 0.8607625325655535731 ) ) ;
#665 = ORIENTED_EDGE ( 'NONE', *, *, #9929, .T. ) ;
#666 = CARTESIAN_POINT ( 'NONE',  ( 1.173072886580212915, 0.1967283551612540038, 0.9645501501918817278 ) ) ;
#667 = SURFACE_SIDE_STYLE ('',( #7985 ) ) ;
#668 = ORIENTED_EDGE ( 'NONE', *, *, #3150, .F. ) ;
#669 = CARTESIAN_POINT ( 'NONE',  ( 1.184548638442932900, -0.1330423154565086585, 0.8757106363119616654 ) ) ;
#670 = CARTESIAN_POINT ( 'NONE',  ( 1.177552517916337527, 0.2533743664421076458, 0.9254906204810477988 ) ) ;
#671 = EDGE_CURVE ( 'NONE', #4728, #9437, #6604, .T. ) ;
#672 = CARTESIAN_POINT ( 'NONE',  ( 1.178173432177748170, -0.1790247339576956365, 0.9282578824795382211 ) ) ;
#673 = EDGE_CURVE ( 'NONE', #7095, #7193, #2244, .T. ) ;
#674 = FACE_OUTER_BOUND ( 'NONE', #632, .T. ) ;
#675 = AXIS2_PLACEMENT_3D ( 'NONE', #2007, #10017, #9240 ) ;
#676 = PLANE ( 'NONE',  #9243 ) ;
#677 = ORIENTED_EDGE ( 'NONE', *, *, #2648, .F. ) ;
#678 = MECHANICAL_DESIGN_GEOMETRIC_PRESENTATION_REPRESENTATION (  '', ( #499 ), #6479 ) ;
#679 = VERTEX_POINT ( 'NONE', #9029 ) ;
#680 = B_SPLINE_CURVE_WITH_KNOTS ( 'NONE', 3,
 ( #4165, #837, #8320, #4217 ),
 .UNSPECIFIED., .F., .F.,
 ( 4, 4 ),
 ( 6.000000000000000000, 7.000000000000000000 ),
 .UNSPECIFIED. ) ;
#681 = EDGE_CURVE ( 'NONE', #4676, #5630, #9700, .T. ) ;
#682 = CARTESIAN_POINT ( 'NONE',  ( -1.149999999999999467, 0.2000000000000005107, 0.1100000000000000699 ) ) ;
#683 = B_SPLINE_CURVE_WITH_KNOTS ( 'NONE', 3,
 ( #7876, #6619, #88, #6445 ),
 .UNSPECIFIED., .F., .F.,
 ( 4, 4 ),
 ( 35.00000000000000000, 36.00000000000000000 ),
 .UNSPECIFIED. ) ;
#684 = CARTESIAN_POINT ( 'NONE',  ( 0.9774459752565354265, -1.976472782130693107, 1.644710312036837152 ) ) ;
#685 = CARTESIAN_POINT ( 'NONE',  ( 1.156758217797871691, 0.4204426684359988675, 1.073449753942153251 ) ) ;
#686 = CARTESIAN_POINT ( 'NONE',  ( 1.173072886580212915, 0.1967283551612540038, 0.9645501501918817278 ) ) ;
#687 = ORIENTED_EDGE ( 'NONE', *, *, #5896, .T. ) ;
#688 = DIRECTION ( 'NONE',  ( -0.9902680687415706950, -1.431534388630178744E-16, -0.1391731009600623292 ) ) ;
#689 = LINE ( 'NONE', #3860, #5952 ) ;
#690 = ORIENTED_EDGE ( 'NONE', *, *, #6028, .T. ) ;
#691 = CARTESIAN_POINT ( 'NONE',  ( 1.182553568800743138, 0.5380392887713456584, 0.8899062944380462525 ) ) ;
#692 = VECTOR ( 'NONE', #8497, 1000.000000000000227 ) ;
#693 = ORIENTED_EDGE ( 'NONE', *, *, #461, .T. ) ;
#694 = ORIENTED_EDGE ( 'NONE', *, *, #8313, .T. ) ;
#695 = ADVANCED_FACE ( 'NONE', ( #5598 ), #9958, .F. ) ;
#696 = CARTESIAN_POINT ( 'NONE',  ( 1.173350722740490015, 0.3994187633679075478, 0.9625732431892652929 ) ) ;
#697 = CARTESIAN_POINT ( 'NONE',  ( 1.161148316957105964, -0.5755143896521993652, 1.049397871840601404 ) ) ;
#698 = CARTESIAN_POINT ( 'NONE',  ( 1.172860627847548631, -0.02199050737592444724, 0.9660604495515933143 ) ) ;
#699 = DIRECTION ( 'NONE',  ( -5.042800802258161104E-17, 1.000000000000000000, 0.000000000000000000 ) ) ;
#700 = PRESENTATION_LAYER_ASSIGNMENT (  '', '', ( #3089 ) ) ;
#701 = CARTESIAN_POINT ( 'NONE',  ( 1.173350722740490015, 0.3157598414211458260, 0.9625732431892649599 ) ) ;
#702 = ORIENTED_EDGE ( 'NONE', *, *, #4417, .F. ) ;
#703 = FILL_AREA_STYLE_COLOUR ( '', #6133 ) ;
#704 = DIRECTION ( 'NONE',  ( -0.9902680687415706950, -1.431534388630178744E-16, -0.1391731009600623292 ) ) ;
#705 = ORIENTED_EDGE ( 'NONE', *, *, #2770, .T. ) ;
#706 = VECTOR ( 'NONE', #6234, 1000.000000000000000 ) ;
#707 = VERTEX_POINT ( 'NONE', #5519 ) ;
#708 = ORIENTED_EDGE ( 'NONE', *, *, #1735, .T. ) ;
#709 = ORIENTED_EDGE ( 'NONE', *, *, #2241, .F. ) ;
#710 = UNCERTAINTY_MEASURE_WITH_UNIT (LENGTH_MEASURE( 1.000000000000000082E-05 ), #3649, 'distance_accuracy_value', 'NONE');
#711 = CARTESIAN_POINT ( 'NONE',  ( 1.177183164109006697, -0.1382478891282721278, 0.9281187093785783215 ) ) ;
#712 = DIRECTION ( 'NONE',  ( 5.042800802258161104E-17, -1.000000000000000000, 0.000000000000000000 ) ) ;
#713 = CARTESIAN_POINT ( 'NONE',  ( 1.171870359778806936, -0.02199050737592444724, 0.9659212764506333038 ) ) ;
#714 = VERTEX_POINT ( 'NONE', #2090 ) ;
#715 = LINE ( 'NONE', #7355, #6581 ) ;
#716 = CARTESIAN_POINT ( 'NONE',  ( 1.168497272316162627, 0.4158885287627301919, 0.9971073373876172541 ) ) ;
#717 = CARTESIAN_POINT ( 'NONE',  ( 1.179844666238419659, 0.6906341605699625186, 0.9091811377108914849 ) ) ;
#718 = VERTEX_POINT ( 'NONE', #1277 ) ;
#719 = CARTESIAN_POINT ( 'NONE',  ( 1.157835309666707557, 0.2386513943472006183, 1.072971143604743327 ) ) ;
#720 = CARTESIAN_POINT ( 'NONE',  ( -1.249998436620933795, 2.050645677516101717, 0.4100111240200402518 ) ) ;
#721 = CARTESIAN_POINT ( 'NONE',  ( -0.9149999999999988143, -1.299999999999999156, 0.4000000000000000222 ) ) ;
#722 = PLANE ( 'NONE',  #1879 ) ;
#723 = DIRECTION ( 'NONE',  ( 0.000000000000000000, 0.5012084083137194890, -0.8653266039107014862 ) ) ;
#724 = ORIENTED_EDGE ( 'NONE', *, *, #10284, .T. ) ;
#725 = SURFACE_STYLE_USAGE ( .BOTH. , #4753 ) ;
#726 = EDGE_CURVE ( 'NONE', #9060, #9228, #7848, .T. ) ;
#727 = EDGE_CURVE ( 'NONE', #6949, #7678, #2844, .T. ) ;
#728 = ORIENTED_EDGE ( 'NONE', *, *, #10018, .F. ) ;
#729 = EDGE_CURVE ( 'NONE', #10450, #7698, #2189, .T. ) ;
#730 = EDGE_LOOP ( 'NONE', ( #2612, #2419, #5044, #9453, #4610, #7357, #3794, #10179, #4654, #10201, #4298, #1228, #4622, #907 ) ) ;
#731 = DIRECTION ( 'NONE',  ( -0.000000000000000000, -1.000000000000000000, -3.449941477354430646E-15 ) ) ;
#732 = CARTESIAN_POINT ( 'NONE',  ( 1.185453960471200885, 0.3499470817097778963, 0.8764542318973451707 ) ) ;
#733 = ORIENTED_EDGE ( 'NONE', *, *, #8384, .F. ) ;
#734 = CARTESIAN_POINT ( 'NONE',  ( -1.149999999999999245, -2.050000000000000711, 0.1100000000000000699 ) ) ;
#735 = CARTESIAN_POINT ( 'NONE',  ( 1.183812513901929986, 0.2979799810520100123, 0.8809484345829173835 ) ) ;
#736 = CARTESIAN_POINT ( 'NONE',  ( 1.182614345460844207, 0.2129485786556121751, 0.8894738460309360439 ) ) ;
#737 = FILL_AREA_STYLE_COLOUR ( '', #2891 ) ;
#738 = ADVANCED_FACE ( 'NONE', ( #3869 ), #7111, .F. ) ;
#739 =( NAMED_UNIT ( * ) PLANE_ANGLE_UNIT ( ) SI_UNIT ( $, .RADIAN. ) );
#740 = LINE ( 'NONE', #9794, #9765 ) ;
#741 = ORIENTED_EDGE ( 'NONE', *, *, #6954, .F. ) ;
#742 = CARTESIAN_POINT ( 'NONE',  ( 1.176268002423108916, 0.1667209416960227786, 0.9418157196638312634 ) ) ;
#743 = EDGE_LOOP ( 'NONE', ( #1360, #5579, #5719, #8215 ) ) ;
#744 = ORIENTED_EDGE ( 'NONE', *, *, #2551, .F. ) ;
#745 = LINE ( 'NONE', #3226, #4966 ) ;
#746 = AXIS2_PLACEMENT_3D ( 'NONE', #808, #1728, #23 ) ;
#747 = PLANE ( 'NONE',  #4380 ) ;
#748 = CARTESIAN_POINT ( 'NONE',  ( 1.174261895893466523, 0.2694386262491972883, 0.9489046127903965067 ) ) ;
#749 = FACE_BOUND ( 'NONE', #8354, .T. ) ;
#750 =( NAMED_UNIT ( * ) PLANE_ANGLE_UNIT ( ) SI_UNIT ( $, .RADIAN. ) );
#751 = CARTESIAN_POINT ( 'NONE',  ( 1.157548314378598064, 0.3287048274790951852, 1.067827924653895755 ) ) ;
#752 = ADVANCED_FACE ( 'NONE', ( #6728 ), #3518, .F. ) ;
#753 = CARTESIAN_POINT ( 'NONE',  ( 1.148900663890947804, 0.4345417857818210661, 1.129359155103483614 ) ) ;
#754 = VECTOR ( 'NONE', #2198, 999.9999999999998863 ) ;
#755 = B_SPLINE_CURVE_WITH_KNOTS ( 'NONE', 3,
 ( #2604, #5299, #2661, #10035 ),
 .UNSPECIFIED., .F., .F.,
 ( 4, 4 ),
 ( 4.000000000000000000, 5.000000000000000000 ),
 .UNSPECIFIED. ) ;
#756 = ORIENTED_EDGE ( 'NONE', *, *, #587, .T. ) ;
#757 = AXIS2_PLACEMENT_3D ( 'NONE', #7980, #4484, #5538 ) ;
#758 = ORIENTED_EDGE ( 'NONE', *, *, #4601, .F. ) ;
#759 = CARTESIAN_POINT ( 'NONE',  ( 1.170450807817867256, 0.5387567217336163283, 0.9832072100271849191 ) ) ;
#760 = ORIENTED_EDGE ( 'NONE', *, *, #235, .T. ) ;
#761 = ORIENTED_EDGE ( 'NONE', *, *, #8516, .T. ) ;
#762 = CARTESIAN_POINT ( 'NONE',  ( 1.250000000000000444, -2.050000000000001155, 1.510000000000000009 ) ) ;
#763 = CARTESIAN_POINT ( 'NONE',  ( 1.185054570990838663, 0.2489449977186548313, 0.8792960357133507987 ) ) ;
#764 = CARTESIAN_POINT ( 'NONE',  ( 1.185445278091203036, 0.2914606989166453888, 0.8765160102410971543 ) ) ;
#765 = DIRECTION ( 'NONE',  ( -0.9902680687415706950, -1.431534388630178744E-16, -0.1391731009600623292 ) ) ;
#766 = DIRECTION ( 'NONE',  ( -1.000000000000000000, 0.000000000000000000, 0.000000000000000000 ) ) ;
#767 = LINE ( 'NONE', #7449, #4704 ) ;
#768 = EDGE_CURVE ( 'NONE', #3923, #8475, #8208, .T. ) ;
#769 = CARTESIAN_POINT ( 'NONE',  ( 1.136008946671053010, -0.2727246628959233976, 1.221088489479463135 ) ) ;
#770 = ORIENTED_EDGE ( 'NONE', *, *, #5081, .T. ) ;
#771 = VECTOR ( 'NONE', #8815, 1000.000000000000227 ) ;
#772 = EDGE_LOOP ( 'NONE', ( #3963, #2435, #2439, #2235 ) ) ;
#773 = CARTESIAN_POINT ( 'NONE',  ( 1.149194511820175402, -0.1174256275376556607, 1.134453614979202829 ) ) ;
#774 = DIRECTION ( 'NONE',  ( -0.9902680687415706950, -1.431534388630178744E-16, -0.1391731009600623292 ) ) ;
#775 = ORIENTED_EDGE ( 'NONE', *, *, #10272, .T. ) ;
#776 = VECTOR ( 'NONE', #4278, 1000.000000000000000 ) ;
#777 = VECTOR ( 'NONE', #8046, 1000.000000000000000 ) ;
#778 = FILL_AREA_STYLE_COLOUR ( '', #9524 ) ;
#779 = DIRECTION ( 'NONE',  ( -0.000000000000000000, 1.000000000000000000, -0.000000000000000000 ) ) ;
#780 = DIRECTION ( 'NONE',  ( -0.000000000000000000, 1.000000000000000000, -0.000000000000000000 ) ) ;
#781 = COLOUR_RGB ( '',0.2509803921568627416, 0.2509803921568627416, 0.2509803921568627416 ) ;
#782 = CARTESIAN_POINT ( 'NONE',  ( 1.173046362692385047, 0.2588330955027907110, 0.9575535809259245745 ) ) ;
#783 = VERTEX_POINT ( 'NONE', #1843 ) ;
#784 = LINE ( 'NONE', #1483, #7368 ) ;
#785 = DIRECTION ( 'NONE',  ( 1.000000000000000000, -2.189714495920898685E-15, 0.000000000000000000 ) ) ;
#786 = ORIENTED_EDGE ( 'NONE', *, *, #4944, .F. ) ;
#787 = EDGE_CURVE ( 'NONE', #7141, #8926, #10415, .T. ) ;
#788 = EDGE_CURVE ( 'NONE', #4684, #2863, #3343, .T. ) ;
#789 = CARTESIAN_POINT ( 'NONE',  ( 1.177907639939239859, -0.4219505455182687159, 0.9229637959915382162 ) ) ;
#790 = CARTESIAN_POINT ( 'NONE',  ( 1.176849245135705102, 0.2703744083740638460, 0.9304946663309372479 ) ) ;
#791 = EDGE_CURVE ( 'NONE', #4571, #7113, #1830, .T. ) ;
#792 = CARTESIAN_POINT ( 'NONE',  ( 1.174800680201743663, 0.1952934892367083342, 0.9522562597707151522 ) ) ;
#793 = CARTESIAN_POINT ( 'NONE',  ( 1.161389808900439746, -0.02285808644008004500, 1.047679567378805077 ) ) ;
#794 = LINE ( 'NONE', #6529, #6911 ) ;
#795 = ORIENTED_EDGE ( 'NONE', *, *, #10190, .F. ) ;
#796 = DIRECTION ( 'NONE',  ( -1.000000000000000000, -5.042800802258161104E-17, 0.000000000000000000 ) ) ;
#797 = FACE_OUTER_BOUND ( 'NONE', #3013, .T. ) ;
#798 = ORIENTED_EDGE ( 'NONE', *, *, #861, .F. ) ;
#799 = MECHANICAL_DESIGN_GEOMETRIC_PRESENTATION_REPRESENTATION (  '', ( #2329 ), #1141 ) ;
#800 = ORIENTED_EDGE ( 'NONE', *, *, #8255, .T. ) ;
#801 = ORIENTED_EDGE ( 'NONE', *, *, #1980, .F. ) ;
#802 = EDGE_CURVE ( 'NONE', #5095, #3823, #2519, .T. ) ;
#803 = EDGE_CURVE ( 'NONE', #4246, #222, #6730, .T. ) ;
#804 = DIRECTION ( 'NONE',  ( 2.710505431213754182E-16, -1.000000000000000000, 0.000000000000000000 ) ) ;
#805 =( NAMED_UNIT ( * ) SI_UNIT ( $, .STERADIAN. ) SOLID_ANGLE_UNIT ( ) );
#806 = ADVANCED_FACE ( 'NONE', ( #2649 ), #6724, .F. ) ;
#807 = CARTESIAN_POINT ( 'NONE',  ( 1.143925660146534851, 0.5102465596682564941, 1.164758146115226767 ) ) ;
#808 = CARTESIAN_POINT ( 'NONE',  ( 0.000000000000000000, 0.000000000000000000, 0.4000000000000000222 ) ) ;
#809 = ORIENTED_EDGE ( 'NONE', *, *, #3955, .F. ) ;
#810 = EDGE_LOOP ( 'NONE', ( #8260, #878, #312, #7354 ) ) ;
#811 = CARTESIAN_POINT ( 'NONE',  ( 1.141555847152307734, 0.3259286738427817909, 1.188805538276394458 ) ) ;
#812 = VECTOR ( 'NONE', #198, 1000.000000000000000 ) ;
#813 = VERTEX_POINT ( 'NONE', #4856 ) ;
#814 = EDGE_CURVE ( 'NONE', #10117, #8028, #4804, .T. ) ;
#815 = VERTEX_POINT ( 'NONE', #3194 ) ;
#816 = UNCERTAINTY_MEASURE_WITH_UNIT (LENGTH_MEASURE( 1.000000000000000082E-05 ), #6526, 'distance_accuracy_value', 'NONE');
#817 = CARTESIAN_POINT ( 'NONE',  ( -0.3981366483959006830, 0.8649999999999999911, 0.4000000000000000222 ) ) ;
#818 = SURFACE_SIDE_STYLE ('',( #5762 ) ) ;
#819 = CARTESIAN_POINT ( 'NONE',  ( 1.181512159947684104, 0.5977733810638867773, 0.9045015999940523299 ) ) ;
#820 = CARTESIAN_POINT ( 'NONE',  ( 1.170807950934823705, -0.3377940690237478116, 0.9806660047062352170 ) ) ;
#821 = CARTESIAN_POINT ( 'NONE',  ( 1.140565579083566261, 0.07794641080098824171, 1.188666365175433448 ) ) ;
#822 = ORIENTED_EDGE ( 'NONE', *, *, #52, .T. ) ;
#823 = B_SPLINE_SURFACE_WITH_KNOTS ( 'NONE', 3, 1, ( 
 ( #5419, #7175 ),
 ( #8693, #9647 ),
 ( #6202, #9529 ),
 ( #5369, #3715 ) ),
 .UNSPECIFIED., .F., .F., .F.,
 ( 4, 4 ),
 ( 2, 2 ),
 ( 5.000000000000000000, 6.000000000000000000 ),
 ( 0.000000000000000000, 1.000000000000000000 ),
 .UNSPECIFIED. ) ;
#824 = COLOUR_RGB ( '',0.2509803921568627416, 0.2509803921568627416, 0.2509803921568627416 ) ;
#825 = ORIENTED_EDGE ( 'NONE', *, *, #163, .F. ) ;
#826 = DIRECTION ( 'NONE',  ( 1.000000000000000000, 0.000000000000000000, 0.000000000000000000 ) ) ;
#827 = CARTESIAN_POINT ( 'NONE',  ( -0.3981366483959006830, 0.8649999999999999911, 0.4000000000000000222 ) ) ;
#828 = ORIENTED_EDGE ( 'NONE', *, *, #5194, .T. ) ;
#829 = CARTESIAN_POINT ( 'NONE',  ( 1.178897908007981554, -0.3542783525547693046, 0.9231029690924984488 ) ) ;
#830 = EDGE_CURVE ( 'NONE', #8240, #3012, #7489, .T. ) ;
#831 = VECTOR ( 'NONE', #2646, 1000.000000000000227 ) ;
#832 = AXIS2_PLACEMENT_3D ( 'NONE', #1129, #6862, #7659 ) ;
#833 = B_SPLINE_CURVE_WITH_KNOTS ( 'NONE', 3,
 ( #2559, #1819, #7484, #2061 ),
 .UNSPECIFIED., .F., .F.,
 ( 4, 4 ),
 ( 6.000000000000000000, 7.000000000000000000 ),
 .UNSPECIFIED. ) ;
#834 = CARTESIAN_POINT ( 'NONE',  ( 1.180522368626892638, 0.1777631707676199380, 0.9115443311894901868 ) ) ;
#835 = SURFACE_STYLE_USAGE ( .BOTH. , #4917 ) ;
#836 = DIRECTION ( 'NONE',  ( -0.9902680687415706950, -1.431534388630178744E-16, -0.1391731009600623292 ) ) ;
#837 = CARTESIAN_POINT ( 'NONE',  ( 1.184776258082727463, 0.1976017518107937021, 0.8740910384187442483 ) ) ;
#838 = EDGE_LOOP ( 'NONE', ( #6003, #2217, #10008, #4680, #53, #4176 ) ) ;
#839 = VECTOR ( 'NONE', #3090, 1000.000000000000227 ) ;
#840 = CARTESIAN_POINT ( 'NONE',  ( 1.177207464404181003, -0.4688005099871742631, 0.9351311003283793166 ) ) ;
#841 = AXIS2_PLACEMENT_3D ( 'NONE', #8457, #1020, #213 ) ;
#842 = FACE_OUTER_BOUND ( 'NONE', #10108, .T. ) ;
#843 = SURFACE_STYLE_USAGE ( .BOTH. , #8180 ) ;
#844 = SURFACE_STYLE_USAGE ( .BOTH. , #1655 ) ;
#845 =( NAMED_UNIT ( * ) SI_UNIT ( $, .STERADIAN. ) SOLID_ANGLE_UNIT ( ) );
#846 = CARTESIAN_POINT ( 'NONE',  ( 1.179610718726081808, 0.2625450312639693862, 0.9180310572911350997 ) ) ;
#847 = CARTESIAN_POINT ( 'NONE',  ( 1.149378194791405905, 0.1472878662401649885, 1.125961346192861479 ) ) ;
#848 = ORIENTED_EDGE ( 'NONE', *, *, #5978, .F. ) ;
#849 = LINE ( 'NONE', #5829, #8337 ) ;
#850 = CARTESIAN_POINT ( 'NONE',  ( 1.184776258082727463, 0.2725890927357904614, 0.8740910384187444704 ) ) ;
#851 = VECTOR ( 'NONE', #9665, 1000.000000000000000 ) ;
#852 = ORIENTED_EDGE ( 'NONE', *, *, #8385, .T. ) ;
#853 = ORIENTED_EDGE ( 'NONE', *, *, #10079, .F. ) ;
#854 = ORIENTED_EDGE ( 'NONE', *, *, #6403, .F. ) ;
#855 = ORIENTED_EDGE ( 'NONE', *, *, #6563, .F. ) ;
#856 = EDGE_CURVE ( 'NONE', #5019, #7050, #9822, .T. ) ;
#857 = DIRECTION ( 'NONE',  ( -0.9902680687415706950, -1.431534388630178744E-16, -0.1391731009600623292 ) ) ;
#858 = FILL_AREA_STYLE_COLOUR ( '', #10162 ) ;
#859 = SURFACE_STYLE_USAGE ( .BOTH. , #1775 ) ;
#860 = STYLED_ITEM ( 'NONE', ( #7656 ), #3360 ) ;
#861 = EDGE_CURVE ( 'NONE', #5472, #4590, #5661, .T. ) ;
#862 = EDGE_CURVE ( 'NONE', #3883, #5792, #6559, .T. ) ;
#863 = ORIENTED_EDGE ( 'NONE', *, *, #3615, .F. ) ;
#864 = ORIENTED_EDGE ( 'NONE', *, *, #7256, .T. ) ;
#865 = EDGE_CURVE ( 'NONE', #2837, #4515, #9398, .T. ) ;
#866 = ORIENTED_EDGE ( 'NONE', *, *, #6042, .F. ) ;
#867 = PRESENTATION_STYLE_ASSIGNMENT (( #9026 ) ) ;
#868 = VECTOR ( 'NONE', #1962, 1000.000000000000000 ) ;
#869 = CARTESIAN_POINT ( 'NONE',  ( -1.249999999999999334, -2.050000000000001155, 0.4099999999999702771 ) ) ;
#870 =( NAMED_UNIT ( * ) SI_UNIT ( $, .STERADIAN. ) SOLID_ANGLE_UNIT ( ) );
#871 = PLANE ( 'NONE',  #8874 ) ;
#872 = DIRECTION ( 'NONE',  ( 0.000000000000000000, -0.000000000000000000, 1.000000000000000000 ) ) ;
#873 = EDGE_LOOP ( 'NONE', ( #9885, #8426, #8541, #9190 ) ) ;
#874 = CARTESIAN_POINT ( 'NONE',  ( -1.008476408045745787, 1.908476408045745032, 1.409999999999999920 ) ) ;
#875 = ADVANCED_FACE ( 'NONE', ( #2260 ), #494, .T. ) ;
#876 = ORIENTED_EDGE ( 'NONE', *, *, #2964, .T. ) ;
#877 = PRESENTATION_STYLE_ASSIGNMENT (( #8211 ) ) ;
#878 = ORIENTED_EDGE ( 'NONE', *, *, #9759, .F. ) ;
#879 = LINE ( 'NONE', #3152, #3856 ) ;
#880 = PLANE ( 'NONE',  #7319 ) ;
#881 = CARTESIAN_POINT ( 'NONE',  ( 1.184089964063476330, -0.3542783525547691936, 0.8861595706383073034 ) ) ;
#882 = ORIENTED_EDGE ( 'NONE', *, *, #9668, .T. ) ;
#883 = EDGE_CURVE ( 'NONE', #9426, #679, #1695, .T. ) ;
#884 = CARTESIAN_POINT ( 'NONE',  ( 1.168497272316162849, 0.07794641080098900499, 0.9971073373876160328 ) ) ;
#885 = ORIENTED_EDGE ( 'NONE', *, *, #401, .T. ) ;
#886 = CARTESIAN_POINT ( 'NONE',  ( 1.171058097670573339, 0.5739733223590658406, 0.9717008216622000649 ) ) ;
#887 = SURFACE_SIDE_STYLE ('',( #8326 ) ) ;
#888 = CARTESIAN_POINT ( 'NONE',  ( 1.175885977702742391, 0.4752795009424437556, 0.9445339667923291493 ) ) ;
#889 = VERTEX_POINT ( 'NONE', #9429 ) ;
#890 = CARTESIAN_POINT ( 'NONE',  ( 1.145106940575460142, 0.4211601013982697594, 1.163538195651937279 ) ) ;
#891 =( NAMED_UNIT ( * ) SI_UNIT ( $, .STERADIAN. ) SOLID_ANGLE_UNIT ( ) );
#892 = DIRECTION ( 'NONE',  ( -6.672013369141565217E-16, 1.000000000000000000, -0.000000000000000000 ) ) ;
#893 = ORIENTED_EDGE ( 'NONE', *, *, #8409, .F. ) ;
#894 = B_SPLINE_SURFACE_WITH_KNOTS ( 'NONE', 3, 1, ( 
 ( #120, #2295 ),
 ( #2474, #1560 ),
 ( #9014, #4834 ),
 ( #3230, #8083 ) ),
 .UNSPECIFIED., .F., .F., .F.,
 ( 4, 4 ),
 ( 2, 2 ),
 ( 7.000000000000000000, 8.000000000000000000 ),
 ( 0.000000000000000000, 1.000000000000000000 ),
 .UNSPECIFIED. ) ;
#895 = CARTESIAN_POINT ( 'NONE',  ( 1.169460539749125338, 0.5203218138775312918, 0.9830680369262247975 ) ) ;
#896 =( NAMED_UNIT ( * ) SI_UNIT ( $, .STERADIAN. ) SOLID_ANGLE_UNIT ( ) );
#897 = VERTEX_POINT ( 'NONE', #4567 ) ;
#898 = ORIENTED_EDGE ( 'NONE', *, *, #9837, .T. ) ;
#899 = VERTEX_POINT ( 'NONE', #8630 ) ;
#900 = CARTESIAN_POINT ( 'NONE',  ( 1.155082995204278706, 0.1757980283055244064, 1.092554878597189250 ) ) ;
#901 = B_SPLINE_SURFACE_WITH_KNOTS ( 'NONE', 3, 1, ( 
 ( #8361, #7551 ),
 ( #2745, #5171 ),
 ( #8416, #277 ),
 ( #8201, #7396 ) ),
 .UNSPECIFIED., .F., .F., .F.,
 ( 4, 4 ),
 ( 2, 2 ),
 ( 1.000000000000000000, 2.000000000000000000 ),
 ( 0.000000000000000000, 1.000000000000000000 ),
 .UNSPECIFIED. ) ;
#902 = DIRECTION ( 'NONE',  ( 0.1295242747727196608, 0.3658589216693592938, -0.9216131030315999340 ) ) ;
#903 = CARTESIAN_POINT ( 'NONE',  ( 1.179501630957318081, -0.5390755146083651139, 0.9188072570980806431 ) ) ;
#904 = DIRECTION ( 'NONE',  ( -0.9902680687415706950, -1.431534388630178744E-16, -0.1391731009600623292 ) ) ;
#905 = VERTEX_POINT ( 'NONE', #1284 ) ;
#906 = DIRECTION ( 'NONE',  ( -0.9902680687415706950, -1.431534388630178744E-16, -0.1391731009600623292 ) ) ;
#907 = ORIENTED_EDGE ( 'NONE', *, *, #5754, .T. ) ;
#908 = LINE ( 'NONE', #10191, #4512 ) ;
#909 = MECHANICAL_DESIGN_GEOMETRIC_PRESENTATION_REPRESENTATION (  '', ( #2799 ), #2806 ) ;
#910 = ORIENTED_EDGE ( 'NONE', *, *, #9448, .T. ) ;
#911 = ORIENTED_EDGE ( 'NONE', *, *, #9768, .F. ) ;
#912 = ADVANCED_FACE ( 'NONE', ( #7801 ), #6800, .F. ) ;
#913 = UNCERTAINTY_MEASURE_WITH_UNIT (LENGTH_MEASURE( 1.000000000000000082E-05 ), #2003, 'distance_accuracy_value', 'NONE');
#914 = LINE ( 'NONE', #7347, #8657 ) ;
#915 = ADVANCED_FACE ( 'NONE', ( #8029 ), #9641, .T. ) ;
#916 =( NAMED_UNIT ( * ) SI_UNIT ( $, .STERADIAN. ) SOLID_ANGLE_UNIT ( ) );
#917 = CARTESIAN_POINT ( 'NONE',  ( 1.144915928215276546, 0.5102465596682566051, 1.164897319216186888 ) ) ;
#918 = VECTOR ( 'NONE', #7681, 1000.000000000000227 ) ;
#919 = DIRECTION ( 'NONE',  ( 0.000000000000000000, 0.000000000000000000, 1.000000000000000000 ) ) ;
#920 = CARTESIAN_POINT ( 'NONE',  ( 1.153758530812814875, -0.4011283170232595729, 1.094793635892258754 ) ) ;
#921 = EDGE_CURVE ( 'NONE', #7196, #7787, #8862, .T. ) ;
#922 = VECTOR ( 'NONE', #5574, 1000.000000000000114 ) ;
#923 = ORIENTED_EDGE ( 'NONE', *, *, #3113, .T. ) ;
#924 = FACE_OUTER_BOUND ( 'NONE', #2118, .T. ) ;
#925 = FACE_OUTER_BOUND ( 'NONE', #9281, .T. ) ;
#926 = VERTEX_POINT ( 'NONE', #3987 ) ;
#927 = SURFACE_SIDE_STYLE ('',( #5020 ) ) ;
#928 = CARTESIAN_POINT ( 'NONE',  ( 1.144243945404976426, -0.2718570838317662663, 1.169678725358559435 ) ) ;
#929 = VECTOR ( 'NONE', #9036, 1000.000000000000227 ) ;
#930 = CARTESIAN_POINT ( 'NONE',  ( 1.157548314378597842, 0.2630753078015179991, 1.067827924653895533 ) ) ;
#931 = AXIS2_PLACEMENT_3D ( 'NONE', #8163, #4103, #6493 ) ;
#932 = EDGE_CURVE ( 'NONE', #8597, #10071, #3239, .T. ) ;
#933 = CARTESIAN_POINT ( 'NONE',  ( 1.158825100987614265, 0.2048696596458852992, 1.065928412408482684 ) ) ;
#934 = B_SPLINE_CURVE_WITH_KNOTS ( 'NONE', 3,
 ( #2144, #7919, #5529, #3062 ),
 .UNSPECIFIED., .F., .F.,
 ( 4, 4 ),
 ( 19.00000000000000000, 20.00000000000000000 ),
 .UNSPECIFIED. ) ;
#935 = STYLED_ITEM ( 'NONE', ( #2481 ), #4541 ) ;
#936 = PLANE ( 'NONE',  #7602 ) ;
#937 = EDGE_CURVE ( 'NONE', #813, #2837, #3973, .T. ) ;
#938 = CARTESIAN_POINT ( 'NONE',  ( 1.169238260211920011, -0.3872468368763390401, 0.9918349345494910096 ) ) ;
#939 = ORIENTED_EDGE ( 'NONE', *, *, #5896, .F. ) ;
#940 = LINE ( 'NONE', #8545, #506 ) ;
#941 = CARTESIAN_POINT ( 'NONE',  ( 1.158346866222010885, -0.1434534297040134243, 1.062145933045520518 ) ) ;
#942 = VECTOR ( 'NONE', #7625, 999.9999999999998863 ) ;
#943 =( GEOMETRIC_REPRESENTATION_CONTEXT ( 3 ) GLOBAL_UNCERTAINTY_ASSIGNED_CONTEXT ( ( #2640 ) ) GLOBAL_UNIT_ASSIGNED_CONTEXT ( ( #1230, #1288, #3063 ) ) REPRESENTATION_CONTEXT ( 'NONE', 'WORKASPACE' ) );
#944 = DIRECTION ( 'NONE',  ( -0.9902680687415706950, -1.431534388630178744E-16, -0.1391731009600623292 ) ) ;
#945 = VECTOR ( 'NONE', #6823, 1000.000000000000000 ) ;
#946 = EDGE_CURVE ( 'NONE', #4093, #2131, #4828, .T. ) ;
#947 = CARTESIAN_POINT ( 'NONE',  ( 1.143300528785998749, 0.5133034479420742757, 1.169206186870498820 ) ) ;
#948 = CARTESIAN_POINT ( 'NONE',  ( 1.142779585985552071, 0.1649117629216120262, 1.172912887499892198 ) ) ;
#949 = DIRECTION ( 'NONE',  ( -3.336006684570783101E-16, -1.000000000000000000, 0.000000000000000000 ) ) ;
#950 = AXIS2_PLACEMENT_3D ( 'NONE', #6186, #4655, #9454 ) ;
#951 = CARTESIAN_POINT ( 'NONE',  ( 1.174253690261302996, 0.6039183503498034566, 0.9561482954313734739 ) ) ;
#952 = LINE ( 'NONE', #4823, #4920 ) ;
#953 = LINE ( 'NONE', #9211, #2300 ) ;
#954 = CARTESIAN_POINT ( 'NONE',  ( 1.141503752872204958, 0.2310403663997008805, 1.189176208339745244 ) ) ;
#955 = VERTEX_POINT ( 'NONE', #9672 ) ;
#956 = DIRECTION ( 'NONE',  ( 0.1391731009600625790, 3.457376696047237690E-15, -0.9902680687415706950 ) ) ;
#957 = FACE_OUTER_BOUND ( 'NONE', #650, .T. ) ;
#958 = ORIENTED_EDGE ( 'NONE', *, *, #83, .T. ) ;
#959 = VERTEX_POINT ( 'NONE', #2285 ) ;
#960 = ORIENTED_EDGE ( 'NONE', *, *, #7899, .T. ) ;
#961 = ORIENTED_EDGE ( 'NONE', *, *, #8576, .F. ) ;
#962 = EDGE_CURVE ( 'NONE', #9090, #1625, #10349, .T. ) ;
#963 = DIRECTION ( 'NONE',  ( 1.008560160451632221E-16, -1.000000000000000000, 0.000000000000000000 ) ) ;
#964 = CARTESIAN_POINT ( 'NONE',  ( 1.154743905636066881, 0.2386513943472005073, 1.087782329709691798 ) ) ;
#965 = CARTESIAN_POINT ( 'NONE',  ( 1.008476408045746009, 1.908476408045745254, 1.409999999999999920 ) ) ;
#966 = FACE_OUTER_BOUND ( 'NONE', #6910, .T. ) ;
#967 = VECTOR ( 'NONE', #7059, 1000.000000000000227 ) ;
#968 = ORIENTED_EDGE ( 'NONE', *, *, #10011, .F. ) ;
#969 = ORIENTED_EDGE ( 'NONE', *, *, #1732, .T. ) ;
#970 = FACE_OUTER_BOUND ( 'NONE', #8917, .T. ) ;
#971 = ORIENTED_EDGE ( 'NONE', *, *, #3225, .T. ) ;
#972 = CARTESIAN_POINT ( 'NONE',  ( 1.144681503955104596, 0.5139273026919819465, 1.166565334499207518 ) ) ;
#973 = CARTESIAN_POINT ( 'NONE',  ( 1.185766526151469158, 0.2725890927357904614, 0.8742302115197044809 ) ) ;
#974 = CARTESIAN_POINT ( 'NONE',  ( 0.000000000000000000, 0.000000000000000000, 0.01000000000000000021 ) ) ;
#975 = CARTESIAN_POINT ( 'NONE',  ( 1.180547939019051640, 0.2908056514296963324, 0.9041770918610053664 ) ) ;
#976 = VERTEX_POINT ( 'NONE', #3861 ) ;
#977 = FACE_BOUND ( 'NONE', #6521, .T. ) ;
#978 = ORIENTED_EDGE ( 'NONE', *, *, #4662, .F. ) ;
#979 = DIRECTION ( 'NONE',  ( 0.000000000000000000, 0.000000000000000000, -1.000000000000000000 ) ) ;
#980 = EDGE_CURVE ( 'NONE', #3313, #7095, #9662, .T. ) ;
#981 =( LENGTH_UNIT ( ) NAMED_UNIT ( * ) SI_UNIT ( .MILLI., .METRE. ) );
#982 = EDGE_CURVE ( 'NONE', #983, #5412, #5334, .T. ) ;
#983 = VERTEX_POINT ( 'NONE', #8141 ) ;
#984 = AXIS2_PLACEMENT_3D ( 'NONE', #1181, #4503, #5177 ) ;
#985 =( NAMED_UNIT ( * ) SI_UNIT ( $, .STERADIAN. ) SOLID_ANGLE_UNIT ( ) );
#986 = AXIS2_PLACEMENT_3D ( 'NONE', #3536, #368, #6137 ) ;
#987 = SURFACE_STYLE_USAGE ( .BOTH. , #7572 ) ;
#988 = FACE_OUTER_BOUND ( 'NONE', #772, .T. ) ;
#989 = EDGE_LOOP ( 'NONE', ( #172, #3863, #1065, #694 ) ) ;
#990 = CARTESIAN_POINT ( 'NONE',  ( 1.176302255195265101, 0.2659138469127410032, 0.9343867019915943484 ) ) ;
#991 = EDGE_CURVE ( 'NONE', #4787, #6788, #10408, .T. ) ;
#992 = EDGE_CURVE ( 'NONE', #8673, #10249, #8647, .T. ) ;
#993 = CARTESIAN_POINT ( 'NONE',  ( 1.139293379421612240, -0.1877006238852568787, 1.204903832665257912 ) ) ;
#994 = DIRECTION ( 'NONE',  ( -0.9902680687415706950, 0.000000000000000000, -0.1391731009600623292 ) ) ;
#995 = B_SPLINE_SURFACE_WITH_KNOTS ( 'NONE', 3, 1, ( 
 ( #664, #4632 ),
 ( #7079, #7866 ),
 ( #3936, #5857 ),
 ( #1844, #7454 ) ),
 .UNSPECIFIED., .F., .F., .F.,
 ( 4, 4 ),
 ( 2, 2 ),
 ( 5.000000000000000000, 6.000000000000000000 ),
 ( 0.000000000000000000, 1.000000000000000000 ),
 .UNSPECIFIED. ) ;
#996 = STYLED_ITEM ( 'NONE', ( #2495 ), #2892 ) ;
#997 = ORIENTED_EDGE ( 'NONE', *, *, #6220, .T. ) ;
#998 = MECHANICAL_DESIGN_GEOMETRIC_PRESENTATION_REPRESENTATION (  '', ( #3741 ), #7815 ) ;
#999 = ADVANCED_FACE ( 'NONE', ( #629 ), #6192, .T. ) ;
#1000 = LINE ( 'NONE', #5032, #1055 ) ;
#1001 =( LENGTH_UNIT ( ) NAMED_UNIT ( * ) SI_UNIT ( .MILLI., .METRE. ) );
#1002 = CARTESIAN_POINT ( 'NONE',  ( 1.169238260211920011, -0.3872468368763390401, 0.9918349345494910096 ) ) ;
#1003 = FACE_OUTER_BOUND ( 'NONE', #2747, .T. ) ;
#1004 = PLANE ( 'NONE',  #7329 ) ;
#1005 = CARTESIAN_POINT ( 'NONE',  ( -2.214999999999998970, -0.2000000000000000944, 0.000000000000000000 ) ) ;
#1006 = PLANE ( 'NONE',  #4182 ) ;
#1007 = VECTOR ( 'NONE', #2077, 1000.000000000000227 ) ;
#1008 = VECTOR ( 'NONE', #4691, 1000.000000000000000 ) ;
#1009 = CARTESIAN_POINT ( 'NONE',  ( 1.183239953569214631, 0.3582131571438145756, 0.8922077095728842000 ) ) ;
#1010 = CARTESIAN_POINT ( 'NONE',  ( 1.148832275056461905, -0.5078421635926778643, 1.137031063480061777 ) ) ;
#1011 = VECTOR ( 'NONE', #8592, 1000.000000000000227 ) ;
#1012 = VERTEX_POINT ( 'NONE', #742 ) ;
#1013 = CARTESIAN_POINT ( 'NONE',  ( 1.167507004247421154, 0.1407997768422540874, 0.9969681642866561333 ) ) ;
#1014 = DIRECTION ( 'NONE',  ( -0.1391731009600623570, 0.000000000000000000, 0.9902680687415708061 ) ) ;
#1015 = ADVANCED_FACE ( 'NONE', ( #5690 ), #574, .F. ) ;
#1016 = ORIENTED_EDGE ( 'NONE', *, *, #6142, .F. ) ;
#1017 = MECHANICAL_DESIGN_GEOMETRIC_PRESENTATION_REPRESENTATION (  '', ( #6988 ), #6 ) ;
#1018 = VERTEX_POINT ( 'NONE', #3222 ) ;
#1019 = ORIENTED_EDGE ( 'NONE', *, *, #856, .T. ) ;
#1020 = DIRECTION ( 'NONE',  ( 5.281341583741640892E-16, -1.000000000000000000, -2.729269891712918659E-15 ) ) ;
#1021 = MECHANICAL_DESIGN_GEOMETRIC_PRESENTATION_REPRESENTATION (  '', ( #9072 ), #2384 ) ;
#1022 = CARTESIAN_POINT ( 'NONE',  ( 1.175275535766276525, -0.4991662405690928672, 0.9488774868643300442 ) ) ;
#1023 = CARTESIAN_POINT ( 'NONE',  ( 1.155881297417167941, 0.2192183188909284652, 1.079689366667955897 ) ) ;
#1024 = DIRECTION ( 'NONE',  ( 0.000000000000000000, 0.000000000000000000, -1.000000000000000000 ) ) ;
#1025 = FACE_OUTER_BOUND ( 'NONE', #3924, .T. ) ;
#1026 = VECTOR ( 'NONE', #247, 1000.000000000000227 ) ;
#1027 = AXIS2_PLACEMENT_3D ( 'NONE', #5552, #10559, #10389 ) ;
#1028 = EDGE_CURVE ( 'NONE', #8199, #6097, #6464, .T. ) ;
#1029 = ORIENTED_EDGE ( 'NONE', *, *, #10523, .T. ) ;
#1030 = EDGE_LOOP ( 'NONE', ( #8865, #6894, #1831, #8360 ) ) ;
#1031 = B_SPLINE_CURVE_WITH_KNOTS ( 'NONE', 3,
 ( #1840, #820, #6610, #74 ),
 .UNSPECIFIED., .F., .F.,
 ( 4, 4 ),
 ( 15.00000000000000000, 16.00000000000000000 ),
 .UNSPECIFIED. ) ;
#1032 = FILL_AREA_STYLE_COLOUR ( '', #5753 ) ;
#1033 = ORIENTED_EDGE ( 'NONE', *, *, #6421, .F. ) ;
#1034 = CARTESIAN_POINT ( 'NONE',  ( 1.140565579083566039, 0.3865673555227313596, 1.188666365175434780 ) ) ;
#1035 = CARTESIAN_POINT ( 'NONE',  ( 1.156197750541907432, -0.5607653200988230724, 1.084622982219958898 ) ) ;
#1036 = DIRECTION ( 'NONE',  ( 1.000000000000000000, 6.672013369141565217E-16, 0.000000000000000000 ) ) ;
#1037 = CARTESIAN_POINT ( 'NONE',  ( 1.179402341605903182, 0.6039183503498036787, 0.9195137375428921178 ) ) ;
#1038 = CARTESIAN_POINT ( 'NONE',  ( 1.157748485866613386, 0.4204426684359988675, 1.073588927043113372 ) ) ;
#1039 = ORIENTED_EDGE ( 'NONE', *, *, #1319, .F. ) ;
#1040 = DIRECTION ( 'NONE',  ( -6.363820549330740501E-16, 1.000000000000000000, 3.499493697399982809E-15 ) ) ;
#1041 = VERTEX_POINT ( 'NONE', #1434 ) ;
#1042 = DIRECTION ( 'NONE',  ( 1.000000000000000000, 5.004010026856174159E-16, 0.000000000000000000 ) ) ;
#1043 = STYLED_ITEM ( 'NONE', ( #2414 ), #3785 ) ;
#1044 = LINE ( 'NONE', #3408, #2637 ) ;
#1045 = UNCERTAINTY_MEASURE_WITH_UNIT (LENGTH_MEASURE( 1.000000000000000082E-05 ), #9427, 'distance_accuracy_value', 'NONE');
#1046 =( NAMED_UNIT ( * ) PLANE_ANGLE_UNIT ( ) SI_UNIT ( $, .RADIAN. ) );
#1047 = FILL_AREA_STYLE ('',( #3412 ) ) ;
#1048 = CARTESIAN_POINT ( 'NONE',  ( 1.189126607214438192, 0.3189103079077391656, 0.8503219924594989099 ) ) ;
#1049 = CARTESIAN_POINT ( 'NONE',  ( 1.167765015165509013, -0.07578123674051377712, 0.9951323212120493089 ) ) ;
#1050 = ORIENTED_EDGE ( 'NONE', *, *, #6576, .T. ) ;
#1051 = CARTESIAN_POINT ( 'NONE',  ( 1.154845239952088543, -0.3881144324885079655, 1.087061298585631608 ) ) ;
#1052 = VECTOR ( 'NONE', #6211, 1000.000000000000114 ) ;
#1053 = CARTESIAN_POINT ( 'NONE',  ( 1.184021367769943156, 0.1965100059986590875, 0.8866476586283806860 ) ) ;
#1054 = VERTEX_POINT ( 'NONE', #6238 ) ;
#1055 = VECTOR ( 'NONE', #2654, 1000.000000000000227 ) ;
#1056 = CARTESIAN_POINT ( 'NONE',  ( 1.154831206184110837, 0.4215032215110968705, 1.094346450567719842 ) ) ;
#1057 = DIRECTION ( 'NONE',  ( -0.000000000000000000, -0.000000000000000000, -1.000000000000000000 ) ) ;
#1058 = ADVANCED_FACE ( 'NONE', ( #4713 ), #9512, .T. ) ;
#1059 = LINE ( 'NONE', #3374, #3249 ) ;
#1060 = ADVANCED_FACE ( 'NONE', ( #4 ), #1234, .T. ) ;
#1061 = CARTESIAN_POINT ( 'NONE',  ( 1.141269328612032785, 0.2097357266941085041, 1.190844223622766540 ) ) ;
#1062 = VERTEX_POINT ( 'NONE', #7423 ) ;
#1063 = EDGE_CURVE ( 'NONE', #328, #4166, #5191, .T. ) ;
#1064 = PLANE ( 'NONE',  #1196 ) ;
#1065 = ORIENTED_EDGE ( 'NONE', *, *, #6421, .T. ) ;
#1066 = ORIENTED_EDGE ( 'NONE', *, *, #2691, .F. ) ;
#1067 = DIRECTION ( 'NONE',  ( -0.1391731009600769009, 0.000000000000000000, 0.9902680687415688077 ) ) ;
#1068 = FACE_OUTER_BOUND ( 'NONE', #2678, .T. ) ;
#1069 = DIRECTION ( 'NONE',  ( 1.000000000000000000, 1.417602794365953038E-16, 0.000000000000000000 ) ) ;
#1070 = ORIENTED_EDGE ( 'NONE', *, *, #6085, .T. ) ;
#1071 = CARTESIAN_POINT ( 'NONE',  ( 1.155612143636888689, 0.3287048274790950741, 1.081604495326819793 ) ) ;
#1072 = EDGE_CURVE ( 'NONE', #2803, #7488, #8984, .T. ) ;
#1073 = CARTESIAN_POINT ( 'NONE',  ( 1.144915928215276768, 0.5102465596682564941, 1.164897319216186888 ) ) ;
#1074 = ORIENTED_EDGE ( 'NONE', *, *, #1664, .F. ) ;
#1075 = ORIENTED_EDGE ( 'NONE', *, *, #7369, .F. ) ;
#1076 = VERTEX_POINT ( 'NONE', #5821 ) ;
#1077 = VERTEX_POINT ( 'NONE', #4169 ) ;
#1078 =( NAMED_UNIT ( * ) SI_UNIT ( $, .STERADIAN. ) SOLID_ANGLE_UNIT ( ) );
#1079 = CARTESIAN_POINT ( 'NONE',  ( 1.149378194791405905, 0.1472878662401649885, 1.125961346192861479 ) ) ;
#1080 = EDGE_CURVE ( 'NONE', #7819, #4621, #3272, .T. ) ;
#1081 = DIRECTION ( 'NONE',  ( 1.000000000000000000, 1.417602794365952545E-16, 0.000000000000000000 ) ) ;
#1082 = CARTESIAN_POINT ( 'NONE',  ( 1.150000000000000355, -0.8649999999999998801, 0.1100000000000000699 ) ) ;
#1083 = LINE ( 'NONE', #10115, #2349 ) ;
#1084 = CARTESIAN_POINT ( 'NONE',  ( 1.152912400202397603, 0.1472878662401651273, 1.107999464553133695 ) ) ;
#1085 = ORIENTED_EDGE ( 'NONE', *, *, #2060, .T. ) ;
#1086 = B_SPLINE_SURFACE_WITH_KNOTS ( 'NONE', 3, 1, ( 
 ( #9941, #5934 ),
 ( #6840, #4230 ),
 ( #1106, #2816 ),
 ( #9109, #9207 ) ),
 .UNSPECIFIED., .F., .F., .F.,
 ( 4, 4 ),
 ( 2, 2 ),
 ( 8.000000000000000000, 9.000000000000000000 ),
 ( 0.000000000000000000, 1.000000000000000000 ),
 .UNSPECIFIED. ) ;
#1087 = CARTESIAN_POINT ( 'NONE',  ( -0.9149999999999991473, 1.699999999999999734, 0.4000000000000000222 ) ) ;
#1088 = ORIENTED_EDGE ( 'NONE', *, *, #8047, .T. ) ;
#1089 =( NAMED_UNIT ( * ) SI_UNIT ( $, .STERADIAN. ) SOLID_ANGLE_UNIT ( ) );
#1090 = CARTESIAN_POINT ( 'NONE',  ( 1.187311989792814382, 0.3598663722313675262, 0.8632336663190319781 ) ) ;
#1091 = VECTOR ( 'NONE', #3130, 1000.000000000000227 ) ;
#1092 = ORIENTED_EDGE ( 'NONE', *, *, #3615, .T. ) ;
#1093 = VECTOR ( 'NONE', #7589, 1000.000000000000227 ) ;
#1094 = EDGE_CURVE ( 'NONE', #8597, #1853, #7078, .T. ) ;
#1095 = LINE ( 'NONE', #5969, #1690 ) ;
#1096 = MECHANICAL_DESIGN_GEOMETRIC_PRESENTATION_REPRESENTATION (  '', ( #9311 ), #3666 ) ;
#1097 = CARTESIAN_POINT ( 'NONE',  ( 1.095405081827368843, 5.523909625436723386E-17, 1.510000000000000009 ) ) ;
#1098 = CARTESIAN_POINT ( 'NONE',  ( 1.163563227178755932, -0.07578123674051391589, 1.032214892767197467 ) ) ;
#1099 = EDGE_LOOP ( 'NONE', ( #3962, #9795, #8544, #283 ) ) ;
#1100 = VECTOR ( 'NONE', #8437, 1000.000000000000000 ) ;
#1101 = AXIS2_PLACEMENT_3D ( 'NONE', #9996, #2610, #8237 ) ;
#1102 = DIRECTION ( 'NONE',  ( -0.9902680687415706950, -1.431534388630178744E-16, -0.1391731009600623292 ) ) ;
#1103 = VECTOR ( 'NONE', #1526, 1000.000000000000000 ) ;
#1104 = SURFACE_STYLE_USAGE ( .BOTH. , #5295 ) ;
#1105 = CARTESIAN_POINT ( 'NONE',  ( 0.000000000000000000, -2.050000000000000711, 0.01000000000000000021 ) ) ;
#1106 = CARTESIAN_POINT ( 'NONE',  ( 1.184177650610134691, 0.1607007433607542946, 0.8855356484391531113 ) ) ;
#1107 = CARTESIAN_POINT ( 'NONE',  ( 1.180522368626892638, 0.1777631707676199380, 0.9115443311894901868 ) ) ;
#1108 =( LENGTH_UNIT ( ) NAMED_UNIT ( * ) SI_UNIT ( .MILLI., .METRE. ) );
#1109 =( GEOMETRIC_REPRESENTATION_CONTEXT ( 3 ) GLOBAL_UNCERTAINTY_ASSIGNED_CONTEXT ( ( #8761 ) ) GLOBAL_UNIT_ASSIGNED_CONTEXT ( ( #3525, #6031, #357 ) ) REPRESENTATION_CONTEXT ( 'NONE', 'WORKASPACE' ) );
#1110 = CARTESIAN_POINT ( 'NONE',  ( 1.141963919012667361, 0.2386513943472002575, 1.185901956116633293 ) ) ;
#1111 = EDGE_LOOP ( 'NONE', ( #690, #6799, #1703, #7445 ) ) ;
#1112 = VECTOR ( 'NONE', #5073, 1000.000000000000000 ) ;
#1113 = ADVANCED_FACE ( 'NONE', ( #5732 ), #6574, .F. ) ;
#1114 = EDGE_LOOP ( 'NONE', ( #6977, #5703, #7269, #3558 ) ) ;
#1115 = CARTESIAN_POINT ( 'NONE',  ( 1.143157236265818444, -0.3915848149363510000, 1.177411062664363461 ) ) ;
#1116 = EDGE_CURVE ( 'NONE', #2550, #7747, #10019, .T. ) ;
#1117 = CARTESIAN_POINT ( 'NONE',  ( -0.9149999999999989253, -0.1999999999999999278, 0.4000000000000000222 ) ) ;
#1118 = DIRECTION ( 'NONE',  ( 0.000000000000000000, 0.2501197337522199637, -0.9682149135330020417 ) ) ;
#1119 = MECHANICAL_DESIGN_GEOMETRIC_PRESENTATION_REPRESENTATION (  '', ( #6413 ), #6603 ) ;
#1120 = PLANE ( 'NONE',  #986 ) ;
#1121 = EDGE_CURVE ( 'NONE', #8564, #3779, #9044, .T. ) ;
#1122 = ORIENTED_EDGE ( 'NONE', *, *, #1605, .F. ) ;
#1123 = EDGE_CURVE ( 'NONE', #9819, #7223, #4126, .T. ) ;
#1124 = VERTEX_POINT ( 'NONE', #7523 ) ;
#1125 = DIRECTION ( 'NONE',  ( 0.000000000000000000, -0.9902680687415708061, 0.1391731009600618574 ) ) ;
#1126 = EDGE_CURVE ( 'NONE', #2459, #7808, #3532, .T. ) ;
#1127 = ORIENTED_EDGE ( 'NONE', *, *, #5588, .T. ) ;
#1128 = FACE_OUTER_BOUND ( 'NONE', #3392, .T. ) ;
#1129 = CARTESIAN_POINT ( 'NONE',  ( -0.9149999999999989253, -0.1999999999999999278, 0.4000000000000000222 ) ) ;
#1130 = CARTESIAN_POINT ( 'NONE',  ( 1.154570734783829433, 0.4449601601030905851, 1.096199800882828868 ) ) ;
#1131 = CARTESIAN_POINT ( 'NONE',  ( 1.150889405660594500, 0.3224662799812311187, 1.122393818664428222 ) ) ;
#1132 = APPLICATION_PROTOCOL_DEFINITION ( 'draft international standard', 'automotive_design', 1998, #5094 ) ;
#1133 = B_SPLINE_CURVE_WITH_KNOTS ( 'NONE', 3,
 ( #7609, #4451, #2839, #278 ),
 .UNSPECIFIED., .F., .F.,
 ( 4, 4 ),
 ( 0.000000000000000000, 1.000000000000000000 ),
 .UNSPECIFIED. ) ;
#1134 = CARTESIAN_POINT ( 'NONE',  ( -0.9149999999999990363, 1.300000000000001155, 0.01000000000000002623 ) ) ;
#1135 = LINE ( 'NONE', #6906, #10158 ) ;
#1136 = ORIENTED_EDGE ( 'NONE', *, *, #4247, .T. ) ;
#1137 = CARTESIAN_POINT ( 'NONE',  ( 1.178511362888576386, -0.5390755146083651139, 0.9186680839971205215 ) ) ;
#1138 = VERTEX_POINT ( 'NONE', #1808 ) ;
#1139 = EDGE_CURVE ( 'NONE', #1077, #2756, #9982, .T. ) ;
#1140 = PLANE ( 'NONE',  #7734 ) ;
#1141 =( GEOMETRIC_REPRESENTATION_CONTEXT ( 3 ) GLOBAL_UNCERTAINTY_ASSIGNED_CONTEXT ( ( #5010 ) ) GLOBAL_UNIT_ASSIGNED_CONTEXT ( ( #4392, #2737, #4441 ) ) REPRESENTATION_CONTEXT ( 'NONE', 'WORKASPACE' ) );
#1142 = ORIENTED_EDGE ( 'NONE', *, *, #8922, .T. ) ;
#1143 = UNCERTAINTY_MEASURE_WITH_UNIT (LENGTH_MEASURE( 1.000000000000000082E-05 ), #10384, 'distance_accuracy_value', 'NONE');
#1144 = CARTESIAN_POINT ( 'NONE',  ( 1.152575386360835674, -0.5347375282747645064, 1.110397442637407250 ) ) ;
#1145 = PRESENTATION_STYLE_ASSIGNMENT (( #2911 ) ) ;
#1146 = CARTESIAN_POINT ( 'NONE',  ( 1.193508108400897827, -0.4254209279661119170, 0.8191459915787729917 ) ) ;
#1147 = CARTESIAN_POINT ( 'NONE',  ( 1.182389080328504205, 0.2921157464040102791, 0.8982619872674243444 ) ) ;
#1148 = EDGE_LOOP ( 'NONE', ( #2697, #7392, #3358, #2618 ) ) ;
#1149 = EDGE_CURVE ( 'NONE', #4922, #3268, #9781, .T. ) ;
#1150 = B_SPLINE_CURVE_WITH_KNOTS ( 'NONE', 3,
 ( #6001, #972, #6653, #9182 ),
 .UNSPECIFIED., .F., .F.,
 ( 4, 4 ),
 ( 1.000000000000000000, 2.000000000000000000 ),
 .UNSPECIFIED. ) ;
#1151 = VECTOR ( 'NONE', #9084, 1000.000000000000227 ) ;
#1152 = CARTESIAN_POINT ( 'NONE',  ( 1.153840938115369363, 0.4215032215110968705, 1.094207277466759720 ) ) ;
#1153 = DIRECTION ( 'NONE',  ( -1.000000000000000000, -0.000000000000000000, -0.000000000000000000 ) ) ;
#1154 = SURFACE_SIDE_STYLE ('',( #2715 ) ) ;
#1155 = CARTESIAN_POINT ( 'NONE',  ( 1.150000000000000355, -2.050000000000000711, 0.1100000000000000006 ) ) ;
#1156 = ORIENTED_EDGE ( 'NONE', *, *, #946, .F. ) ;
#1157 = SURFACE_STYLE_FILL_AREA ( #1255 ) ;
#1158 = CARTESIAN_POINT ( 'NONE',  ( 1.150238227159948945, 0.1638200171098933289, 1.127027194451787784 ) ) ;
#1159 = PRESENTATION_STYLE_ASSIGNMENT (( #2931 ) ) ;
#1160 = CARTESIAN_POINT ( 'NONE',  ( 1.188379445785982647, 0.3247745425557380106, 0.8484530257309359502 ) ) ;
#1161 = MECHANICAL_DESIGN_GEOMETRIC_PRESENTATION_REPRESENTATION (  '', ( #6282 ), #5440 ) ;
#1162 = VECTOR ( 'NONE', #7029, 1000.000000000000000 ) ;
#1163 = CARTESIAN_POINT ( 'NONE',  ( 1.150968503025308287, 2.149995309899464413, 0.4100333717993133176 ) ) ;
#1164 = PRESENTATION_LAYER_ASSIGNMENT (  '', '', ( #8699 ) ) ;
#1165 = CARTESIAN_POINT ( 'NONE',  ( 1.148839887230847401, 0.4511051293881749302, 1.129791603510589271 ) ) ;
#1166 = CARTESIAN_POINT ( 'NONE',  ( 1.173072886580212915, 0.2734312966478765206, 0.9645501501918819498 ) ) ;
#1167 = VERTEX_POINT ( 'NONE', #388 ) ;
#1168 = EDGE_CURVE ( 'NONE', #9995, #7341, #8632, .T. ) ;
#1169 = SURFACE_STYLE_USAGE ( .BOTH. , #8518 ) ;
#1170 = AXIS2_PLACEMENT_3D ( 'NONE', #3636, #10193, #5305 ) ;
#1171 = ORIENTED_EDGE ( 'NONE', *, *, #8060, .F. ) ;
#1172 = ORIENTED_EDGE ( 'NONE', *, *, #9947, .F. ) ;
#1173 = SURFACE_SIDE_STYLE ('',( #425 ) ) ;
#1174 = COLOUR_RGB ( '',0.2509803921568627416, 0.2509803921568627416, 0.2509803921568627416 ) ;
#1175 = CARTESIAN_POINT ( 'NONE',  ( 1.144638092054999889, 0.5109951853679840506, 1.166874226218804100 ) ) ;
#1176 = SURFACE_SIDE_STYLE ('',( #8837 ) ) ;
#1177 = FACE_OUTER_BOUND ( 'NONE', #325, .T. ) ;
#1178 = CARTESIAN_POINT ( 'NONE',  ( 1.140718021718619468, -0.3768357391772623188, 1.187581679465573581 ) ) ;
#1179 = AXIS2_PLACEMENT_3D ( 'NONE', #1155, #4429, #7684 ) ;
#1180 = EDGE_CURVE ( 'NONE', #1585, #3957, #1344, .T. ) ;
#1181 = CARTESIAN_POINT ( 'NONE',  ( -1.149999999999999689, 2.049999999999999822, 0.1100000000000000699 ) ) ;
#1182 = EDGE_CURVE ( 'NONE', #4450, #8957, #495, .T. ) ;
#1183 = ORIENTED_EDGE ( 'NONE', *, *, #4247, .F. ) ;
#1184 = CARTESIAN_POINT ( 'NONE',  ( 1.168755283234250486, -0.07578123674051377712, 0.9952714943130094305 ) ) ;
#1185 = ORIENTED_EDGE ( 'NONE', *, *, #6491, .T. ) ;
#1186 = EDGE_CURVE ( 'NONE', #6226, #10493, #3060, .T. ) ;
#1187 = ORIENTED_EDGE ( 'NONE', *, *, #8918, .T. ) ;
#1188 = SPHERICAL_SURFACE ( 'NONE', #8347, 0.1000000000000000056 ) ;
#1189 = CARTESIAN_POINT ( 'NONE',  ( 1.151585118292094201, -0.5347375282747645064, 1.110258269536446907 ) ) ;
#1190 = SPHERICAL_SURFACE ( 'NONE', #6447, 0.1000000000000000056 ) ;
#1191 = CARTESIAN_POINT ( 'NONE',  ( 1.174800680201743441, 0.2897450983550145520, 0.9522562597707153742 ) ) ;
#1192 = EDGE_CURVE ( 'NONE', #168, #10310, #8586, .T. ) ;
#1193 = ORIENTED_EDGE ( 'NONE', *, *, #1388, .T. ) ;
#1194 = SURFACE_STYLE_USAGE ( .BOTH. , #6922 ) ;
#1195 = DIRECTION ( 'NONE',  ( -0.000000000000000000, 1.000000000000000000, -0.000000000000000000 ) ) ;
#1196 = AXIS2_PLACEMENT_3D ( 'NONE', #1976, #4334, #255 ) ;
#1197 = CARTESIAN_POINT ( 'NONE',  ( 1.157548314378598064, 0.4752795009424433670, 1.067827924653896199 ) ) ;
#1198 = B_SPLINE_CURVE_WITH_KNOTS ( 'NONE', 3,
 ( #9575, #637, #3106, #5462 ),
 .UNSPECIFIED., .F., .F.,
 ( 4, 4 ),
 ( 8.000000000000000000, 9.000000000000000000 ),
 .UNSPECIFIED. ) ;
#1199 = CARTESIAN_POINT ( 'NONE',  ( 1.174800680201743663, 0.1848439221775698693, 0.9522562597707150411 ) ) ;
#1200 = STYLED_ITEM ( 'NONE', ( #6297 ), #3809 ) ;
#1201 = CARTESIAN_POINT ( 'NONE',  ( 1.145184605247605569, 0.4300812243200822227, 1.155800286260925347 ) ) ;
#1202 = CARTESIAN_POINT ( 'NONE',  ( 1.177674547984373099, 0.2282330200255208441, 0.9318076279640575832 ) ) ;
#1203 = CARTESIAN_POINT ( 'NONE',  ( 1.181795797510339030, -0.2093904314435909575, 0.9024834138686068652 ) ) ;
#1204 = CARTESIAN_POINT ( 'NONE',  ( -2.214999999999998970, -1.300000000000000044, 0.4000000000000000222 ) ) ;
#1205 = EDGE_CURVE ( 'NONE', #211, #1124, #10420, .T. ) ;
#1206 = ORIENTED_EDGE ( 'NONE', *, *, #8258, .T. ) ;
#1207 = CARTESIAN_POINT ( 'NONE',  ( -0.3981366483959006830, 0.8649999999999999911, 0.000000000000000000 ) ) ;
#1208 = DIRECTION ( 'NONE',  ( -0.1300587156395328903, -0.3559357243643118673, 0.9254158473937259544 ) ) ;
#1209 = AXIS2_PLACEMENT_3D ( 'NONE', #5337, #1243, #4528 ) ;
#1210 = FACE_OUTER_BOUND ( 'NONE', #5539, .T. ) ;
#1211 =( LENGTH_UNIT ( ) NAMED_UNIT ( * ) SI_UNIT ( .MILLI., .METRE. ) );
#1212 = ADVANCED_FACE ( 'NONE', ( #4846 ), #9643, .T. ) ;
#1213 = FACE_OUTER_BOUND ( 'NONE', #1253, .T. ) ;
#1214 = ORIENTED_EDGE ( 'NONE', *, *, #10523, .F. ) ;
#1215 =( NAMED_UNIT ( * ) PLANE_ANGLE_UNIT ( ) SI_UNIT ( $, .RADIAN. ) );
#1216 = ORIENTED_EDGE ( 'NONE', *, *, #10025, .T. ) ;
#1217 = ORIENTED_EDGE ( 'NONE', *, *, #3257, .T. ) ;
#1218 = ORIENTED_EDGE ( 'NONE', *, *, #8202, .T. ) ;
#1219 = CARTESIAN_POINT ( 'NONE',  ( 1.182484109760761015, 0.1781374836174793586, 0.8904005211880776649 ) ) ;
#1220 = PLANE ( 'NONE',  #8550 ) ;
#1221 = FACE_OUTER_BOUND ( 'NONE', #9323, .T. ) ;
#1222 = CARTESIAN_POINT ( 'NONE',  ( 1.182232797488312670, 0.1582053243615262617, 0.8993739974566514750 ) ) ;
#1223 = ORIENTED_EDGE ( 'NONE', *, *, #4466, .T. ) ;
#1224 = VERTEX_POINT ( 'NONE', #4898 ) ;
#1225 = CARTESIAN_POINT ( 'NONE',  ( 1.184489739542452291, 0.5574411714901652548, 0.8761297237651196612 ) ) ;
#1226 = EDGE_CURVE ( 'NONE', #4246, #7452, #320, .T. ) ;
#1227 = EDGE_CURVE ( 'NONE', #8966, #3611, #3780, .T. ) ;
#1228 = ORIENTED_EDGE ( 'NONE', *, *, #5431, .T. ) ;
#1229 = ORIENTED_EDGE ( 'NONE', *, *, #5386, .F. ) ;
#1230 =( LENGTH_UNIT ( ) NAMED_UNIT ( * ) SI_UNIT ( .MILLI., .METRE. ) );
#1231 = CARTESIAN_POINT ( 'NONE',  ( 1.184489739542452513, 0.6280927219032401698, 0.8761297237651198833 ) ) ;
#1232 = FACE_OUTER_BOUND ( 'NONE', #8946, .T. ) ;
#1233 = ORIENTED_EDGE ( 'NONE', *, *, #5366, .F. ) ;
#1234 = B_SPLINE_SURFACE_WITH_KNOTS ( 'NONE', 3, 1, ( 
 ( #2549, #9836 ),
 ( #4223, #5930 ),
 ( #1649, #151 ),
 ( #7370, #9937 ) ),
 .UNSPECIFIED., .F., .F., .F.,
 ( 4, 4 ),
 ( 2, 2 ),
 ( 3.000000000000000000, 4.000000000000000000 ),
 ( 0.000000000000000000, 1.000000000000000000 ),
 .UNSPECIFIED. ) ;
#1235 = ADVANCED_FACE ( 'NONE', ( #65 ), #10204, .T. ) ;
#1236 = LINE ( 'NONE', #4517, #4074 ) ;
#1237 = CARTESIAN_POINT ( 'NONE',  ( 1.158538582447339760, 0.2630753078015179991, 1.067967097754855654 ) ) ;
#1238 = CARTESIAN_POINT ( 'NONE',  ( 1.158538582447339760, 0.2630753078015179991, 1.067967097754855654 ) ) ;
#1239 = ORIENTED_EDGE ( 'NONE', *, *, #6829, .F. ) ;
#1240 = LINE ( 'NONE', #4287, #7584 ) ;
#1241 = EDGE_LOOP ( 'NONE', ( #10260, #10055, #6329, #3757 ) ) ;
#1242 = DIRECTION ( 'NONE',  ( -0.9902680687415706950, -1.431534388630178744E-16, -0.1391731009600623292 ) ) ;
#1243 = DIRECTION ( 'NONE',  ( 0.1391731009600623570, 1.164801907232445721E-14, -0.9902680687415708061 ) ) ;
#1244 = ORIENTED_EDGE ( 'NONE', *, *, #6708, .F. ) ;
#1245 = EDGE_CURVE ( 'NONE', #1956, #3452, #8808, .T. ) ;
#1246 = STYLED_ITEM ( 'NONE', ( #877 ), #875 ) ;
#1247 = LINE ( 'NONE', #3731, #4442 ) ;
#1248 = CARTESIAN_POINT ( 'NONE',  ( 1.179167440597781447, 0.1804769389290224735, 0.9139998485295128816 ) ) ;
#1249 = EDGE_CURVE ( 'NONE', #3333, #5309, #8605, .T. ) ;
#1250 = DIRECTION ( 'NONE',  ( -0.9902680687415706950, -1.431534388630178744E-16, -0.1391731009600623292 ) ) ;
#1251 = COLOUR_RGB ( '',0.2509803921568627416, 0.2509803921568627416, 0.2509803921568627416 ) ;
#1252 = LINE ( 'NONE', #4538, #10149 ) ;
#1253 = EDGE_LOOP ( 'NONE', ( #1889, #4647, #1066 ) ) ;
#1254 = MECHANICAL_DESIGN_GEOMETRIC_PRESENTATION_REPRESENTATION (  '', ( #9464 ), #2982 ) ;
#1255 = FILL_AREA_STYLE ('',( #3529 ) ) ;
#1256 =( NAMED_UNIT ( * ) SI_UNIT ( $, .STERADIAN. ) SOLID_ANGLE_UNIT ( ) );
#1257 = EDGE_CURVE ( 'NONE', #4450, #4096, #7726, .T. ) ;
#1258 = FACE_OUTER_BOUND ( 'NONE', #6404, .T. ) ;
#1259 = CARTESIAN_POINT ( 'NONE',  ( 1.180149026286524627, 0.2721835871484730163, 0.9142007999742303159 ) ) ;
#1260 = CARTESIAN_POINT ( 'NONE',  ( 1.177207464404181003, -0.4688005099871742631, 0.9351311003283793166 ) ) ;
#1261 = VECTOR ( 'NONE', #1630, 1000.000000000000227 ) ;
#1262 = FILL_AREA_STYLE_COLOUR ( '', #4609 ) ;
#1263 = CARTESIAN_POINT ( 'NONE',  ( 1.185418162843045575, -0.1981117381327605897, 0.8767089452568513908 ) ) ;
#1264 = CARTESIAN_POINT ( 'NONE',  ( 1.178052688509119594, -0.1824950833095159153, 0.9291170183234681579 ) ) ;
#1265 = CARTESIAN_POINT ( 'NONE',  ( 1.172082618511471441, 0.2904001458419628867, 0.9644109770909219392 ) ) ;
#1266 = CARTESIAN_POINT ( 'NONE',  ( 1.148839887230847401, 0.4511051293881749302, 1.129791603510589271 ) ) ;
#1267 = SURFACE_STYLE_USAGE ( .BOTH. , #8568 ) ;
#1268 = EDGE_LOOP ( 'NONE', ( #5659, #4225, #9485, #6414 ) ) ;
#1269 = VERTEX_POINT ( 'NONE', #9401 ) ;
#1270 = EDGE_CURVE ( 'NONE', #2107, #8030, #8039, .T. ) ;
#1271 = VECTOR ( 'NONE', #4971, 1000.000000000000000 ) ;
#1272 = SURFACE_STYLE_FILL_AREA ( #7818 ) ;
#1273 = ORIENTED_EDGE ( 'NONE', *, *, #7145, .F. ) ;
#1274 = DIRECTION ( 'NONE',  ( 0.000000000000000000, 1.000000000000000000, 0.000000000000000000 ) ) ;
#1275 = PRESENTATION_LAYER_ASSIGNMENT (  '', '', ( #6073 ) ) ;
#1276 = CARTESIAN_POINT ( 'NONE',  ( 1.142258643185105171, 0.2098916903817933943, 1.176619588129285798 ) ) ;
#1277 = CARTESIAN_POINT ( 'NONE',  ( 1.192517840332156132, -0.3872468534243500571, 0.8190068184778129812 ) ) ;
#1278 = CARTESIAN_POINT ( 'NONE',  ( 1.156272481265366636, 0.1837833691028878391, 1.084091245492925237 ) ) ;
#1279 = MECHANICAL_DESIGN_GEOMETRIC_PRESENTATION_REPRESENTATION (  '', ( #6600 ), #8648 ) ;
#1280 = ORIENTED_EDGE ( 'NONE', *, *, #3300, .F. ) ;
#1281 =( NAMED_UNIT ( * ) SI_UNIT ( $, .STERADIAN. ) SOLID_ANGLE_UNIT ( ) );
#1282 = ORIENTED_EDGE ( 'NONE', *, *, #10192, .F. ) ;
#1283 = FILL_AREA_STYLE ('',( #703 ) ) ;
#1284 = CARTESIAN_POINT ( 'NONE',  ( 1.158538582447339760, 0.4578739534240031661, 1.067967097754856320 ) ) ;
#1285 = CARTESIAN_POINT ( 'NONE',  ( 1.142166968197076748, -0.3915848149363510000, 1.177271889563403340 ) ) ;
#1286 = PLANE ( 'NONE',  #196 ) ;
#1287 = ORIENTED_EDGE ( 'NONE', *, *, #1657, .T. ) ;
#1288 =( NAMED_UNIT ( * ) PLANE_ANGLE_UNIT ( ) SI_UNIT ( $, .RADIAN. ) );
#1289 = LINE ( 'NONE', #3825, #1871 ) ;
#1290 = DIRECTION ( 'NONE',  ( 1.000000000000000000, 0.000000000000000000, 0.000000000000000000 ) ) ;
#1291 = ORIENTED_EDGE ( 'NONE', *, *, #2771, .T. ) ;
#1292 = CARTESIAN_POINT ( 'NONE',  ( 1.107503214919903112, -1.908476408045746364, 1.423917310096006084 ) ) ;
#1293 = DIRECTION ( 'NONE',  ( 0.000000000000000000, 1.000000000000000000, 0.000000000000000000 ) ) ;
#1294 = CARTESIAN_POINT ( 'NONE',  ( 1.170300666752865482, -0.1790247008616725199, 0.9770902226808556579 ) ) ;
#1295 = ORIENTED_EDGE ( 'NONE', *, *, #8269, .T. ) ;
#1296 = B_SPLINE_CURVE_WITH_KNOTS ( 'NONE', 3,
 ( #1477, #3078, #7192, #8777 ),
 .UNSPECIFIED., .F., .F.,
 ( 4, 4 ),
 ( 9.000000000000000000, 10.00000000000000000 ),
 .UNSPECIFIED. ) ;
#1297 = CARTESIAN_POINT ( 'NONE',  ( 1.141555847152307512, 0.3865673555227313041, 1.188805538276394680 ) ) ;
#1298 = VECTOR ( 'NONE', #523, 1000.000000000000227 ) ;
#1299 = ORIENTED_EDGE ( 'NONE', *, *, #1270, .T. ) ;
#1300 = SURFACE_STYLE_FILL_AREA ( #8706 ) ;
#1301 = EDGE_CURVE ( 'NONE', #2692, #10513, #1252, .T. ) ;
#1302 = LINE ( 'NONE', #9731, #7702 ) ;
#1303 = DIRECTION ( 'NONE',  ( -0.9902680687415706950, -1.431534388630178744E-16, -0.1391731009600623292 ) ) ;
#1304 = LINE ( 'NONE', #1474, #6838 ) ;
#1305 = DIRECTION ( 'NONE',  ( -0.1314569908029248058, -0.3283461648125156618, 0.9353650921549039321 ) ) ;
#1306 = LINE ( 'NONE', #5490, #7330 ) ;
#1307 = CARTESIAN_POINT ( 'NONE',  ( 1.173072886580212915, 0.1967283551612540038, 0.9645501501918817278 ) ) ;
#1308 = CARTESIAN_POINT ( 'NONE',  ( 1.141555847152307956, 0.07794641080098824171, 1.188805538276393570 ) ) ;
#1309 = CARTESIAN_POINT ( 'NONE',  ( 1.168247992143178537, -0.3612190678060042681, 0.9916957614485308881 ) ) ;
#1310 = ADVANCED_FACE ( 'NONE', ( #8378 ), #3738, .F. ) ;
#1311 = EDGE_CURVE ( 'NONE', #9337, #5261, #237, .T. ) ;
#1312 = ORIENTED_EDGE ( 'NONE', *, *, #7844, .T. ) ;
#1313 = ADVANCED_FACE ( 'NONE', ( #7570 ), #2104, .F. ) ;
#1314 = VECTOR ( 'NONE', #3515, 1000.000000000000227 ) ;
#1315 = CARTESIAN_POINT ( 'NONE',  ( 1.184455010022461341, 0.2914606989166453888, 0.8763768371401371438 ) ) ;
#1316 = ORIENTED_EDGE ( 'NONE', *, *, #1180, .T. ) ;
#1317 = CARTESIAN_POINT ( 'NONE',  ( 1.170450807817867256, 0.4316408611952769481, 0.9832072100271846971 ) ) ;
#1318 = DIRECTION ( 'NONE',  ( -0.9902680687415706950, 0.000000000000000000, -0.1391731009600623292 ) ) ;
#1319 = EDGE_CURVE ( 'NONE', #2204, #4728, #7031, .T. ) ;
#1320 = CARTESIAN_POINT ( 'NONE',  ( -1.249436649370103458, 2.108648687084981432, 0.4140084480150231228 ) ) ;
#1321 = DIRECTION ( 'NONE',  ( -0.000000000000000000, -1.000000000000000000, -0.000000000000000000 ) ) ;
#1322 = ORIENTED_EDGE ( 'NONE', *, *, #7779, .T. ) ;
#1323 = CARTESIAN_POINT ( 'NONE',  ( 1.141963919012667583, 0.2386513943472002852, 1.185901956116633515 ) ) ;
#1324 = EDGE_LOOP ( 'NONE', ( #6967, #9389, #3538, #518 ) ) ;
#1325 = B_SPLINE_SURFACE_WITH_KNOTS ( 'NONE', 3, 1, ( 
 ( #5984, #3232 ),
 ( #9264, #9943 ),
 ( #3982, #6740 ),
 ( #9162, #8393 ) ),
 .UNSPECIFIED., .F., .F., .F.,
 ( 4, 4 ),
 ( 2, 2 ),
 ( 3.000000000000000000, 4.000000000000000000 ),
 ( 0.000000000000000000, 1.000000000000000000 ),
 .UNSPECIFIED. ) ;
#1326 =( GEOMETRIC_REPRESENTATION_CONTEXT ( 3 ) GLOBAL_UNCERTAINTY_ASSIGNED_CONTEXT ( ( #10021 ) ) GLOBAL_UNIT_ASSIGNED_CONTEXT ( ( #4215, #239, #985 ) ) REPRESENTATION_CONTEXT ( 'NONE', 'WORKASPACE' ) );
#1327 = MECHANICAL_DESIGN_GEOMETRIC_PRESENTATION_REPRESENTATION (  '', ( #5441 ), #6647 ) ;
#1328 = AXIS2_PLACEMENT_3D ( 'NONE', #9, #3277, #6522 ) ;
#1329 = CARTESIAN_POINT ( 'NONE',  ( 1.159337134290752580, -0.1460561999920917675, 1.062285106146480640 ) ) ;
#1330 = SURFACE_SIDE_STYLE ('',( #8680 ) ) ;
#1331 = CARTESIAN_POINT ( 'NONE',  ( 1.154748798881556571, -0.4011283170232595729, 1.094932808993218876 ) ) ;
#1332 = CARTESIAN_POINT ( 'NONE',  ( 1.178976428237597851, 0.1582053243615261229, 0.9153589720937636010 ) ) ;
#1333 = CARTESIAN_POINT ( 'NONE',  ( 1.141555847152307734, 0.3517562604841867890, 1.188805538276394680 ) ) ;
#1334 = CARTESIAN_POINT ( 'NONE',  ( 1.157835309666707557, 0.2386513943472006460, 1.072971143604743327 ) ) ;
#1335 = CARTESIAN_POINT ( 'NONE',  ( 1.149247959091207250, 0.1638200171098933289, 1.126888021350827662 ) ) ;
#1336 = DIRECTION ( 'NONE',  ( 0.000000000000000000, -1.000000000000000000, 0.000000000000000000 ) ) ;
#1337 = CARTESIAN_POINT ( 'NONE',  ( 1.173350722740490015, 0.3835728527238249086, 0.9625732431892652929 ) ) ;
#1338 = EDGE_CURVE ( 'NONE', #5986, #5855, #8024, .T. ) ;
#1339 = VERTEX_POINT ( 'NONE', #5640 ) ;
#1340 = STYLED_ITEM ( 'NONE', ( #3377 ), #1514 ) ;
#1341 = AXIS2_PLACEMENT_3D ( 'NONE', #10186, #7878, #9399 ) ;
#1342 = VERTEX_POINT ( 'NONE', #2603 ) ;
#1343 = VERTEX_POINT ( 'NONE', #7531 ) ;
#1344 = LINE ( 'NONE', #6156, #2279 ) ;
#1345 = EDGE_LOOP ( 'NONE', ( #10072, #4963, #10399, #6993 ) ) ;
#1346 = FILL_AREA_STYLE ('',( #3773 ) ) ;
#1347 = VERTEX_POINT ( 'NONE', #5877 ) ;
#1348 = MECHANICAL_DESIGN_GEOMETRIC_PRESENTATION_REPRESENTATION (  '', ( #6837 ), #3422 ) ;
#1349 = FILL_AREA_STYLE ('',( #5326 ) ) ;
#1350 = UNCERTAINTY_MEASURE_WITH_UNIT (LENGTH_MEASURE( 1.000000000000000082E-05 ), #2230, 'distance_accuracy_value', 'NONE');
#1351 = CARTESIAN_POINT ( 'NONE',  ( 1.172715581580707322, -0.07578123674051365222, 0.9599072108326925923 ) ) ;
#1352 = LINE ( 'NONE', #4732, #5801 ) ;
#1353 = ORIENTED_EDGE ( 'NONE', *, *, #10236, .F. ) ;
#1354 = DIRECTION ( 'NONE',  ( 0.1391731009600615798, 4.609835594729769371E-15, -0.9902680687415709171 ) ) ;
#1355 = PLANE ( 'NONE',  #5056 ) ;
#1356 = FILL_AREA_STYLE_COLOUR ( '', #8881 ) ;
#1357 = CARTESIAN_POINT ( 'NONE',  ( 1.182399525065867651, -0.5199884856121140819, 0.8981876690994308188 ) ) ;
#1358 = ORIENTED_EDGE ( 'NONE', *, *, #1917, .F. ) ;
#1359 = PLANE ( 'NONE',  #161 ) ;
#1360 = ORIENTED_EDGE ( 'NONE', *, *, #3175, .T. ) ;
#1361 = CARTESIAN_POINT ( 'NONE',  ( 1.169460539749125783, 0.1407997768422540874, 0.9830680369262234652 ) ) ;
#1362 = ORIENTED_EDGE ( 'NONE', *, *, #1598, .F. ) ;
#1363 = ORIENTED_EDGE ( 'NONE', *, *, #8522, .T. ) ;
#1364 = CARTESIAN_POINT ( 'NONE',  ( 1.185480007611194431, 0.2282330200255209551, 0.8762688968660785616 ) ) ;
#1365 = CARTESIAN_POINT ( 'NONE',  ( 1.178412073537161486, 0.6039183503498036787, 0.9193745644419319962 ) ) ;
#1366 = LINE ( 'NONE', #9715, #3071 ) ;
#1367 = LINE ( 'NONE', #3023, #8273 ) ;
#1368 = FILL_AREA_STYLE ('',( #8717 ) ) ;
#1369 = ORIENTED_EDGE ( 'NONE', *, *, #8532, .F. ) ;
#1370 = EDGE_LOOP ( 'NONE', ( #7604, #530, #7061, #7601 ) ) ;
#1371 = DIRECTION ( 'NONE',  ( 0.000000000000000000, -0.000000000000000000, -1.000000000000000000 ) ) ;
#1372 = ORIENTED_EDGE ( 'NONE', *, *, #7440, .F. ) ;
#1373 = VECTOR ( 'NONE', #3271, 1000.000000000000227 ) ;
#1374 = DIRECTION ( 'NONE',  ( -0.1391731009600630509, 0.000000000000000000, 0.9902680687415705840 ) ) ;
#1375 = EDGE_CURVE ( 'NONE', #7808, #7341, #3406, .T. ) ;
#1376 = ADVANCED_FACE ( 'NONE', ( #5093 ), #1325, .T. ) ;
#1377 = CARTESIAN_POINT ( 'NONE',  ( 1.172082618511471441, 0.2177210674914727973, 0.9644109770909217172 ) ) ;
#1378 = CARTESIAN_POINT ( 'NONE',  ( 1.176623980003365544, 0.2490385759310174418, 0.9392828075674253263 ) ) ;
#1379 = ORIENTED_EDGE ( 'NONE', *, *, #921, .T. ) ;
#1380 =( NAMED_UNIT ( * ) PLANE_ANGLE_UNIT ( ) SI_UNIT ( $, .RADIAN. ) );
#1381 = EDGE_CURVE ( 'NONE', #4621, #2040, #1866, .T. ) ;
#1382 = CARTESIAN_POINT ( 'NONE',  ( 1.154743905636066881, 0.2386513943472005073, 1.087782329709691798 ) ) ;
#1383 = VECTOR ( 'NONE', #3932, 1000.000000000000227 ) ;
#1384 =( NAMED_UNIT ( * ) SI_UNIT ( $, .STERADIAN. ) SOLID_ANGLE_UNIT ( ) );
#1385 = ORIENTED_EDGE ( 'NONE', *, *, #8885, .T. ) ;
#1386 = CARTESIAN_POINT ( 'NONE',  ( 1.185766526151469380, 0.1858420897773413460, 0.8742302115197041479 ) ) ;
#1387 = CARTESIAN_POINT ( 'NONE',  ( 1.153659084883018382, 0.4302059952707308343, 1.102686526984474114 ) ) ;
#1388 = EDGE_CURVE ( 'NONE', #9869, #1571, #4781, .T. ) ;
#1389 = CARTESIAN_POINT ( 'NONE',  ( 1.168497272316162627, 0.4158885287627301919, 0.9971073373876172541 ) ) ;
#1390 = CARTESIAN_POINT ( 'NONE',  ( 1.160399540831698051, -0.02285808644008004500, 1.047540394277844955 ) ) ;
#1391 = CARTESIAN_POINT ( 'NONE',  ( 1.173072886580212915, 0.1967283551612540038, 0.9645501501918817278 ) ) ;
#1392 = CARTESIAN_POINT ( 'NONE',  ( 1.185538906511674373, -0.1842302414374129838, 0.8758498094129215650 ) ) ;
#1393 = EDGE_CURVE ( 'NONE', #3298, #8926, #3174, .T. ) ;
#1394 = CARTESIAN_POINT ( 'NONE',  ( 1.181795797510339030, -0.2093904314435909575, 0.9024834138686068652 ) ) ;
#1395 = ORIENTED_EDGE ( 'NONE', *, *, #1080, .T. ) ;
#1396 = PLANE ( 'NONE',  #3739 ) ;
#1397 = FILL_AREA_STYLE ('',( #8751 ) ) ;
#1398 = B_SPLINE_CURVE_WITH_KNOTS ( 'NONE', 3,
 ( #10543, #32, #3304, #9374 ),
 .UNSPECIFIED., .F., .F.,
 ( 4, 4 ),
 ( 12.00000000000000000, 13.00000000000000000 ),
 .UNSPECIFIED. ) ;
#1399 = ORIENTED_EDGE ( 'NONE', *, *, #1182, .F. ) ;
#1400 = ORIENTED_EDGE ( 'NONE', *, *, #8873, .F. ) ;
#1401 = ORIENTED_EDGE ( 'NONE', *, *, #583, .T. ) ;
#1402 = ADVANCED_FACE ( 'NONE', ( #8333 ), #1006, .F. ) ;
#1403 = PLANE ( 'NONE',  #9480 ) ;
#1404 = CARTESIAN_POINT ( 'NONE',  ( 1.144243945404976870, -0.3265153922605140702, 1.169678725358559435 ) ) ;
#1405 = DIRECTION ( 'NONE',  ( 1.000000000000000000, 0.000000000000000000, 0.000000000000000000 ) ) ;
#1406 = CARTESIAN_POINT ( 'NONE',  ( 1.175885977702742613, 0.09369874323312490927, 0.9445339667923278171 ) ) ;
#1407 = CARTESIAN_POINT ( 'NONE',  ( 1.157548314378598286, 0.1422970282421217592, 1.067827924653895089 ) ) ;
#1408 = ORIENTED_EDGE ( 'NONE', *, *, #5910, .T. ) ;
#1409 = LINE ( 'NONE', #3934, #5623 ) ;
#1410 = CARTESIAN_POINT ( 'NONE',  ( 1.180226102181359593, -0.3004876231897625760, 0.9136523764857953367 ) ) ;
#1411 = LINE ( 'NONE', #10280, #5734 ) ;
#1412 = CARTESIAN_POINT ( 'NONE',  ( 1.185176670899595885, -0.1026765848750050975, 0.8784272497194743901 ) ) ;
#1413 = ORIENTED_EDGE ( 'NONE', *, *, #6806, .F. ) ;
#1414 = ADVANCED_FACE ( 'NONE', ( #7479 ), #8963, .F. ) ;
#1415 = DIRECTION ( 'NONE',  ( -1.417602794365952052E-16, 1.000000000000000000, -1.992310799966320019E-17 ) ) ;
#1416 = LINE ( 'NONE', #7823, #7831 ) ;
#1417 = CYLINDRICAL_SURFACE ( 'NONE', #8891, 0.1000000000000000056 ) ;
#1418 = CARTESIAN_POINT ( 'NONE',  ( 1.139293379421612240, -0.1877006238852568787, 1.204903832665257912 ) ) ;
#1419 = CARTESIAN_POINT ( 'NONE',  ( 1.170450807817867256, 0.4316408611952769481, 0.9832072100271846971 ) ) ;
#1420 = CARTESIAN_POINT ( 'NONE',  ( -0.9149999999999990363, 1.300000000000001155, 0.4000000000000000222 ) ) ;
#1421 = ORIENTED_EDGE ( 'NONE', *, *, #7124, .F. ) ;
#1422 = VERTEX_POINT ( 'NONE', #1611 ) ;
#1423 = CARTESIAN_POINT ( 'NONE',  ( 1.175781312394817535, 0.6039183503498034566, 0.9380934026209911680 ) ) ;
#1424 = DIRECTION ( 'NONE',  ( -1.000000000000000000, -5.004010026856174159E-16, 0.000000000000000000 ) ) ;
#1425 = FACE_OUTER_BOUND ( 'NONE', #2574, .T. ) ;
#1426 = CARTESIAN_POINT ( 'NONE',  ( 1.158538582447339538, 0.3853196460229122433, 1.067967097754856098 ) ) ;
#1427 = ORIENTED_EDGE ( 'NONE', *, *, #7023, .T. ) ;
#1428 = CARTESIAN_POINT ( 'NONE',  ( 1.170589249150228772, 0.6638084063296135762, 0.9750368522282433226 ) ) ;
#1429 = AXIS2_PLACEMENT_3D ( 'NONE', #9545, #9438, #508 ) ;
#1430 = COLOUR_RGB ( '',0.8509803921568627194, 0.8509803921568627194, 0.8509803921568627194 ) ;
#1431 = DIRECTION ( 'NONE',  ( -1.000000000000000000, -1.417602794365951558E-16, 0.000000000000000000 ) ) ;
#1432 = EDGE_CURVE ( 'NONE', #10304, #4093, #4946, .T. ) ;
#1433 = CARTESIAN_POINT ( 'NONE',  ( 1.155612143636888911, 0.2788276402336488102, 1.081604495326819571 ) ) ;
#1434 = CARTESIAN_POINT ( 'NONE',  ( 1.142736174085447143, 0.5126172077172520547, 1.173221779219489669 ) ) ;
#1435 = DIRECTION ( 'NONE',  ( -0.000000000000000000, -1.000000000000000000, -4.461894786142269347E-15 ) ) ;
#1436 = AXIS2_PLACEMENT_3D ( 'NONE', #874, #3937, #3256 ) ;
#1437 = ORIENTED_EDGE ( 'NONE', *, *, #2102, .F. ) ;
#1438 = ADVANCED_FACE ( 'NONE', ( #7686 ), #7725, .F. ) ;
#1439 = AXIS2_PLACEMENT_3D ( 'NONE', #2304, #6428, #5590 ) ;
#1440 = B_SPLINE_CURVE_WITH_KNOTS ( 'NONE', 3,
 ( #5673, #8781, #8888, #3029 ),
 .UNSPECIFIED., .F., .F.,
 ( 4, 4 ),
 ( 0.000000000000000000, 1.000000000000000000 ),
 .UNSPECIFIED. ) ;
#1441 = VECTOR ( 'NONE', #2345, 1000.000000000000227 ) ;
#1442 = CARTESIAN_POINT ( 'NONE',  ( 1.161389808900439746, -0.02285808644008004500, 1.047679567378805077 ) ) ;
#1443 = LINE ( 'NONE', #6242, #3750 ) ;
#1444 = CARTESIAN_POINT ( 'NONE',  ( 1.185273118879126564, -0.3881144490365188715, 0.8705556901518068935 ) ) ;
#1445 = CARTESIAN_POINT ( 'NONE',  ( 1.191193013656346444, 0.3287672129544174648, 0.8356187466286061349 ) ) ;
#1446 = EDGE_CURVE ( 'NONE', #6343, #7808, #1763, .T. ) ;
#1447 = VECTOR ( 'NONE', #520, 999.9999999999998863 ) ;
#1448 = SURFACE_STYLE_FILL_AREA ( #1397 ) ;
#1449 = ADVANCED_FACE ( 'NONE', ( #5827 ), #4070, .F. ) ;
#1450 = ORIENTED_EDGE ( 'NONE', *, *, #3096, .T. ) ;
#1451 = SURFACE_STYLE_FILL_AREA ( #6482 ) ;
#1452 = COLOUR_RGB ( '',0.8509803921568627194, 0.8509803921568627194, 0.8509803921568627194 ) ;
#1453 = B_SPLINE_CURVE_WITH_KNOTS ( 'NONE', 3,
 ( #7596, #1115, #4389, #3589 ),
 .UNSPECIFIED., .F., .F.,
 ( 4, 4 ),
 ( 3.000000000000000000, 4.000000000000000000 ),
 .UNSPECIFIED. ) ;
#1454 = ORIENTED_EDGE ( 'NONE', *, *, #8936, .F. ) ;
#1455 = DIRECTION ( 'NONE',  ( -0.9902680687415706950, -1.431534388630178744E-16, -0.1391731009600623292 ) ) ;
#1456 = EDGE_CURVE ( 'NONE', #5706, #7141, #3283, .T. ) ;
#1457 = CARTESIAN_POINT ( 'NONE',  ( 1.143925660146534851, 0.5102465596682564941, 1.164758146115226767 ) ) ;
#1458 = CARTESIAN_POINT ( 'NONE',  ( 1.145132987715453465, 0.1766402322180271878, 1.163352860620672669 ) ) ;
#1459 = UNCERTAINTY_MEASURE_WITH_UNIT (LENGTH_MEASURE( 1.000000000000000082E-05 ), #4047, 'distance_accuracy_value', 'NONE');
#1460 = DIRECTION ( 'NONE',  ( -0.1201325171226141214, -0.5048830486499273906, 0.8547872750080804938 ) ) ;
#1461 = SURFACE_STYLE_USAGE ( .BOTH. , #3928 ) ;
#1462 = ORIENTED_EDGE ( 'NONE', *, *, #9659, .T. ) ;
#1463 = CARTESIAN_POINT ( 'NONE',  ( -1.149999999999999245, -2.050000000000000711, 0.1100000000000000006 ) ) ;
#1464 = FACE_OUTER_BOUND ( 'NONE', #3209, .T. ) ;
#1465 = CARTESIAN_POINT ( 'NONE',  ( 1.156159610325279141, 0.4327014142695422838, 1.084894363962559449 ) ) ;
#1466 = ORIENTED_EDGE ( 'NONE', *, *, #5844, .T. ) ;
#1467 = CARTESIAN_POINT ( 'NONE',  ( -1.249999999999999778, 2.149999999999999467, 0.3999999999999999667 ) ) ;
#1468 = SURFACE_SIDE_STYLE ('',( #9597 ) ) ;
#1469 = EDGE_CURVE ( 'NONE', #2722, #8091, #6528, .T. ) ;
#1470 = DIRECTION ( 'NONE',  ( -0.9902680687415706950, -1.431534388630178744E-16, -0.1391731009600623292 ) ) ;
#1471 = FILL_AREA_STYLE ('',( #2259 ) ) ;
#1472 = EDGE_LOOP ( 'NONE', ( #5525, #2378, #9331, #3815, #923, #5868 ) ) ;
#1473 = CARTESIAN_POINT ( 'NONE',  ( 1.144915928215276768, 0.5145199647044413904, 1.164897319216186888 ) ) ;
#1474 = CARTESIAN_POINT ( 'NONE',  ( 1.158538582447339760, 0.3287048274790951852, 1.067967097754855876 ) ) ;
#1475 = B_SPLINE_CURVE_WITH_KNOTS ( 'NONE', 3,
 ( #7481, #7586, #8334, #3527 ),
 .UNSPECIFIED., .F., .F.,
 ( 4, 4 ),
 ( 15.00000000000000000, 16.00000000000000000 ),
 .UNSPECIFIED. ) ;
#1476 = SURFACE_SIDE_STYLE ('',( #2267 ) ) ;
#1477 = CARTESIAN_POINT ( 'NONE',  ( 1.184307146499483654, -0.4696681304213600194, 0.8774289407745790026 ) ) ;
#1478 = DIRECTION ( 'NONE',  ( -0.9902680687415706950, 0.000000000000000000, -0.1391731009600623292 ) ) ;
#1479 = DIRECTION ( 'NONE',  ( 1.000000000000000000, 1.417602794365952545E-16, 0.000000000000000000 ) ) ;
#1480 = VERTEX_POINT ( 'NONE', #847 ) ;
#1481 = VECTOR ( 'NONE', #7948, 1000.000000000000114 ) ;
#1482 = EDGE_CURVE ( 'NONE', #1902, #7258, #4824, .T. ) ;
#1483 = CARTESIAN_POINT ( 'NONE',  ( 1.185480007611194209, 0.5045694814458165922, 0.8762688968660794497 ) ) ;
#1484 = SURFACE_STYLE_USAGE ( .BOTH. , #4649 ) ;
#1485 = ORIENTED_EDGE ( 'NONE', *, *, #542, .F. ) ;
#1486 = CARTESIAN_POINT ( 'NONE',  ( 1.147772431237794821, 0.4345417857818210661, 1.144572244097861624 ) ) ;
#1487 = ORIENTED_EDGE ( 'NONE', *, *, #7327, .F. ) ;
#1488 = VERTEX_POINT ( 'NONE', #8233 ) ;
#1489 = LINE ( 'NONE', #4603, #9502 ) ;
#1490 = DIRECTION ( 'NONE',  ( 0.1378445374916257848, 0.1378445374916256183, -0.9808148484639899189 ) ) ;
#1491 = B_SPLINE_CURVE_WITH_KNOTS ( 'NONE', 3,
 ( #5567, #4548, #8731, #2123 ),
 .UNSPECIFIED., .F., .F.,
 ( 4, 4 ),
 ( 8.000000000000000000, 9.000000000000000000 ),
 .UNSPECIFIED. ) ;
#1492 = ORIENTED_EDGE ( 'NONE', *, *, #2178, .T. ) ;
#1493 = ORIENTED_EDGE ( 'NONE', *, *, #4471, .F. ) ;
#1494 = CARTESIAN_POINT ( 'NONE',  ( 1.154831206184110837, 0.4215032215110968705, 1.094346450567719842 ) ) ;
#1495 = VECTOR ( 'NONE', #4308, 1000.000000000000227 ) ;
#1496 = STYLED_ITEM ( 'NONE', ( #5626 ), #8879 ) ;
#1497 = CARTESIAN_POINT ( 'NONE',  ( 1.180600510046873275, 0.5830192162315277482, 0.9109883260956967987 ) ) ;
#1498 = CARTESIAN_POINT ( 'NONE',  ( 1.168634534959545501, -0.02199050737592457214, 0.9961306629308762650 ) ) ;
#1499 = LINE ( 'NONE', #4997, #8616 ) ;
#1500 = CARTESIAN_POINT ( 'NONE',  ( 1.177656706476426951, 0.1678438802460305301, 0.9247492803551720097 ) ) ;
#1501 = FACE_OUTER_BOUND ( 'NONE', #219, .T. ) ;
#1502 = B_SPLINE_SURFACE_WITH_KNOTS ( 'NONE', 3, 1, ( 
 ( #33, #7350 ),
 ( #3305, #975 ),
 ( #1686, #5013 ),
 ( #4957, #2529 ) ),
 .UNSPECIFIED., .F., .F., .F.,
 ( 4, 4 ),
 ( 2, 2 ),
 ( 2.000000000000000000, 3.000000000000000000 ),
 ( 0.000000000000000000, 1.000000000000000000 ),
 .UNSPECIFIED. ) ;
#1503 = DIRECTION ( 'NONE',  ( 1.000000000000000000, 0.000000000000000000, 0.000000000000000000 ) ) ;
#1504 = CARTESIAN_POINT ( 'NONE',  ( 1.172126030411575703, 0.5828944452808791921, 0.9641020853713281324 ) ) ;
#1505 = EDGE_CURVE ( 'NONE', #5790, #8957, #6292, .T. ) ;
#1506 = FACE_OUTER_BOUND ( 'NONE', #2582, .T. ) ;
#1507 = VERTEX_POINT ( 'NONE', #9790 ) ;
#1508 = CARTESIAN_POINT ( 'NONE',  ( 1.180226102181359815, -0.3004876231897625205, 0.9136523764857953367 ) ) ;
#1509 = CARTESIAN_POINT ( 'NONE',  ( 1.145789333529667831, -0.4280236817057631593, 1.151497420952471540 ) ) ;
#1510 = COLOUR_RGB ( '',0.2509803921568627416, 0.2509803921568627416, 0.2509803921568627416 ) ;
#1511 = ORIENTED_EDGE ( 'NONE', *, *, #9799, .F. ) ;
#1512 = ORIENTED_EDGE ( 'NONE', *, *, #6286, .F. ) ;
#1513 = ORIENTED_EDGE ( 'NONE', *, *, #5515, .T. ) ;
#1514 = ADVANCED_FACE ( 'NONE', ( #1549 ), #8953, .F. ) ;
#1515 = CARTESIAN_POINT ( 'NONE',  ( 1.147954284470145803, 0.3224662799812311187, 1.136092994580147009 ) ) ;
#1516 = EDGE_CURVE ( 'NONE', #1832, #5472, #2504, .T. ) ;
#1517 = CARTESIAN_POINT ( 'NONE',  ( 0.000000000000000000, 1.908476408045745476, 1.409999999999999920 ) ) ;
#1518 = CARTESIAN_POINT ( 'NONE',  ( 1.177656706476426729, 0.1678438802460305301, 0.9247492803551720097 ) ) ;
#1519 = VECTOR ( 'NONE', #7958, 1000.000000000000000 ) ;
#1520 = CARTESIAN_POINT ( 'NONE',  ( 1.150238227159948945, 0.1638200171098933289, 1.127027194451787784 ) ) ;
#1521 = PRESENTATION_LAYER_ASSIGNMENT (  '', '', ( #492 ) ) ;
#1522 = DIRECTION ( 'NONE',  ( 1.008560160451632221E-16, -1.000000000000000000, 0.000000000000000000 ) ) ;
#1523 = ADVANCED_FACE ( 'NONE', ( #1929 ), #8250, .F. ) ;
#1524 = ORIENTED_EDGE ( 'NONE', *, *, #8189, .T. ) ;
#1525 = DIRECTION ( 'NONE',  ( -0.1391731009600623570, 0.000000000000000000, 0.9902680687415708061 ) ) ;
#1526 = DIRECTION ( 'NONE',  ( 0.000000000000000000, -1.000000000000000000, 0.000000000000000000 ) ) ;
#1527 = FILL_AREA_STYLE_COLOUR ( '', #8800 ) ;
#1528 = LINE ( 'NONE', #2437, #5893 ) ;
#1529 = EDGE_LOOP ( 'NONE', ( #8765, #8839, #4883, #9954 ) ) ;
#1530 = PLANE ( 'NONE',  #2824 ) ;
#1531 = ORIENTED_EDGE ( 'NONE', *, *, #9782, .T. ) ;
#1532 = AXIS2_PLACEMENT_3D ( 'NONE', #6223, #514, #1538 ) ;
#1533 = CARTESIAN_POINT ( 'NONE',  ( 1.169243956996899314, 0.5732558893976230641, 0.9917943998181333320 ) ) ;
#1534 = EDGE_CURVE ( 'NONE', #2798, #9024, #359, .T. ) ;
#1535 = CARTESIAN_POINT ( 'NONE',  ( 1.173072886580212915, 0.2829762743196016506, 0.9645501501918819498 ) ) ;
#1536 = CYLINDRICAL_SURFACE ( 'NONE', #4707, 0.1000000000000000472 ) ;
#1537 = CARTESIAN_POINT ( 'NONE',  ( 1.143277981661783516, -0.1547321230152597926, 1.176551914529794685 ) ) ;
#1538 = DIRECTION ( 'NONE',  ( 0.000000000000000000, 0.000000000000000000, 1.000000000000000000 ) ) ;
#1539 = ORIENTED_EDGE ( 'NONE', *, *, #1456, .T. ) ;
#1540 =( GEOMETRIC_REPRESENTATION_CONTEXT ( 3 ) GLOBAL_UNCERTAINTY_ASSIGNED_CONTEXT ( ( #5862 ) ) GLOBAL_UNIT_ASSIGNED_CONTEXT ( ( #6794, #10100, #5252 ) ) REPRESENTATION_CONTEXT ( 'NONE', 'WORKASPACE' ) );
#1541 = LINE ( 'NONE', #8057, #3672 ) ;
#1542 = ORIENTED_EDGE ( 'NONE', *, *, #2370, .F. ) ;
#1543 = FILL_AREA_STYLE ('',( #7952 ) ) ;
#1544 = EDGE_CURVE ( 'NONE', #7882, #1018, #8283, .T. ) ;
#1545 = DIRECTION ( 'NONE',  ( -0.9902680687415706950, -1.431534388630178744E-16, -0.1391731009600623292 ) ) ;
#1546 = EDGE_LOOP ( 'NONE', ( #7500, #8485, #8956, #761, #3382, #10539, #7777 ) ) ;
#1547 = ORIENTED_EDGE ( 'NONE', *, *, #7677, .F. ) ;
#1548 = CARTESIAN_POINT ( 'NONE',  ( 1.184802781970671681, 0.2979799810520100123, 0.8810876076838775051 ) ) ;
#1549 = FACE_OUTER_BOUND ( 'NONE', #8812, .T. ) ;
#1550 = LINE ( 'NONE', #572, #8523 ) ;
#1551 = LINE ( 'NONE', #1433, #10094 ) ;
#1552 = ORIENTED_EDGE ( 'NONE', *, *, #466, .F. ) ;
#1553 = SURFACE_STYLE_USAGE ( .BOTH. , #9671 ) ;
#1554 = CARTESIAN_POINT ( 'NONE',  ( 1.181068881819498761, 0.1737081148940254616, 0.9004703912316093239 ) ) ;
#1555 = ORIENTED_EDGE ( 'NONE', *, *, #1927, .F. ) ;
#1556 = VERTEX_POINT ( 'NONE', #2662 ) ;
#1557 = EDGE_CURVE ( 'NONE', #6874, #7764, #9944, .T. ) ;
#1558 = CARTESIAN_POINT ( 'NONE',  ( 1.172360454671748320, 0.3835728527238249086, 0.9624340700883052824 ) ) ;
#1559 = CARTESIAN_POINT ( 'NONE',  ( 1.169243956996899314, 0.5732558893976230641, 0.9917943998181333320 ) ) ;
#1560 = CARTESIAN_POINT ( 'NONE',  ( 1.142258643185105171, 0.2203412574405151092, 1.176619588129285798 ) ) ;
#1561 = CARTESIAN_POINT ( 'NONE',  ( 1.175854965329553359, -0.3698950073776000602, 0.9375693347592094495 ) ) ;
#1562 = FILL_AREA_STYLE_COLOUR ( '', #2483 ) ;
#1563 = VECTOR ( 'NONE', #9634, 1000.000000000000000 ) ;
#1564 = FACE_OUTER_BOUND ( 'NONE', #10454, .T. ) ;
#1565 = ORIENTED_EDGE ( 'NONE', *, *, #4094, .F. ) ;
#1566 = DIRECTION ( 'NONE',  ( 0.9902680687415708061, 4.993724611500633215E-17, 0.1391731009600625235 ) ) ;
#1567 = SURFACE_SIDE_STYLE ('',( #1451 ) ) ;
#1568 = ORIENTED_EDGE ( 'NONE', *, *, #6089, .F. ) ;
#1569 = CARTESIAN_POINT ( 'NONE',  ( 1.143509382654012585, 0.3259286738427819019, 1.174905410915961124 ) ) ;
#1570 = ORIENTED_EDGE ( 'NONE', *, *, #8558, .T. ) ;
#1571 = VERTEX_POINT ( 'NONE', #4383 ) ;
#1572 = CARTESIAN_POINT ( 'NONE',  ( -2.214999999999998970, -1.300000000000000044, 0.000000000000000000 ) ) ;
#1573 = DIRECTION ( 'NONE',  ( -0.9902680687415706950, -1.431534388630178744E-16, -0.1391731009600623292 ) ) ;
#1574 = FACE_OUTER_BOUND ( 'NONE', #6622, .T. ) ;
#1575 = DIRECTION ( 'NONE',  ( -1.000000000000000000, -0.000000000000000000, -0.000000000000000000 ) ) ;
#1576 = FACE_OUTER_BOUND ( 'NONE', #4005, .T. ) ;
#1577 = CARTESIAN_POINT ( 'NONE',  ( 1.188909070966427173, 0.3525048861839164549, 0.8446845467577882571 ) ) ;
#1578 = ORIENTED_EDGE ( 'NONE', *, *, #8324, .F. ) ;
#1579 = DIRECTION ( 'NONE',  ( -0.9902680687415706950, -1.431534388630178744E-16, -0.1391731009600623292 ) ) ;
#1580 = LINE ( 'NONE', #3401, #5064 ) ;
#1581 = LINE ( 'NONE', #4043, #10151 ) ;
#1582 = EDGE_CURVE ( 'NONE', #9876, #10437, #2605, .T. ) ;
#1583 = CARTESIAN_POINT ( 'NONE',  ( 1.177062420440378121, -0.1972441590686038193, 0.9289778452225079253 ) ) ;
#1584 = EDGE_CURVE ( 'NONE', #3829, #7911, #9992, .T. ) ;
#1585 = VERTEX_POINT ( 'NONE', #4332 ) ;
#1586 = PLANE ( 'NONE',  #4315 ) ;
#1587 = DIRECTION ( 'NONE',  ( 0.1391731009600623570, 0.000000000000000000, -0.9902680687415708061 ) ) ;
#1588 = EDGE_CURVE ( 'NONE', #813, #7791, #10144, .T. ) ;
#1589 = CYLINDRICAL_SURFACE ( 'NONE', #4758, 0.1000000000000000472 ) ;
#1590 = CARTESIAN_POINT ( 'NONE',  ( 1.183543836869485055, 0.4316408611952773922, 0.8900454675390059300 ) ) ;
#1591 = B_SPLINE_SURFACE_WITH_KNOTS ( 'NONE', 3, 1, ( 
 ( #1537, #6338 ),
 ( #1418, #7306 ),
 ( #9553, #10332 ),
 ( #7137, #6448 ) ),
 .UNSPECIFIED., .F., .F., .F.,
 ( 4, 4 ),
 ( 2, 2 ),
 ( 1.000000000000000000, 2.000000000000000000 ),
 ( 0.000000000000000000, 1.000000000000000000 ),
 .UNSPECIFIED. ) ;
#1592 = LINE ( 'NONE', #7879, #1008 ) ;
#1593 = CARTESIAN_POINT ( 'NONE',  ( 1.172860627847548631, -0.02199050737592444724, 0.9660604495515933143 ) ) ;
#1594 = DIRECTION ( 'NONE',  ( 0.1295242747727196608, 0.3658589216693592938, -0.9216131030315999340 ) ) ;
#1595 = ORIENTED_EDGE ( 'NONE', *, *, #6932, .F. ) ;
#1596 = LINE ( 'NONE', #4868, #2577 ) ;
#1597 = EDGE_CURVE ( 'NONE', #3068, #6253, #9353, .T. ) ;
#1598 = EDGE_CURVE ( 'NONE', #9924, #8097, #1475, .T. ) ;
#1599 = CARTESIAN_POINT ( 'NONE',  ( 1.182640869348672075, 0.1737081148940254616, 0.8964704152968933082 ) ) ;
#1600 = EDGE_CURVE ( 'NONE', #7468, #7258, #5147, .T. ) ;
#1601 = FILL_AREA_STYLE_COLOUR ( '', #5409 ) ;
#1602 = ORIENTED_EDGE ( 'NONE', *, *, #6057, .T. ) ;
#1603 = DIRECTION ( 'NONE',  ( -1.000000000000000000, 2.168404344971012418E-15, -0.000000000000000000 ) ) ;
#1604 = FACE_OUTER_BOUND ( 'NONE', #7979, .T. ) ;
#1605 = EDGE_CURVE ( 'NONE', #2075, #4179, #7790, .T. ) ;
#1606 = ORIENTED_EDGE ( 'NONE', *, *, #7597, .F. ) ;
#1607 = CARTESIAN_POINT ( 'NONE',  ( 1.183543836869484611, 0.5535420793034290243, 0.8900454675390062631 ) ) ;
#1608 = CARTESIAN_POINT ( 'NONE',  ( 1.170450807817867034, 0.5532925374038010213, 0.9832072100271849191 ) ) ;
#1609 = MECHANICAL_DESIGN_GEOMETRIC_PRESENTATION_REPRESENTATION (  '', ( #1246 ), #10290 ) ;
#1610 = CARTESIAN_POINT ( 'NONE',  ( 1.177770054164348545, 0.2129485786556120086, 0.9311280661827583405 ) ) ;
#1611 = CARTESIAN_POINT ( 'NONE',  ( 1.183543836869484833, 0.4815180484407237671, 0.8900454675390060411 ) ) ;
#1612 = FILL_AREA_STYLE_COLOUR ( '', #3373 ) ;
#1613 = DIRECTION ( 'NONE',  ( 0.000000000000000000, 0.3529050420797346099, -0.9356591426768087194 ) ) ;
#1614 = CARTESIAN_POINT ( 'NONE',  ( 1.145106940575460142, 0.4211601013982697594, 1.163538195651937279 ) ) ;
#1615 = VECTOR ( 'NONE', #2064, 1000.000000000000114 ) ;
#1616 =( LENGTH_UNIT ( ) NAMED_UNIT ( * ) SI_UNIT ( .MILLI., .METRE. ) );
#1617 = EDGE_CURVE ( 'NONE', #603, #7488, #7820, .T. ) ;
#1618 = EDGE_LOOP ( 'NONE', ( #3522, #6146, #1719, #4635 ) ) ;
#1619 = VECTOR ( 'NONE', #9626, 1000.000000000000000 ) ;
#1620 = CARTESIAN_POINT ( 'NONE',  ( 1.143769854054293544, 0.1649117629216120262, 1.173052060600852320 ) ) ;
#1621 = EDGE_LOOP ( 'NONE', ( #6938, #1070, #4181, #958, #5338, #7250 ) ) ;
#1622 = CARTESIAN_POINT ( 'NONE',  ( 1.140565579083565817, 0.5043511322828035937, 1.188666365175435002 ) ) ;
#1623 = VERTEX_POINT ( 'NONE', #327 ) ;
#1624 = ORIENTED_EDGE ( 'NONE', *, *, #9902, .T. ) ;
#1625 = VERTEX_POINT ( 'NONE', #2941 ) ;
#1626 = CARTESIAN_POINT ( 'NONE',  ( 1.165108608394333167, -0.5208560481278448062, 1.014033637522010034 ) ) ;
#1627 =( LENGTH_UNIT ( ) NAMED_UNIT ( * ) SI_UNIT ( .MILLI., .METRE. ) );
#1628 = LINE ( 'NONE', #1784, #3846 ) ;
#1629 = CARTESIAN_POINT ( 'NONE',  ( 1.179184805357776034, 0.3026900844129644108, 0.9138762918420080261 ) ) ;
#1630 = DIRECTION ( 'NONE',  ( -0.9902680687415706950, -1.431534388630178744E-16, -0.1391731009600623292 ) ) ;
#1631 = CARTESIAN_POINT ( 'NONE',  ( 1.186321721724072686, 0.3598663722313676372, 0.8630944932180719675 ) ) ;
#1632 = ORIENTED_EDGE ( 'NONE', *, *, #8281, .T. ) ;
#1633 = CARTESIAN_POINT ( 'NONE',  ( 1.175879270230803408, -0.5625005051174475357, 0.9445816929350775437 ) ) ;
#1634 =( LENGTH_UNIT ( ) NAMED_UNIT ( * ) SI_UNIT ( .MILLI., .METRE. ) );
#1635 = CARTESIAN_POINT ( 'NONE',  ( 1.177925860256705759, 0.6448120291985222075, 0.9228341516963086688 ) ) ;
#1636 = ORIENTED_EDGE ( 'NONE', *, *, #8861, .F. ) ;
#1637 = SURFACE_STYLE_FILL_AREA ( #3260 ) ;
#1638 = B_SPLINE_CURVE_WITH_KNOTS ( 'NONE', 3,
 ( #3712, #1225, #2853, #9526 ),
 .UNSPECIFIED., .F., .F.,
 ( 4, 4 ),
 ( 5.000000000000000000, 6.000000000000000000 ),
 .UNSPECIFIED. ) ;
#1639 = CARTESIAN_POINT ( 'NONE',  ( 1.176380396615360757, 0.2490385759310174418, 0.9338306968969808386 ) ) ;
#1640 = CARTESIAN_POINT ( 'NONE',  ( 1.147021092390224650, -0.4150097971705957178, 1.149918297785116117 ) ) ;
#1641 = CARTESIAN_POINT ( 'NONE',  ( 1.184489739542452513, 0.6280927219032401698, 0.8761297237651198833 ) ) ;
#1642 = VECTOR ( 'NONE', #1573, 1000.000000000000227 ) ;
#1643 = LINE ( 'NONE', #8118, #6063 ) ;
#1644 = CARTESIAN_POINT ( 'NONE',  ( 1.186263386947868481, -0.3690274283138578193, 0.8706948632527670151 ) ) ;
#1645 = ORIENTED_EDGE ( 'NONE', *, *, #3478, .T. ) ;
#1646 = DIRECTION ( 'NONE',  ( 0.000000000000000000, 5.211064180288560539E-15, -1.000000000000000000 ) ) ;
#1647 = ADVANCED_FACE ( 'NONE', ( #6195 ), #2746, .F. ) ;
#1648 = CARTESIAN_POINT ( 'NONE',  ( -2.214999999999998970, -1.300000000000000044, 0.4000000000000000222 ) ) ;
#1649 = CARTESIAN_POINT ( 'NONE',  ( 1.171579517218970468, 0.6638084063296135762, 0.9751760253292033331 ) ) ;
#1650 = CARTESIAN_POINT ( 'NONE',  ( 1.167507004247421154, 0.07794641080098900499, 0.9969681642866559113 ) ) ;
#1651 = CARTESIAN_POINT ( 'NONE',  ( 1.185480007611194209, 0.5045694814458165922, 0.8762688968660794497 ) ) ;
#1652 = FACE_OUTER_BOUND ( 'NONE', #1529, .T. ) ;
#1653 = ORIENTED_EDGE ( 'NONE', *, *, #1126, .T. ) ;
#1654 = EDGE_CURVE ( 'NONE', #4845, #7867, #279, .T. ) ;
#1655 = SURFACE_SIDE_STYLE ('',( #7260 ) ) ;
#1656 = DIRECTION ( 'NONE',  ( -0.1391731009600623570, -5.242939277508158878E-15, 0.9902680687415708061 ) ) ;
#1657 = EDGE_CURVE ( 'NONE', #2484, #9192, #8907, .T. ) ;
#1658 = CARTESIAN_POINT ( 'NONE',  ( 1.142287713593042042, -0.1547321230152597926, 1.176412741428834563 ) ) ;
#1659 =( NAMED_UNIT ( * ) PLANE_ANGLE_UNIT ( ) SI_UNIT ( $, .RADIAN. ) );
#1660 = DIRECTION ( 'NONE',  ( 1.000000000000000000, 0.000000000000000000, 9.486769009248159853E-16 ) ) ;
#1661 = DIRECTION ( 'NONE',  ( -0.000000000000000000, -1.000000000000000000, -1.287339273433619428E-14 ) ) ;
#1662 = ORIENTED_EDGE ( 'NONE', *, *, #8791, .T. ) ;
#1664 = EDGE_CURVE ( 'NONE', #3012, #1076, #8116, .T. ) ;
#1663 = DIRECTION ( 'NONE',  ( 0.1391731009600644109, -0.000000000000000000, -0.9902680687415704730 ) ) ;
#1665 = CARTESIAN_POINT ( 'NONE',  ( 1.185766526151469380, 0.1858420897773413460, 0.8742302115197041479 ) ) ;
#1666 = VERTEX_POINT ( 'NONE', #7901 ) ;
#1667 = CARTESIAN_POINT ( 'NONE',  ( -2.214999999999998970, 1.300000000000000044, 0.4000000000000000222 ) ) ;
#1668 = PLANE ( 'NONE',  #4900 ) ;
#1669 = EDGE_CURVE ( 'NONE', #1902, #1343, #4716, .T. ) ;
#1670 = CARTESIAN_POINT ( 'NONE',  ( 1.142258643185105171, 0.1962916568364787007, 1.176619588129285798 ) ) ;
#1671 = FILL_AREA_STYLE ('',( #6541 ) ) ;
#1672 = DIRECTION ( 'NONE',  ( -1.000000000000000000, 3.336006684570783101E-16, -0.000000000000000000 ) ) ;
#1673 = LINE ( 'NONE', #6598, #7174 ) ;
#1674 = VERTEX_POINT ( 'NONE', #3865 ) ;
#1675 = ORIENTED_EDGE ( 'NONE', *, *, #9448, .F. ) ;
#1676 = CARTESIAN_POINT ( 'NONE',  ( 1.158538582447339760, 0.2630753078015179991, 1.067967097754855654 ) ) ;
#1677 = B_SPLINE_SURFACE_WITH_KNOTS ( 'NONE', 3, 1, ( 
 ( #6098, #10064 ),
 ( #2748, #6005 ),
 ( #7658, #2087 ),
 ( #7957, #5404 ) ),
 .UNSPECIFIED., .F., .F., .F.,
 ( 4, 4 ),
 ( 2, 2 ),
 ( 1.000000000000000000, 2.000000000000000000 ),
 ( 0.000000000000000000, 1.000000000000000000 ),
 .UNSPECIFIED. ) ;
#1678 =( GEOMETRIC_REPRESENTATION_CONTEXT ( 3 ) GLOBAL_UNCERTAINTY_ASSIGNED_CONTEXT ( ( #4149 ) ) GLOBAL_UNIT_ASSIGNED_CONTEXT ( ( #2296, #8853, #3764 ) ) REPRESENTATION_CONTEXT ( 'NONE', 'WORKASPACE' ) );
#1679 = ORIENTED_EDGE ( 'NONE', *, *, #8672, .T. ) ;
#1680 = ORIENTED_EDGE ( 'NONE', *, *, #10079, .T. ) ;
#1681 = UNCERTAINTY_MEASURE_WITH_UNIT (LENGTH_MEASURE( 1.000000000000000082E-05 ), #7004, 'distance_accuracy_value', 'NONE');
#1682 = LINE ( 'NONE', #6709, #1642 ) ;
#1683 = EDGE_CURVE ( 'NONE', #2855, #1124, #10410, .T. ) ;
#1684 = CARTESIAN_POINT ( 'NONE',  ( -1.150645677516102472, 2.149998436620934150, 0.4100111240200388085 ) ) ;
#1685 = CARTESIAN_POINT ( 'NONE',  ( 1.180226102181359593, -0.3004876231897625760, 0.9136523764857953367 ) ) ;
#1686 = CARTESIAN_POINT ( 'NONE',  ( 1.181920231808043731, 0.2921157464040102791, 0.9015980178342922757 ) ) ;
#1687 = DIRECTION ( 'NONE',  ( 0.000000000000000000, 0.000000000000000000, 1.000000000000000000 ) ) ;
#1688 = ORIENTED_EDGE ( 'NONE', *, *, #4939, .F. ) ;
#1689 = B_SPLINE_SURFACE_WITH_KNOTS ( 'NONE', 3, 1, ( 
 ( #3501, #6761 ),
 ( #8484, #2140 ),
 ( #5408, #5467 ),
 ( #1334, #8683 ) ),
 .UNSPECIFIED., .F., .F., .F.,
 ( 4, 4 ),
 ( 2, 2 ),
 ( 0.000000000000000000, 1.000000000000000000 ),
 ( 0.000000000000000000, 1.000000000000000000 ),
 .UNSPECIFIED. ) ;
#1690 = VECTOR ( 'NONE', #3664, 1000.000000000000000 ) ;
#1691 = DIRECTION ( 'NONE',  ( -0.000000000000000000, -0.000000000000000000, -1.000000000000000000 ) ) ;
#1692 = PRODUCT ( 'SOT-89-3_L4.3-W2.5-H1.6-LS4.1-P1.50', 'SOT-89-3_L4.3-W2.5-H1.6-LS4.1-P1.50', '', ( #5221 ) ) ;
#1693 = EDGE_LOOP ( 'NONE', ( #4529, #2893, #2408, #9945 ) ) ;
#1694 = CARTESIAN_POINT ( 'NONE',  ( 1.152816877152650354, -0.1078821254503317811, 1.108679146369094148 ) ) ;
#1695 = LINE ( 'NONE', #3711, #6575 ) ;
#1696 = CARTESIAN_POINT ( 'NONE',  ( 1.177062420440378121, -0.1824950833095159153, 0.9289778452225080363 ) ) ;
#1697 = ORIENTED_EDGE ( 'NONE', *, *, #3435, .F. ) ;
#1698 = LINE ( 'NONE', #1747, #9405 ) ;
#1699 = MECHANICAL_DESIGN_GEOMETRIC_PRESENTATION_REPRESENTATION (  '', ( #2184 ), #3574 ) ;
#1700 = MECHANICAL_DESIGN_GEOMETRIC_PRESENTATION_REPRESENTATION (  '', ( #480 ), #5130 ) ;
#1701 = DIRECTION ( 'NONE',  ( -0.7071067811865483499, -0.7071067811865466846, -0.000000000000000000 ) ) ;
#1702 = CARTESIAN_POINT ( 'NONE',  ( 1.140513484803463262, 0.2310403663997008805, 1.189037035238785123 ) ) ;
#1703 = ORIENTED_EDGE ( 'NONE', *, *, #2518, .F. ) ;
#1704 = B_SPLINE_SURFACE_WITH_KNOTS ( 'NONE', 3, 1, ( 
 ( #7478, #9889 ),
 ( #5937, #9210 ),
 ( #846, #5741 ),
 ( #1865, #9786 ) ),
 .UNSPECIFIED., .F., .F., .F.,
 ( 4, 4 ),
 ( 2, 2 ),
 ( 4.000000000000000000, 5.000000000000000000 ),
 ( 0.000000000000000000, 1.000000000000000000 ),
 .UNSPECIFIED. ) ;
#1705 = COLOUR_RGB ( '',0.2509803921568627416, 0.2509803921568627416, 0.2509803921568627416 ) ;
#1706 = CARTESIAN_POINT ( 'NONE',  ( 2.502005013428084738E-17, -0.1999999999999998168, 0.01000000000000000021 ) ) ;
#1707 = ORIENTED_EDGE ( 'NONE', *, *, #830, .T. ) ;
#1708 = VECTOR ( 'NONE', #3796, 1000.000000000000114 ) ;
#1709 = CARTESIAN_POINT ( 'NONE',  ( 1.177839513204446797, 0.2703744083740638460, 0.9306338394318973695 ) ) ;
#1710 = DIRECTION ( 'NONE',  ( -5.042800802258161104E-17, 1.000000000000000000, 0.000000000000000000 ) ) ;
#1711 = CARTESIAN_POINT ( 'NONE',  ( 1.174687332513821625, 0.3036258665378299137, 0.9458774739431292655 ) ) ;
#1712 = CARTESIAN_POINT ( 'NONE',  ( 1.171058097670573339, 0.5739733223590658406, 0.9717008216622001759 ) ) ;
#1713 = ORIENTED_EDGE ( 'NONE', *, *, #5695, .F. ) ;
#1714 = PLANE ( 'NONE',  #3228 ) ;
#1715 =( GEOMETRIC_REPRESENTATION_CONTEXT ( 3 ) GLOBAL_UNCERTAINTY_ASSIGNED_CONTEXT ( ( #1143 ) ) GLOBAL_UNIT_ASSIGNED_CONTEXT ( ( #10384, #7722, #5339 ) ) REPRESENTATION_CONTEXT ( 'NONE', 'WORKASPACE' ) );
#1716 = ORIENTED_EDGE ( 'NONE', *, *, #6932, .T. ) ;
#1717 = EDGE_CURVE ( 'NONE', #2802, #3313, #1198, .T. ) ;
#1718 = VERTEX_POINT ( 'NONE', #2996 ) ;
#1719 = ORIENTED_EDGE ( 'NONE', *, *, #2168, .T. ) ;
#1720 = EDGE_CURVE ( 'NONE', #8316, #3288, #6695, .T. ) ;
#1721 = CARTESIAN_POINT ( 'NONE',  ( 1.178412073537161486, 0.6039183503498036787, 0.9193745644419321073 ) ) ;
#1722 = DIRECTION ( 'NONE',  ( 1.417602794365953531E-16, -1.000000000000000000, 1.992310799966207545E-17 ) ) ;
#1723 = EDGE_CURVE ( 'NONE', #9363, #2310, #4082, .T. ) ;
#1724 =( LENGTH_UNIT ( ) NAMED_UNIT ( * ) SI_UNIT ( .MILLI., .METRE. ) );
#1725 = CARTESIAN_POINT ( 'NONE',  ( 1.190029097987416629, 0.3189103079077391656, 0.8367151404043875473 ) ) ;
#1726 = MECHANICAL_DESIGN_GEOMETRIC_PRESENTATION_REPRESENTATION (  '', ( #860 ), #9934 ) ;
#1727 = FACE_OUTER_BOUND ( 'NONE', #8621, .T. ) ;
#1728 = DIRECTION ( 'NONE',  ( -0.000000000000000000, 0.000000000000000000, 1.000000000000000000 ) ) ;
#1729 = DIRECTION ( 'NONE',  ( 0.9902680687415708061, 0.000000000000000000, -0.1391731009600616908 ) ) ;
#1730 = ORIENTED_EDGE ( 'NONE', *, *, #2587, .F. ) ;
#1731 = ORIENTED_EDGE ( 'NONE', *, *, #1939, .F. ) ;
#1732 = EDGE_CURVE ( 'NONE', #4571, #1953, #9900, .T. ) ;
#1733 = LINE ( 'NONE', #5006, #3862 ) ;
#1734 = VERTEX_POINT ( 'NONE', #5835 ) ;
#1735 = EDGE_CURVE ( 'NONE', #7367, #5248, #1771, .T. ) ;
#1736 = VECTOR ( 'NONE', #3421, 1000.000000000000114 ) ;
#1737 = LINE ( 'NONE', #5217, #605 ) ;
#1738 =( NAMED_UNIT ( * ) PLANE_ANGLE_UNIT ( ) SI_UNIT ( $, .RADIAN. ) );
#1739 = ORIENTED_EDGE ( 'NONE', *, *, #980, .F. ) ;
#1740 = CARTESIAN_POINT ( 'NONE',  ( 1.183341183331992896, -0.4965634868294417914, 0.8843021258494826453 ) ) ;
#1741 = DIRECTION ( 'NONE',  ( 1.000000000000000000, -0.000000000000000000, 0.000000000000000000 ) ) ;
#1742 = CARTESIAN_POINT ( 'NONE',  ( 1.156159610325279141, 0.4327014142695422838, 1.084894363962559449 ) ) ;
#1743 = ORIENTED_EDGE ( 'NONE', *, *, #3683, .F. ) ;
#1744 = CARTESIAN_POINT ( 'NONE',  ( 1.170189859669866772, 0.6644634538161459103, 0.9778786560442492837 ) ) ;
#1745 = ORIENTED_EDGE ( 'NONE', *, *, #6268, .F. ) ;
#1746 = FILL_AREA_STYLE ('',( #9091 ) ) ;
#1747 = CARTESIAN_POINT ( 'NONE',  ( 1.144915928215276768, 0.5102465596682564941, 1.164897319216186888 ) ) ;
#1748 = CARTESIAN_POINT ( 'NONE',  ( 1.187815091085430819, 0.3397782492881460947, 0.8524686180799267987 ) ) ;
#1749 = ORIENTED_EDGE ( 'NONE', *, *, #458, .T. ) ;
#1750 = LINE ( 'NONE', #144, #1314 ) ;
#1751 = B_SPLINE_CURVE_WITH_KNOTS ( 'NONE', 3,
 ( #3264, #3317, #2445, #5724 ),
 .UNSPECIFIED., .F., .F.,
 ( 4, 4 ),
 ( 4.000000000000000000, 5.000000000000000000 ),
 .UNSPECIFIED. ) ;
#1752 = ORIENTED_EDGE ( 'NONE', *, *, #8547, .F. ) ;
#1753 = ADVANCED_FACE ( 'NONE', ( #9172 ), #6281, .F. ) ;
#1754 = CARTESIAN_POINT ( 'NONE',  ( 1.136999214739794706, -0.2727246628959233976, 1.221227662580423257 ) ) ;
#1755 = CARTESIAN_POINT ( 'NONE',  ( 1.159457873353305413, -0.5208560481278450283, 1.061426003076482827 ) ) ;
#1756 = CARTESIAN_POINT ( 'NONE',  ( 1.170450807817867034, 0.5532925374038010213, 0.9832072100271849191 ) ) ;
#1757 = CARTESIAN_POINT ( 'NONE',  ( 1.176571408975428445, 0.2681285312744675076, 0.9324715733335537937 ) ) ;
#1758 = FACE_OUTER_BOUND ( 'NONE', #2202, .T. ) ;
#1759 = ORIENTED_EDGE ( 'NONE', *, *, #4124, .T. ) ;
#1760 = SURFACE_STYLE_USAGE ( .BOTH. , #8390 ) ;
#1761 = DIRECTION ( 'NONE',  ( -0.1391731009600623292, 0.000000000000000000, 0.9902680687415708061 ) ) ;
#1762 = LINE ( 'NONE', #5825, #3587 ) ;
#1763 = LINE ( 'NONE', #3159, #4516 ) ;
#1764 = ORIENTED_EDGE ( 'NONE', *, *, #1139, .T. ) ;
#1765 = SURFACE_STYLE_USAGE ( .BOTH. , #7379 ) ;
#1766 = CARTESIAN_POINT ( 'NONE',  ( -1.149999999999999467, -1.159844184519376401E-16, 0.01000000000000000021 ) ) ;
#1767 = ORIENTED_EDGE ( 'NONE', *, *, #6693, .F. ) ;
#1768 = VERTEX_POINT ( 'NONE', #7643 ) ;
#1769 = CARTESIAN_POINT ( 'NONE',  ( 1.172048365739315035, 0.5739733223590658406, 0.9718399947631601865 ) ) ;
#1770 = CARTESIAN_POINT ( 'NONE',  ( 1.176217196335439308, -0.4688005099871742631, 0.9349919272274191950 ) ) ;
#1771 = LINE ( 'NONE', #5049, #491 ) ;
#1772 = B_SPLINE_SURFACE_WITH_KNOTS ( 'NONE', 3, 1, ( 
 ( #2196, #6108 ),
 ( #10483, #9810 ),
 ( #9693, #8969 ),
 ( #9857, #2363 ) ),
 .UNSPECIFIED., .F., .F., .F.,
 ( 4, 4 ),
 ( 2, 2 ),
 ( 16.00000000000000000, 17.00000000000000000 ),
 ( 0.000000000000000000, 1.000000000000000000 ),
 .UNSPECIFIED. ) ;
#1773 = LINE ( 'NONE', #5796, #5392 ) ;
#1774 = EDGE_CURVE ( 'NONE', #8529, #7566, #9382, .T. ) ;
#1775 = SURFACE_SIDE_STYLE ('',( #4142 ) ) ;
#1776 = ORIENTED_EDGE ( 'NONE', *, *, #1121, .F. ) ;
#1777 = EDGE_CURVE ( 'NONE', #3686, #1224, #5251, .T. ) ;
#1778 = VERTEX_POINT ( 'NONE', #4343 ) ;
#1779 = VERTEX_POINT ( 'NONE', #10147 ) ;
#1780 = CARTESIAN_POINT ( 'NONE',  ( 1.167507004247420932, 0.5045694814458161481, 0.9969681642866573545 ) ) ;
#1781 = CARTESIAN_POINT ( 'NONE',  ( 1.156602411705630384, 0.3852260678105494107, 1.081743668427780136 ) ) ;
#1782 = SURFACE_SIDE_STYLE ('',( #127 ) ) ;
#1783 = B_SPLINE_SURFACE_WITH_KNOTS ( 'NONE', 3, 1, ( 
 ( #9145, #8221 ),
 ( #5185, #1800 ),
 ( #4268, #7517 ),
 ( #3459, #7571 ) ),
 .UNSPECIFIED., .F., .F., .F.,
 ( 4, 4 ),
 ( 2, 2 ),
 ( 1.000000000000000000, 2.000000000000000000 ),
 ( 0.000000000000000000, 1.000000000000000000 ),
 .UNSPECIFIED. ) ;
#1784 = CARTESIAN_POINT ( 'NONE',  ( 1.143804583574284717, 0.4327014142695420063, 1.172804947225834171 ) ) ;
#1785 = AXIS2_PLACEMENT_3D ( 'NONE', #5228, #6914, #4462 ) ;
#1786 = ADVANCED_FACE ( 'NONE', ( #1210 ), #8563, .T. ) ;
#1787 = CARTESIAN_POINT ( 'NONE',  ( 1.178646497797333881, 0.2992588832892865702, 0.9177065491589090351 ) ) ;
#1788 = DIRECTION ( 'NONE',  ( 1.417602794365952298E-16, -1.000000000000000000, 1.992310799966297524E-17 ) ) ;
#1789 = EDGE_CURVE ( 'NONE', #7882, #815, #8539, .T. ) ;
#1790 = CARTESIAN_POINT ( 'NONE',  ( 1.175885977702742391, 0.4316408611952771701, 0.9445339667923290383 ) ) ;
#1791 = STYLED_ITEM ( 'NONE', ( #7585 ), #1414 ) ;
#1792 = ORIENTED_EDGE ( 'NONE', *, *, #1600, .F. ) ;
#1793 = EDGE_LOOP ( 'NONE', ( #5428, #5576, #1229, #4384 ) ) ;
#1794 = EDGE_CURVE ( 'NONE', #7298, #4899, #2828, .T. ) ;
#1795 = CARTESIAN_POINT ( 'NONE',  ( 1.173810412133002190, 0.1952934892367083342, 0.9521170866697551416 ) ) ;
#1796 = DIRECTION ( 'NONE',  ( -0.1308010097129393978, -0.3416038306815530889, 0.9306975441687617145 ) ) ;
#1797 = VECTOR ( 'NONE', #1336, 1000.000000000000000 ) ;
#1798 = VECTOR ( 'NONE', #3266, 1000.000000000000227 ) ;
#1799 = UNCERTAINTY_MEASURE_WITH_UNIT (LENGTH_MEASURE( 1.000000000000000082E-05 ), #8988, 'distance_accuracy_value', 'NONE');
#1800 = CARTESIAN_POINT ( 'NONE',  ( 1.157062101098142337, 0.1733961875190717927, 1.071287511908270540 ) ) ;
#1801 = AXIS2_PLACEMENT_3D ( 'NONE', #4297, #5995, #4244 ) ;
#1802 = CARTESIAN_POINT ( 'NONE',  ( 1.008476408045746009, 1.908476408045745254, 1.409999999999999920 ) ) ;
#1803 = ADVANCED_FACE ( 'NONE', ( #6793 ), #1935, .F. ) ;
#1804 = ORIENTED_EDGE ( 'NONE', *, *, #9119, .T. ) ;
#1805 = LINE ( 'NONE', #8322, #4265 ) ;
#1806 = COLOUR_RGB ( '',0.2509803921568627416, 0.2509803921568627416, 0.2509803921568627416 ) ;
#1807 = DIRECTION ( 'NONE',  ( -0.000000000000000000, 0.000000000000000000, -1.000000000000000000 ) ) ;
#1808 = CARTESIAN_POINT ( 'NONE',  ( 1.142258643185105171, 0.2098916903817933943, 1.176619588129285798 ) ) ;
#1809 = PRESENTATION_LAYER_ASSIGNMENT (  '', '', ( #6068 ) ) ;
#1810 = VECTOR ( 'NONE', #5750, 1000.000000000000000 ) ;
#1811 = CARTESIAN_POINT ( 'NONE',  ( 1.177561677044169919, 0.2681285312744675076, 0.9326107464345139153 ) ) ;
#1812 = CARTESIAN_POINT ( 'NONE',  ( 1.168497272316162627, 0.4787418948039905420, 0.9971073373876172541 ) ) ;
#1813 = CARTESIAN_POINT ( 'NONE',  ( 1.136999214739794706, -0.2727246628959233976, 1.221227662580423257 ) ) ;
#1814 = EDGE_CURVE ( 'NONE', #5224, #5913, #6086, .T. ) ;
#1815 = DIRECTION ( 'NONE',  ( 4.347487227578127279E-15, -1.000000000000000000, -2.173743613789063639E-15 ) ) ;
#1816 = FACE_OUTER_BOUND ( 'NONE', #2328, .T. ) ;
#1817 = CARTESIAN_POINT ( 'NONE',  ( 1.152575386360835674, -0.5347375282747645064, 1.110397442637407250 ) ) ;
#1818 = ORIENTED_EDGE ( 'NONE', *, *, #297, .F. ) ;
#1819 = CARTESIAN_POINT ( 'NONE',  ( 1.174687809261656390, 0.2523138133674260875, 0.9530593782403470327 ) ) ;
#1820 = ORIENTED_EDGE ( 'NONE', *, *, #7132, .T. ) ;
#1821 = ORIENTED_EDGE ( 'NONE', *, *, #1987, .F. ) ;
#1822 = CARTESIAN_POINT ( 'NONE',  ( 1.189126607214437970, 0.3189103079077391656, 0.8503219924594987988 ) ) ;
#1823 = DIRECTION ( 'NONE',  ( -0.9902680687415706950, -1.431534388630178744E-16, -0.1391731009600623292 ) ) ;
#1824 = LINE ( 'NONE', #5890, #8488 ) ;
#1825 = CARTESIAN_POINT ( 'NONE',  ( 1.184021367769943156, 0.1898035674385723237, 0.8866476586283806860 ) ) ;
#1826 = VECTOR ( 'NONE', #7885, 1000.000000000000114 ) ;
#1827 = CARTESIAN_POINT ( 'NONE',  ( 1.171170193456016584, -0.5755143896521991431, 0.9780885152387784887 ) ) ;
#1828 = B_SPLINE_CURVE_WITH_KNOTS ( 'NONE', 3,
 ( #31, #10542, #9028, #6489 ),
 .UNSPECIFIED., .F., .F.,
 ( 4, 4 ),
 ( 7.000000000000000000, 8.000000000000000000 ),
 .UNSPECIFIED. ) ;
#1829 = AXIS2_PLACEMENT_3D ( 'NONE', #5521, #9469, #9685 ) ;
#1830 = LINE ( 'NONE', #5164, #5362 ) ;
#1831 = ORIENTED_EDGE ( 'NONE', *, *, #1858, .F. ) ;
#1832 = VERTEX_POINT ( 'NONE', #465 ) ;
#1833 = ORIENTED_EDGE ( 'NONE', *, *, #5500, .F. ) ;
#1834 = CARTESIAN_POINT ( 'NONE',  ( 1.156602411705630384, 0.3852260678105494107, 1.081743668427780136 ) ) ;
#1835 = LINE ( 'NONE', #5112, #5917 ) ;
#1836 = CARTESIAN_POINT ( 'NONE',  ( 1.154831206184110837, 0.4215032215110968705, 1.094346450567719842 ) ) ;
#1837 = LINE ( 'NONE', #7555, #5977 ) ;
#1838 = LINE ( 'NONE', #9919, #4187 ) ;
#1839 = CARTESIAN_POINT ( 'NONE',  ( 1.158538582447339538, 0.5502668418674359074, 1.067967097754856542 ) ) ;
#1840 = CARTESIAN_POINT ( 'NONE',  ( 1.173343607128256139, -0.3221774142005019992, 0.9626238734011092202 ) ) ;
#1841 = CARTESIAN_POINT ( 'NONE',  ( 1.150000000000000355, 2.049999999999999822, 1.510000000000000009 ) ) ;
#1842 = ORIENTED_EDGE ( 'NONE', *, *, #4530, .T. ) ;
#1843 = CARTESIAN_POINT ( 'NONE',  ( 1.143726442154188838, 0.5126172077172520547, 1.173360952320449568 ) ) ;
#1844 = CARTESIAN_POINT ( 'NONE',  ( 1.189369713854724342, 0.3275818889295040170, 0.8485921988318960718 ) ) ;
#1845 = EDGE_LOOP ( 'NONE', ( #1485, #153, #9675 ) ) ;
#1846 = MECHANICAL_DESIGN_GEOMETRIC_PRESENTATION_REPRESENTATION (  '', ( #6826 ), #9516 ) ;
#1847 = DIRECTION ( 'NONE',  ( -0.1378445374916254795, 0.1378445374916256738, -0.9808148484639900300 ) ) ;
#1848 = EDGE_CURVE ( 'NONE', #4472, #10309, #1453, .T. ) ;
#1849 = ADVANCED_FACE ( 'NONE', ( #8461 ), #3334, .F. ) ;
#1850 = ORIENTED_EDGE ( 'NONE', *, *, #7568, .F. ) ;
#1851 = ADVANCED_FACE ( 'NONE', ( #10397 ), #5534, .F. ) ;
#1852 = DIRECTION ( 'NONE',  ( -0.9902680687415706950, -1.431534388630178744E-16, -0.1391731009600623292 ) ) ;
#1853 = VERTEX_POINT ( 'NONE', #6290 ) ;
#1854 = CARTESIAN_POINT ( 'NONE',  ( 1.153034057285735159, -0.4340968178936723265, 1.099948532891509068 ) ) ;
#1855 = B_SPLINE_SURFACE_WITH_KNOTS ( 'NONE', 3, 1, ( 
 ( #2566, #1725 ),
 ( #8084, #5838 ),
 ( #10527, #6699 ),
 ( #2412, #3484 ) ),
 .UNSPECIFIED., .F., .F., .F.,
 ( 4, 4 ),
 ( 2, 2 ),
 ( 2.000000000000000000, 3.000000000000000000 ),
 ( 0.000000000000000000, 1.000000000000000000 ),
 .UNSPECIFIED. ) ;
#1856 =( GEOMETRIC_REPRESENTATION_CONTEXT ( 3 ) GLOBAL_UNCERTAINTY_ASSIGNED_CONTEXT ( ( #4465 ) ) GLOBAL_UNIT_ASSIGNED_CONTEXT ( ( #2399, #4065, #845 ) ) REPRESENTATION_CONTEXT ( 'NONE', 'WORKASPACE' ) );
#1857 = AXIS2_PLACEMENT_3D ( 'NONE', #1517, #599, #4574 ) ;
#1858 = EDGE_CURVE ( 'NONE', #460, #4752, #8892, .T. ) ;
#1859 = PRESENTATION_LAYER_ASSIGNMENT (  '', '', ( #480 ) ) ;
#1860 = ORIENTED_EDGE ( 'NONE', *, *, #10525, .T. ) ;
#1861 = LINE ( 'NONE', #5737, #8755 ) ;
#1862 = CARTESIAN_POINT ( 'NONE',  ( 1.150968503025308509, -2.149995309899465745, 0.4100333717993100424 ) ) ;
#1863 = CARTESIAN_POINT ( 'NONE',  ( 1.168497272316162849, 0.1407997768422540874, 0.9971073373876162549 ) ) ;
#1864 = CARTESIAN_POINT ( 'NONE',  ( 1.172248060479495591, 0.5977733810638864442, 0.9704190928551572615 ) ) ;
#1865 = CARTESIAN_POINT ( 'NONE',  ( 1.180149026286524627, 0.2721835871484730163, 0.9142007999742303159 ) ) ;
#1866 = LINE ( 'NONE', #6424, #6386 ) ;
#1867 = VECTOR ( 'NONE', #5203, 1000.000000000000000 ) ;
#1868 = VECTOR ( 'NONE', #5865, 1000.000000000000227 ) ;
#1869 = DIRECTION ( 'NONE',  ( -0.1391731009600629676, -2.641197597603661887E-15, 0.9902680687415705840 ) ) ;
#1870 = DIRECTION ( 'NONE',  ( -0.9902680687415706950, -1.431534388630178744E-16, -0.1391731009600623292 ) ) ;
#1871 = VECTOR ( 'NONE', #2315, 1000.000000000000114 ) ;
#1872 = ORIENTED_EDGE ( 'NONE', *, *, #9636, .F. ) ;
#1873 = ORIENTED_EDGE ( 'NONE', *, *, #5925, .T. ) ;
#1874 = VECTOR ( 'NONE', #5274, 1000.000000000000000 ) ;
#1875 = ORIENTED_EDGE ( 'NONE', *, *, #8459, .F. ) ;
#1876 = EDGE_CURVE ( 'NONE', #9498, #8031, #8066, .T. ) ;
#1877 = B_SPLINE_SURFACE_WITH_KNOTS ( 'NONE', 3, 1, ( 
 ( #2270, #7091 ),
 ( #4813, #8660 ),
 ( #4751, #1309 ),
 ( #7938, #7249 ) ),
 .UNSPECIFIED., .F., .F., .F.,
 ( 4, 4 ),
 ( 2, 2 ),
 ( 15.00000000000000000, 16.00000000000000000 ),
 ( 0.000000000000000000, 1.000000000000000000 ),
 .UNSPECIFIED. ) ;
#1878 = CARTESIAN_POINT ( 'NONE',  ( 1.178785415877414700, 0.1925485283374320233, 0.9167180956580096574 ) ) ;
#1879 = AXIS2_PLACEMENT_3D ( 'NONE', #7138, #9610, #3079 ) ;
#1880 = CARTESIAN_POINT ( 'NONE',  ( 1.188301304365886324, 0.3219048107066465603, 0.8490090308255541229 ) ) ;
#1881 = DIRECTION ( 'NONE',  ( -0.000000000000000000, 1.000000000000000000, 2.484500384857524592E-15 ) ) ;
#1882 = VERTEX_POINT ( 'NONE', #2932 ) ;
#1883 = LINE ( 'NONE', #1071, #4692 ) ;
#1884 = SURFACE_SIDE_STYLE ('',( #3485 ) ) ;
#1885 = VECTOR ( 'NONE', #8656, 1000.000000000000114 ) ;
#1886 = AXIS2_PLACEMENT_3D ( 'NONE', #3950, #7044, #9612 ) ;
#1887 = DIRECTION ( 'NONE',  ( 0.000000000000000000, -1.000000000000000000, -1.176249082445596899E-14 ) ) ;
#1888 = ORIENTED_EDGE ( 'NONE', *, *, #727, .F. ) ;
#1889 = ORIENTED_EDGE ( 'NONE', *, *, #655, .T. ) ;
#1890 = ORIENTED_EDGE ( 'NONE', *, *, #4431, .F. ) ;
#1891 = EDGE_CURVE ( 'NONE', #10516, #983, #8090, .T. ) ;
#1892 = ORIENTED_EDGE ( 'NONE', *, *, #2564, .F. ) ;
#1893 = ORIENTED_EDGE ( 'NONE', *, *, #2287, .F. ) ;
#1894 = CARTESIAN_POINT ( 'NONE',  ( 1.184064302922097189, 0.2489449977186548313, 0.8791568626123907881 ) ) ;
#1895 = DIRECTION ( 'NONE',  ( -0.1391731009600694902, -7.724035641060274786E-15, 0.9902680687415698069 ) ) ;
#1896 = DIRECTION ( 'NONE',  ( -0.9902680687415706950, -1.431534388630178744E-16, -0.1391731009600623292 ) ) ;
#1897 = CARTESIAN_POINT ( 'NONE',  ( 1.143509382654012585, 0.2788276402336485882, 1.174905410915960902 ) ) ;
#1898 = VECTOR ( 'NONE', #7121, 1000.000000000000000 ) ;
#1899 = LINE ( 'NONE', #281, #2524 ) ;
#1900 = FILL_AREA_STYLE_COLOUR ( '', #2074 ) ;
#1901 = FACE_OUTER_BOUND ( 'NONE', #4377, .T. ) ;
#1902 = VERTEX_POINT ( 'NONE', #9564 ) ;
#1903 = FACE_OUTER_BOUND ( 'NONE', #4459, .T. ) ;
#1904 = PLANE ( 'NONE',  #8458 ) ;
#1905 = EDGE_LOOP ( 'NONE', ( #10351, #8335, #3135, #8224 ) ) ;
#1906 = CARTESIAN_POINT ( 'NONE',  ( 1.170667867318159416, 0.6654304286788805811, 0.9816627514308489122 ) ) ;
#1907 = VECTOR ( 'NONE', #9016, 1000.000000000000000 ) ;
#1908 = B_SPLINE_CURVE_WITH_KNOTS ( 'NONE', 3,
 ( #10183, #3835, #6267, #6168 ),
 .UNSPECIFIED., .F., .F.,
 ( 4, 4 ),
 ( 11.00000000000000000, 12.00000000000000000 ),
 .UNSPECIFIED. ) ;
#1909 = UNCERTAINTY_MEASURE_WITH_UNIT (LENGTH_MEASURE( 1.000000000000000082E-05 ), #3027, 'distance_accuracy_value', 'NONE');
#1910 = CARTESIAN_POINT ( 'NONE',  ( 1.150000000000000355, -2.150000000000000355, 0.1100000000000000699 ) ) ;
#1911 = CARTESIAN_POINT ( 'NONE',  ( 1.146400615196637718, 0.1680934221456622801, 1.154333222421794369 ) ) ;
#1912 =( LENGTH_UNIT ( ) NAMED_UNIT ( * ) SI_UNIT ( .MILLI., .METRE. ) );
#1913 = CARTESIAN_POINT ( 'NONE',  ( -1.249999999999999334, -2.150000000000000355, 0.4099999999999703326 ) ) ;
#1914 = DIRECTION ( 'NONE',  ( -0.9902680687415706950, -1.431534388630178744E-16, -0.1391731009600623292 ) ) ;
#1915 = ORIENTED_EDGE ( 'NONE', *, *, #5166, .F. ) ;
#1916 =( GEOMETRIC_REPRESENTATION_CONTEXT ( 3 ) GLOBAL_UNCERTAINTY_ASSIGNED_CONTEXT ( ( #5129 ) ) GLOBAL_UNIT_ASSIGNED_CONTEXT ( ( #6189, #9459, #3692 ) ) REPRESENTATION_CONTEXT ( 'NONE', 'WORKASPACE' ) );
#1917 = EDGE_CURVE ( 'NONE', #4623, #2467, #9504, .T. ) ;
#1918 = EDGE_CURVE ( 'NONE', #7559, #8559, #3799, .T. ) ;
#1919 = CARTESIAN_POINT ( 'NONE',  ( 1.173072886580212915, 0.2829762743196016506, 0.9645501501918819498 ) ) ;
#1920 = ADVANCED_FACE ( 'NONE', ( #567 ), #5554, .F. ) ;
#1921 = ORIENTED_EDGE ( 'NONE', *, *, #2112, .T. ) ;
#1922 = MECHANICAL_DESIGN_GEOMETRIC_PRESENTATION_REPRESENTATION (  '', ( #2234 ), #9275 ) ;
#1923 = VERTEX_POINT ( 'NONE', #3843 ) ;
#1924 = CARTESIAN_POINT ( 'NONE',  ( 1.170667867318159638, 0.6654304286788805811, 0.9816627514308489122 ) ) ;
#1925 = CARTESIAN_POINT ( 'NONE',  ( 1.138689651866199304, -0.3464700085949287689, 1.209199577433609507 ) ) ;
#1926 = CARTESIAN_POINT ( 'NONE',  ( 1.185480007611194431, 0.4158885287627306360, 0.8762688968660791167 ) ) ;
#1927 = EDGE_CURVE ( 'NONE', #7188, #2438, #5389, .T. ) ;
#1928 = DIRECTION ( 'NONE',  ( 1.000000000000000000, 0.000000000000000000, 0.000000000000000000 ) ) ;
#1929 = FACE_OUTER_BOUND ( 'NONE', #4879, .T. ) ;
#1930 = EDGE_CURVE ( 'NONE', #2303, #4884, #2326, .T. ) ;
#1931 = EDGE_LOOP ( 'NONE', ( #9831, #1890, #10256, #10479 ) ) ;
#1932 = PRESENTATION_STYLE_ASSIGNMENT (( #5347 ) ) ;
#1933 = EDGE_CURVE ( 'NONE', #483, #4095, #10215, .T. ) ;
#1934 = DIRECTION ( 'NONE',  ( -0.9902680687415706950, -1.431534388630178744E-16, -0.1391731009600623292 ) ) ;
#1935 = PLANE ( 'NONE',  #5966 ) ;
#1936 = ORIENTED_EDGE ( 'NONE', *, *, #7668, .T. ) ;
#1937 = FACE_OUTER_BOUND ( 'NONE', #5132, .T. ) ;
#1938 = CARTESIAN_POINT ( 'NONE',  ( -1.150645677516102028, -2.149998436620935038, 0.4100111240200388085 ) ) ;
#1939 = EDGE_CURVE ( 'NONE', #9848, #2851, #6294, .T. ) ;
#1940 = ORIENTED_EDGE ( 'NONE', *, *, #353, .T. ) ;
#1941 = EDGE_LOOP ( 'NONE', ( #800, #1282, #10154, #212 ) ) ;
#1942 = ORIENTED_EDGE ( 'NONE', *, *, #1381, .F. ) ;
#1943 = ORIENTED_EDGE ( 'NONE', *, *, #10224, .F. ) ;
#1944 = ORIENTED_EDGE ( 'NONE', *, *, #2616, .F. ) ;
#1945 = DIRECTION ( 'NONE',  ( -0.000000000000000000, 0.000000000000000000, 1.000000000000000000 ) ) ;
#1946 = CARTESIAN_POINT ( 'NONE',  ( 1.183031099701201461, 0.1849686931273859802, 0.8865084855274206754 ) ) ;
#1947 = PRESENTATION_STYLE_ASSIGNMENT (( #7554 ) ) ;
#1948 = DIRECTION ( 'NONE',  ( -0.9902680687415706950, -1.431534388630178744E-16, -0.1391731009600623292 ) ) ;
#1949 = EDGE_CURVE ( 'NONE', #7401, #2459, #3792, .T. ) ;
#1950 =( NAMED_UNIT ( * ) SI_UNIT ( $, .STERADIAN. ) SOLID_ANGLE_UNIT ( ) );
#1951 = ORIENTED_EDGE ( 'NONE', *, *, #921, .F. ) ;
#1952 = ORIENTED_EDGE ( 'NONE', *, *, #5208, .F. ) ;
#1953 = VERTEX_POINT ( 'NONE', #3267 ) ;
#1954 = CARTESIAN_POINT ( 'NONE',  ( 1.174800680201743663, 0.1952934892367083342, 0.9522562597707151522 ) ) ;
#1955 = CARTESIAN_POINT ( 'NONE',  ( 1.176845233398295054, -0.3881144490365190935, 0.9377085078601694601 ) ) ;
#1956 = VERTEX_POINT ( 'NONE', #10560 ) ;
#1957 = VECTOR ( 'NONE', #8674, 999.9999999999998863 ) ;
#1958 = CARTESIAN_POINT ( 'NONE',  ( 1.142519114585271112, 0.2788276402336485882, 1.174766237815000780 ) ) ;
#1959 = ORIENTED_EDGE ( 'NONE', *, *, #4653, .F. ) ;
#1960 = VECTOR ( 'NONE', #904, 1000.000000000000227 ) ;
#1961 = SURFACE_STYLE_FILL_AREA ( #4576 ) ;
#1962 = DIRECTION ( 'NONE',  ( -0.000000000000000000, -1.000000000000000000, -6.229061000724177574E-15 ) ) ;
#1963 = EDGE_LOOP ( 'NONE', ( #3355, #3361, #3344, #1193, #2513, #192, #3241, #9594 ) ) ;
#1964 = CARTESIAN_POINT ( 'NONE',  ( 1.177925860256705759, 0.6448120291985222075, 0.9228341516963086688 ) ) ;
#1965 = COLOUR_RGB ( '',0.2509803921568627416, 0.2509803921568627416, 0.2509803921568627416 ) ;
#1966 = VECTOR ( 'NONE', #4443, 1000.000000000000227 ) ;
#1967 = MECHANICAL_DESIGN_GEOMETRIC_PRESENTATION_REPRESENTATION (  '', ( #1791 ), #5547 ) ;
#1968 = ORIENTED_EDGE ( 'NONE', *, *, #3539, .F. ) ;
#1969 = CARTESIAN_POINT ( 'NONE',  ( 1.179532100558151386, 0.1777631707676199380, 0.9114051580885300652 ) ) ;
#1970 = LINE ( 'NONE', #5193, #1736 ) ;
#1971 = SURFACE_SIDE_STYLE ('',( #4838 ) ) ;
#1972 = CARTESIAN_POINT ( 'NONE',  ( 1.142519114585270668, 0.3675085929167393739, 1.174766237815001002 ) ) ;
#1973 = CIRCLE ( 'NONE', #7933, 0.09999999999999999167 ) ;
#1974 = LINE ( 'NONE', #5247, #9658 ) ;
#1975 = VERTEX_POINT ( 'NONE', #8943 ) ;
#1976 = CARTESIAN_POINT ( 'NONE',  ( -1.249999999999999334, -2.150000000000000355, 1.510000000000000009 ) ) ;
#1977 =( GEOMETRIC_REPRESENTATION_CONTEXT ( 3 ) GLOBAL_UNCERTAINTY_ASSIGNED_CONTEXT ( ( #6160 ) ) GLOBAL_UNIT_ASSIGNED_CONTEXT ( ( #1912, #9343, #8809 ) ) REPRESENTATION_CONTEXT ( 'NONE', 'WORKASPACE' ) );
#1978 = CARTESIAN_POINT ( 'NONE',  ( 1.183543836869485277, 0.09369874323312513131, 0.8900454675390047088 ) ) ;
#1979 = CARTESIAN_POINT ( 'NONE',  ( 1.179158758217782932, 0.2721835871484730163, 0.9140616268732703054 ) ) ;
#1980 = EDGE_CURVE ( 'NONE', #4515, #301, #5057, .T. ) ;
#1981 = EDGE_CURVE ( 'NONE', #7411, #9596, #4054, .T. ) ;
#1982 = CARTESIAN_POINT ( 'NONE',  ( 1.178542785985079222, 0.2533743664421076458, 0.9256297935820079203 ) ) ;
#1983 =( BOUNDED_CURVE ( )  B_SPLINE_CURVE ( 3, ( #3160, #1320, #2282, #6236 ),
 .UNSPECIFIED., .F., .T. ) 
 B_SPLINE_CURVE_WITH_KNOTS ( ( 4, 4 ),
 ( 5.507472325450598838, 7.058898288908564744 ),
 .UNSPECIFIED. ) 
 CURVE ( )  GEOMETRIC_REPRESENTATION_ITEM ( )  RATIONAL_B_SPLINE_CURVE ( ( 1.000000000000000000, 0.8092813118237081049, 0.8092813118237081049, 1.000000000000000000 ) ) 
 REPRESENTATION_ITEM ( '' )  );
#1984 = CARTESIAN_POINT ( 'NONE',  ( 1.174557096813738877, 0.2490385759310173308, 0.9468041491002708865 ) ) ;
#1985 =( LENGTH_UNIT ( ) NAMED_UNIT ( * ) SI_UNIT ( .MILLI., .METRE. ) );
#1986 = ORIENTED_EDGE ( 'NONE', *, *, #553, .T. ) ;
#1987 = EDGE_CURVE ( 'NONE', #1585, #7735, #7693, .T. ) ;
#1988 = AXIS2_PLACEMENT_3D ( 'NONE', #8081, #6596, #2352 ) ;
#1989 = CARTESIAN_POINT ( 'NONE',  ( 1.172082618511471219, 0.2829762743196016506, 0.9644109770909218282 ) ) ;
#1990 = VERTEX_POINT ( 'NONE', #8507 ) ;
#1991 = SURFACE_SIDE_STYLE ('',( #2788 ) ) ;
#1992 = EDGE_LOOP ( 'NONE', ( #9532, #1142, #337, #8756, #9699, #1716, #8088 ) ) ;
#1993 = ORIENTED_EDGE ( 'NONE', *, *, #4144, .F. ) ;
#1994 = VERTEX_POINT ( 'NONE', #9408 ) ;
#1995 = EDGE_CURVE ( 'NONE', #3349, #7657, #7644, .T. ) ;
#1996 = FACE_OUTER_BOUND ( 'NONE', #4238, .T. ) ;
#1997 = VERTEX_POINT ( 'NONE', #2933 ) ;
#1998 = LINE ( 'NONE', #377, #4543 ) ;
#1999 = CARTESIAN_POINT ( 'NONE',  ( 1.181398812259762288, 0.2921157464040102791, 0.8981228141664642228 ) ) ;
#2000 = CARTESIAN_POINT ( 'NONE',  ( 1.183292047849317630, 0.3078056933612357549, 0.8918370395095319703 ) ) ;
#2001 = VECTOR ( 'NONE', #8914, 1000.000000000000000 ) ;
#2002 = DIRECTION ( 'NONE',  ( 0.1304017644196093784, 0.3493954794691433996, -0.9278567662968136842 ) ) ;
#2003 =( LENGTH_UNIT ( ) NAMED_UNIT ( * ) SI_UNIT ( .MILLI., .METRE. ) );
#2004 = ORIENTED_EDGE ( 'NONE', *, *, #485, .F. ) ;
#2005 = CARTESIAN_POINT ( 'NONE',  ( 1.170450807817867256, 0.5387567217336163283, 0.9832072100271849191 ) ) ;
#2006 = ORIENTED_EDGE ( 'NONE', *, *, #6152, .T. ) ;
#2007 = CARTESIAN_POINT ( 'NONE',  ( 0.000000000000000000, 0.000000000000000000, 0.4000000000000000222 ) ) ;
#2008 = ADVANCED_FACE ( 'NONE', ( #6184 ), #5158, .T. ) ;
#2009 = EDGE_LOOP ( 'NONE', ( #391, #7047, #2271, #66 ) ) ;
#2010 = UNCERTAINTY_MEASURE_WITH_UNIT (LENGTH_MEASURE( 1.000000000000000082E-05 ), #8818, 'distance_accuracy_value', 'NONE');
#2011 = ORIENTED_EDGE ( 'NONE', *, *, #3386, .T. ) ;
#2012 = CARTESIAN_POINT ( 'NONE',  ( 1.149247959091207250, 0.1638200171098933289, 1.126888021350827662 ) ) ;
#2013 = CARTESIAN_POINT ( 'NONE',  ( -1.249999999999999334, -2.050000000000001155, 0.4099999999999702771 ) ) ;
#2014 = SURFACE_STYLE_USAGE ( .BOTH. , #3667 ) ;
#2015 = PLANE ( 'NONE',  #2292 ) ;
#2016 = VERTEX_POINT ( 'NONE', #2984 ) ;
#2017 = CARTESIAN_POINT ( 'NONE',  ( -1.107503214919902224, -1.908476408045746142, 1.423917310096006084 ) ) ;
#2018 = DIRECTION ( 'NONE',  ( -0.000000000000000000, -1.000000000000000000, -1.287339273497257626E-14 ) ) ;
#2019 = VECTOR ( 'NONE', #5809, 1000.000000000000227 ) ;
#2020 = CARTESIAN_POINT ( 'NONE',  ( 1.181242529419570975, 0.1582053243615262617, 0.8992348243556913534 ) ) ;
#2021 = DIRECTION ( 'NONE',  ( -0.1300587156395328903, -0.3559357243643118673, 0.9254158473937259544 ) ) ;
#2022 = CARTESIAN_POINT ( 'NONE',  ( 1.147312265097448325, 0.4511051293881749302, 1.147846496320150012 ) ) ;
#2023 = CARTESIAN_POINT ( 'NONE',  ( 1.140565579083566039, 0.2630753078015175550, 1.188666365175434336 ) ) ;
#2024 = ORIENTED_EDGE ( 'NONE', *, *, #9917, .F. ) ;
#2025 = PRESENTATION_LAYER_ASSIGNMENT (  '', '', ( #1496 ) ) ;
#2026 = AXIS2_PLACEMENT_3D ( 'NONE', #4280, #949, #9988 ) ;
#2027 = B_SPLINE_CURVE_WITH_KNOTS ( 'NONE', 3,
 ( #2125, #9569, #5506, #6422 ),
 .UNSPECIFIED., .F., .F.,
 ( 4, 4 ),
 ( 2.000000000000000000, 3.000000000000000000 ),
 .UNSPECIFIED. ) ;
#2028 = FILL_AREA_STYLE ('',( #8462 ) ) ;
#2029 = VECTOR ( 'NONE', #7167, 1000.000000000000000 ) ;
#2030 = DIRECTION ( 'NONE',  ( 1.000000000000000000, 1.417602794365949340E-16, 0.000000000000000000 ) ) ;
#2031 = CIRCLE ( 'NONE', #2885, 0.1000000000000000472 ) ;
#2032 = CARTESIAN_POINT ( 'NONE',  ( 1.184489739542452957, 0.1435759304789832047, 0.8761297237651182179 ) ) ;
#2033 = FACE_OUTER_BOUND ( 'NONE', #9270, .T. ) ;
#2034 = CARTESIAN_POINT ( 'NONE',  ( 1.172082618511471219, 0.2734312966478765206, 0.9644109770909218282 ) ) ;
#2035 = EDGE_CURVE ( 'NONE', #3854, #976, #3514, .T. ) ;
#2036 = ADVANCED_FACE ( 'NONE', ( #7149 ), #2334, .F. ) ;
#2037 = ORIENTED_EDGE ( 'NONE', *, *, #2212, .T. ) ;
#2038 =( LENGTH_UNIT ( ) NAMED_UNIT ( * ) SI_UNIT ( .MILLI., .METRE. ) );
#2039 =( GEOMETRIC_REPRESENTATION_CONTEXT ( 3 ) GLOBAL_UNCERTAINTY_ASSIGNED_CONTEXT ( ( #596 ) ) GLOBAL_UNIT_ASSIGNED_CONTEXT ( ( #4979, #4252, #5435 ) ) REPRESENTATION_CONTEXT ( 'NONE', 'WORKASPACE' ) );
#2040 = VERTEX_POINT ( 'NONE', #4652 ) ;
#2041 = EDGE_CURVE ( 'NONE', #5287, #9848, #2275, .T. ) ;
#2042 = CARTESIAN_POINT ( 'NONE',  ( 1.185523419511298693, 0.2556826290161979265, 0.8759600051464835335 ) ) ;
#2043 =( GEOMETRIC_REPRESENTATION_CONTEXT ( 3 ) GLOBAL_UNCERTAINTY_ASSIGNED_CONTEXT ( ( #8432 ) ) GLOBAL_UNIT_ASSIGNED_CONTEXT ( ( #7536, #112, #896 ) ) REPRESENTATION_CONTEXT ( 'NONE', 'WORKASPACE' ) );
#2044 = CARTESIAN_POINT ( 'NONE',  ( -0.3981366483959006830, -0.8649999999999999911, 0.000000000000000000 ) ) ;
#2045 = CARTESIAN_POINT ( 'NONE',  ( 1.145106940575460142, 0.4211601013982697594, 1.163538195651937279 ) ) ;
#2046 = VECTOR ( 'NONE', #7793, 1000.000000000000227 ) ;
#2047 = DIRECTION ( 'NONE',  ( 1.417602794365949340E-16, -1.000000000000000000, 1.992310799966497821E-17 ) ) ;
#2048 = CARTESIAN_POINT ( 'NONE',  ( 1.142883774545641495, 0.1852182350274333977, 1.172171547374012857 ) ) ;
#2049 = ORIENTED_EDGE ( 'NONE', *, *, #5260, .F. ) ;
#2050 = EDGE_CURVE ( 'NONE', #9289, #6181, #8004, .T. ) ;
#2051 = VERTEX_POINT ( 'NONE', #4708 ) ;
#2052 = LINE ( 'NONE', #6964, #414 ) ;
#2053 = EDGE_CURVE ( 'NONE', #9049, #1585, #1762, .T. ) ;
#2054 = DIRECTION ( 'NONE',  ( 0.1304017644181528768, 0.3493954794973201383, -0.9278567662864081189 ) ) ;
#2055 =( NAMED_UNIT ( * ) SI_UNIT ( $, .STERADIAN. ) SOLID_ANGLE_UNIT ( ) );
#2056 = DIRECTION ( 'NONE',  ( -0.1378445374916257016, 0.1378445374916250910, -0.9808148484639900300 ) ) ;
#2057 = CARTESIAN_POINT ( 'NONE',  ( 1.178897908007981554, -0.4219505455182687159, 0.9231029690924982267 ) ) ;
#2058 = DIRECTION ( 'NONE',  ( -0.000000000000000000, 1.000000000000000000, 4.603729852226718065E-15 ) ) ;
#2059 = ORIENTED_EDGE ( 'NONE', *, *, #4925, .F. ) ;
#2060 = EDGE_CURVE ( 'NONE', #1347, #5648, #10126, .T. ) ;
#2061 = CARTESIAN_POINT ( 'NONE',  ( 1.176623980003365544, 0.2490385759310174418, 0.9392828075674253263 ) ) ;
#2062 = VECTOR ( 'NONE', #1796, 1000.000000000000114 ) ;
#2063 = ORIENTED_EDGE ( 'NONE', *, *, #8922, .F. ) ;
#2064 = DIRECTION ( 'NONE',  ( -0.1391731009600699620, -7.793309503233202932E-15, 0.9902680687415696958 ) ) ;
#2065 = CARTESIAN_POINT ( 'NONE',  ( 1.152903241074449081, 0.4870079702384424447, 1.100879338600492918 ) ) ;
#2066 = DIRECTION ( 'NONE',  ( 0.1391731009600628566, 3.554004129277951483E-15, -0.9902680687415706950 ) ) ;
#2067 = CARTESIAN_POINT ( 'NONE',  ( 1.183821196281927390, 0.1656915813592096387, 0.8808866562391648447 ) ) ;
#2068 =( GEOMETRIC_REPRESENTATION_CONTEXT ( 3 ) GLOBAL_UNCERTAINTY_ASSIGNED_CONTEXT ( ( #1909 ) ) GLOBAL_UNIT_ASSIGNED_CONTEXT ( ( #3027, #10506, #805 ) ) REPRESENTATION_CONTEXT ( 'NONE', 'WORKASPACE' ) );
#2069 = FACE_OUTER_BOUND ( 'NONE', #5234, .T. ) ;
#2070 = DIRECTION ( 'NONE',  ( 0.9902680687415708061, 0.000000000000000000, 0.1391731009600618574 ) ) ;
#2071 = DIRECTION ( 'NONE',  ( 0.000000000000000000, -1.000000000000000000, 0.000000000000000000 ) ) ;
#2072 = ADVANCED_FACE ( 'NONE', ( #4985 ), #5729, .F. ) ;
#2073 = VERTEX_POINT ( 'NONE', #3470 ) ;
#2074 = COLOUR_RGB ( '',0.2509803921568627416, 0.2509803921568627416, 0.2509803921568627416 ) ;
#2075 = VERTEX_POINT ( 'NONE', #4231 ) ;
#2076 = PLANE ( 'NONE',  #4291 ) ;
#2077 = DIRECTION ( 'NONE',  ( -0.1378445374916254518, 0.1378445374916256461, -0.9808148484639899189 ) ) ;
#2078 = EDGE_LOOP ( 'NONE', ( #620, #9785, #473, #7052, #3223, #4539, #2909, #9300, #825, #6814, #9747, #7667, #9074, #1952, #10429, #5167, #4194, #2787, #4301, #8894, #28 ) ) ;
#2079 = CARTESIAN_POINT ( 'NONE',  ( 1.176840562755707920, 0.09369874323312502029, 0.9305564446746890095 ) ) ;
#2080 = CARTESIAN_POINT ( 'NONE',  ( 1.172256266111659340, 0.2972625480897385652, 0.9631754102141805163 ) ) ;
#2081 = B_SPLINE_SURFACE_WITH_KNOTS ( 'NONE', 3, 1, ( 
 ( #1002, #7526 ),
 ( #9206, #5342 ),
 ( #5434, #4479 ),
 ( #2870, #9443 ) ),
 .UNSPECIFIED., .F., .F., .F.,
 ( 4, 4 ),
 ( 2, 2 ),
 ( 16.00000000000000000, 17.00000000000000000 ),
 ( 0.000000000000000000, 1.000000000000000000 ),
 .UNSPECIFIED. ) ;
#2082 = LINE ( 'NONE', #9510, #8575 ) ;
#2083 = ORIENTED_EDGE ( 'NONE', *, *, #9929, .F. ) ;
#2084 = ORIENTED_EDGE ( 'NONE', *, *, #814, .F. ) ;
#2085 = PLANE ( 'NONE',  #100 ) ;
#2086 = EDGE_CURVE ( 'NONE', #10534, #8700, #4928, .T. ) ;
#2087 = CARTESIAN_POINT ( 'NONE',  ( 1.180409020938855802, 0.1737081148940254616, 0.9051655453627226455 ) ) ;
#2088 = FACE_OUTER_BOUND ( 'NONE', #7858, .T. ) ;
#2089 = CARTESIAN_POINT ( 'NONE',  ( 1.183639343049576853, 0.2567431820908802065, 0.8893659057568776838 ) ) ;
#2090 = CARTESIAN_POINT ( 'NONE',  ( -1.249999999999999556, -0.2000000000000000944, 0.1100000000000000699 ) ) ;
#2091 = LINE ( 'NONE', #8419, #7127 ) ;
#2092 = PLANE ( 'NONE',  #9163 ) ;
#2093 = DIRECTION ( 'NONE',  ( -0.9902680687415706950, -1.431534388630178744E-16, -0.1391731009600623292 ) ) ;
#2094 = ADVANCED_FACE ( 'NONE', ( #5876 ), #1704, .F. ) ;
#2095 = VERTEX_POINT ( 'NONE', #5144 ) ;
#2096 = B_SPLINE_CURVE_WITH_KNOTS ( 'NONE', 3,
 ( #1259, #2930, #4594, #464 ),
 .UNSPECIFIED., .F., .F.,
 ( 4, 4 ),
 ( 3.000000000000000000, 4.000000000000000000 ),
 .UNSPECIFIED. ) ;
#2097 = ORIENTED_EDGE ( 'NONE', *, *, #1858, .T. ) ;
#2098 = B_SPLINE_CURVE_WITH_KNOTS ( 'NONE', 3,
 ( #226, #4307, #5907, #8366 ),
 .UNSPECIFIED., .F., .F.,
 ( 4, 4 ),
 ( 3.000000000000000000, 4.000000000000000000 ),
 .UNSPECIFIED. ) ;
#2099 = ORIENTED_EDGE ( 'NONE', *, *, #3818, .T. ) ;
#2100 = CARTESIAN_POINT ( 'NONE',  ( 1.183543836869484833, 0.4815180484407237671, 0.8900454675390060411 ) ) ;
#2101 = UNCERTAINTY_MEASURE_WITH_UNIT (LENGTH_MEASURE( 1.000000000000000082E-05 ), #981, 'distance_accuracy_value', 'NONE');
#2102 = EDGE_CURVE ( 'NONE', #4179, #6834, #3127, .T. ) ;
#2103 = DIRECTION ( 'NONE',  ( 0.9902680687415708061, 0.000000000000000000, -0.1391731009600616908 ) ) ;
#2104 = B_SPLINE_SURFACE_WITH_KNOTS ( 'NONE', 3, 1, ( 
 ( #5970, #8492 ),
 ( #5282, #7674 ),
 ( #5235, #8542 ),
 ( #1144, #1189 ) ),
 .UNSPECIFIED., .F., .F., .F.,
 ( 4, 4 ),
 ( 2, 2 ),
 ( 5.000000000000000000, 6.000000000000000000 ),
 ( 0.000000000000000000, 1.000000000000000000 ),
 .UNSPECIFIED. ) ;
#2105 =( LENGTH_UNIT ( ) NAMED_UNIT ( * ) SI_UNIT ( .MILLI., .METRE. ) );
#2106 = EDGE_CURVE ( 'NONE', #3035, #959, #7375, .T. ) ;
#2107 = VERTEX_POINT ( 'NONE', #1204 ) ;
#2108 = ORIENTED_EDGE ( 'NONE', *, *, #982, .F. ) ;
#2109 = VECTOR ( 'NONE', #4160, 1000.000000000000114 ) ;
#2110 = CARTESIAN_POINT ( 'NONE',  ( -1.149999999999999689, 2.149999999999999467, 0.1100000000000000699 ) ) ;
#2111 = B_SPLINE_CURVE_WITH_KNOTS ( 'NONE', 3,
 ( #4253, #186, #4196, #8203 ),
 .UNSPECIFIED., .F., .F.,
 ( 4, 4 ),
 ( 23.00000000000000000, 24.00000000000000000 ),
 .UNSPECIFIED. ) ;
#2112 = EDGE_CURVE ( 'NONE', #594, #4300, #2925, .T. ) ;
#2113 = CARTESIAN_POINT ( 'NONE',  ( 1.151974703161477098, 0.5329548725605267601, 1.114671525686868225 ) ) ;
#2114 = CARTESIAN_POINT ( 'NONE',  ( 1.174253690261302996, 0.6039183503498034566, 0.9561482954313734739 ) ) ;
#2115 =( LENGTH_UNIT ( ) NAMED_UNIT ( * ) SI_UNIT ( .MILLI., .METRE. ) );
#2116 = STYLED_ITEM ( 'NONE', ( #4699 ), #7714 ) ;
#2117 = PRESENTATION_LAYER_ASSIGNMENT (  '', '', ( #9638 ) ) ;
#2118 = EDGE_LOOP ( 'NONE', ( #9776, #7035, #4768, #5486 ) ) ;
#2119 = AXIS2_PLACEMENT_3D ( 'NONE', #4016, #7268, #6301 ) ;
#2120 = EDGE_CURVE ( 'NONE', #8048, #2645, #9263, .T. ) ;
#2121 = COLOUR_RGB ( '',0.2509803921568627416, 0.2509803921568627416, 0.2509803921568627416 ) ;
#2122 = VERTEX_POINT ( 'NONE', #6176 ) ;
#2123 = CARTESIAN_POINT ( 'NONE',  ( 1.184307146499483654, -0.4696681304213600194, 0.8774289407745790026 ) ) ;
#2124 = AXIS2_PLACEMENT_3D ( 'NONE', #4107, #3403, #6665 ) ;
#2125 = CARTESIAN_POINT ( 'NONE',  ( 1.180244055718781659, 0.2881854614802366044, 0.9063393338948840805 ) ) ;
#2126 = CARTESIAN_POINT ( 'NONE',  ( 1.149894680446003958, -0.1573348933033379693, 1.122286359804087308 ) ) ;
#2127 = CARTESIAN_POINT ( 'NONE',  ( 1.150000000000000133, 2.149999999999999467, 0.1100000000000000699 ) ) ;
#2128 = ORIENTED_EDGE ( 'NONE', *, *, #729, .F. ) ;
#2129 = FACE_BOUND ( 'NONE', #4895, .T. ) ;
#2130 =( GEOMETRIC_REPRESENTATION_CONTEXT ( 3 ) GLOBAL_UNCERTAINTY_ASSIGNED_CONTEXT ( ( #8639 ) ) GLOBAL_UNIT_ASSIGNED_CONTEXT ( ( #1001, #3325, #6458 ) ) REPRESENTATION_CONTEXT ( 'NONE', 'WORKASPACE' ) );
#2131 = VERTEX_POINT ( 'NONE', #1972 ) ;
#2132 = ORIENTED_EDGE ( 'NONE', *, *, #3149, .F. ) ;
#2133 = DIRECTION ( 'NONE',  ( -0.1201325171226141214, -0.5048830486499273906, 0.8547872750080804938 ) ) ;
#2134 = LINE ( 'NONE', #1260, #7441 ) ;
#2135 = DIRECTION ( 'NONE',  ( -0.000000000000000000, -1.000000000000000000, -0.000000000000000000 ) ) ;
#2136 = CARTESIAN_POINT ( 'NONE',  ( 1.191193013656346444, 0.3287672129544174648, 0.8356187466286061349 ) ) ;
#2137 = MECHANICAL_DESIGN_GEOMETRIC_PRESENTATION_REPRESENTATION (  '', ( #6767 ), #5245 ) ;
#2138 = PLANE ( 'NONE',  #3561 ) ;
#2139 = LINE ( 'NONE', #7795, #7158 ) ;
#2140 = CARTESIAN_POINT ( 'NONE',  ( 1.157834832918872792, 0.2184073077162896337, 1.065789239307522784 ) ) ;
#2141 = DIRECTION ( 'NONE',  ( 0.1281669028713783853, -0.3897582650654487502, -0.9119549001028121049 ) ) ;
#2142 = ORIENTED_EDGE ( 'NONE', *, *, #2907, .F. ) ;
#2143 = VERTEX_POINT ( 'NONE', #8447 ) ;
#2144 = CARTESIAN_POINT ( 'NONE',  ( 1.185054570990838885, 0.2489449977186548313, 0.8792960357133509097 ) ) ;
#2145 = ADVANCED_FACE ( 'NONE', ( #3681 ), #8502, .T. ) ;
#2146 = ORIENTED_EDGE ( 'NONE', *, *, #8305, .T. ) ;
#2147 = LINE ( 'NONE', #10274, #6982 ) ;
#2148 = CARTESIAN_POINT ( 'NONE',  ( -0.9149999999999990363, 0.2000000000000007327, 0.4000000000000000222 ) ) ;
#2149 = CARTESIAN_POINT ( 'NONE',  ( 1.185480007611194431, 0.4158885287627306360, 0.8762688968660791167 ) ) ;
#2150 = FACE_OUTER_BOUND ( 'NONE', #9450, .T. ) ;
#2151 = CARTESIAN_POINT ( 'NONE',  ( 1.148102361678058569, 0.1638200171098933289, 1.142224667032715191 ) ) ;
#2152 = LINE ( 'NONE', #1407, #1907 ) ;
#2153 = VERTEX_POINT ( 'NONE', #3578 ) ;
#2154 = ORIENTED_EDGE ( 'NONE', *, *, #9393, .F. ) ;
#2155 = EDGE_CURVE ( 'NONE', #7694, #7962, #8734, .T. ) ;
#2156 = ORIENTED_EDGE ( 'NONE', *, *, #297, .T. ) ;
#2157 = EDGE_CURVE ( 'NONE', #9614, #3326, #5530, .T. ) ;
#2158 = ORIENTED_EDGE ( 'NONE', *, *, #4969, .T. ) ;
#2159 = CARTESIAN_POINT ( 'NONE',  ( 1.184489739542452735, 0.2282330200255209551, 0.8761297237651184400 ) ) ;
#2160 = CARTESIAN_POINT ( 'NONE',  ( 1.181919755060209631, 0.3588370118945546916, 0.8944161135370688465 ) ) ;
#2161 = ADVANCED_FACE ( 'NONE', ( #4490 ), #6135, .F. ) ;
#2162 = CARTESIAN_POINT ( 'NONE',  ( -1.249999999999999778, 2.149999999999999467, 0.1100000000000000699 ) ) ;
#2163 = CARTESIAN_POINT ( 'NONE',  ( 1.142814315505543243, 0.4327014142695420063, 1.172665774124874050 ) ) ;
#2164 = CARTESIAN_POINT ( 'NONE',  ( 1.185453960471200885, 0.3499470817097778963, 0.8764542318973451707 ) ) ;
#2165 = CARTESIAN_POINT ( 'NONE',  ( 1.163563227178755932, -0.07578123674051391589, 1.032214892767197467 ) ) ;
#2166 = ORIENTED_EDGE ( 'NONE', *, *, #5844, .F. ) ;
#2167 = VERTEX_POINT ( 'NONE', #6711 ) ;
#2168 = EDGE_CURVE ( 'NONE', #9876, #7559, #2098, .T. ) ;
#2169 = AXIS2_PLACEMENT_3D ( 'NONE', #5491, #3841, #8827 ) ;
#2170 = DIRECTION ( 'NONE',  ( -0.9902680687415706950, -1.431534388630178744E-16, -0.1391731009600623292 ) ) ;
#2171 = CARTESIAN_POINT ( 'NONE',  ( 1.171857353379131661, 0.6630597806290534635, 0.9731991183274089074 ) ) ;
#2172 = CARTESIAN_POINT ( 'NONE',  ( 1.185054570990838885, 0.2489449977186548313, 0.8792960357133509097 ) ) ;
#2173 = ORIENTED_EDGE ( 'NONE', *, *, #9556, .F. ) ;
#2174 = CARTESIAN_POINT ( 'NONE',  ( 1.181555571847789032, 0.2129485786556121196, 0.9041927082744551925 ) ) ;
#2175 = VECTOR ( 'NONE', #4073, 1000.000000000000000 ) ;
#2176 = CARTESIAN_POINT ( 'NONE',  ( 1.180175073426517729, 0.3026900844129644108, 0.9140154649429680367 ) ) ;
#2177 = CARTESIAN_POINT ( 'NONE',  ( 1.188074560402069713, -0.3004876231897623540, 0.8578076944947579108 ) ) ;
#2178 = EDGE_CURVE ( 'NONE', #9872, #2520, #8358, .T. ) ;
#2179 = EDGE_LOOP ( 'NONE', ( #8167, #10020, #6048, #5726 ) ) ;
#2180 = DIRECTION ( 'NONE',  ( 0.000000000000000000, -1.000000000000000000, -1.176249082445596899E-14 ) ) ;
#2181 = VERTEX_POINT ( 'NONE', #9964 ) ;
#2182 = ORIENTED_EDGE ( 'NONE', *, *, #3830, .F. ) ;
#2183 = CARTESIAN_POINT ( 'NONE',  ( 1.149890931959689500, 0.4345417857818210661, 1.129498328204443736 ) ) ;
#2184 = STYLED_ITEM ( 'NONE', ( #6067 ), #2976 ) ;
#2185 = CARTESIAN_POINT ( 'NONE',  ( 1.189899339035168868, 0.3525048861839164549, 0.8448237198587482677 ) ) ;
#2186 = B_SPLINE_CURVE_WITH_KNOTS ( 'NONE', 3,
 ( #7372, #8229, #49, #5780 ),
 .UNSPECIFIED., .F., .F.,
 ( 4, 4 ),
 ( 4.000000000000000000, 5.000000000000000000 ),
 .UNSPECIFIED. ) ;
#2187 = CARTESIAN_POINT ( 'NONE',  ( 1.153884826763192928, 0.1678126875081609737, 1.101080290045206356 ) ) ;
#2188 = CARTESIAN_POINT ( 'NONE',  ( 1.174800680201743441, 0.2814790229201503124, 0.9522562597707153742 ) ) ;
#2189 = LINE ( 'NONE', #5468, #3145 ) ;
#2190 = CARTESIAN_POINT ( 'NONE',  ( 1.183639343049576853, 0.2567431820908802065, 0.8893659057568776838 ) ) ;
#2191 = ORIENTED_EDGE ( 'NONE', *, *, #4742, .T. ) ;
#2192 = AXIS2_PLACEMENT_3D ( 'NONE', #8899, #892, #1660 ) ;
#2193 = EDGE_CURVE ( 'NONE', #9596, #4848, #1837, .T. ) ;
#2194 = ORIENTED_EDGE ( 'NONE', *, *, #10133, .T. ) ;
#2195 = ORIENTED_EDGE ( 'NONE', *, *, #6849, .T. ) ;
#2196 = CARTESIAN_POINT ( 'NONE',  ( 1.182180703208325578, 0.3078056933612357549, 0.8997446675191803633 ) ) ;
#2197 = AXIS2_PLACEMENT_3D ( 'NONE', #9023, #1566, #4843 ) ;
#2198 = DIRECTION ( 'NONE',  ( -0.1391731009600769009, -0.000000000000000000, 0.9902680687415688077 ) ) ;
#2199 = UNCERTAINTY_MEASURE_WITH_UNIT (LENGTH_MEASURE( 1.000000000000000082E-05 ), #9608, 'distance_accuracy_value', 'NONE');
#2200 = CARTESIAN_POINT ( 'NONE',  ( 1.176771580463559230, 0.6039183503498034566, 0.9382325757219511786 ) ) ;
#2201 = DIRECTION ( 'NONE',  ( -1.000000000000000000, -5.004010026856174159E-16, 0.000000000000000000 ) ) ;
#2202 = EDGE_LOOP ( 'NONE', ( #5646, #2049, #4988, #5791 ) ) ;
#2203 = LINE ( 'NONE', #6325, #10196 ) ;
#2204 = VERTEX_POINT ( 'NONE', #2686 ) ;
#2205 = VECTOR ( 'NONE', #3890, 1000.000000000000000 ) ;
#2206 = LINE ( 'NONE', #6330, #2348 ) ;
#2207 = ORIENTED_EDGE ( 'NONE', *, *, #6028, .F. ) ;
#2208 = CARTESIAN_POINT ( 'NONE',  ( 1.181494318439853641, 0.3597727940190045826, 0.8974432523843417497 ) ) ;
#2209 = LINE ( 'NONE', #6981, #4642 ) ;
#2210 = CARTESIAN_POINT ( 'NONE',  ( 1.181512159947684104, 0.5977733810638867773, 0.9045015999940523299 ) ) ;
#2211 = FACE_OUTER_BOUND ( 'NONE', #1370, .T. ) ;
#2212 = EDGE_CURVE ( 'NONE', #7401, #6343, #4020, .T. ) ;
#2213 = SURFACE_STYLE_USAGE ( .BOTH. , #5387 ) ;
#2214 = CARTESIAN_POINT ( 'NONE',  ( 1.142779585985552071, 0.1649117629216120262, 1.172912887499892198 ) ) ;
#2215 = FACE_OUTER_BOUND ( 'NONE', #4006, .T. ) ;
#2216 = CARTESIAN_POINT ( 'NONE',  ( 1.149247959091207250, 0.1638200171098933289, 1.126888021350827662 ) ) ;
#2217 = ORIENTED_EDGE ( 'NONE', *, *, #7339, .T. ) ;
#2218 = COLOUR_RGB ( '',0.8509803921568627194, 0.8509803921568627194, 0.8509803921568627194 ) ;
#2219 = ORIENTED_EDGE ( 'NONE', *, *, #8672, .F. ) ;
#2220 = CARTESIAN_POINT ( 'NONE',  ( 1.173446228920581813, 0.1753613299807503800, 0.9618936814071370467 ) ) ;
#2221 = EDGE_CURVE ( 'NONE', #9855, #7619, #2843, .T. ) ;
#2222 = CARTESIAN_POINT ( 'NONE',  ( 1.136999214739794706, -0.2727246628959233976, 1.221227662580423257 ) ) ;
#2223 =( LENGTH_UNIT ( ) NAMED_UNIT ( * ) SI_UNIT ( .MILLI., .METRE. ) );
#2224 = DIRECTION ( 'NONE',  ( -0.9902680687415706950, -1.431534388630178744E-16, -0.1391731009600623292 ) ) ;
#2225 = MECHANICAL_DESIGN_GEOMETRIC_PRESENTATION_REPRESENTATION (  '', ( #3089 ), #2068 ) ;
#2226 = LINE ( 'NONE', #9406, #9906 ) ;
#2227 = FILL_AREA_STYLE_COLOUR ( '', #1452 ) ;
#2228 = ORIENTED_EDGE ( 'NONE', *, *, #52, .F. ) ;
#2229 = EDGE_CURVE ( 'NONE', #10157, #4057, #2139, .T. ) ;
#2230 =( LENGTH_UNIT ( ) NAMED_UNIT ( * ) SI_UNIT ( .MILLI., .METRE. ) );
#2231 = CARTESIAN_POINT ( 'NONE',  ( 1.143726442154189060, 0.5122428948678044991, 1.173360952320449568 ) ) ;
#2233 = ADVANCED_FACE ( 'NONE', ( #5407 ), #7015, .T. ) ;
#2232 = DIRECTION ( 'NONE',  ( -2.710505431213771932E-16, 1.000000000000000000, -0.000000000000000000 ) ) ;
#2234 = STYLED_ITEM ( 'NONE', ( #4717 ), #4458 ) ;
#2235 = ORIENTED_EDGE ( 'NONE', *, *, #7066, .T. ) ;
#2236 = FACE_BOUND ( 'NONE', #9766, .T. ) ;
#2237 = CARTESIAN_POINT ( 'NONE',  ( 1.156602411705630606, 0.09369874323312436804, 1.081743668427779026 ) ) ;
#2238 = ORIENTED_EDGE ( 'NONE', *, *, #612, .T. ) ;
#2239 = CARTESIAN_POINT ( 'NONE',  ( 1.184489739542452735, 0.07794641080098932417, 0.8761297237651179959 ) ) ;
#2240 = FACE_OUTER_BOUND ( 'NONE', #8005, .T. ) ;
#2241 = EDGE_CURVE ( 'NONE', #2840, #2167, #9373, .T. ) ;
#2242 = CARTESIAN_POINT ( 'NONE',  ( 1.182232797488312670, 0.1582053243615262617, 0.8993739974566514750 ) ) ;
#2243 = DIRECTION ( 'NONE',  ( 0.04953667850302114622, 0.9345104387417476621, -0.3524717823678863993 ) ) ;
#2244 = B_SPLINE_CURVE_WITH_KNOTS ( 'NONE', 3,
 ( #6436, #6607, #7349, #5012 ),
 .UNSPECIFIED., .F., .F.,
 ( 4, 4 ),
 ( 6.000000000000000000, 7.000000000000000000 ),
 .UNSPECIFIED. ) ;
#2245 = DIRECTION ( 'NONE',  ( -0.9902680687415706950, -1.431534388630178744E-16, -0.1391731009600623292 ) ) ;
#2246 = VERTEX_POINT ( 'NONE', #4500 ) ;
#2247 =( LENGTH_UNIT ( ) NAMED_UNIT ( * ) SI_UNIT ( .MILLI., .METRE. ) );
#2248 = ORIENTED_EDGE ( 'NONE', *, *, #10013, .F. ) ;
#2249 = CARTESIAN_POINT ( 'NONE',  ( 1.173705849649449018, -0.07578123674051365222, 0.9600463839336526028 ) ) ;
#2250 = LINE ( 'NONE', #6204, #3251 ) ;
#2251 = EDGE_CURVE ( 'NONE', #7161, #1768, #10251, .T. ) ;
#2252 = PLANE ( 'NONE',  #6113 ) ;
#2253 = CARTESIAN_POINT ( 'NONE',  ( 1.150889405660594500, 0.3224662799812311187, 1.122393818664428222 ) ) ;
#2254 = CARTESIAN_POINT ( 'NONE',  ( 1.181234323787523133, 0.2881854614802366044, 0.9064785069958440911 ) ) ;
#2255 = LINE ( 'NONE', #7180, #3293 ) ;
#2256 = ORIENTED_EDGE ( 'NONE', *, *, #2221, .T. ) ;
#2257 = ORIENTED_EDGE ( 'NONE', *, *, #9368, .F. ) ;
#2258 = DIRECTION ( 'NONE',  ( -0.9902680687415706950, -1.431534388630178744E-16, -0.1391731009600623292 ) ) ;
#2259 = FILL_AREA_STYLE_COLOUR ( '', #10556 ) ;
#2260 = FACE_OUTER_BOUND ( 'NONE', #5689, .T. ) ;
#2261 = VERTEX_POINT ( 'NONE', #8526 ) ;
#2262 = CARTESIAN_POINT ( 'NONE',  ( 1.178013160804634696, 0.2504734418555639719, 0.9293982725551556134 ) ) ;
#2263 = B_SPLINE_CURVE_WITH_KNOTS ( 'NONE', 3,
 ( #10428, #9538, #3124, #6554 ),
 .UNSPECIFIED., .F., .F.,
 ( 4, 4 ),
 ( 26.00000000000000000, 27.00000000000000000 ),
 .UNSPECIFIED. ) ;
#2264 = DIRECTION ( 'NONE',  ( -1.000000000000000000, -1.417602794365952052E-16, 0.000000000000000000 ) ) ;
#2265 = CARTESIAN_POINT ( 'NONE',  ( 1.184489739542452735, 0.4158885287627306360, 0.8761297237651191061 ) ) ;
#2266 = CARTESIAN_POINT ( 'NONE',  ( -1.149999999999999689, 2.149999999999999467, 0.1100000000000000699 ) ) ;
#2267 = SURFACE_STYLE_FILL_AREA ( #3077 ) ;
#2268 = CARTESIAN_POINT ( 'NONE',  ( 1.175277734354367221, 0.1667209416960227786, 0.9416765465628712528 ) ) ;
#2269 = CARTESIAN_POINT ( 'NONE',  ( 1.184776258082727685, 0.1858420897773413460, 0.8740910384187441373 ) ) ;
#2270 = CARTESIAN_POINT ( 'NONE',  ( 1.173343607128256139, -0.3221774142005020547, 0.9626238734011092202 ) ) ;
#2271 = ORIENTED_EDGE ( 'NONE', *, *, #6220, .F. ) ;
#2272 = DIRECTION ( 'NONE',  ( -0.000000000000000000, 1.000000000000000000, 3.230312303371763289E-15 ) ) ;
#2273 = AXIS2_PLACEMENT_3D ( 'NONE', #1463, #1575, #8100 ) ;
#2274 = CARTESIAN_POINT ( 'NONE',  ( 1.158538582447339538, 0.4046279505285418354, 1.067967097754856098 ) ) ;
#2275 = LINE ( 'NONE', #5564, #6303 ) ;
#2276 = EDGE_CURVE ( 'NONE', #4449, #2204, #7955, .T. ) ;
#2277 = EDGE_LOOP ( 'NONE', ( #8472, #275, #10336, #8859 ) ) ;
#2278 = VECTOR ( 'NONE', #8790, 1000.000000000000227 ) ;
#2279 = VECTOR ( 'NONE', #7069, 1000.000000000000114 ) ;
#2280 = CARTESIAN_POINT ( 'NONE',  ( 1.146643245088972973, 0.1472878662401649885, 1.145421524497797883 ) ) ;
#2281 = FACE_OUTER_BOUND ( 'NONE', #9229, .T. ) ;
#2282 = CARTESIAN_POINT ( 'NONE',  ( -1.208648687084981965, 2.149436649370102703, 0.4140084480150231228 ) ) ;
#2283 = FACE_OUTER_BOUND ( 'NONE', #10484, .T. ) ;
#2284 = ORIENTED_EDGE ( 'NONE', *, *, #10394, .T. ) ;
#2285 = CARTESIAN_POINT ( 'NONE',  ( 1.140565579083566039, 0.2630753078015175550, 1.188666365175434336 ) ) ;
#2286 = MECHANICAL_DESIGN_GEOMETRIC_PRESENTATION_REPRESENTATION (  '', ( #8804 ), #6903 ) ;
#2287 = EDGE_CURVE ( 'NONE', #5830, #5279, #8747, .T. ) ;
#2288 = ORIENTED_EDGE ( 'NONE', *, *, #8318, .T. ) ;
#2289 = ORIENTED_EDGE ( 'NONE', *, *, #7470, .T. ) ;
#2290 = VERTEX_POINT ( 'NONE', #4616 ) ;
#2291 = EDGE_CURVE ( 'NONE', #9081, #4684, #8883, .T. ) ;
#2292 = AXIS2_PLACEMENT_3D ( 'NONE', #5239, #5286, #10178 ) ;
#2293 = EDGE_CURVE ( 'NONE', #1138, #80, #3633, .T. ) ;
#2294 = AXIS2_PLACEMENT_3D ( 'NONE', #8871, #8641, #712 ) ;
#2295 = CARTESIAN_POINT ( 'NONE',  ( 1.142258643185105171, 0.2098916903817933943, 1.176619588129285798 ) ) ;
#2296 =( LENGTH_UNIT ( ) NAMED_UNIT ( * ) SI_UNIT ( .MILLI., .METRE. ) );
#2297 = CARTESIAN_POINT ( 'NONE',  ( 1.146643245088972973, 0.1472878662401649885, 1.145421524497797883 ) ) ;
#2298 = DIRECTION ( 'NONE',  ( -0.7071067811865467956, 0.7071067811865483499, -0.000000000000000000 ) ) ;
#2299 = FACE_OUTER_BOUND ( 'NONE', #5645, .T. ) ;
#2300 = VECTOR ( 'NONE', #1869, 1000.000000000000114 ) ;
#2301 = VECTOR ( 'NONE', #2494, 1000.000000000000227 ) ;
#2302 = CARTESIAN_POINT ( 'NONE',  ( 1.189126607214438192, 0.3189103079077391656, 0.8503219924594989099 ) ) ;
#2303 = VERTEX_POINT ( 'NONE', #8578 ) ;
#2304 = CARTESIAN_POINT ( 'NONE',  ( 0.000000000000000000, 0.000000000000000000, 0.4000000000000000222 ) ) ;
#2305 = VECTOR ( 'NONE', #3867, 1000.000000000000227 ) ;
#2306 = ORIENTED_EDGE ( 'NONE', *, *, #38, .F. ) ;
#2307 = B_SPLINE_CURVE_WITH_KNOTS ( 'NONE', 3,
 ( #3371, #9985, #789, #8179, #9883, #7 ),
 .UNSPECIFIED., .F., .F.,
 ( 4, 2, 4 ),
 ( 2.000000000000000000, 3.000000000000000000, 4.000000000000000000 ),
 .UNSPECIFIED. ) ;
#2308 = ADVANCED_FACE ( 'NONE', ( #7847 ), #1220, .F. ) ;
#2309 = EDGE_LOOP ( 'NONE', ( #9745, #7008, #8374, #3918 ) ) ;
#2310 = VERTEX_POINT ( 'NONE', #580 ) ;
#2311 = CARTESIAN_POINT ( 'NONE',  ( 1.174895709634000918, 0.09369874323312490927, 0.9443947936913678065 ) ) ;
#2312 = ORIENTED_EDGE ( 'NONE', *, *, #2050, .F. ) ;
#2313 = UNCERTAINTY_MEASURE_WITH_UNIT (LENGTH_MEASURE( 1.000000000000000082E-05 ), #2105, 'distance_accuracy_value', 'NONE');
#2314 = VECTOR ( 'NONE', #7889, 1000.000000000000000 ) ;
#2315 = DIRECTION ( 'NONE',  ( -0.1391731009600612190, -3.008496282544230401E-15, 0.9902680687415709171 ) ) ;
#2316 = EDGE_LOOP ( 'NONE', ( #4759, #3281, #7800, #6191, #10363, #4495, #6950 ) ) ;
#2317 = CARTESIAN_POINT ( 'NONE',  ( 1.155612143636888467, 0.3675085929167397070, 1.081604495326820015 ) ) ;
#2318 = CARTESIAN_POINT ( 'NONE',  ( 1.175854965329553359, -0.4063338906950230700, 0.9375693347592092275 ) ) ;
#2319 = ORIENTED_EDGE ( 'NONE', *, *, #1664, .T. ) ;
#2320 = ADVANCED_FACE ( 'NONE', ( #487 ), #4099, .F. ) ;
#2321 = ORIENTED_EDGE ( 'NONE', *, *, #6418, .T. ) ;
#2322 = CARTESIAN_POINT ( 'NONE',  ( 1.172360454671748320, 0.3157598414211458260, 0.9624340700883049493 ) ) ;
#2323 = LINE ( 'NONE', #6616, #2062 ) ;
#2324 = PLANE ( 'NONE',  #2738 ) ;
#2325 = CARTESIAN_POINT ( 'NONE',  ( 1.184548638442932900, -0.1330423154565086030, 0.8757106363119617765 ) ) ;
#2326 = LINE ( 'NONE', #7827, #6129 ) ;
#2327 = PLANE ( 'NONE',  #9738 ) ;
#2328 = EDGE_LOOP ( 'NONE', ( #10188, #180, #3455, #8238 ) ) ;
#2329 = STYLED_ITEM ( 'NONE', ( #5161 ), #10407 ) ;
#2330 = CARTESIAN_POINT ( 'NONE',  ( 1.153840938115369141, 0.4215032215110968705, 1.094207277466759720 ) ) ;
#2331 = EDGE_CURVE ( 'NONE', #7048, #2680, #2735, .T. ) ;
#2332 = CARTESIAN_POINT ( 'NONE',  ( 1.174600985461562441, 0.2282330200255206498, 0.9536771616787182992 ) ) ;
#2333 = CARTESIAN_POINT ( 'NONE',  ( 1.180409020938855802, 0.1737081148940254616, 0.9051655453627227566 ) ) ;
#2334 = PLANE ( 'NONE',  #6669 ) ;
#2335 = ORIENTED_EDGE ( 'NONE', *, *, #3685, .F. ) ;
#2336 = CARTESIAN_POINT ( 'NONE',  ( 1.150368462860147378, 0.1472878662401649885, 1.126100519293821600 ) ) ;
#2337 = CARTESIAN_POINT ( 'NONE',  ( 1.185766526151469158, 0.2829762743196018726, 0.8742302115197044809 ) ) ;
#2338 = LINE ( 'NONE', #8898, #252 ) ;
#2339 = CARTESIAN_POINT ( 'NONE',  ( 1.168497272316162627, 0.4787418948039905420, 0.9971073373876172541 ) ) ;
#2340 = B_SPLINE_SURFACE_WITH_KNOTS ( 'NONE', 3, 1, ( 
 ( #1147, #10231 ),
 ( #10277, #5423 ),
 ( #3477, #310 ),
 ( #3632, #2778 ) ),
 .UNSPECIFIED., .F., .F., .F.,
 ( 4, 4 ),
 ( 2, 2 ),
 ( 1.000000000000000000, 2.000000000000000000 ),
 ( 0.000000000000000000, 1.000000000000000000 ),
 .UNSPECIFIED. ) ;
#2341 = CARTESIAN_POINT ( 'NONE',  ( 1.193508108400897827, -0.3872468534243500571, 0.8191459915787731028 ) ) ;
#2342 = CARTESIAN_POINT ( 'NONE',  ( 1.165108608394333167, -0.5208560481278448062, 1.014033637522010034 ) ) ;
#2343 = EDGE_LOOP ( 'NONE', ( #3904, #5747, #6014, #2006 ) ) ;
#2344 = CARTESIAN_POINT ( 'NONE',  ( 1.144316367246899224, 0.4449601601030903630, 1.161978120642974233 ) ) ;
#2345 = DIRECTION ( 'NONE',  ( -0.9902680687415706950, -1.431534388630178744E-16, -0.1391731009600623292 ) ) ;
#2346 = ORIENTED_EDGE ( 'NONE', *, *, #4285, .T. ) ;
#2347 = B_SPLINE_CURVE_WITH_KNOTS ( 'NONE', 3,
 ( #2341, #5508, #2177, #7208 ),
 .UNSPECIFIED., .F., .F.,
 ( 4, 4 ),
 ( 10.00000000000000000, 11.00000000000000000 ),
 .UNSPECIFIED. ) ;
#2348 = VECTOR ( 'NONE', #3193, 1000.000000000000227 ) ;
#2349 = VECTOR ( 'NONE', #2002, 1000.000000000000227 ) ;
#2350 = B_SPLINE_SURFACE_WITH_KNOTS ( 'NONE', 3, 1, ( 
 ( #763, #1894 ),
 ( #2042, #4497 ),
 ( #4303, #5173 ),
 ( #10208, #7701 ) ),
 .UNSPECIFIED., .F., .F., .F.,
 ( 4, 4 ),
 ( 2, 2 ),
 ( 19.00000000000000000, 20.00000000000000000 ),
 ( 0.000000000000000000, 1.000000000000000000 ),
 .UNSPECIFIED. ) ;
#2351 = AXIS2_PLACEMENT_3D ( 'NONE', #9623, #10459, #1431 ) ;
#2352 = DIRECTION ( 'NONE',  ( -1.000000000000000000, 0.000000000000000000, 0.000000000000000000 ) ) ;
#2353 = CARTESIAN_POINT ( 'NONE',  ( 1.142883774545641495, 0.1852182350274333977, 1.172171547374012857 ) ) ;
#2354 = DIRECTION ( 'NONE',  ( -0.9902680687415706950, -1.431534388630178744E-16, -0.1391731009600623292 ) ) ;
#2355 = ADVANCED_FACE ( 'NONE', ( #3812, #749 ), #6540, .T. ) ;
#2356 = CARTESIAN_POINT ( 'NONE',  ( -1.149999999999999911, 2.149999999999999467, 0.4099999999999703326 ) ) ;
#2357 = EDGE_CURVE ( 'NONE', #2073, #4949, #6364, .T. ) ;
#2358 = ORIENTED_EDGE ( 'NONE', *, *, #472, .F. ) ;
#2359 = ADVANCED_FACE ( 'NONE', ( #6311 ), #5133, .F. ) ;
#2360 = VECTOR ( 'NONE', #7760, 1000.000000000000114 ) ;
#2361 =( GEOMETRIC_REPRESENTATION_CONTEXT ( 3 ) GLOBAL_UNCERTAINTY_ASSIGNED_CONTEXT ( ( #4901 ) ) GLOBAL_UNIT_ASSIGNED_CONTEXT ( ( #6372, #4626, #5597 ) ) REPRESENTATION_CONTEXT ( 'NONE', 'WORKASPACE' ) );
#2362 = ORIENTED_EDGE ( 'NONE', *, *, #2771, .F. ) ;
#2363 = CARTESIAN_POINT ( 'NONE',  ( 1.179184805357776034, 0.3026900844129644108, 0.9138762918420079151 ) ) ;
#2364 = ORIENTED_EDGE ( 'NONE', *, *, #9255, .T. ) ;
#2365 = CARTESIAN_POINT ( 'NONE',  ( 1.174036630761126743, 0.2588330955027907110, 0.9576927540268845851 ) ) ;
#2366 = CARTESIAN_POINT ( 'NONE',  ( 1.144256067334633808, 0.2386513943472002575, 1.169592473347299766 ) ) ;
#2367 = LINE ( 'NONE', #2148, #2709 ) ;
#2368 = ORIENTED_EDGE ( 'NONE', *, *, #1226, .F. ) ;
#2369 = AXIS2_PLACEMENT_3D ( 'NONE', #5551, #7088, #3203 ) ;
#2370 = EDGE_CURVE ( 'NONE', #4919, #1480, #9483, .T. ) ;
#2371 = LINE ( 'NONE', #8924, #4757 ) ;
#2372 = CARTESIAN_POINT ( 'NONE',  ( 1.176840562755707698, 0.4316408611952771701, 0.9305564446746902307 ) ) ;
#2373 = EDGE_CURVE ( 'NONE', #9842, #10380, #9359, .T. ) ;
#2374 = VECTOR ( 'NONE', #8157, 1000.000000000000000 ) ;
#2375 = EDGE_LOOP ( 'NONE', ( #6012, #616, #3192, #9956 ) ) ;
#2376 = CARTESIAN_POINT ( 'NONE',  ( 1.173810412133001746, 0.2765505703970164153, 0.9521170866697553636 ) ) ;
#2377 = DIRECTION ( 'NONE',  ( 0.1391731009600654378, -0.000000000000000000, -0.9902680687415703620 ) ) ;
#2378 = ORIENTED_EDGE ( 'NONE', *, *, #6887, .T. ) ;
#2379 =( NAMED_UNIT ( * ) PLANE_ANGLE_UNIT ( ) SI_UNIT ( $, .RADIAN. ) );
#2380 = ADVANCED_FACE ( 'NONE', ( #1501 ), #6745, .F. ) ;
#2381 = AXIS2_PLACEMENT_3D ( 'NONE', #6466, #1722, #2409 ) ;
#2382 =( NAMED_UNIT ( * ) PLANE_ANGLE_UNIT ( ) SI_UNIT ( $, .RADIAN. ) );
#2383 = ORIENTED_EDGE ( 'NONE', *, *, #7894, .F. ) ;
#2384 =( GEOMETRIC_REPRESENTATION_CONTEXT ( 3 ) GLOBAL_UNCERTAINTY_ASSIGNED_CONTEXT ( ( #3716 ) ) GLOBAL_UNIT_ASSIGNED_CONTEXT ( ( #1985, #9272, #5205 ) ) REPRESENTATION_CONTEXT ( 'NONE', 'WORKASPACE' ) );
#2385 = CARTESIAN_POINT ( 'NONE',  ( 1.168253688928157841, 0.5732558893976230641, 0.9916552267171732105 ) ) ;
#2386 = CARTESIAN_POINT ( 'NONE',  ( -0.9149999999999987033, -1.700000000000000178, 0.4000000000000000222 ) ) ;
#2387 = CARTESIAN_POINT ( 'NONE',  ( 1.181399289007597497, 0.1737081148940254616, 0.9053047184636827671 ) ) ;
#2388 = VECTOR ( 'NONE', #7770, 1000.000000000000000 ) ;
#2389 = CARTESIAN_POINT ( 'NONE',  ( 1.156871565485909414, 0.2071467294825181937, 1.079828539768916018 ) ) ;
#2390 = FILL_AREA_STYLE ('',( #10446 ) ) ;
#2391 = B_SPLINE_CURVE_WITH_KNOTS ( 'NONE', 3,
 ( #4586, #403, #4480, #3022 ),
 .UNSPECIFIED., .F., .F.,
 ( 4, 4 ),
 ( 3.000000000000000000, 4.000000000000000000 ),
 .UNSPECIFIED. ) ;
#2392 = CARTESIAN_POINT ( 'NONE',  ( 1.175547364882480350, 0.2663505452379263394, 0.9469433222012310081 ) ) ;
#2393 = ORIENTED_EDGE ( 'NONE', *, *, #788, .F. ) ;
#2394 = AXIS2_PLACEMENT_3D ( 'NONE', #6391, #8831, #1479 ) ;
#2395 = PLANE ( 'NONE',  #29 ) ;
#2396 = ORIENTED_EDGE ( 'NONE', *, *, #1930, .T. ) ;
#2397 = CARTESIAN_POINT ( 'NONE',  ( -1.249999999999999778, 2.149999999999999467, 0.4099999999999702771 ) ) ;
#2398 = FACE_OUTER_BOUND ( 'NONE', #3544, .T. ) ;
#2399 =( LENGTH_UNIT ( ) NAMED_UNIT ( * ) SI_UNIT ( .MILLI., .METRE. ) );
#2400 = EDGE_CURVE ( 'NONE', #5744, #8405, #5682, .T. ) ;
#2401 = ORIENTED_EDGE ( 'NONE', *, *, #8582, .F. ) ;
#2402 = DIRECTION ( 'NONE',  ( 2.168404344971012812E-15, 1.000000000000000000, 0.000000000000000000 ) ) ;
#2403 = LINE ( 'NONE', #7950, #8940 ) ;
#2404 = ORIENTED_EDGE ( 'NONE', *, *, #4094, .T. ) ;
#2405 = CARTESIAN_POINT ( 'NONE',  ( 1.172360454671748320, 0.3328534615654645812, 0.9624340700883050603 ) ) ;
#2406 = AXIS2_PLACEMENT_3D ( 'NONE', #7096, #3899, #6345 ) ;
#2407 = EDGE_LOOP ( 'NONE', ( #7840, #9309, #6550, #2767 ) ) ;
#2408 = ORIENTED_EDGE ( 'NONE', *, *, #1848, .F. ) ;
#2409 = DIRECTION ( 'NONE',  ( 1.000000000000000000, 1.417602794365953531E-16, 0.000000000000000000 ) ) ;
#2410 =( NAMED_UNIT ( * ) SI_UNIT ( $, .STERADIAN. ) SOLID_ANGLE_UNIT ( ) );
#2411 = CARTESIAN_POINT ( 'NONE',  ( 1.174557096813738877, 0.2663505452379263394, 0.9468041491002709975 ) ) ;
#2412 = CARTESIAN_POINT ( 'NONE',  ( 1.191193013656346444, 0.3287672129544174648, 0.8356187466286061349 ) ) ;
#2413 = CARTESIAN_POINT ( 'NONE',  ( 1.180105358512730129, -0.05409142918217924034, 0.9145115123297309356 ) ) ;
#2414 = PRESENTATION_STYLE_ASSIGNMENT (( #5639 ) ) ;
#2415 = DIRECTION ( 'NONE',  ( 0.000000000000000000, 0.3865342519704700330, 0.9222750522775887694 ) ) ;
#2416 = AXIS2_PLACEMENT_3D ( 'NONE', #9838, #4226, #2598 ) ;
#2417 =( LENGTH_UNIT ( ) NAMED_UNIT ( * ) SI_UNIT ( .MILLI., .METRE. ) );
#2418 = CARTESIAN_POINT ( 'NONE',  ( 1.185480007611194431, 0.4815180484407237671, 0.8762688968660794497 ) ) ;
#2419 = ORIENTED_EDGE ( 'NONE', *, *, #5718, .T. ) ;
#2420 = SURFACE_STYLE_USAGE ( .BOTH. , #1567 ) ;
#2421 = ORIENTED_EDGE ( 'NONE', *, *, #7145, .T. ) ;
#2422 = CARTESIAN_POINT ( 'NONE',  ( 1.158538582447339760, 0.3517562604841873442, 1.067967097754855876 ) ) ;
#2423 = VECTOR ( 'NONE', #2224, 1000.000000000000227 ) ;
#2424 = ORIENTED_EDGE ( 'NONE', *, *, #4866, .T. ) ;
#2425 = CARTESIAN_POINT ( 'NONE',  ( 1.187659284993189512, 0.3432406431492763810, 0.8607625325655535731 ) ) ;
#2426 =( LENGTH_UNIT ( ) NAMED_UNIT ( * ) SI_UNIT ( .MILLI., .METRE. ) );
#2427 = UNCERTAINTY_MEASURE_WITH_UNIT (LENGTH_MEASURE( 1.000000000000000082E-05 ), #6568, 'distance_accuracy_value', 'NONE');
#2428 = DIRECTION ( 'NONE',  ( -1.000000000000000000, -0.000000000000000000, -0.000000000000000000 ) ) ;
#2429 = CARTESIAN_POINT ( 'NONE',  ( 1.183543836869484833, 0.4815180484407237671, 0.8900454675390060411 ) ) ;
#2430 = CARTESIAN_POINT ( 'NONE',  ( -1.149999999999999467, 1.699999999999999734, 0.01000000000000006613 ) ) ;
#2431 = ADVANCED_FACE ( 'NONE', ( #2215 ), #173, .F. ) ;
#2432 = LINE ( 'NONE', #5710, #1151 ) ;
#2433 = CARTESIAN_POINT ( 'NONE',  ( 1.180805529441597335, -0.2093904314435909575, 0.9023442407676468546 ) ) ;
#2434 = CARTESIAN_POINT ( 'NONE',  ( 1.147633513157714669, 0.1472878662401649885, 1.145560697598758004 ) ) ;
#2435 = ORIENTED_EDGE ( 'NONE', *, *, #3478, .F. ) ;
#2436 = CARTESIAN_POINT ( 'NONE',  ( 1.176840562755707698, 0.4316408611952771701, 0.9305564446746902307 ) ) ;
#2437 = CARTESIAN_POINT ( 'NONE',  ( 1.170867085310390188, 0.6630597806290535745, 0.9730599452264488969 ) ) ;
#2438 = VERTEX_POINT ( 'NONE', #4644 ) ;
#2439 = ORIENTED_EDGE ( 'NONE', *, *, #8602, .F. ) ;
#2440 = ADVANCED_FACE ( 'NONE', ( #3024 ), #2873, .T. ) ;
#2441 = CARTESIAN_POINT ( 'NONE',  ( 1.180564042104340183, -0.3542783525547693046, 0.9040625124555062841 ) ) ;
#2442 = EDGE_CURVE ( 'NONE', #133, #4919, #4536, .T. ) ;
#2443 = DIRECTION ( 'NONE',  ( 0.000000000000000000, 0.8844781648589418177, 0.4665815854572042398 ) ) ;
#2444 = CARTESIAN_POINT ( 'NONE',  ( 1.175252163962207996, 0.2694386262491972883, 0.9490437858913565172 ) ) ;
#2445 = CARTESIAN_POINT ( 'NONE',  ( 1.182701169260937712, 0.2020623132716999892, 0.8888560625925656655 ) ) ;
#2446 = B_SPLINE_SURFACE_WITH_KNOTS ( 'NONE', 3, 1, ( 
 ( #10065, #2749 ),
 ( #7703, #5312 ),
 ( #427, #6955 ),
 ( #6006, #3601 ) ),
 .UNSPECIFIED., .F., .F., .F.,
 ( 4, 4 ),
 ( 2, 2 ),
 ( 6.000000000000000000, 7.000000000000000000 ),
 ( 0.000000000000000000, 1.000000000000000000 ),
 .UNSPECIFIED. ) ;
#2447 = EDGE_CURVE ( 'NONE', #594, #7082, #2817, .T. ) ;
#2448 = CARTESIAN_POINT ( 'NONE',  ( 1.141112569024006484, 0.1766714249554794391, 1.184774329514775904 ) ) ;
#2449 = ORIENTED_EDGE ( 'NONE', *, *, #10279, .T. ) ;
#2450 = LINE ( 'NONE', #5728, #7539 ) ;
#2451 = CARTESIAN_POINT ( 'NONE',  ( 1.178752859437986134, -0.2093904314435910130, 0.9169497467613886288 ) ) ;
#2452 =( BOUNDED_CURVE ( )  B_SPLINE_CURVE ( 3, ( #2753, #1938, #9411, #2833 ),
 .UNSPECIFIED., .F., .F. ) 
 B_SPLINE_CURVE_WITH_KNOTS ( ( 4, 4 ),
 ( 6.273500125511114689, 6.283185307179586232 ),
 .UNSPECIFIED. ) 
 CURVE ( )  GEOMETRIC_REPRESENTATION_ITEM ( )  RATIONAL_B_SPLINE_CURVE ( ( 1.000000000000000000, 0.9999921831199466427, 0.9999921831199466427, 1.000000000000000000 ) ) 
 REPRESENTATION_ITEM ( '' )  );
#2453 = CARTESIAN_POINT ( 'NONE',  ( 1.154024325354476854, -0.4818143945223430369, 1.100087705992469189 ) ) ;
#2454 = B_SPLINE_SURFACE_WITH_KNOTS ( 'NONE', 3, 1, ( 
 ( #7104, #4604 ),
 ( #7207, #2080 ),
 ( #524, #1265 ),
 ( #2887, #7892 ) ),
 .UNSPECIFIED., .F., .F., .F.,
 ( 4, 4 ),
 ( 2, 2 ),
 ( 8.000000000000000000, 9.000000000000000000 ),
 ( 0.000000000000000000, 1.000000000000000000 ),
 .UNSPECIFIED. ) ;
#2455 = B_SPLINE_CURVE_WITH_KNOTS ( 'NONE', 3,
 ( #4067, #2461, #8371, #5222 ),
 .UNSPECIFIED., .F., .F.,
 ( 4, 4 ),
 ( 9.000000000000000000, 10.00000000000000000 ),
 .UNSPECIFIED. ) ;
#2456 = ADVANCED_FACE ( 'NONE', ( #6990 ), #6078, .F. ) ;
#2457 = CARTESIAN_POINT ( 'NONE',  ( 1.185480007611194209, 0.6280927219032401698, 0.8762688968660798938 ) ) ;
#2458 = CARTESIAN_POINT ( 'NONE',  ( 1.140279060543291312, 0.1916127462129770254, 1.190705050521806418 ) ) ;
#2459 = VERTEX_POINT ( 'NONE', #3265 ) ;
#2460 = CARTESIAN_POINT ( 'NONE',  ( 1.177561677044169919, 0.2681285312744675076, 0.9326107464345139153 ) ) ;
#2461 = CARTESIAN_POINT ( 'NONE',  ( 1.147112093609316874, 0.1638200171098933289, 1.142085493931755069 ) ) ;
#2462 = LINE ( 'NONE', #4930, #6594 ) ;
#2463 = CARTESIAN_POINT ( 'NONE',  ( 1.182910023128951327, 0.3588370118945546916, 0.8945552866380289680 ) ) ;
#2464 = VERTEX_POINT ( 'NONE', #4864 ) ;
#2465 =( NAMED_UNIT ( * ) SI_UNIT ( $, .STERADIAN. ) SOLID_ANGLE_UNIT ( ) );
#2466 = ORIENTED_EDGE ( 'NONE', *, *, #7406, .T. ) ;
#2467 = VERTEX_POINT ( 'NONE', #2325 ) ;
#2468 = ORIENTED_EDGE ( 'NONE', *, *, #5735, .T. ) ;
#2469 = ADVANCED_FACE ( 'NONE', ( #4811 ), #722, .F. ) ;
#2470 = STYLED_ITEM ( 'NONE', ( #8590 ), #6349 ) ;
#2471 = VECTOR ( 'NONE', #536, 1000.000000000000227 ) ;
#2472 = ORIENTED_EDGE ( 'NONE', *, *, #3876, .F. ) ;
#2473 = CARTESIAN_POINT ( 'NONE',  ( 1.177183164109006919, -0.1382478891282720723, 0.9281187093785784326 ) ) ;
#2474 = CARTESIAN_POINT ( 'NONE',  ( 1.143248911253846867, 0.2203412574405151092, 1.176758761230245920 ) ) ;
#2475 = CARTESIAN_POINT ( 'NONE',  ( 1.144446602946982416, 0.1531521008881596702, 1.161051445485830724 ) ) ;
#2476 =( NAMED_UNIT ( * ) PLANE_ANGLE_UNIT ( ) SI_UNIT ( $, .RADIAN. ) );
#2477 = B_SPLINE_CURVE_WITH_KNOTS ( 'NONE', 3,
 ( #9387, #5284, #2057, #6210, #8594, #7033 ),
 .UNSPECIFIED., .F., .F.,
 ( 4, 2, 4 ),
 ( 2.000000000000000000, 3.000000000000000000, 4.000000000000000000 ),
 .UNSPECIFIED. ) ;
#2478 = VECTOR ( 'NONE', #4391, 1000.000000000000114 ) ;
#2479 = LINE ( 'NONE', #9021, #1960 ) ;
#2480 = VECTOR ( 'NONE', #10104, 1000.000000000000000 ) ;
#2481 = PRESENTATION_STYLE_ASSIGNMENT (( #10268 ) ) ;
#2482 = ORIENTED_EDGE ( 'NONE', *, *, #8662, .F. ) ;
#2483 = COLOUR_RGB ( '',0.8509803921568627194, 0.8509803921568627194, 0.8509803921568627194 ) ;
#2484 = VERTEX_POINT ( 'NONE', #4121 ) ;
#2485 = CARTESIAN_POINT ( 'NONE',  ( 1.185766526151469158, 0.2725890927357904614, 0.8742302115197044809 ) ) ;
#2486 = EDGE_LOOP ( 'NONE', ( #81, #9971, #4155, #6572 ) ) ;
#2487 = AXIS2_PLACEMENT_3D ( 'NONE', #5810, #1788, #3995 ) ;
#2488 = CARTESIAN_POINT ( 'NONE',  ( 1.171290934821607177, -0.1790247008616725199, 0.9772293957818157795 ) ) ;
#2489 = LINE ( 'NONE', #10545, #7750 ) ;
#2490 = ORIENTED_EDGE ( 'NONE', *, *, #3610, .F. ) ;
#2491 = ORIENTED_EDGE ( 'NONE', *, *, #9744, .F. ) ;
#2492 = ORIENTED_EDGE ( 'NONE', *, *, #3889, .F. ) ;
#2493 = FACE_OUTER_BOUND ( 'NONE', #4240, .T. ) ;
#2494 = DIRECTION ( 'NONE',  ( -0.9902680687415706950, -1.431534388630178744E-16, -0.1391731009600623292 ) ) ;
#2495 = PRESENTATION_STYLE_ASSIGNMENT (( #3708 ) ) ;
#2496 = DIRECTION ( 'NONE',  ( -1.008560160451632221E-16, 1.000000000000000000, 0.000000000000000000 ) ) ;
#2497 = AXIS2_PLACEMENT_3D ( 'NONE', #263, #2781, #4440 ) ;
#2498 = ORIENTED_EDGE ( 'NONE', *, *, #3018, .T. ) ;
#2499 = EDGE_CURVE ( 'NONE', #1997, #9984, #7054, .T. ) ;
#2500 = EDGE_CURVE ( 'NONE', #7340, #5272, #5051, .T. ) ;
#2501 = CARTESIAN_POINT ( 'NONE',  ( 1.136999214739794706, -0.2293450477788374353, 1.221227662580423479 ) ) ;
#2502 = EDGE_CURVE ( 'NONE', #8583, #2561, #7365, .T. ) ;
#2503 = CARTESIAN_POINT ( 'NONE',  ( 1.008476408045746231, -1.908476408045746364, 1.409999999999999920 ) ) ;
#2504 = B_SPLINE_CURVE_WITH_KNOTS ( 'NONE', 3,
 ( #7636, #954, #7533, #1061 ),
 .UNSPECIFIED., .F., .F.,
 ( 4, 4 ),
 ( 5.000000000000000000, 6.000000000000000000 ),
 .UNSPECIFIED. ) ;
#2505 = CARTESIAN_POINT ( 'NONE',  ( 1.140279060543291312, 0.2097357266941085041, 1.190705050521806418 ) ) ;
#2506 = CARTESIAN_POINT ( 'NONE',  ( 1.180175073426517729, 0.3026900844129644108, 0.9140154649429680367 ) ) ;
#2507 = ADVANCED_FACE ( 'NONE', ( #8828 ), #676, .F. ) ;
#2508 = EDGE_LOOP ( 'NONE', ( #4191, #4952, #1280, #6095 ) ) ;
#2509 = CARTESIAN_POINT ( 'NONE',  ( 1.150000000000000133, 2.049999999999999822, 0.1100000000000000006 ) ) ;
#2510 = ORIENTED_EDGE ( 'NONE', *, *, #472, .T. ) ;
#2511 = EDGE_CURVE ( 'NONE', #1923, #9511, #2592, .T. ) ;
#2512 = VECTOR ( 'NONE', #5410, 1000.000000000000114 ) ;
#2513 = ORIENTED_EDGE ( 'NONE', *, *, #146, .T. ) ;
#2514 = ORIENTED_EDGE ( 'NONE', *, *, #5150, .T. ) ;
#2515 = LINE ( 'NONE', #4999, #9348 ) ;
#2516 = B_SPLINE_CURVE_WITH_KNOTS ( 'NONE', 3,
 ( #6650, #6484, #4248, #183 ),
 .UNSPECIFIED., .F., .F.,
 ( 4, 4 ),
 ( 10.00000000000000000, 11.00000000000000000 ),
 .UNSPECIFIED. ) ;
#2517 = DIRECTION ( 'NONE',  ( -0.000000000000000000, 1.000000000000000000, 4.956011461633745506E-15 ) ) ;
#2518 = EDGE_CURVE ( 'NONE', #5617, #1674, #6420, .T. ) ;
#2519 = LINE ( 'NONE', #8246, #4508 ) ;
#2520 = VERTEX_POINT ( 'NONE', #94 ) ;
#2521 = ORIENTED_EDGE ( 'NONE', *, *, #1393, .F. ) ;
#2522 = LINE ( 'NONE', #5005, #9152 ) ;
#2523 = CARTESIAN_POINT ( 'NONE',  ( 1.095405081827368843, 5.523909625436723386E-17, 1.510000000000000009 ) ) ;
#2524 = VECTOR ( 'NONE', #5220, 1000.000000000000000 ) ;
#2525 = ORIENTED_EDGE ( 'NONE', *, *, #9165, .T. ) ;
#2526 = UNCERTAINTY_MEASURE_WITH_UNIT (LENGTH_MEASURE( 1.000000000000000082E-05 ), #6673, 'distance_accuracy_value', 'NONE');
#2527 = LINE ( 'NONE', #8098, #5079 ) ;
#2528 = CARTESIAN_POINT ( 'NONE',  ( 1.173611194140771863, 0.3036258665378299693, 0.9607198928741529365 ) ) ;
#2529 = CARTESIAN_POINT ( 'NONE',  ( 1.181398812259762510, 0.2921157464040102791, 0.8981228141664642228 ) ) ;
#2530 = EDGE_CURVE ( 'NONE', #5502, #423, #10355, .T. ) ;
#2531 = CARTESIAN_POINT ( 'NONE',  ( 1.185297414568225349, -0.4696681304213600194, 0.8775681138755390132 ) ) ;
#2532 = ORIENTED_EDGE ( 'NONE', *, *, #2060, .F. ) ;
#2533 = B_SPLINE_SURFACE_WITH_KNOTS ( 'NONE', 3, 1, ( 
 ( #10400, #5622 ),
 ( #10291, #7890 ),
 ( #6406, #2280 ),
 ( #2336, #571 ) ),
 .UNSPECIFIED., .F., .F., .F.,
 ( 4, 4 ),
 ( 2, 2 ),
 ( 3.000000000000000000, 4.000000000000000000 ),
 ( 0.000000000000000000, 1.000000000000000000 ),
 .UNSPECIFIED. ) ;
#2534 = DIRECTION ( 'NONE',  ( -0.9902680687415706950, -1.431534388630178744E-16, -0.1391731009600623292 ) ) ;
#2535 = PRESENTATION_LAYER_ASSIGNMENT (  '', '', ( #9882 ) ) ;
#2536 = LINE ( 'NONE', #8166, #9159 ) ;
#2537 = ORIENTED_EDGE ( 'NONE', *, *, #8324, .T. ) ;
#2538 = FACE_OUTER_BOUND ( 'NONE', #3102, .T. ) ;
#2539 = CARTESIAN_POINT ( 'NONE',  ( 1.182614345460843985, 0.2125430730682955627, 0.8894738460309360439 ) ) ;
#2540 = ORIENTED_EDGE ( 'NONE', *, *, #9333, .T. ) ;
#2541 = AXIS2_PLACEMENT_3D ( 'NONE', #2962, #10175, #6871 ) ;
#2542 = PRESENTATION_LAYER_ASSIGNMENT (  '', '', ( #9535 ) ) ;
#2543 =( NAMED_UNIT ( * ) SI_UNIT ( $, .STERADIAN. ) SOLID_ANGLE_UNIT ( ) );
#2544 = FACE_OUTER_BOUND ( 'NONE', #3399, .T. ) ;
#2545 = DIRECTION ( 'NONE',  ( 1.000000000000000000, 0.000000000000000000, -0.000000000000000000 ) ) ;
#2546 = ORIENTED_EDGE ( 'NONE', *, *, #3683, .T. ) ;
#2547 = AXIS2_PLACEMENT_3D ( 'NONE', #5992, #314, #2880 ) ;
#2548 = DIRECTION ( 'NONE',  ( -0.9902680687415706950, -1.431534388630178744E-16, -0.1391731009600623292 ) ) ;
#2549 = CARTESIAN_POINT ( 'NONE',  ( 1.170667867318159416, 0.6650561158286005803, 0.9816627514308489122 ) ) ;
#2550 = VERTEX_POINT ( 'NONE', #938 ) ;
#2551 = EDGE_CURVE ( 'NONE', #5272, #3217, #680, .T. ) ;
#2552 = AXIS2_PLACEMENT_3D ( 'NONE', #682, #4650, #2879 ) ;
#2553 = VECTOR ( 'NONE', #6841, 1000.000000000000000 ) ;
#2554 = CARTESIAN_POINT ( 'NONE',  ( 1.184489739542452957, 0.1435759304789832047, 0.8761297237651182179 ) ) ;
#2555 = FACE_OUTER_BOUND ( 'NONE', #9462, .T. ) ;
#2556 = ADVANCED_FACE ( 'NONE', ( #988 ), #8367, .F. ) ;
#2557 = DIRECTION ( 'NONE',  ( -0.9902680687415706950, -1.431534388630178744E-16, -0.1391731009600623292 ) ) ;
#2558 = ORIENTED_EDGE ( 'NONE', *, *, #3941, .T. ) ;
#2559 = CARTESIAN_POINT ( 'NONE',  ( 1.174036630761126743, 0.2588330955027907110, 0.9576927540268845851 ) ) ;
#2560 = ORIENTED_EDGE ( 'NONE', *, *, #9381, .T. ) ;
#2561 = VERTEX_POINT ( 'NONE', #4645 ) ;
#2562 = ORIENTED_EDGE ( 'NONE', *, *, #1683, .T. ) ;
#2563 = PLANE ( 'NONE',  #2381 ) ;
#2564 = EDGE_CURVE ( 'NONE', #1571, #614, #4617, .T. ) ;
#2565 = EDGE_CURVE ( 'NONE', #4949, #5545, #10447, .T. ) ;
#2566 = CARTESIAN_POINT ( 'NONE',  ( 1.191019366056158324, 0.3189103079077391656, 0.8368543135053476689 ) ) ;
#2567 = ADVANCED_FACE ( 'NONE', ( #3793 ), #9233, .F. ) ;
#2568 = FACE_OUTER_BOUND ( 'NONE', #10482, .T. ) ;
#2569 = PRESENTATION_LAYER_ASSIGNMENT (  '', '', ( #3437 ) ) ;
#2570 = CARTESIAN_POINT ( 'NONE',  ( 1.171857353379131661, 0.6673331856652374716, 0.9731991183274090185 ) ) ;
#2571 = ORIENTED_EDGE ( 'NONE', *, *, #7221, .T. ) ;
#2572 =( LENGTH_UNIT ( ) NAMED_UNIT ( * ) SI_UNIT ( .MILLI., .METRE. ) );
#2573 = ORIENTED_EDGE ( 'NONE', *, *, #5382, .F. ) ;
#2574 = EDGE_LOOP ( 'NONE', ( #648, #898, #9115, #10083 ) ) ;
#2575 = ADVANCED_FACE ( 'NONE', ( #613 ), #1877, .F. ) ;
#2576 = DIRECTION ( 'NONE',  ( -0.000000000000000000, 0.000000000000000000, -1.000000000000000000 ) ) ;
#2577 = VECTOR ( 'NONE', #8123, 999.9999999999998863 ) ;
#2578 = CARTESIAN_POINT ( 'NONE',  ( 1.158467605284563939, -0.5208560481278450283, 1.061286829975522705 ) ) ;
#2579 = LINE ( 'NONE', #5065, #6587 ) ;
#2580 = CARTESIAN_POINT ( 'NONE',  ( -1.249995309899464058, -2.050968503025307754, 0.4100333717993148164 ) ) ;
#2581 = CARTESIAN_POINT ( 'NONE',  ( 1.182041308380294087, 0.2063981037827952447, 0.8935512167236835390 ) ) ;
#2582 = EDGE_LOOP ( 'NONE', ( #8723, #5281, #3604, #6636, #2934, #25, #1570 ) ) ;
#2583 = CARTESIAN_POINT ( 'NONE',  ( 1.166340373012484832, -0.5755143896521992541, 1.012454473387236931 ) ) ;
#2584 = CARTESIAN_POINT ( 'NONE',  ( 1.177283364136058719, 0.1871209920142029304, 0.9274057491399119169 ) ) ;
#2585 = ORIENTED_EDGE ( 'NONE', *, *, #5007, .T. ) ;
#2586 = VECTOR ( 'NONE', #1934, 1000.000000000000227 ) ;
#2587 = EDGE_CURVE ( 'NONE', #3975, #3288, #4159, .T. ) ;
#2588 = CARTESIAN_POINT ( 'NONE',  ( 1.183465695449504862, 0.3579012297692725220, 0.8906014726327954323 ) ) ;
#2589 = B_SPLINE_CURVE_WITH_KNOTS ( 'NONE', 3,
 ( #6675, #990, #296, #9933 ),
 .UNSPECIFIED., .F., .F.,
 ( 4, 4 ),
 ( 13.00000000000000000, 14.00000000000000000 ),
 .UNSPECIFIED. ) ;
#2590 = CARTESIAN_POINT ( 'NONE',  ( 1.180782363279223590, 0.5743164424718889549, 0.9025090765779841817 ) ) ;
#2591 = CARTESIAN_POINT ( 'NONE',  ( 1.585000000000000409, 0.8649999999999999911, 0.4000000000000000222 ) ) ;
#2592 = LINE ( 'NONE', #9773, #7832 ) ;
#2593 = EDGE_LOOP ( 'NONE', ( #10561, #5206, #8676, #1860 ) ) ;
#2594 = DIRECTION ( 'NONE',  ( 0.000000000000000000, 0.000000000000000000, -1.000000000000000000 ) ) ;
#2595 = CARTESIAN_POINT ( 'NONE',  ( 1.159337134290752580, -0.1061469673224326449, 1.062285106146480862 ) ) ;
#2596 = CARTESIAN_POINT ( 'NONE',  ( 1.169238260211920011, -0.4245533158059314749, 0.9918349345494907876 ) ) ;
#2597 = ORIENTED_EDGE ( 'NONE', *, *, #1544, .T. ) ;
#2598 = DIRECTION ( 'NONE',  ( 0.9902680687415706950, 0.000000000000000000, 0.1391731009600623292 ) ) ;
#2599 = CARTESIAN_POINT ( 'NONE',  ( 1.157834832918872792, 0.2048696596458852992, 1.065789239307522562 ) ) ;
#2600 = FACE_OUTER_BOUND ( 'NONE', #1546, .T. ) ;
#2601 = CARTESIAN_POINT ( 'NONE',  ( 1.176771580463559230, 0.6039183503498034566, 0.9382325757219511786 ) ) ;
#2602 =( NAMED_UNIT ( * ) SI_UNIT ( $, .STERADIAN. ) SOLID_ANGLE_UNIT ( ) );
#2603 = CARTESIAN_POINT ( 'NONE',  ( 1.180834934307161355, 0.6906341605699625186, 0.9093203108118514955 ) ) ;
#2604 = CARTESIAN_POINT ( 'NONE',  ( 1.176832357123544393, 0.5873550067417854237, 0.9378001273156664208 ) ) ;
#2605 = LINE ( 'NONE', #8395, #5632 ) ;
#2606 = ORIENTED_EDGE ( 'NONE', *, *, #9846, .T. ) ;
#2607 = B_SPLINE_SURFACE_WITH_KNOTS ( 'NONE', 3, 1, ( 
 ( #7301, #84 ),
 ( #9094, #6504 ),
 ( #10555, #8218 ),
 ( #8170, #2441 ),
 ( #829, #4915 ),
 ( #9244, #6017 ),
 ( #1955, #3609 ) ),
 .UNSPECIFIED., .F., .F., .F.,
 ( 4, 3, 4 ),
 ( 2, 2 ),
 ( 0.000000000000000000, 1.000000000000000000, 2.000000000000000000 ),
 ( 0.000000000000000000, 1.000000000000000000 ),
 .UNSPECIFIED. ) ;
#2608 = CARTESIAN_POINT ( 'NONE',  ( 1.175842089054802475, 0.5873550067417854237, 0.9376609542147062992 ) ) ;
#2609 = ORIENTED_EDGE ( 'NONE', *, *, #4081, .F. ) ;
#2610 = DIRECTION ( 'NONE',  ( 1.417602794365952298E-16, -1.000000000000000000, 1.992310799966279959E-17 ) ) ;
#2611 = CARTESIAN_POINT ( 'NONE',  ( 1.175633711934623848, 0.2490385759310174418, 0.9391436344664653157 ) ) ;
#2612 = ORIENTED_EDGE ( 'NONE', *, *, #7874, .T. ) ;
#2613 = CARTESIAN_POINT ( 'NONE',  ( 1.150000000000000355, -2.050000000000000711, 0.01000000000000000021 ) ) ;
#2614 = B_SPLINE_CURVE_WITH_KNOTS ( 'NONE', 3,
 ( #8210, #10551, #3359, #6500 ),
 .UNSPECIFIED., .F., .F.,
 ( 4, 4 ),
 ( 0.000000000000000000, 1.000000000000000000 ),
 .UNSPECIFIED. ) ;
#2615 = CARTESIAN_POINT ( 'NONE',  ( 1.182399525065867651, -0.5199884856121140819, 0.8981876690994308188 ) ) ;
#2616 = EDGE_CURVE ( 'NONE', #1076, #4246, #6567, .T. ) ;
#2617 = ADVANCED_FACE ( 'NONE', ( #3080 ), #6277, .F. ) ;
#2618 = ORIENTED_EDGE ( 'NONE', *, *, #190, .T. ) ;
#2619 = ORIENTED_EDGE ( 'NONE', *, *, #7090, .F. ) ;
#2620 = ADVANCED_FACE ( 'NONE', ( #7994 ), #2327, .F. ) ;
#2621 = MECHANICAL_DESIGN_GEOMETRIC_PRESENTATION_REPRESENTATION (  '', ( #4178 ), #6201 ) ;
#2622 = EDGE_LOOP ( 'NONE', ( #9180, #854, #6140, #1217 ) ) ;
#2623 = EDGE_LOOP ( 'NONE', ( #10124, #7587, #1713, #2466 ) ) ;
#2624 = B_SPLINE_CURVE_WITH_KNOTS ( 'NONE', 3,
 ( #4514, #10229, #6161, #2366 ),
 .UNSPECIFIED., .F., .F.,
 ( 4, 4 ),
 ( 7.000000000000000000, 8.000000000000000000 ),
 .UNSPECIFIED. ) ;
#2625 = CARTESIAN_POINT ( 'NONE',  ( 1.173810412133001746, 0.2814790229201503124, 0.9521170866697553636 ) ) ;
#2626 = CARTESIAN_POINT ( 'NONE',  ( 1.150000000000000355, 2.149999999999999467, 0.1100000000000000699 ) ) ;
#2627 = LINE ( 'NONE', #5761, #9664 ) ;
#2628 = AXIS2_PLACEMENT_3D ( 'NONE', #9274, #10002, #2670 ) ;
#2629 = VECTOR ( 'NONE', #5429, 1000.000000000000000 ) ;
#2630 = DIRECTION ( 'NONE',  ( -0.1300587156392370713, -0.3559357243698773599, 0.9254158473916268557 ) ) ;
#2631 = FILL_AREA_STYLE ('',( #1900 ) ) ;
#2632 = VECTOR ( 'NONE', #9111, 1000.000000000000000 ) ;
#2633 = ORIENTED_EDGE ( 'NONE', *, *, #5587, .T. ) ;
#2634 = EDGE_CURVE ( 'NONE', #6356, #5211, #9775, .T. ) ;
#2635 = EDGE_LOOP ( 'NONE', ( #1437, #961, #5559, #1214, #5692, #7251, #1016, #4986, #4669, #1273, #9327, #786, #8849, #1578, #8104, #2492, #1565, #7739, #1362, #184, #9748, #95, #8760, #8989, #9139, #10419, #1454, #801, #3311, #10142, #1745, #6726, #290 ) ) ;
#2636 = DIRECTION ( 'NONE',  ( 0.000000000000000000, 2.959294695531607008E-15, -1.000000000000000000 ) ) ;
#2637 = VECTOR ( 'NONE', #8332, 1000.000000000000227 ) ;
#2638 = VERTEX_POINT ( 'NONE', #8272 ) ;
#2639 = LINE ( 'NONE', #3315, #1271 ) ;
#2640 = UNCERTAINTY_MEASURE_WITH_UNIT (LENGTH_MEASURE( 1.000000000000000082E-05 ), #1230, 'distance_accuracy_value', 'NONE');
#2641 = CARTESIAN_POINT ( 'NONE',  ( -1.149999999999999689, 2.149999999999999467, 0.1100000000000000699 ) ) ;
#2642 = STYLED_ITEM ( 'NONE', ( #1145 ), #4796 ) ;
#2644 = CARTESIAN_POINT ( 'NONE',  ( -1.249995309899464058, -2.050968503025307754, 0.4100333717993148164 ) ) ;
#2643 = LINE ( 'NONE', #4216, #1868 ) ;
#2645 = VERTEX_POINT ( 'NONE', #3207 ) ;
#2646 = DIRECTION ( 'NONE',  ( -0.9902680687415706950, -1.431534388630178744E-16, -0.1391731009600623292 ) ) ;
#2647 = B_SPLINE_CURVE_WITH_KNOTS ( 'NONE', 3,
 ( #4146, #2827, #1315, #412 ),
 .UNSPECIFIED., .F., .F.,
 ( 4, 4 ),
 ( 18.00000000000000000, 19.00000000000000000 ),
 .UNSPECIFIED. ) ;
#2648 = EDGE_CURVE ( 'NONE', #7834, #2855, #940, .T. ) ;
#2649 = FACE_OUTER_BOUND ( 'NONE', #4234, .T. ) ;
#2650 = VECTOR ( 'NONE', #8986, 1000.000000000000000 ) ;
#2651 = CARTESIAN_POINT ( 'NONE',  ( 1.170450807817867256, 0.4787418948039905420, 0.9832072100271849191 ) ) ;
#2652 = AXIS2_PLACEMENT_3D ( 'NONE', #9970, #7455, #8310 ) ;
#2653 = PRESENTATION_LAYER_ASSIGNMENT (  '', '', ( #6413 ) ) ;
#2654 = DIRECTION ( 'NONE',  ( -0.1313021986737270552, 0.3315284183576443500, 0.9342636889255215848 ) ) ;
#2655 = PRESENTATION_STYLE_ASSIGNMENT (( #1104 ) ) ;
#2656 = CARTESIAN_POINT ( 'NONE',  ( 1.175252163962207996, 0.2694386262491972883, 0.9490437858913565172 ) ) ;
#2657 = LINE ( 'NONE', #6933, #7991 ) ;
#2658 = CARTESIAN_POINT ( 'NONE',  ( 1.179914602026352455, 0.1854053914525714553, 0.9158688152572513896 ) ) ;
#2659 = DIRECTION ( 'NONE',  ( -0.9902680687415706950, -1.431534388630178744E-16, -0.1391731009600623292 ) ) ;
#2660 =( LENGTH_UNIT ( ) NAMED_UNIT ( * ) SI_UNIT ( .MILLI., .METRE. ) );
#2661 = CARTESIAN_POINT ( 'NONE',  ( 1.173116298480317399, 0.5828944452808791921, 0.9642412584722881430 ) ) ;
#2662 = CARTESIAN_POINT ( 'NONE',  ( 1.193508108400897827, -0.3872468534243500571, 0.8191459915787731028 ) ) ;
#2663 = EDGE_LOOP ( 'NONE', ( #209, #1888, #8954, #8774 ) ) ;
#2664 = ORIENTED_EDGE ( 'NONE', *, *, #2400, .F. ) ;
#2665 = CARTESIAN_POINT ( 'NONE',  ( 1.181476953679858166, 0.3556241599326405156, 0.8975668090718512682 ) ) ;
#2666 = CARTESIAN_POINT ( 'NONE',  ( 1.177552517916337527, 0.2533743664421076458, 0.9254906204810479098 ) ) ;
#2667 = CARTESIAN_POINT ( 'NONE',  ( 1.179167440597781225, 0.1804769389290224735, 0.9139998485295128816 ) ) ;
#2668 = FACE_OUTER_BOUND ( 'NONE', #4686, .T. ) ;
#2669 = CARTESIAN_POINT ( 'NONE',  ( -1.249999999999999778, 2.149999999999999467, 0.1100000000000000699 ) ) ;
#2670 = DIRECTION ( 'NONE',  ( 0.000000000000000000, -0.000000000000000000, -1.000000000000000000 ) ) ;
#2671 = FACE_OUTER_BOUND ( 'NONE', #9590, .T. ) ;
#2672 = VECTOR ( 'NONE', #3851, 1000.000000000000000 ) ;
#2673 = FILL_AREA_STYLE ('',( #10003 ) ) ;
#2674 = CARTESIAN_POINT ( 'NONE',  ( 1.140565579083566039, 0.3865673555227313596, 1.188666365175434780 ) ) ;
#2675 =( GEOMETRIC_REPRESENTATION_CONTEXT ( 3 ) GLOBAL_UNCERTAINTY_ASSIGNED_CONTEXT ( ( #9078 ) ) GLOBAL_UNIT_ASSIGNED_CONTEXT ( ( #4088, #2476, #5698 ) ) REPRESENTATION_CONTEXT ( 'NONE', 'WORKASPACE' ) );
#2676 = EDGE_LOOP ( 'NONE', ( #3213, #5770, #5475, #6742 ) ) ;
#2677 = EDGE_LOOP ( 'NONE', ( #10465, #10361, #5376, #3986 ) ) ;
#2678 = EDGE_LOOP ( 'NONE', ( #6896, #4897, #3696, #3147 ) ) ;
#2679 = ORIENTED_EDGE ( 'NONE', *, *, #3539, .T. ) ;
#2680 = VERTEX_POINT ( 'NONE', #4219 ) ;
#2681 = LINE ( 'NONE', #3546, #8407 ) ;
#2682 = EDGE_CURVE ( 'NONE', #3313, #7340, #4324, .T. ) ;
#2683 = DIRECTION ( 'NONE',  ( 0.1391731009600619962, 3.554004129277929395E-15, -0.9902680687415708061 ) ) ;
#2684 = EDGE_CURVE ( 'NONE', #7344, #8151, #2589, .T. ) ;
#2685 = SURFACE_STYLE_FILL_AREA ( #379 ) ;
#2686 = CARTESIAN_POINT ( 'NONE',  ( 1.176779786095607072, 0.2129485786556120086, 0.9309888930817983299 ) ) ;
#2687 = LINE ( 'NONE', #1222, #142 ) ;
#2688 = CARTESIAN_POINT ( 'NONE',  ( 1.180226102181359593, -0.3004876231897625760, 0.9136523764857953367 ) ) ;
#2689 = DIRECTION ( 'NONE',  ( -1.000000000000000000, 0.000000000000000000, 0.000000000000000000 ) ) ;
#2690 = DIRECTION ( 'NONE',  ( -0.6136750923608125241, 0.7895586621752357370, 0.000000000000000000 ) ) ;
#2691 = EDGE_CURVE ( 'NONE', #9040, #6975, #10045, .T. ) ;
#2692 = VERTEX_POINT ( 'NONE', #5189 ) ;
#2693 = CARTESIAN_POINT ( 'NONE',  ( 1.179501630957318081, -0.5390755146083651139, 0.9188072570980806431 ) ) ;
#2694 = EDGE_LOOP ( 'NONE', ( #9142, #8382, #1555, #5998 ) ) ;
#2695 = LINE ( 'NONE', #3559, #1874 ) ;
#2696 = PRESENTATION_LAYER_ASSIGNMENT (  '', '', ( #4600 ) ) ;
#2697 = ORIENTED_EDGE ( 'NONE', *, *, #8936, .T. ) ;
#2698 = EDGE_CURVE ( 'NONE', #7021, #614, #1805, .T. ) ;
#2699 = EDGE_CURVE ( 'NONE', #5199, #3132, #9253, .T. ) ;
#2700 = LINE ( 'NONE', #442, #10197 ) ;
#2701 = AXIS2_PLACEMENT_3D ( 'NONE', #54, #6633, #4880 ) ;
#2702 = FILL_AREA_STYLE ('',( #9198 ) ) ;
#2703 = CARTESIAN_POINT ( 'NONE',  ( 1.175095881122016017, 0.2971065844024654012, 0.9501557960805890879 ) ) ;
#2704 = SURFACE_SIDE_STYLE ('',( #6773 ) ) ;
#2705 = EDGE_CURVE ( 'NONE', #783, #1041, #242, .T. ) ;
#2706 = VERTEX_POINT ( 'NONE', #5927 ) ;
#2707 = CARTESIAN_POINT ( 'NONE',  ( 1.180565780526882325, 0.2802313134207419787, 0.9112354394707142813 ) ) ;
#2708 = B_SPLINE_SURFACE_WITH_KNOTS ( 'NONE', 3, 1, ( 
 ( #7757, #9298 ),
 ( #1191, #5238 ),
 ( #2703, #395 ),
 ( #9345, #8495 ) ),
 .UNSPECIFIED., .F., .F., .F.,
 ( 4, 4 ),
 ( 2, 2 ),
 ( 10.00000000000000000, 11.00000000000000000 ),
 ( 0.000000000000000000, 1.000000000000000000 ),
 .UNSPECIFIED. ) ;
#2709 = VECTOR ( 'NONE', #2201, 1000.000000000000000 ) ;
#2710 = MECHANICAL_DESIGN_GEOMETRIC_PRESENTATION_REPRESENTATION (  '', ( #7666 ), #5442 ) ;
#2711 = EDGE_CURVE ( 'NONE', #10146, #8031, #3119, .T. ) ;
#2712 = CARTESIAN_POINT ( 'NONE',  ( 1.185480007611194209, 0.7030800628290645449, 0.8762688968660802269 ) ) ;
#2713 = CARTESIAN_POINT ( 'NONE',  ( 1.178273632204800414, 0.1871209920142029304, 0.9275449222408719274 ) ) ;
#2714 = CARTESIAN_POINT ( 'NONE',  ( 1.158538582447339760, 0.3853196460229122988, 1.067967097754856098 ) ) ;
#2715 = SURFACE_STYLE_FILL_AREA ( #10136 ) ;
#2716 = PLANE ( 'NONE',  #2884 ) ;
#2717 = VECTOR ( 'NONE', #1545, 1000.000000000000227 ) ;
#2718 = VECTOR ( 'NONE', #1852, 1000.000000000000227 ) ;
#2719 = CARTESIAN_POINT ( 'NONE',  ( -1.149999999999999689, 2.049999999999999822, 0.1100000000000000699 ) ) ;
#2720 = DIRECTION ( 'NONE',  ( -0.9902680687415706950, -1.431534388630178744E-16, -0.1391731009600623292 ) ) ;
#2721 = MECHANICAL_DESIGN_GEOMETRIC_PRESENTATION_REPRESENTATION (  '', ( #492 ), #9724 ) ;
#2722 = VERTEX_POINT ( 'NONE', #6775 ) ;
#2723 = EDGE_LOOP ( 'NONE', ( #9239, #9525, #9499, #9342 ) ) ;
#2724 = DIRECTION ( 'NONE',  ( -0.9902680687415706950, 0.000000000000000000, -0.1391731009600623292 ) ) ;
#2725 = STYLED_ITEM ( 'NONE', ( #193 ), #7940 ) ;
#2726 = LINE ( 'NONE', #8653, #2586 ) ;
#2727 = ORIENTED_EDGE ( 'NONE', *, *, #7833, .F. ) ;
#2728 = CARTESIAN_POINT ( 'NONE',  ( 1.181433557292300485, -0.3004876231897625205, 0.9050608869482689167 ) ) ;
#2729 = COLOUR_RGB ( '',0.8509803921568627194, 0.8509803921568627194, 0.8509803921568627194 ) ;
#2730 = CARTESIAN_POINT ( 'NONE',  ( 1.173394134640479258, 0.2653835703756076136, 0.9622643514704892764 ) ) ;
#2731 = ADVANCED_FACE ( 'NONE', ( #9201 ), #10027, .T. ) ;
#2732 = CARTESIAN_POINT ( 'NONE',  ( 1.186321721724072908, 0.3598663722313674707, 0.8630944932180718565 ) ) ;
#2733 = CARTESIAN_POINT ( 'NONE',  ( 1.176840562755707920, 0.1373373829811192215, 0.9305564446746891205 ) ) ;
#2734 = ORIENTED_EDGE ( 'NONE', *, *, #5848, .F. ) ;
#2735 = B_SPLINE_CURVE_WITH_KNOTS ( 'NONE', 3,
 ( #7057, #10301, #10114, #2188 ),
 .UNSPECIFIED., .F., .F.,
 ( 4, 4 ),
 ( 11.00000000000000000, 12.00000000000000000 ),
 .UNSPECIFIED. ) ;
#2736 = CARTESIAN_POINT ( 'NONE',  ( 1.171857353379132105, 0.6630597806290534635, 0.9731991183274090185 ) ) ;
#2737 =( NAMED_UNIT ( * ) PLANE_ANGLE_UNIT ( ) SI_UNIT ( $, .RADIAN. ) );
#2738 = AXIS2_PLACEMENT_3D ( 'NONE', #7607, #2895, #3543 ) ;
#2739 = EDGE_LOOP ( 'NONE', ( #4636, #9460, #5676, #3206 ) ) ;
#2740 = FACE_BOUND ( 'NONE', #7172, .T. ) ;
#2741 = ORIENTED_EDGE ( 'NONE', *, *, #8460, .F. ) ;
#2742 = VERTEX_POINT ( 'NONE', #1711 ) ;
#2743 = ORIENTED_EDGE ( 'NONE', *, *, #4330, .F. ) ;
#2744 = ORIENTED_EDGE ( 'NONE', *, *, #9018, .T. ) ;
#2745 = CARTESIAN_POINT ( 'NONE',  ( 1.144681503955104596, 0.5139273026919819465, 1.166565334499207518 ) ) ;
#2746 = PLANE ( 'NONE',  #3749 ) ;
#2747 = EDGE_LOOP ( 'NONE', ( #435, #8692, #8606, #5685 ) ) ;
#2748 = CARTESIAN_POINT ( 'NONE',  ( 1.180887028587147780, 0.1750805953432497120, 0.9089496407493260488 ) ) ;
#2749 = CARTESIAN_POINT ( 'NONE',  ( 1.184776258082727685, 0.1858420897773413460, 0.8740910384187440263 ) ) ;
#2750 = VECTOR ( 'NONE', #10222, 1000.000000000000227 ) ;
#2751 = CARTESIAN_POINT ( 'NONE',  ( 1.185480007611193987, 0.5381328669845406587, 0.8762688968660794497 ) ) ;
#2752 = CARTESIAN_POINT ( 'NONE',  ( 1.180709086068142843, -0.3004876231897625205, 0.9102157675613787857 ) ) ;
#2753 = CARTESIAN_POINT ( 'NONE',  ( -1.150968503025307177, -2.149995309899465301, 0.4100333717993135396 ) ) ;
#2754 = EDGE_LOOP ( 'NONE', ( #10297, #10439, #10062, #3473 ) ) ;
#2755 = FACE_OUTER_BOUND ( 'NONE', #17, .T. ) ;
#2756 = VERTEX_POINT ( 'NONE', #5681 ) ;
#2757 = CARTESIAN_POINT ( 'NONE',  ( 1.170867085310390188, 0.6673331856652374716, 0.9730599452264488969 ) ) ;
#2758 = VECTOR ( 'NONE', #4422, 1000.000000000000227 ) ;
#2759 = ADVANCED_FACE ( 'NONE', ( #2555 ), #7429, .T. ) ;
#2760 = ORIENTED_EDGE ( 'NONE', *, *, #3803, .F. ) ;
#2761 = UNCERTAINTY_MEASURE_WITH_UNIT (LENGTH_MEASURE( 1.000000000000000082E-05 ), #10031, 'distance_accuracy_value', 'NONE');
#2762 = DIRECTION ( 'NONE',  ( -0.9902680687415706950, -1.431534388630178744E-16, -0.1391731009600623292 ) ) ;
#2763 = EDGE_LOOP ( 'NONE', ( #6460, #6315, #8817, #6417 ) ) ;
#2764 = CARTESIAN_POINT ( 'NONE',  ( 1.144142719646711992, 0.1766402322180271878, 1.163213687519712547 ) ) ;
#2765 = CARTESIAN_POINT ( 'NONE',  ( 1.143248911253846867, 0.2098916903817933943, 1.176758761230245920 ) ) ;
#2766 = DIRECTION ( 'NONE',  ( 0.1391731009600266633, 0.000000000000000000, -0.9902680687415756910 ) ) ;
#2767 = ORIENTED_EDGE ( 'NONE', *, *, #8409, .T. ) ;
#2768 =( GEOMETRIC_REPRESENTATION_CONTEXT ( 3 ) GLOBAL_UNCERTAINTY_ASSIGNED_CONTEXT ( ( #5231 ) ) GLOBAL_UNIT_ASSIGNED_CONTEXT ( ( #6662, #3451, #1950 ) ) REPRESENTATION_CONTEXT ( 'NONE', 'WORKASPACE' ) );
#2769 = DIRECTION ( 'NONE',  ( -0.9902680687415706950, -1.431534388630178744E-16, -0.1391731009600623292 ) ) ;
#2770 = EDGE_CURVE ( 'NONE', #8618, #7344, #9369, .T. ) ;
#2771 = EDGE_CURVE ( 'NONE', #9892, #3729, #5037, .T. ) ;
#2772 = CARTESIAN_POINT ( 'NONE',  ( 1.179966696306339324, 0.1582053243615261229, 0.9154981451947236115 ) ) ;
#2773 =( NAMED_UNIT ( * ) SI_UNIT ( $, .STERADIAN. ) SOLID_ANGLE_UNIT ( ) );
#2774 = CARTESIAN_POINT ( 'NONE',  ( -1.249999999999999778, 2.149999999999999467, 0.1100000000000000699 ) ) ;
#2775 = ORIENTED_EDGE ( 'NONE', *, *, #8764, .T. ) ;
#2776 = CARTESIAN_POINT ( 'NONE',  ( 1.159337134290752580, -0.1503941615036764046, 1.062285106146480640 ) ) ;
#2777 = EDGE_CURVE ( 'NONE', #8973, #7082, #3736, .T. ) ;
#2778 = CARTESIAN_POINT ( 'NONE',  ( 1.183039782081198865, 0.2740863441352417440, 0.8864467071836686918 ) ) ;
#2779 = FACE_OUTER_BOUND ( 'NONE', #6602, .T. ) ;
#2780 = CARTESIAN_POINT ( 'NONE',  ( 1.174687809261656390, 0.2523138133674260875, 0.9530593782403470327 ) ) ;
#2781 = DIRECTION ( 'NONE',  ( 0.1391731009600623570, 1.274810976118287369E-14, -0.9902680687415708061 ) ) ;
#2782 = PLANE ( 'NONE',  #4730 ) ;
#2783 = CARTESIAN_POINT ( 'NONE',  ( 1.176217196335439308, -0.4688005099871742631, 0.9349919272274193061 ) ) ;
#2784 = DIRECTION ( 'NONE',  ( -0.000000000000000000, 1.000000000000000000, 3.304007641110101091E-15 ) ) ;
#2785 = B_SPLINE_CURVE_WITH_KNOTS ( 'NONE', 3,
 ( #4581, #3621, #9394, #2968 ),
 .UNSPECIFIED., .F., .F.,
 ( 4, 4 ),
 ( 1.000000000000000000, 2.000000000000000000 ),
 .UNSPECIFIED. ) ;
#2786 = ADVANCED_FACE ( 'NONE', ( #1506 ), #1396, .F. ) ;
#2787 = ORIENTED_EDGE ( 'NONE', *, *, #1375, .F. ) ;
#2788 = SURFACE_STYLE_FILL_AREA ( #181 ) ;
#2789 = ORIENTED_EDGE ( 'NONE', *, *, #1227, .F. ) ;
#2790 = VERTEX_POINT ( 'NONE', #5493 ) ;
#2791 = ORIENTED_EDGE ( 'NONE', *, *, #4158, .T. ) ;
#2792 = ORIENTED_EDGE ( 'NONE', *, *, #2705, .T. ) ;
#2793 = CARTESIAN_POINT ( 'NONE',  ( 1.176571408975428445, 0.2681285312744675076, 0.9324715733335537937 ) ) ;
#2794 = CARTESIAN_POINT ( 'NONE',  ( 1.179158758217782932, 0.2721835871484730163, 0.9140616268732703054 ) ) ;
#2795 = CARTESIAN_POINT ( 'NONE',  ( 1.188805359154172514, 0.3397782492881460947, 0.8526077911808868093 ) ) ;
#2796 = CARTESIAN_POINT ( 'NONE',  ( 1.169755740669397914, 0.5855146352303389756, 0.9809675732360969569 ) ) ;
#2797 = VERTEX_POINT ( 'NONE', #4167 ) ;
#2798 = VERTEX_POINT ( 'NONE', #9935 ) ;
#2799 = STYLED_ITEM ( 'NONE', ( #9583 ), #529 ) ;
#2800 = CARTESIAN_POINT ( 'NONE',  ( 1.171622929118959489, 0.6667405236536104729, 0.9748671336104303142 ) ) ;
#2801 = CARTESIAN_POINT ( 'NONE',  ( 1.141555847152307956, 0.09369874323312404885, 1.188805538276393570 ) ) ;
#2802 = VERTEX_POINT ( 'NONE', #5027 ) ;
#2803 = VERTEX_POINT ( 'NONE', #3463 ) ;
#2804 = B_SPLINE_CURVE_WITH_KNOTS ( 'NONE', 3,
 ( #7166, #1559, #7109, #7792 ),
 .UNSPECIFIED., .F., .F.,
 ( 4, 4 ),
 ( 2.000000000000000000, 3.000000000000000000 ),
 .UNSPECIFIED. ) ;
#2805 =( NAMED_UNIT ( * ) PLANE_ANGLE_UNIT ( ) SI_UNIT ( $, .RADIAN. ) );
#2806 =( GEOMETRIC_REPRESENTATION_CONTEXT ( 3 ) GLOBAL_UNCERTAINTY_ASSIGNED_CONTEXT ( ( #3612 ) ) GLOBAL_UNIT_ASSIGNED_CONTEXT ( ( #10362, #5360, #1281 ) ) REPRESENTATION_CONTEXT ( 'NONE', 'WORKASPACE' ) );
#2807 = DIRECTION ( 'NONE',  ( -1.000000000000000000, 0.000000000000000000, 0.000000000000000000 ) ) ;
#2808 = ORIENTED_EDGE ( 'NONE', *, *, #5891, .F. ) ;
#2809 = DIRECTION ( 'NONE',  ( -0.9902680687415706950, -1.431534388630178744E-16, -0.1391731009600623292 ) ) ;
#2810 = VECTOR ( 'NONE', #8928, 1000.000000000000114 ) ;
#2811 = LINE ( 'NONE', #8551, #7908 ) ;
#2812 = VECTOR ( 'NONE', #10221, 1000.000000000000227 ) ;
#2813 = VECTOR ( 'NONE', #3594, 1000.000000000000000 ) ;
#2814 = LINE ( 'NONE', #6882, #8297 ) ;
#2815 = LINE ( 'NONE', #1812, #4819 ) ;
#2816 = CARTESIAN_POINT ( 'NONE',  ( 1.183187382541393218, 0.1607007433607542946, 0.8853964753381929897 ) ) ;
#2817 = LINE ( 'NONE', #457, #5650 ) ;
#2818 = EDGE_CURVE ( 'NONE', #1342, #7050, #5928, .T. ) ;
#2819 = VECTOR ( 'NONE', #1303, 1000.000000000000227 ) ;
#2820 = VECTOR ( 'NONE', #1305, 1000.000000000000114 ) ;
#2821 = CARTESIAN_POINT ( 'NONE',  ( 1.168497272316162849, 0.1407997768422540874, 0.9971073373876162549 ) ) ;
#2822 = VERTEX_POINT ( 'NONE', #1964 ) ;
#2823 = EDGE_CURVE ( 'NONE', #5986, #3349, #5241, .T. ) ;
#2824 = AXIS2_PLACEMENT_3D ( 'NONE', #7241, #10324, #3015 ) ;
#2825 = B_SPLINE_CURVE_WITH_KNOTS ( 'NONE', 3,
 ( #6578, #9157, #947, #6733 ),
 .UNSPECIFIED., .F., .F.,
 ( 4, 4 ),
 ( 1.000000000000000000, 2.000000000000000000 ),
 .UNSPECIFIED. ) ;
#2826 = CARTESIAN_POINT ( 'NONE',  ( 1.168497272316162627, 0.5045694814458161481, 0.9971073373876174761 ) ) ;
#2827 = CARTESIAN_POINT ( 'NONE',  ( 1.184776258082727463, 0.2829762743196018726, 0.8740910384187444704 ) ) ;
#2828 = LINE ( 'NONE', #5157, #1007 ) ;
#2829 = CARTESIAN_POINT ( 'NONE',  ( 1.160158048888364490, -0.5755143896521993652, 1.049258698739641282 ) ) ;
#2830 = PRESENTATION_STYLE_ASSIGNMENT (( #4597 ) ) ;
#2831 = FILL_AREA_STYLE ('',( #8406 ) ) ;
#2832 = EDGE_CURVE ( 'NONE', #7095, #5272, #5288, .T. ) ;
#2833 = CARTESIAN_POINT ( 'NONE',  ( -1.149999999999999245, -2.150000000000000355, 0.4099999999999703326 ) ) ;
#2834 = CARTESIAN_POINT ( 'NONE',  ( 1.149073765848392492, -0.3716301986015212444, 1.135312767210924445 ) ) ;
#2836 = EDGE_CURVE ( 'NONE', #6591, #7161, #1409, .T. ) ;
#2835 = CARTESIAN_POINT ( 'NONE',  ( 1.153580466715087738, 0.4449601601030905851, 1.096060627781868746 ) ) ;
#2837 = VERTEX_POINT ( 'NONE', #9653 ) ;
#2838 = ORIENTED_EDGE ( 'NONE', *, *, #7977, .T. ) ;
#2839 = CARTESIAN_POINT ( 'NONE',  ( 1.182649074980835158, 0.2567431820908802065, 0.8892267326559176732 ) ) ;
#2840 = VERTEX_POINT ( 'NONE', #2317 ) ;
#2841 = ADVANCED_FACE ( 'NONE', ( #8701 ), #1359, .T. ) ;
#2842 = CARTESIAN_POINT ( 'NONE',  ( 1.179575512458140629, 0.2802313134207419787, 0.9110962663697542707 ) ) ;
#2843 = LINE ( 'NONE', #1392, #10391 ) ;
#2844 = LINE ( 'NONE', #3701, #2471 ) ;
#2845 = VECTOR ( 'NONE', #121, 1000.000000000000000 ) ;
#2846 = DIRECTION ( 'NONE',  ( -0.9902680687415706950, -1.431534388630178744E-16, -0.1391731009600623292 ) ) ;
#2847 = CARTESIAN_POINT ( 'NONE',  ( 1.158346866222010885, -0.1460561999920917675, 1.062145933045520518 ) ) ;
#2848 = VERTEX_POINT ( 'NONE', #5601 ) ;
#2849 = CARTESIAN_POINT ( 'NONE',  ( 1.177811196565669905, -0.1026765848750052779, 0.9308353227860910462 ) ) ;
#2850 = PLANE ( 'NONE',  #4889 ) ;
#2851 = VERTEX_POINT ( 'NONE', #8876 ) ;
#2852 = CARTESIAN_POINT ( 'NONE',  ( -0.9774459752565352044, -1.976472782130693107, 1.644710312036836708 ) ) ;
#2853 = CARTESIAN_POINT ( 'NONE',  ( 1.183699642961842047, 0.5732558893976233971, 0.8817515530525558143 ) ) ;
#2854 = DIRECTION ( 'NONE',  ( -0.9902680687415706950, 0.000000000000000000, -0.1391731009600623292 ) ) ;
#2855 = VERTEX_POINT ( 'NONE', #4799 ) ;
#2856 = UNCERTAINTY_MEASURE_WITH_UNIT (LENGTH_MEASURE( 1.000000000000000082E-05 ), #2223, 'distance_accuracy_value', 'NONE');
#2857 = ADVANCED_FACE ( 'NONE', ( #6717, #7560 ), #6765, .T. ) ;
#2858 = DIRECTION ( 'NONE',  ( -0.000000000000000000, -0.000000000000000000, -1.000000000000000000 ) ) ;
#2859 = ORIENTED_EDGE ( 'NONE', *, *, #1588, .F. ) ;
#2860 = CARTESIAN_POINT ( 'NONE',  ( -2.214999999999998970, 1.700000000000000178, 0.4000000000000000222 ) ) ;
#2861 = LINE ( 'NONE', #1913, #8678 ) ;
#2862 = DIRECTION ( 'NONE',  ( -0.9902680687415706950, -1.431534388630178744E-16, -0.1391731009600623292 ) ) ;
#2863 = VERTEX_POINT ( 'NONE', #7408 ) ;
#2864 = DIRECTION ( 'NONE',  ( -0.1391731009600424007, 0.000000000000000000, 0.9902680687415736926 ) ) ;
#2865 = B_SPLINE_CURVE_WITH_KNOTS ( 'NONE', 3,
 ( #9793, #3218, #111, #9113 ),
 .UNSPECIFIED., .F., .F.,
 ( 4, 4 ),
 ( 7.000000000000000000, 8.000000000000000000 ),
 .UNSPECIFIED. ) ;
#2866 = EDGE_LOOP ( 'NONE', ( #2364, #8424, #3346, #8209 ) ) ;
#2867 = VECTOR ( 'NONE', #10317, 1000.000000000000114 ) ;
#2868 = VECTOR ( 'NONE', #4808, 1000.000000000000227 ) ;
#2869 = CARTESIAN_POINT ( 'NONE',  ( 1.150968503025308287, 2.149995309899464413, 0.4100333717993133176 ) ) ;
#2870 = CARTESIAN_POINT ( 'NONE',  ( 1.177207464404181003, -0.4688005099871742631, 0.9351311003283793166 ) ) ;
#2871 = CARTESIAN_POINT ( 'NONE',  ( 1.183839037789758075, 0.1810696009414811958, 0.8879450038488744257 ) ) ;
#2872 = LINE ( 'NONE', #6989, #3342 ) ;
#2873 = PLANE ( 'NONE',  #4279 ) ;
#2874 = SURFACE_SIDE_STYLE ('',( #4483 ) ) ;
#2875 = FACE_OUTER_BOUND ( 'NONE', #9871, .T. ) ;
#2876 = ORIENTED_EDGE ( 'NONE', *, *, #2373, .T. ) ;
#2877 = CARTESIAN_POINT ( 'NONE',  ( 1.157548314378598064, 0.3517562604841873442, 1.067827924653895755 ) ) ;
#2878 = EDGE_CURVE ( 'NONE', #2107, #3333, #5016, .T. ) ;
#2879 = DIRECTION ( 'NONE',  ( 1.000000000000000000, 5.421010862427519212E-16, 0.000000000000000000 ) ) ;
#2880 = DIRECTION ( 'NONE',  ( -0.9902680687415706950, 0.000000000000000000, -0.1391731009600623015 ) ) ;
#2881 = CARTESIAN_POINT ( 'NONE',  ( 1.185480007611194209, 0.6106871743839673572, 0.8762688968660798938 ) ) ;
#2882 = EDGE_CURVE ( 'NONE', #7791, #6898, #8220, .T. ) ;
#2883 = ORIENTED_EDGE ( 'NONE', *, *, #7856, .F. ) ;
#2884 = AXIS2_PLACEMENT_3D ( 'NONE', #6628, #8230, #3468 ) ;
#2885 = AXIS2_PLACEMENT_3D ( 'NONE', #7176, #3121, #7505 ) ;
#2886 = LINE ( 'NONE', #10049, #5933 ) ;
#2887 = CARTESIAN_POINT ( 'NONE',  ( 1.173072886580212915, 0.2829762743196016506, 0.9645501501918819498 ) ) ;
#2888 = CARTESIAN_POINT ( 'NONE',  ( 1.148900663890947804, 0.4345417857818210661, 1.129359155103483614 ) ) ;
#2889 = ORIENTED_EDGE ( 'NONE', *, *, #5848, .T. ) ;
#2890 =( NAMED_UNIT ( * ) SI_UNIT ( $, .STERADIAN. ) SOLID_ANGLE_UNIT ( ) );
#2891 = COLOUR_RGB ( '',0.8509803921568627194, 0.8509803921568627194, 0.8509803921568627194 ) ;
#2892 = ADVANCED_FACE ( 'NONE', ( #924 ), #880, .F. ) ;
#2893 = ORIENTED_EDGE ( 'NONE', *, *, #8087, .F. ) ;
#2894 = EDGE_CURVE ( 'NONE', #483, #4096, #3365, .T. ) ;
#2895 = DIRECTION ( 'NONE',  ( 0.1391731009600623570, 4.910231059578760823E-15, -0.9902680687415708061 ) ) ;
#2896 = ORIENTED_EDGE ( 'NONE', *, *, #6403, .T. ) ;
#2897 = ADVANCED_FACE ( 'NONE', ( #5864 ), #1783, .F. ) ;
#2898 = COLOUR_RGB ( '',0.2509803921568627416, 0.2509803921568627416, 0.2509803921568627416 ) ;
#2899 = CARTESIAN_POINT ( 'NONE',  ( 1.152575386360835674, -0.5347375282747645064, 1.110397442637407250 ) ) ;
#2900 = CARTESIAN_POINT ( 'NONE',  ( 1.184030050149940561, 0.2651028357381030598, 0.8865858802846288134 ) ) ;
#2901 = AXIS2_PLACEMENT_3D ( 'NONE', #7645, #5955, #1036 ) ;
#2902 = LINE ( 'NONE', #1131, #9874 ) ;
#2903 = ORIENTED_EDGE ( 'NONE', *, *, #10383, .T. ) ;
#2904 = FILL_AREA_STYLE ('',( #10116 ) ) ;
#2905 = CARTESIAN_POINT ( 'NONE',  ( 1.179743127506727829, -0.2093904314435910130, 0.9170889198623486394 ) ) ;
#2906 = ORIENTED_EDGE ( 'NONE', *, *, #7766, .F. ) ;
#2907 = EDGE_CURVE ( 'NONE', #3012, #6512, #3513, .T. ) ;
#2908 = FACE_OUTER_BOUND ( 'NONE', #3103, .T. ) ;
#2909 = ORIENTED_EDGE ( 'NONE', *, *, #4022, .F. ) ;
#2910 = LINE ( 'NONE', #1958, #4582 ) ;
#2911 = SURFACE_STYLE_USAGE ( .BOTH. , #6020 ) ;
#2912 = FACE_OUTER_BOUND ( 'NONE', #538, .T. ) ;
#2913 = CARTESIAN_POINT ( 'NONE',  ( 1.095405081827368843, 5.523909625436723386E-17, 1.510000000000000009 ) ) ;
#2914 = ORIENTED_EDGE ( 'NONE', *, *, #6283, .T. ) ;
#2915 = PRESENTATION_LAYER_ASSIGNMENT (  '', '', ( #860 ) ) ;
#2916 = ORIENTED_EDGE ( 'NONE', *, *, #7356, .T. ) ;
#2917 = B_SPLINE_CURVE_WITH_KNOTS ( 'NONE', 3,
 ( #1202, #8716, #7773, #1307 ),
 .UNSPECIFIED., .F., .F.,
 ( 4, 4 ),
 ( 1.000000000000000000, 2.000000000000000000 ),
 .UNSPECIFIED. ) ;
#2918 = EDGE_CURVE ( 'NONE', #5279, #6356, #7622, .T. ) ;
#2919 = EDGE_LOOP ( 'NONE', ( #4494, #6383, #1127, #4736, #1088, #2321, #7308, #5881, #4413, #2194, #9555, #5264, #7309, #2514, #3243 ) ) ;
#2920 = FACE_OUTER_BOUND ( 'NONE', #7005, .T. ) ;
#2921 = CARTESIAN_POINT ( 'NONE',  ( 1.158538582447339760, 0.3287048274790951852, 1.067967097754855876 ) ) ;
#2922 =( GEOMETRIC_REPRESENTATION_CONTEXT ( 3 ) GLOBAL_UNCERTAINTY_ASSIGNED_CONTEXT ( ( #4572 ) ) GLOBAL_UNIT_ASSIGNED_CONTEXT ( ( #8912, #10528, #3964 ) ) REPRESENTATION_CONTEXT ( 'NONE', 'WORKASPACE' ) );
#2923 = CARTESIAN_POINT ( 'NONE',  ( 1.175781312394817535, 0.6039183503498034566, 0.9380934026209910570 ) ) ;
#2924 = CARTESIAN_POINT ( 'NONE',  ( 0.9774459752565354265, -1.877445975256535782, 1.630793001940830989 ) ) ;
#2925 = LINE ( 'NONE', #8392, #2553 ) ;
#2926 = CARTESIAN_POINT ( 'NONE',  ( 1.182640869348672075, 0.1737081148940254616, 0.8964704152968933082 ) ) ;
#2927 = EDGE_LOOP ( 'NONE', ( #2876, #3104 ) ) ;
#2928 = AXIS2_PLACEMENT_3D ( 'NONE', #2127, #2992, #10200 ) ;
#2929 = ORIENTED_EDGE ( 'NONE', *, *, #7874, .F. ) ;
#2930 = CARTESIAN_POINT ( 'NONE',  ( 1.180565780526882325, 0.2802313134207419787, 0.9112354394707142813 ) ) ;
#2931 = SURFACE_STYLE_USAGE ( .BOTH. , #7691 ) ;
#2932 = CARTESIAN_POINT ( 'NONE',  ( -0.9149999999999988143, -1.299999999999999156, 0.01000000000000002623 ) ) ;
#2933 = CARTESIAN_POINT ( 'NONE',  ( 1.180105358512730129, -0.05409142918217924034, 0.9145115123297309356 ) ) ;
#2934 = ORIENTED_EDGE ( 'NONE', *, *, #4011, .T. ) ;
#2935 = SURFACE_SIDE_STYLE ('',( #8610 ) ) ;
#2936 = B_SPLINE_CURVE_WITH_KNOTS ( 'NONE', 3,
 ( #5911, #9966, #9921, #8372 ),
 .UNSPECIFIED., .F., .F.,
 ( 4, 4 ),
 ( 0.000000000000000000, 1.000000000000000000 ),
 .UNSPECIFIED. ) ;
#2937 = CARTESIAN_POINT ( 'NONE',  ( 1.168497272316162627, 0.4158885287627301919, 0.9971073373876172541 ) ) ;
#2938 = CARTESIAN_POINT ( 'NONE',  ( 1.177830830824449615, 0.09369874323312502029, 0.9306956177756490201 ) ) ;
#2939 = ORIENTED_EDGE ( 'NONE', *, *, #8651, .F. ) ;
#2940 = SURFACE_STYLE_USAGE ( .BOTH. , #9574 ) ;
#2941 = CARTESIAN_POINT ( 'NONE',  ( 1.150984435092735403, 0.5329548725605266490, 1.114532352585908104 ) ) ;
#2942 = FILL_AREA_STYLE ('',( #10358 ) ) ;
#2943 = DIRECTION ( 'NONE',  ( -0.1391731009600623570, 0.000000000000000000, 0.9902680687415708061 ) ) ;
#2944 = CARTESIAN_POINT ( 'NONE',  ( 1.143509382654012363, 0.3859435007719920208, 1.174905410915961346 ) ) ;
#2945 = ADVANCED_FACE ( 'NONE', ( #7862 ), #5421, .F. ) ;
#2946 = DIRECTION ( 'NONE',  ( -0.000000000000000000, -1.000000000000000000, -0.000000000000000000 ) ) ;
#2947 = CARTESIAN_POINT ( 'NONE',  ( 1.147312265097448325, 0.4511051293881749302, 1.147846496320150012 ) ) ;
#2948 = EDGE_CURVE ( 'NONE', #8958, #5082, #5372, .T. ) ;
#2949 = ORIENTED_EDGE ( 'NONE', *, *, #1720, .T. ) ;
#2950 = SURFACE_SIDE_STYLE ('',( #7169 ) ) ;
#2951 = ORIENTED_EDGE ( 'NONE', *, *, #7716, .F. ) ;
#2952 = FACE_OUTER_BOUND ( 'NONE', #4967, .T. ) ;
#2953 = ADVANCED_FACE ( 'NONE', ( #2150 ), #9151, .F. ) ;
#2954 = CARTESIAN_POINT ( 'NONE',  ( 1.146900346418557204, -0.4219505289702579209, 1.150777450016015502 ) ) ;
#2955 = CARTESIAN_POINT ( 'NONE',  ( 1.168497272316162627, 0.5393805764835282179, 0.9971073373876174761 ) ) ;
#2956 = CARTESIAN_POINT ( 'NONE',  ( 1.157548314378597842, 0.5676723893867078319, 1.067827924653896643 ) ) ;
#2957 = VERTEX_POINT ( 'NONE', #2013 ) ;
#2958 = UNCERTAINTY_MEASURE_WITH_UNIT (LENGTH_MEASURE( 1.000000000000000082E-05 ), #8554, 'distance_accuracy_value', 'NONE');
#2959 = CARTESIAN_POINT ( 'NONE',  ( 1.149073765848392492, -0.3716301986015212444, 1.135312767210924445 ) ) ;
#2960 = FILL_AREA_STYLE_COLOUR ( '', #4773 ) ;
#2961 = DIRECTION ( 'NONE',  ( -0.9902680687415706950, -1.431534388630178744E-16, -0.1391731009600623292 ) ) ;
#2962 = CARTESIAN_POINT ( 'NONE',  ( 1.150889405660594500, 0.3224662799812311187, 1.122393818664428222 ) ) ;
#2963 =( NAMED_UNIT ( * ) PLANE_ANGLE_UNIT ( ) SI_UNIT ( $, .RADIAN. ) );
#2964 = EDGE_CURVE ( 'NONE', #9614, #6305, #4775, .T. ) ;
#2965 = ORIENTED_EDGE ( 'NONE', *, *, #466, .T. ) ;
#2966 = ORIENTED_EDGE ( 'NONE', *, *, #2500, .T. ) ;
#2967 = AXIS2_PLACEMENT_3D ( 'NONE', #716, #551, #4682 ) ;
#2968 = CARTESIAN_POINT ( 'NONE',  ( 1.170667867318159416, 0.6654304286788805811, 0.9816627514308489122 ) ) ;
#2969 = CARTESIAN_POINT ( 'NONE',  ( 1.183244739958537961, -0.07491362458033562488, 0.8921736526432163528 ) ) ;
#2970 = AXIS2_PLACEMENT_3D ( 'NONE', #9533, #2056, #2103 ) ;
#2971 = CARTESIAN_POINT ( 'NONE',  ( 1.145106940575460142, 0.4211601013982697594, 1.163538195651937279 ) ) ;
#2972 = FACE_OUTER_BOUND ( 'NONE', #6644, .T. ) ;
#2973 = CARTESIAN_POINT ( 'NONE',  ( 1.176623980003365544, 0.2490385759310174418, 0.9392828075674253263 ) ) ;
#2974 = CARTESIAN_POINT ( 'NONE',  ( -1.249999999999999334, -2.050000000000000711, 0.1100000000000000699 ) ) ;
#2975 = CARTESIAN_POINT ( 'NONE',  ( 1.184021367769943156, 0.1898035674385723237, 0.8866476586283806860 ) ) ;
#2976 = ADVANCED_FACE ( 'NONE', ( #4421 ), #4236, .F. ) ;
#2977 = CARTESIAN_POINT ( 'NONE',  ( 1.142519114585270890, 0.4004793164421724394, 1.174766237815001224 ) ) ;
#2978 = CARTESIAN_POINT ( 'NONE',  ( 1.184489739542452291, 0.5574411714901652548, 0.8761297237651195502 ) ) ;
#2979 = ORIENTED_EDGE ( 'NONE', *, *, #1588, .T. ) ;
#2980 = VECTOR ( 'NONE', #6334, 1000.000000000000227 ) ;
#2981 = ORIENTED_EDGE ( 'NONE', *, *, #6203, .T. ) ;
#2982 =( GEOMETRIC_REPRESENTATION_CONTEXT ( 3 ) GLOBAL_UNCERTAINTY_ASSIGNED_CONTEXT ( ( #2856 ) ) GLOBAL_UNIT_ASSIGNED_CONTEXT ( ( #2223, #6397, #3088 ) ) REPRESENTATION_CONTEXT ( 'NONE', 'WORKASPACE' ) );
#2983 = CARTESIAN_POINT ( 'NONE',  ( 1.185538906511674595, -0.1330423154565086030, 0.8758498094129217870 ) ) ;
#2984 = CARTESIAN_POINT ( 'NONE',  ( 1.141555847152307512, 0.5211952105270740709, 1.188805538276395346 ) ) ;
#2985 = AXIS2_PLACEMENT_3D ( 'NONE', #5924, #10082, #2766 ) ;
#2986 = EDGE_LOOP ( 'NONE', ( #5594, #10496, #4299, #3258 ) ) ;
#2987 = EDGE_CURVE ( 'NONE', #6483, #8397, #5987, .T. ) ;
#2988 = AXIS2_PLACEMENT_3D ( 'NONE', #7663, #335, #6247 ) ;
#2989 = CARTESIAN_POINT ( 'NONE',  ( 1.149890931959689500, 0.4345417857818210661, 1.129498328204443736 ) ) ;
#2990 = CARTESIAN_POINT ( 'NONE',  ( 1.154743905636066881, 0.2386513943472005073, 1.087782329709691798 ) ) ;
#2991 = CARTESIAN_POINT ( 'NONE',  ( 1.158346866222010885, -0.1503941615036764046, 1.062145933045520518 ) ) ;
#2992 = DIRECTION ( 'NONE',  ( -5.042800802258161104E-17, 1.000000000000000000, -0.000000000000000000 ) ) ;
#2993 = ORIENTED_EDGE ( 'NONE', *, *, #6593, .T. ) ;
#2994 = CARTESIAN_POINT ( 'NONE',  ( 1.182953435029055589, 0.5656448614497082694, 0.8942463949184348282 ) ) ;
#2995 = ORIENTED_EDGE ( 'NONE', *, *, #9185, .T. ) ;
#2996 = CARTESIAN_POINT ( 'NONE',  ( 1.183039782081198865, 0.2740863441352417440, 0.8864467071836688028 ) ) ;
#2997 = DIRECTION ( 'NONE',  ( -0.9902680687415706950, -1.431534388630178744E-16, -0.1391731009600623292 ) ) ;
#2998 = FILL_AREA_STYLE ('',( #10470 ) ) ;
#2999 = DIRECTION ( 'NONE',  ( -0.9902680687415706950, -1.431534388630178744E-16, -0.1391731009600623292 ) ) ;
#3000 = FACE_OUTER_BOUND ( 'NONE', #8377, .T. ) ;
#3001 = ORIENTED_EDGE ( 'NONE', *, *, #461, .F. ) ;
#3002 = ORIENTED_EDGE ( 'NONE', *, *, #8189, .F. ) ;
#3003 = VERTEX_POINT ( 'NONE', #7537 ) ;
#3004 = ADVANCED_FACE ( 'NONE', ( #6037 ), #1064, .F. ) ;
#3005 = EDGE_CURVE ( 'NONE', #2073, #10296, #8452, .T. ) ;
#3006 = CARTESIAN_POINT ( 'NONE',  ( 1.183604613529585681, 0.2125430730682955627, 0.8896130191318960545 ) ) ;
#3007 = SURFACE_STYLE_FILL_AREA ( #7974 ) ;
#3008 = PLANE ( 'NONE',  #6743 ) ;
#3009 = EDGE_CURVE ( 'NONE', #3957, #889, #5201, .T. ) ;
#3010 = FACE_OUTER_BOUND ( 'NONE', #9487, .T. ) ;
#3011 = SURFACE_STYLE_USAGE ( .BOTH. , #10318 ) ;
#3012 = VERTEX_POINT ( 'NONE', #2776 ) ;
#3013 = EDGE_LOOP ( 'NONE', ( #8396, #2741, #5041, #828 ) ) ;
#3014 = AXIS2_PLACEMENT_3D ( 'NONE', #7220, #7017, #6312 ) ;
#3015 = DIRECTION ( 'NONE',  ( 0.9902680687415706950, 0.000000000000000000, 0.1391731009600623292 ) ) ;
#3016 = EDGE_LOOP ( 'NONE', ( #709, #7395, #6707, #9544 ) ) ;
#3017 = CARTESIAN_POINT ( 'NONE',  ( 1.176217196335439308, -0.4688005099871742631, 0.9349919272274193061 ) ) ;
#3018 = EDGE_CURVE ( 'NONE', #6591, #4472, #10345, .T. ) ;
#3019 = EDGE_CURVE ( 'NONE', #5502, #9842, #7638, .T. ) ;
#3020 = DIRECTION ( 'NONE',  ( -0.9902680687415706950, -1.431534388630178744E-16, -0.1391731009600623292 ) ) ;
#3021 = EDGE_CURVE ( 'NONE', #7559, #5526, #1673, .T. ) ;
#3022 = CARTESIAN_POINT ( 'NONE',  ( 1.148900663890947804, 0.4345417857818210661, 1.129359155103483614 ) ) ;
#3023 = CARTESIAN_POINT ( 'NONE',  ( 1.158538582447339538, 0.5502668418674359074, 1.067967097754856542 ) ) ;
#3024 = FACE_OUTER_BOUND ( 'NONE', #5712, .T. ) ;
#3025 = CARTESIAN_POINT ( 'NONE',  ( 1.183699642961842047, 0.5732558893976233971, 0.8817515530525557033 ) ) ;
#3026 = ORIENTED_EDGE ( 'NONE', *, *, #9961, .T. ) ;
#3027 =( LENGTH_UNIT ( ) NAMED_UNIT ( * ) SI_UNIT ( .MILLI., .METRE. ) );
#3028 = ORIENTED_EDGE ( 'NONE', *, *, #587, .F. ) ;
#3029 = CARTESIAN_POINT ( 'NONE',  ( 1.156845041597965862, 0.2386513943472006183, 1.072831970503783205 ) ) ;
#3030 = AXIS2_PLACEMENT_3D ( 'NONE', #5957, #7745, #4363 ) ;
#3031 = CARTESIAN_POINT ( 'NONE',  ( -1.249999999999999556, 0.2000000000000004829, 0.1100000000000000699 ) ) ;
#3032 = ADVANCED_FACE ( 'NONE', ( #1727 ), #7507, .F. ) ;
#3033 = CARTESIAN_POINT ( 'NONE',  ( 1.176771580463559230, 0.6039183503498034566, 0.9382325757219511786 ) ) ;
#3034 = CARTESIAN_POINT ( 'NONE',  ( 1.175633711934623848, 0.2490385759310174418, 0.9391436344664652047 ) ) ;
#3035 = VERTEX_POINT ( 'NONE', #6746 ) ;
#3036 = LINE ( 'NONE', #621, #5575 ) ;
#3037 = LINE ( 'NONE', #8003, #4826 ) ;
#3038 = MECHANICAL_DESIGN_GEOMETRIC_PRESENTATION_REPRESENTATION (  '', ( #143 ), #646 ) ;
#3039 = CARTESIAN_POINT ( 'NONE',  ( 1.178603562645179403, 0.2829762743196017616, 0.9251973451749029298 ) ) ;
#3040 = DIRECTION ( 'NONE',  ( -0.1391731009600661040, -2.641197597603921422E-15, 0.9902680687415702510 ) ) ;
#3041 = DIRECTION ( 'NONE',  ( 0.1391731009600630786, 2.665503096958468543E-15, -0.9902680687415705840 ) ) ;
#3042 = LINE ( 'NONE', #6296, #9367 ) ;
#3043 = ORIENTED_EDGE ( 'NONE', *, *, #8460, .T. ) ;
#3044 = CARTESIAN_POINT ( 'NONE',  ( 1.182484109760761015, 0.1781374836174793586, 0.8904005211880776649 ) ) ;
#3045 = EDGE_LOOP ( 'NONE', ( #384, #4639, #4672, #8784 ) ) ;
#3046 = B_SPLINE_CURVE_WITH_KNOTS ( 'NONE', 3,
 ( #1640, #4916, #6566, #8266 ),
 .UNSPECIFIED., .F., .F.,
 ( 4, 4 ),
 ( 4.000000000000000000, 5.000000000000000000 ),
 .UNSPECIFIED. ) ;
#3047 = EDGE_CURVE ( 'NONE', #241, #8529, #4340, .T. ) ;
#3048 = CARTESIAN_POINT ( 'NONE',  ( 1.150889405660594500, 0.2788276402336486992, 1.122393818664428000 ) ) ;
#3049 = VECTOR ( 'NONE', #91, 1000.000000000000000 ) ;
#3050 = PRESENTATION_LAYER_ASSIGNMENT (  '', '', ( #10373 ) ) ;
#3051 = COLOUR_RGB ( '',0.2509803921568627416, 0.2509803921568627416, 0.2509803921568627416 ) ;
#3052 = PLANE ( 'NONE',  #3868 ) ;
#3053 = DIRECTION ( 'NONE',  ( 0.000000000000000000, 0.000000000000000000, -1.000000000000000000 ) ) ;
#3054 = CARTESIAN_POINT ( 'NONE',  ( 1.185480007611194209, 0.6106871743839673572, 0.8762688968660798938 ) ) ;
#3055 = PLANE ( 'NONE',  #289 ) ;
#3056 = VECTOR ( 'NONE', #3759, 1000.000000000000227 ) ;
#3057 = ORIENTED_EDGE ( 'NONE', *, *, #982, .T. ) ;
#3058 = CARTESIAN_POINT ( 'NONE',  ( 1.145910078349815509, -0.4219505289702579209, 1.150638276915055380 ) ) ;
#3059 = VERTEX_POINT ( 'NONE', #9749 ) ;
#3060 = LINE ( 'NONE', #2852, #5050 ) ;
#3061 = VECTOR ( 'NONE', #10364, 1000.000000000000227 ) ;
#3062 = CARTESIAN_POINT ( 'NONE',  ( 1.185766526151469158, 0.2725890927357904614, 0.8742302115197044809 ) ) ;
#3063 =( NAMED_UNIT ( * ) SI_UNIT ( $, .STERADIAN. ) SOLID_ANGLE_UNIT ( ) );
#3064 = DIRECTION ( 'NONE',  ( -0.9902680687415706950, -1.431534388630178744E-16, -0.1391731009600623292 ) ) ;
#3065 = DIRECTION ( 'NONE',  ( -0.1391731009600694902, -7.724035641060274786E-15, 0.9902680687415698069 ) ) ;
#3066 = LINE ( 'NONE', #654, #8611 ) ;
#3067 = CARTESIAN_POINT ( 'NONE',  ( 1.185538906511674373, -0.1842302414374129838, 0.8758498094129215650 ) ) ;
#3068 = VERTEX_POINT ( 'NONE', #2425 ) ;
#3069 = DIRECTION ( 'NONE',  ( 0.9902680687415706950, 0.000000000000000000, 0.1391731009600623292 ) ) ;
#3070 = CARTESIAN_POINT ( 'NONE',  ( 1.186263386947868481, -0.3881144490365188715, 0.8706948632527670151 ) ) ;
#3071 = VECTOR ( 'NONE', #4117, 1000.000000000000000 ) ;
#3072 = EDGE_LOOP ( 'NONE', ( #2914, #1487, #9008, #2791 ) ) ;
#3073 = CARTESIAN_POINT ( 'NONE',  ( 1.173072886580212915, 0.1853741987151189263, 0.9645501501918817278 ) ) ;
#3074 = ORIENTED_EDGE ( 'NONE', *, *, #9751, .F. ) ;
#3075 = ADVANCED_FACE ( 'NONE', ( #6228 ), #2076, .F. ) ;
#3076 = DIRECTION ( 'NONE',  ( 2.168404344971007685E-15, 0.000000000000000000, 1.000000000000000000 ) ) ;
#3077 = FILL_AREA_STYLE ('',( #8826 ) ) ;
#3078 = CARTESIAN_POINT ( 'NONE',  ( 1.189136966943015183, -0.4583894288361080593, 0.8430629826261215598 ) ) ;
#3079 = DIRECTION ( 'NONE',  ( 0.000000000000000000, 7.628942749164153721E-15, -1.000000000000000000 ) ) ;
#3080 = FACE_OUTER_BOUND ( 'NONE', #1268, .T. ) ;
#3081 = ORIENTED_EDGE ( 'NONE', *, *, #3309, .F. ) ;
#3082 = ADVANCED_FACE ( 'NONE', ( #6062 ), #8430, .F. ) ;
#3083 = ADVANCED_FACE ( 'NONE', ( #2908 ), #6966, .F. ) ;
#3084 = ORIENTED_EDGE ( 'NONE', *, *, #8791, .F. ) ;
#3085 = CARTESIAN_POINT ( 'NONE',  ( 1.173072886580212915, 0.1967283551612540038, 0.9645501501918817278 ) ) ;
#3086 = SURFACE_STYLE_USAGE ( .BOTH. , #5497 ) ;
#3087 = EDGE_CURVE ( 'NONE', #5691, #8058, #6369, .T. ) ;
#3088 =( NAMED_UNIT ( * ) SI_UNIT ( $, .STERADIAN. ) SOLID_ANGLE_UNIT ( ) );
#3089 = STYLED_ITEM ( 'NONE', ( #615 ), #3758 ) ;
#3090 = DIRECTION ( 'NONE',  ( -0.9902680687415706950, -1.431534388630178744E-16, -0.1391731009600623292 ) ) ;
#3091 = CARTESIAN_POINT ( 'NONE',  ( 1.155169342256537446, 0.4327014142695422838, 1.084755190861599328 ) ) ;
#3092 = ORIENTED_EDGE ( 'NONE', *, *, #2699, .T. ) ;
#3093 = CARTESIAN_POINT ( 'NONE',  ( 1.189126607214438192, 0.3189103079077391656, 0.8503219924594989099 ) ) ;
#3094 = CARTESIAN_POINT ( 'NONE',  ( 1.180557098146884254, 0.2129485786556120641, 0.9112972178144711499 ) ) ;
#3095 = FACE_OUTER_BOUND ( 'NONE', #9740, .T. ) ;
#3096 = EDGE_CURVE ( 'NONE', #8820, #1062, #9527, .T. ) ;
#3097 = DIRECTION ( 'NONE',  ( -0.1391731009600620517, -5.552421786569851423E-15, 0.9902680687415708061 ) ) ;
#3098 = MECHANICAL_DESIGN_GEOMETRIC_PRESENTATION_REPRESENTATION (  '', ( #1200 ), #1916 ) ;
#3099 = CARTESIAN_POINT ( 'NONE',  ( 1.183821196281927390, 0.1656915813592096387, 0.8808866562391647337 ) ) ;
#3100 = ORIENTED_EDGE ( 'NONE', *, *, #2102, .T. ) ;
#3101 = CARTESIAN_POINT ( 'NONE',  ( 1.181650601279930379, 0.1737081148940254616, 0.8963312421959332976 ) ) ;
#3102 = EDGE_LOOP ( 'NONE', ( #809, #6036, #6908, #969 ) ) ;
#3103 = EDGE_LOOP ( 'NONE', ( #8093, #7708, #1239, #507 ) ) ;
#3104 = ORIENTED_EDGE ( 'NONE', *, *, #4426, .T. ) ;
#3105 = DIRECTION ( 'NONE',  ( -0.000000000000000000, 0.9902680687415708061, 0.1391731009600624125 ) ) ;
#3106 = CARTESIAN_POINT ( 'NONE',  ( 1.184177650610134691, 0.1607007433607542946, 0.8855356484391531113 ) ) ;
#3107 = FACE_OUTER_BOUND ( 'NONE', #1114, .T. ) ;
#3108 = LINE ( 'NONE', #6361, #422 ) ;
#3109 = DIRECTION ( 'NONE',  ( 5.042800802258160488E-17, -1.000000000000000000, -1.571627731337765034E-33 ) ) ;
#3110 = CARTESIAN_POINT ( 'NONE',  ( 1.173353978632974748, 0.1807069853681105842, 0.9625500763104577473 ) ) ;
#3111 = CARTESIAN_POINT ( 'NONE',  ( 1.184030050149940561, 0.2651028357381030598, 0.8865858802846288134 ) ) ;
#3112 = CARTESIAN_POINT ( 'NONE',  ( 1.182059149888240457, 0.1737081148940254616, 0.9006095643325694455 ) ) ;
#3113 = EDGE_CURVE ( 'NONE', #7698, #10323, #3616, .T. ) ;
#3114 = SURFACE_STYLE_USAGE ( .BOTH. , #2950 ) ;
#3115 =( NAMED_UNIT ( * ) SI_UNIT ( $, .STERADIAN. ) SOLID_ANGLE_UNIT ( ) );
#3116 = VERTEX_POINT ( 'NONE', #5593 ) ;
#3117 = EDGE_LOOP ( 'NONE', ( #5183, #2562, #6366, #6537, #3328, #504 ) ) ;
#3118 = CARTESIAN_POINT ( 'NONE',  ( 1.177811196565669905, -0.1026765848750052779, 0.9308353227860910462 ) ) ;
#3119 = B_SPLINE_CURVE_WITH_KNOTS ( 'NONE', 3,
 ( #1854, #8383, #8439, #1051 ),
 .UNSPECIFIED., .F., .F.,
 ( 4, 4 ),
 ( 19.00000000000000000, 20.00000000000000000 ),
 .UNSPECIFIED. ) ;
#3120 = ORIENTED_EDGE ( 'NONE', *, *, #4683, .F. ) ;
#3121 = DIRECTION ( 'NONE',  ( 2.189714495920894347E-15, 1.000000000000000000, -0.000000000000000000 ) ) ;
#3122 = DIRECTION ( 'NONE',  ( 1.000000000000000000, 1.008560160451632098E-16, 0.000000000000000000 ) ) ;
#3123 = CARTESIAN_POINT ( 'NONE',  ( 1.179115090443988656, -0.05409142918217924034, 0.9143723392287708140 ) ) ;
#3124 = CARTESIAN_POINT ( 'NONE',  ( 1.177062420440378121, -0.1807599251816169594, 0.9289778452225081473 ) ) ;
#3125 = CARTESIAN_POINT ( 'NONE',  ( 1.170867085310389744, 0.6673331856652374716, 0.9730599452264487859 ) ) ;
#3126 = ORIENTED_EDGE ( 'NONE', *, *, #9782, .F. ) ;
#3127 = B_SPLINE_CURVE_WITH_KNOTS ( 'NONE', 3,
 ( #4066, #8231, #9002, #1658 ),
 .UNSPECIFIED., .F., .F.,
 ( 4, 4 ),
 ( 0.000000000000000000, 1.000000000000000000 ),
 .UNSPECIFIED. ) ;
#3128 = CARTESIAN_POINT ( 'NONE',  ( 1.176845233398295054, -0.4063338906950230700, 0.9377085078601693491 ) ) ;
#3129 = VERTEX_POINT ( 'NONE', #10367 ) ;
#3130 = DIRECTION ( 'NONE',  ( -0.9902680687415706950, -1.431534388630178744E-16, -0.1391731009600623292 ) ) ;
#3131 = CARTESIAN_POINT ( 'NONE',  ( 1.159337134290752580, -0.1503941615036764046, 1.062285106146480640 ) ) ;
#3132 = VERTEX_POINT ( 'NONE', #7173 ) ;
#3133 = CARTESIAN_POINT ( 'NONE',  ( 1.181963166960313893, 0.5656448614497082694, 0.8941072218174747066 ) ) ;
#3134 = CARTESIAN_POINT ( 'NONE',  ( 1.182475427380762945, 0.3579012297692724665, 0.8904622995318353107 ) ) ;
#3135 = ORIENTED_EDGE ( 'NONE', *, *, #6205, .F. ) ;
#3136 =( BOUNDED_CURVE ( )  B_SPLINE_CURVE ( 3, ( #10404, #8842, #6410, #9576 ),
 .UNSPECIFIED., .F., .F. ) 
 B_SPLINE_CURVE_WITH_KNOTS ( ( 4, 4 ),
 ( 2.365879671860814604, 3.917305635318770296 ),
 .UNSPECIFIED. ) 
 CURVE ( )  GEOMETRIC_REPRESENTATION_ITEM ( )  RATIONAL_B_SPLINE_CURVE ( ( 1.000000000000000000, 0.8092813118237104364, 0.8092813118237104364, 1.000000000000000000 ) ) 
 REPRESENTATION_ITEM ( '' )  );
#3137 = LINE ( 'NONE', #6221, #2205 ) ;
#3138 = CARTESIAN_POINT ( 'NONE',  ( 1.158823965638345221, -0.04671688302847347429, 1.065936490838297113 ) ) ;
#3139 = CARTESIAN_POINT ( 'NONE',  ( 1.168634534959545501, -0.02199050737592457214, 0.9961306629308762650 ) ) ;
#3140 = CARTESIAN_POINT ( 'NONE',  ( -1.249999999999999778, 2.149999999999999467, 1.510000000000000009 ) ) ;
#3141 = DIRECTION ( 'NONE',  ( -0.000000000000000000, -0.000000000000000000, -1.000000000000000000 ) ) ;
#3142 = ORIENTED_EDGE ( 'NONE', *, *, #4993, .F. ) ;
#3143 = ORIENTED_EDGE ( 'NONE', *, *, #267, .T. ) ;
#3144 = CARTESIAN_POINT ( 'NONE',  ( 1.172082618511471219, 0.1967283551612540038, 0.9644109770909216062 ) ) ;
#3145 = VECTOR ( 'NONE', #4558, 1000.000000000000227 ) ;
#3146 = B_SPLINE_CURVE_WITH_KNOTS ( 'NONE', 3,
 ( #3840, #2871, #7087, #4535 ),
 .UNSPECIFIED., .F., .F.,
 ( 4, 4 ),
 ( 3.000000000000000000, 4.000000000000000000 ),
 .UNSPECIFIED. ) ;
#3147 = ORIENTED_EDGE ( 'NONE', *, *, #7195, .T. ) ;
#3148 = FACE_OUTER_BOUND ( 'NONE', #4761, .T. ) ;
#3149 = EDGE_CURVE ( 'NONE', #2464, #7951, #10225, .T. ) ;
#3150 = EDGE_CURVE ( 'NONE', #1997, #955, #3772, .T. ) ;
#3151 =( GEOMETRIC_REPRESENTATION_CONTEXT ( 3 ) GLOBAL_UNCERTAINTY_ASSIGNED_CONTEXT ( ( #3926 ) ) GLOBAL_UNIT_ASSIGNED_CONTEXT ( ( #1211, #8464, #5993 ) ) REPRESENTATION_CONTEXT ( 'NONE', 'WORKASPACE' ) );
#3152 = CARTESIAN_POINT ( 'NONE',  ( 1.141555847152307956, 0.07794641080098824171, 1.188805538276393570 ) ) ;
#3153 = CARTESIAN_POINT ( 'NONE',  ( 1.157748485866613386, 0.4204426684359988675, 1.073588927043113372 ) ) ;
#3154 = ORIENTED_EDGE ( 'NONE', *, *, #4924, .T. ) ;
#3155 = VECTOR ( 'NONE', #8092, 1000.000000000000227 ) ;
#3156 = EDGE_CURVE ( 'NONE', #10052, #8153, #3521, .T. ) ;
#3157 = AXIS2_PLACEMENT_3D ( 'NONE', #3526, #6784, #8913 ) ;
#3158 = CARTESIAN_POINT ( 'NONE',  ( 1.179184805357776034, 0.3026900844129644108, 0.9138762918420079151 ) ) ;
#3159 = CARTESIAN_POINT ( 'NONE',  ( 1.182180703208325578, 0.3078056933612357549, 0.8997446675191803633 ) ) ;
#3160 = CARTESIAN_POINT ( 'NONE',  ( -1.249995309899464280, 2.050968503025306422, 0.4100333717993152605 ) ) ;
#3161 =( LENGTH_UNIT ( ) NAMED_UNIT ( * ) SI_UNIT ( .MILLI., .METRE. ) );
#3162 = LINE ( 'NONE', #6412, #9105 ) ;
#3163 = ORIENTED_EDGE ( 'NONE', *, *, #5138, .F. ) ;
#3164 = CARTESIAN_POINT ( 'NONE',  ( 1.146779601598409526, -0.4349644135054252514, 1.151636594053431661 ) ) ;
#3165 = AXIS2_PLACEMENT_3D ( 'NONE', #1897, #7705, #4502 ) ;
#3166 = ORIENTED_EDGE ( 'NONE', *, *, #2502, .T. ) ;
#3167 = CARTESIAN_POINT ( 'NONE',  ( 1.183727723845321211, -0.2093904314435908742, 0.8887370437187993577 ) ) ;
#3168 = EDGE_CURVE ( 'NONE', #27, #3270, #3573, .T. ) ;
#3169 = MECHANICAL_DESIGN_GEOMETRIC_PRESENTATION_REPRESENTATION (  '', ( #935 ), #9994 ) ;
#3170 = DIRECTION ( 'NONE',  ( 0.1391731009600612190, 3.554004129277955428E-15, -0.9902680687415709171 ) ) ;
#3171 = CARTESIAN_POINT ( 'NONE',  ( 1.149378194791405905, 0.1472878662401649885, 1.125961346192861479 ) ) ;
#3172 = SURFACE_STYLE_FILL_AREA ( #6472 ) ;
#3173 = FILL_AREA_STYLE_COLOUR ( '', #5565 ) ;
#3174 = LINE ( 'NONE', #9684, #86 ) ;
#3175 = EDGE_CURVE ( 'NONE', #7258, #6496, #352, .T. ) ;
#3176 = B_SPLINE_CURVE_WITH_KNOTS ( 'NONE', 3,
 ( #9257, #9202, #3572, #1919 ),
 .UNSPECIFIED., .F., .F.,
 ( 4, 4 ),
 ( 8.000000000000000000, 9.000000000000000000 ),
 .UNSPECIFIED. ) ;
#3177 = B_SPLINE_CURVE_WITH_KNOTS ( 'NONE', 3,
 ( #3362, #1748, #5664, #3314 ),
 .UNSPECIFIED., .F., .F.,
 ( 4, 4 ),
 ( 5.000000000000000000, 6.000000000000000000 ),
 .UNSPECIFIED. ) ;
#3178 = EDGE_LOOP ( 'NONE', ( #7443, #6561, #4739, #1645 ) ) ;
#3179 = AXIS2_PLACEMENT_3D ( 'NONE', #8528, #3654, #3503 ) ;
#3180 = ORIENTED_EDGE ( 'NONE', *, *, #4940, .T. ) ;
#3181 = ORIENTED_EDGE ( 'NONE', *, *, #9340, .F. ) ;
#3182 = ADVANCED_FACE ( 'NONE', ( #6119 ), #7409, .F. ) ;
#3183 = CARTESIAN_POINT ( 'NONE',  ( 1.173350722740490015, 0.3157598414211458260, 0.9625732431892649599 ) ) ;
#3184 = VERTEX_POINT ( 'NONE', #10438 ) ;
#3185 = UNCERTAINTY_MEASURE_WITH_UNIT (LENGTH_MEASURE( 1.000000000000000082E-05 ), #1627, 'distance_accuracy_value', 'NONE');
#3186 = CARTESIAN_POINT ( 'NONE',  ( -2.214999999999998970, 1.300000000000000044, 0.000000000000000000 ) ) ;
#3187 = CARTESIAN_POINT ( 'NONE',  ( 1.185480007611194431, 0.2129485786556121751, 0.8762688968660785616 ) ) ;
#3188 = ORIENTED_EDGE ( 'NONE', *, *, #602, .T. ) ;
#3189 = CARTESIAN_POINT ( 'NONE',  ( 1.182484109760761237, 0.1781374836174793586, 0.8904005211880776649 ) ) ;
#3190 = CARTESIAN_POINT ( 'NONE',  ( 1.183220444269439398, -0.4219505455182685494, 0.8851612289194834560 ) ) ;
#3191 = CARTESIAN_POINT ( 'NONE',  ( 1.168497272316162849, 0.07794641080098900499, 0.9971073373876160328 ) ) ;
#3192 = ORIENTED_EDGE ( 'NONE', *, *, #9961, .F. ) ;
#3193 = DIRECTION ( 'NONE',  ( -0.9902680687415706950, -1.431534388630178744E-16, -0.1391731009600623292 ) ) ;
#3194 = CARTESIAN_POINT ( 'NONE',  ( -1.008476408045745787, 2.007503214919902579, 1.423917310096006084 ) ) ;
#3195 = B_SPLINE_CURVE_WITH_KNOTS ( 'NONE', 3,
 ( #4765, #5505, #10252, #4710 ),
 .UNSPECIFIED., .F., .F.,
 ( 4, 4 ),
 ( 6.000000000000000000, 7.000000000000000000 ),
 .UNSPECIFIED. ) ;
#3196 = ORIENTED_EDGE ( 'NONE', *, *, #2499, .F. ) ;
#3197 = CARTESIAN_POINT ( 'NONE',  ( 1.169755740669397914, 0.5855146352303389756, 0.9809675732360969569 ) ) ;
#3198 = FACE_OUTER_BOUND ( 'NONE', #5963, .T. ) ;
#3199 = EDGE_CURVE ( 'NONE', #3823, #5926, #2323, .T. ) ;
#3200 = DIRECTION ( 'NONE',  ( 1.000000000000000000, 0.000000000000000000, 0.000000000000000000 ) ) ;
#3201 = MECHANICAL_DESIGN_GEOMETRIC_PRESENTATION_REPRESENTATION (  '', ( #2116 ), #447 ) ;
#3202 = FACE_OUTER_BOUND ( 'NONE', #8569, .T. ) ;
#3203 = DIRECTION ( 'NONE',  ( 0.000000000000000000, 0.3379806494085538238, 0.9411530590851693301 ) ) ;
#3204 = CARTESIAN_POINT ( 'NONE',  ( 1.184455010022461563, 0.1706824193572492043, 0.8763768371401366997 ) ) ;
#3205 = CARTESIAN_POINT ( 'NONE',  ( 1.174261895893466523, 0.2694386262491972883, 0.9489046127903963956 ) ) ;
#3206 = ORIENTED_EDGE ( 'NONE', *, *, #10518, .T. ) ;
#3207 = CARTESIAN_POINT ( 'NONE',  ( 1.184489739542452513, 0.4158885287627306360, 0.8761297237651189951 ) ) ;
#3208 = PRESENTATION_LAYER_ASSIGNMENT (  '', '', ( #4229 ) ) ;
#3209 = EDGE_LOOP ( 'NONE', ( #10550, #546, #9265, #9866, #882, #6088, #5127, #2346, #9136, #9764, #3330, #1092 ) ) ;
#3210 = FACE_OUTER_BOUND ( 'NONE', #3323, .T. ) ;
#3211 = SURFACE_STYLE_FILL_AREA ( #1543 ) ;
#3212 = DIRECTION ( 'NONE',  ( -0.9902680687415706950, -1.431534388630178744E-16, -0.1391731009600623292 ) ) ;
#3213 = ORIENTED_EDGE ( 'NONE', *, *, #814, .T. ) ;
#3214 = DIRECTION ( 'NONE',  ( -0.9902680687415706950, -1.431534388630178744E-16, -0.1391731009600623292 ) ) ;
#3215 = CARTESIAN_POINT ( 'NONE',  ( 1.182484586508595337, 0.3597727940190045826, 0.8975824254853018713 ) ) ;
#3216 =( NAMED_UNIT ( * ) SI_UNIT ( $, .STERADIAN. ) SOLID_ANGLE_UNIT ( ) );
#3217 = VERTEX_POINT ( 'NONE', #2539 ) ;
#3218 = CARTESIAN_POINT ( 'NONE',  ( 1.170179925387274888, -0.5755143896521991431, 0.9779493421378183671 ) ) ;
#3219 = VECTOR ( 'NONE', #4810, 1000.000000000000000 ) ;
#3220 = CARTESIAN_POINT ( 'NONE',  ( 1.157548314378597842, 0.3853196460229122433, 1.067827924653895977 ) ) ;
#3221 = ORIENTED_EDGE ( 'NONE', *, *, #9768, .T. ) ;
#3222 = CARTESIAN_POINT ( 'NONE',  ( -1.008476408045745121, -1.908476408045746364, 1.510000000000000009 ) ) ;
#3223 = ORIENTED_EDGE ( 'NONE', *, *, #9204, .F. ) ;
#3224 = ORIENTED_EDGE ( 'NONE', *, *, #7605, .T. ) ;
#3225 = EDGE_CURVE ( 'NONE', #4290, #8628, #8216, .T. ) ;
#3226 = CARTESIAN_POINT ( 'NONE',  ( -1.149999999999999467, -1.159844184519376401E-16, 0.01000000000000000021 ) ) ;
#3227 = CARTESIAN_POINT ( 'NONE',  ( 1.177925860256705759, 0.6857680935221553975, 0.9228341516963088909 ) ) ;
#3228 = AXIS2_PLACEMENT_3D ( 'NONE', #6531, #7992, #3200 ) ;
#3229 = SURFACE_STYLE_USAGE ( .BOTH. , #10526 ) ;
#3230 = CARTESIAN_POINT ( 'NONE',  ( 1.144256067334633808, 0.2386513943472002575, 1.169592473347299766 ) ) ;
#3231 = CARTESIAN_POINT ( 'NONE',  ( 1.143248911253846867, 0.1962916568364787007, 1.176758761230245920 ) ) ;
#3232 = CARTESIAN_POINT ( 'NONE',  ( 1.182484109760761237, 0.1781374836174793586, 0.8904005211880776649 ) ) ;
#3233 = PRESENTATION_STYLE_ASSIGNMENT (( #859 ) ) ;
#3234 = CARTESIAN_POINT ( 'NONE',  ( 1.143804583574284717, 0.4327014142695420063, 1.172804947225834171 ) ) ;
#3235 = CARTESIAN_POINT ( 'NONE',  ( 1.008476408045746231, -1.908476408045746364, 1.409999999999999920 ) ) ;
#3236 = EDGE_CURVE ( 'NONE', #4821, #5095, #1698, .T. ) ;
#3237 = ADVANCED_FACE ( 'NONE', ( #5021 ), #7312, .F. ) ;
#3238 = EDGE_LOOP ( 'NONE', ( #3717, #3755, #939, #3163, #5169, #5025 ) ) ;
#3239 = LINE ( 'NONE', #10481, #3345 ) ;
#3240 = AXIS2_PLACEMENT_3D ( 'NONE', #3551, #9186, #225 ) ;
#3241 = ORIENTED_EDGE ( 'NONE', *, *, #3047, .T. ) ;
#3242 = EDGE_CURVE ( 'NONE', #1339, #71, #9193, .T. ) ;
#3243 = ORIENTED_EDGE ( 'NONE', *, *, #3431, .T. ) ;
#3244 = LINE ( 'NONE', #817, #9181 ) ;
#3245 = CARTESIAN_POINT ( 'NONE',  ( -1.150322840650756406, 2.149999999999999467, 0.4099999999999690004 ) ) ;
#3246 = ORIENTED_EDGE ( 'NONE', *, *, #1456, .F. ) ;
#3247 = CARTESIAN_POINT ( 'NONE',  ( 1.152269904081749896, 0.1638200171098934399, 1.112571061996739497 ) ) ;
#3248 = STYLED_ITEM ( 'NONE', ( #8997 ), #1920 ) ;
#3249 = VECTOR ( 'NONE', #7583, 1000.000000000000227 ) ;
#3250 = CARTESIAN_POINT ( 'NONE',  ( -2.214999999999998970, 0.2000000000000000944, 0.4000000000000000222 ) ) ;
#3251 = VECTOR ( 'NONE', #7230, 1000.000000000000227 ) ;
#3252 = DIRECTION ( 'NONE',  ( -0.000000000000000000, 1.000000000000000000, 4.956011461633745506E-15 ) ) ;
#3253 = DIRECTION ( 'NONE',  ( -0.9902680687415706950, -1.431534388630178744E-16, -0.1391731009600623292 ) ) ;
#3254 = ORIENTED_EDGE ( 'NONE', *, *, #8146, .F. ) ;
#3255 = FILL_AREA_STYLE ('',( #1527 ) ) ;
#3256 = DIRECTION ( 'NONE',  ( 0.000000000000000000, 4.336808689942015369E-15, 1.000000000000000000 ) ) ;
#3257 = EDGE_CURVE ( 'NONE', #5926, #4401, #7564, .T. ) ;
#3258 = ORIENTED_EDGE ( 'NONE', *, *, #4588, .T. ) ;
#3259 = FACE_OUTER_BOUND ( 'NONE', #7407, .T. ) ;
#3260 = FILL_AREA_STYLE ('',( #9601 ) ) ;
#3261 = AXIS2_PLACEMENT_3D ( 'NONE', #7762, #10181, #4378 ) ;
#3262 = ORIENTED_EDGE ( 'NONE', *, *, #1249, .T. ) ;
#3263 = CARTESIAN_POINT ( 'NONE',  ( 1.175547364882480350, 0.2663505452379263394, 0.9469433222012310081 ) ) ;
#3264 = CARTESIAN_POINT ( 'NONE',  ( 1.183031099701201461, 0.1898035674385723237, 0.8865084855274206754 ) ) ;
#3265 = CARTESIAN_POINT ( 'NONE',  ( 1.183812513901929986, 0.2979799810520100123, 0.8809484345829174945 ) ) ;
#3266 = DIRECTION ( 'NONE',  ( -0.9902680687415706950, -1.431534388630178744E-16, -0.1391731009600623292 ) ) ;
#3267 = CARTESIAN_POINT ( 'NONE',  ( -1.249999999999999778, 1.300000000000000711, 0.4000000000000000222 ) ) ;
#3268 = VERTEX_POINT ( 'NONE', #10075 ) ;
#3269 = EDGE_CURVE ( 'NONE', #3296, #2181, #7712, .T. ) ;
#3270 = VERTEX_POINT ( 'NONE', #4568 ) ;
#3271 = DIRECTION ( 'NONE',  ( -0.9902680687415706950, -1.431534388630178744E-16, -0.1391731009600623292 ) ) ;
#3272 = LINE ( 'NONE', #4871, #3850 ) ;
#3273 = CARTESIAN_POINT ( 'NONE',  ( 1.170450807817867034, 0.5387567217336164394, 0.9832072100271849191 ) ) ;
#3274 = LINE ( 'NONE', #2457, #3788 ) ;
#3275 = CARTESIAN_POINT ( 'NONE',  ( 1.156159610325279141, 0.4327014142695422838, 1.084894363962559449 ) ) ;
#3276 = VECTOR ( 'NONE', #10423, 1000.000000000000000 ) ;
#3277 = DIRECTION ( 'NONE',  ( 0.000000000000000000, 1.000000000000000000, 0.000000000000000000 ) ) ;
#3278 = CARTESIAN_POINT ( 'NONE',  ( 1.176779786095607072, 0.2129485786556120086, 0.9309888930817982189 ) ) ;
#3279 = CARTESIAN_POINT ( 'NONE',  ( 1.166098876463074863, -0.5208560481278448062, 1.014172810622970156 ) ) ;
#3280 = CARTESIAN_POINT ( 'NONE',  ( 1.169460539749125338, 0.5532925374038010213, 0.9830680369262247975 ) ) ;
#3281 = ORIENTED_EDGE ( 'NONE', *, *, #2894, .T. ) ;
#3282 = DIRECTION ( 'NONE',  ( 5.042800802258161104E-17, -1.000000000000000000, 0.000000000000000000 ) ) ;
#3283 = B_SPLINE_CURVE_WITH_KNOTS ( 'NONE', 3,
 ( #1712, #8182, #3280, #6585 ),
 .UNSPECIFIED., .F., .F.,
 ( 4, 4 ),
 ( 5.000000000000000000, 6.000000000000000000 ),
 .UNSPECIFIED. ) ;
#3284 = DIRECTION ( 'NONE',  ( -0.1391731009600623570, -4.558926669813091158E-15, 0.9902680687415708061 ) ) ;
#3285 = ORIENTED_EDGE ( 'NONE', *, *, #8137, .T. ) ;
#3286 = AXIS2_PLACEMENT_3D ( 'NONE', #8478, #6859, #3646 ) ;
#3287 = ORIENTED_EDGE ( 'NONE', *, *, #4806, .T. ) ;
#3288 = VERTEX_POINT ( 'NONE', #7752 ) ;
#3289 = ORIENTED_EDGE ( 'NONE', *, *, #7038, .T. ) ;
#3290 = FACE_OUTER_BOUND ( 'NONE', #5589, .T. ) ;
#3291 =( NAMED_UNIT ( * ) SI_UNIT ( $, .STERADIAN. ) SOLID_ANGLE_UNIT ( ) );
#3292 = LINE ( 'NONE', #8023, #1563 ) ;
#3293 = VECTOR ( 'NONE', #1522, 1000.000000000000000 ) ;
#3294 = CARTESIAN_POINT ( 'NONE',  ( -2.214999999999998970, 1.700000000000000178, 0.4000000000000000222 ) ) ;
#3295 = FACE_OUTER_BOUND ( 'NONE', #7852, .T. ) ;
#3296 = VERTEX_POINT ( 'NONE', #8634 ) ;
#3297 = ORIENTED_EDGE ( 'NONE', *, *, #8214, .T. ) ;
#3298 = VERTEX_POINT ( 'NONE', #438 ) ;
#3299 = DIRECTION ( 'NONE',  ( -0.9902680687415706950, -1.431534388630178744E-16, -0.1391731009600623292 ) ) ;
#3300 = EDGE_CURVE ( 'NONE', #5261, #9221, #934, .T. ) ;
#3301 = CARTESIAN_POINT ( 'NONE',  ( 1.178403391157048841, 0.2129485786556120641, 0.9194363427865065441 ) ) ;
#3302 = EDGE_CURVE ( 'NONE', #5939, #7626, #9528, .T. ) ;
#3303 = ORIENTED_EDGE ( 'NONE', *, *, #5504, .T. ) ;
#3304 = CARTESIAN_POINT ( 'NONE',  ( 1.182249685500472935, 0.3582131571438145756, 0.8920685364719241894 ) ) ;
#3305 = CARTESIAN_POINT ( 'NONE',  ( 1.181538207087793335, 0.2908056514296963324, 0.9043162649619654880 ) ) ;
#3306 = CARTESIAN_POINT ( 'NONE',  ( 1.154748798881556571, -0.4011283170232595729, 1.094932808993218876 ) ) ;
#3307 = CARTESIAN_POINT ( 'NONE',  ( 1.136008946671053010, -0.2293450477788374353, 1.221088489479463357 ) ) ;
#3308 = CARTESIAN_POINT ( 'NONE',  ( 1.184168968230021379, 0.3045304559248268594, 0.8855974267837301017 ) ) ;
#3309 = EDGE_CURVE ( 'NONE', #9862, #679, #5477, .T. ) ;
#3310 = ORIENTED_EDGE ( 'NONE', *, *, #1794, .F. ) ;
#3311 = ORIENTED_EDGE ( 'NONE', *, *, #865, .F. ) ;
#3312 = CARTESIAN_POINT ( 'NONE',  ( 1.144243945404976426, -0.2718570838317662663, 1.169678725358559435 ) ) ;
#3313 = VERTEX_POINT ( 'NONE', #6318 ) ;
#3314 = CARTESIAN_POINT ( 'NONE',  ( 1.188379445785982647, 0.3275818889295040170, 0.8484530257309360612 ) ) ;
#3315 = CARTESIAN_POINT ( 'NONE',  ( 1.185480007611194431, 0.2282330200255209551, 0.8762688968660785616 ) ) ;
#3316 = ADVANCED_FACE ( 'NONE', ( #9645 ), #1286, .F. ) ;
#3317 = CARTESIAN_POINT ( 'NONE',  ( 1.183031099701201461, 0.1965100059986590875, 0.8865084855274206754 ) ) ;
#3319 = CARTESIAN_POINT ( 'NONE',  ( 1.184489739542452513, 0.7204856103475046902, 0.8761297237651202163 ) ) ;
#3318 = FACE_OUTER_BOUND ( 'NONE', #838, .T. ) ;
#3320 = ORIENTED_EDGE ( 'NONE', *, *, #5591, .F. ) ;
#3321 = B_SPLINE_CURVE_WITH_KNOTS ( 'NONE', 3,
 ( #9880, #6515, #2451, #5778 ),
 .UNSPECIFIED., .F., .F.,
 ( 4, 4 ),
 ( 27.00000000000000000, 28.00000000000000000 ),
 .UNSPECIFIED. ) ;
#3322 = CARTESIAN_POINT ( 'NONE',  ( 1.158538582447339982, 0.07794641080098867192, 1.067967097754854988 ) ) ;
#3323 = EDGE_LOOP ( 'NONE', ( #9009, #3505, #7393, #3486 ) ) ;
#3324 = ADVANCED_FACE ( 'NONE', ( #5417 ), #7807, .T. ) ;
#3325 =( NAMED_UNIT ( * ) PLANE_ANGLE_UNIT ( ) SI_UNIT ( $, .RADIAN. ) );
#3326 = VERTEX_POINT ( 'NONE', #5759 ) ;
#3327 = CARTESIAN_POINT ( 'NONE',  ( 1.155734173704808576, 0.2386513943472005073, 1.087921502810651919 ) ) ;
#3328 = ORIENTED_EDGE ( 'NONE', *, *, #5453, .T. ) ;
#3329 = DIRECTION ( 'NONE',  ( 0.000000000000000000, -0.3464049718872779793, 0.9380850683449630800 ) ) ;
#3330 = ORIENTED_EDGE ( 'NONE', *, *, #8636, .T. ) ;
#3331 = EDGE_LOOP ( 'NONE', ( #4608, #8524, #8991, #6381 ) ) ;
#3332 = ORIENTED_EDGE ( 'NONE', *, *, #5135, .T. ) ;
#3333 = VERTEX_POINT ( 'NONE', #1572 ) ;
#3334 = B_SPLINE_SURFACE_WITH_KNOTS ( 'NONE', 3, 1, ( 
 ( #6850, #10099 ),
 ( #2780, #6040 ),
 ( #9315, #1984 ),
 ( #1378, #3034 ) ),
 .UNSPECIFIED., .F., .F., .F.,
 ( 4, 4 ),
 ( 2, 2 ),
 ( 6.000000000000000000, 7.000000000000000000 ),
 ( 0.000000000000000000, 1.000000000000000000 ),
 .UNSPECIFIED. ) ;
#3335 =( GEOMETRIC_REPRESENTATION_CONTEXT ( 3 ) GLOBAL_UNCERTAINTY_ASSIGNED_CONTEXT ( ( #2101 ) ) GLOBAL_UNIT_ASSIGNED_CONTEXT ( ( #981, #389, #9242 ) ) REPRESENTATION_CONTEXT ( 'NONE', 'WORKASPACE' ) );
#3336 = ADVANCED_FACE ( 'NONE', ( #8096 ), #2350, .F. ) ;
#3337 = COLOUR_RGB ( '',0.8509803921568627194, 0.8509803921568627194, 0.8509803921568627194 ) ;
#3338 = SURFACE_STYLE_FILL_AREA ( #10468 ) ;
#3339 = CARTESIAN_POINT ( 'NONE',  ( 1.175442699574440697, 0.2647909083631491134, 0.9405027580307112611 ) ) ;
#3340 = DIRECTION ( 'NONE',  ( -0.000000000000000000, 1.000000000000000000, 4.603729852226718065E-15 ) ) ;
#3341 = VECTOR ( 'NONE', #7332, 1000.000000000000227 ) ;
#3342 = VECTOR ( 'NONE', #4481, 1000.000000000000000 ) ;
#3343 = LINE ( 'NONE', #6703, #402 ) ;
#3344 = ORIENTED_EDGE ( 'NONE', *, *, #8935, .F. ) ;
#3345 = VECTOR ( 'NONE', #9691, 1000.000000000000227 ) ;
#3346 = ORIENTED_EDGE ( 'NONE', *, *, #10444, .F. ) ;
#3347 = VECTOR ( 'NONE', #9033, 1000.000000000000000 ) ;
#3348 = ORIENTED_EDGE ( 'NONE', *, *, #1876, .T. ) ;
#3349 = VERTEX_POINT ( 'NONE', #375 ) ;
#3350 = DIRECTION ( 'NONE',  ( -1.000000000000000000, 0.000000000000000000, 0.000000000000000000 ) ) ;
#3351 = CARTESIAN_POINT ( 'NONE',  ( 1.191019366056158324, 0.3189103079077391656, 0.8368543135053476689 ) ) ;
#3352 = VECTOR ( 'NONE', #513, 1000.000000000000000 ) ;
#3353 = DIRECTION ( 'NONE',  ( -0.9902680687415706950, 0.000000000000000000, -0.1391731009600623292 ) ) ;
#3354 = DIRECTION ( 'NONE',  ( -0.1391731009600661040, -5.282395195207842844E-15, 0.9902680687415702510 ) ) ;
#3355 = ORIENTED_EDGE ( 'NONE', *, *, #8856, .F. ) ;
#3356 = FACE_OUTER_BOUND ( 'NONE', #9178, .T. ) ;
#3357 = B_SPLINE_CURVE_WITH_KNOTS ( 'NONE', 3,
 ( #3017, #6790, #8454, #3533 ),
 .UNSPECIFIED., .F., .F.,
 ( 4, 4 ),
 ( 17.00000000000000000, 18.00000000000000000 ),
 .UNSPECIFIED. ) ;
#3358 = ORIENTED_EDGE ( 'NONE', *, *, #10284, .F. ) ;
#3359 = CARTESIAN_POINT ( 'NONE',  ( 1.145934383251066002, -0.1339098945206658176, 1.157650635090921698 ) ) ;
#3360 = ADVANCED_FACE ( 'NONE', ( #1996 ), #3548, .T. ) ;
#3361 = ORIENTED_EDGE ( 'NONE', *, *, #9366, .T. ) ;
#3362 = CARTESIAN_POINT ( 'NONE',  ( 1.186669016924447817, 0.3432406431492763810, 0.8606233594645935625 ) ) ;
#3363 = ADVANCED_FACE ( 'NONE', ( #10061 ), #6002, .T. ) ;
#3364 = CARTESIAN_POINT ( 'NONE',  ( 1.157548314378598064, 0.3853196460229122988, 1.067827924653895977 ) ) ;
#3365 = LINE ( 'NONE', #4973, #7143 ) ;
#3366 = PRESENTATION_STYLE_ASSIGNMENT (( #987 ) ) ;
#3367 = ORIENTED_EDGE ( 'NONE', *, *, #1245, .T. ) ;
#3368 = CARTESIAN_POINT ( 'NONE',  ( 1.143277981661783516, -0.1547321230152597926, 1.176551914529794685 ) ) ;
#3369 = DIRECTION ( 'NONE',  ( -0.1391731009600769009, -0.000000000000000000, 0.9902680687415688077 ) ) ;
#3370 = EDGE_CURVE ( 'NONE', #9365, #9128, #10353, .T. ) ;
#3371 = CARTESIAN_POINT ( 'NONE',  ( 1.175854965329553359, -0.3881144490365190935, 0.9375693347592094495 ) ) ;
#3372 = CARTESIAN_POINT ( 'NONE',  ( 1.136999214739794706, -0.2727246628959233976, 1.221227662580423257 ) ) ;
#3373 = COLOUR_RGB ( '',0.2509803921568627416, 0.2509803921568627416, 0.2509803921568627416 ) ;
#3374 = CARTESIAN_POINT ( 'NONE',  ( 1.179393659225790536, 0.2129485786556120641, 0.9195755158874665547 ) ) ;
#3375 = CARTESIAN_POINT ( 'NONE',  ( 1.176919180923638342, 0.2647909083631491134, 0.9371823438772940440 ) ) ;
#3376 = PRESENTATION_STYLE_ASSIGNMENT (( #8133 ) ) ;
#3377 = PRESENTATION_STYLE_ASSIGNMENT (( #4877 ) ) ;
#3378 = ORIENTED_EDGE ( 'NONE', *, *, #937, .T. ) ;
#3379 = FACE_OUTER_BOUND ( 'NONE', #4264, .T. ) ;
#3380 = EDGE_CURVE ( 'NONE', #7566, #9040, #6050, .T. ) ;
#3381 = ORIENTED_EDGE ( 'NONE', *, *, #7761, .F. ) ;
#3382 = ORIENTED_EDGE ( 'NONE', *, *, #3005, .T. ) ;
#3383 =( LENGTH_UNIT ( ) NAMED_UNIT ( * ) SI_UNIT ( .MILLI., .METRE. ) );
#3384 = SPHERICAL_SURFACE ( 'NONE', #7781, 0.1000000000000000056 ) ;
#3385 = CARTESIAN_POINT ( 'NONE',  ( 1.142519114585271112, 0.2788276402336485882, 1.174766237815000780 ) ) ;
#3386 = EDGE_CURVE ( 'NONE', #71, #8397, #5034, .T. ) ;
#3387 = ORIENTED_EDGE ( 'NONE', *, *, #8918, .F. ) ;
#3388 = VERTEX_POINT ( 'NONE', #10088 ) ;
#3389 = DIRECTION ( 'NONE',  ( -0.9902680687415706950, -1.431534388630178744E-16, -0.1391731009600623292 ) ) ;
#3390 = VECTOR ( 'NONE', #2630, 1000.000000000000114 ) ;
#3391 = AXIS2_PLACEMENT_3D ( 'NONE', #2509, #1603, #2402 ) ;
#3392 = EDGE_LOOP ( 'NONE', ( #3996, #2128, #8520, #1873 ) ) ;
#3393 = EDGE_LOOP ( 'NONE', ( #6858, #2191, #4109, #5843, #5845, #3092, #1136 ) ) ;
#3394 = DIRECTION ( 'NONE',  ( 0.000000000000000000, -1.000000000000000000, 0.000000000000000000 ) ) ;
#3395 = CARTESIAN_POINT ( 'NONE',  ( 1.182553568800743582, 0.09369874323312513131, 0.8899062944380446982 ) ) ;
#3396 = CARTESIAN_POINT ( 'NONE',  ( 1.183543836869484611, 0.5535420793034290243, 0.8900454675390062631 ) ) ;
#3397 = CARTESIAN_POINT ( 'NONE',  ( 1.183543836869485055, 0.4316408611952773922, 0.8900454675390059300 ) ) ;
#3398 = CARTESIAN_POINT ( 'NONE',  ( 1.163901153283507961, -0.2059200489961644509, 1.022625127058713890 ) ) ;
#3399 = EDGE_LOOP ( 'NONE', ( #6716, #3873, #1233, #2993 ) ) ;
#3400 = B_SPLINE_SURFACE_WITH_KNOTS ( 'NONE', 3, 1, ( 
 ( #10070, #5178 ),
 ( #1084, #8423 ),
 ( #4365, #9019 ),
 ( #8538, #3662 ) ),
 .UNSPECIFIED., .F., .F., .F.,
 ( 4, 4 ),
 ( 2, 2 ),
 ( 2.000000000000000000, 3.000000000000000000 ),
 ( 0.000000000000000000, 1.000000000000000000 ),
 .UNSPECIFIED. ) ;
#3401 = CARTESIAN_POINT ( 'NONE',  ( 1.149830155299589096, 0.4511051293881749302, 1.129930776611549392 ) ) ;
#3402 = VECTOR ( 'NONE', #9509, 1000.000000000000000 ) ;
#3403 = DIRECTION ( 'NONE',  ( 0.1391731009600623570, 5.500027239221885017E-15, -0.9902680687415708061 ) ) ;
#3404 = B_SPLINE_CURVE_WITH_KNOTS ( 'NONE', 3,
 ( #9648, #2959, #1404, #3990 ),
 .UNSPECIFIED., .F., .F.,
 ( 4, 4 ),
 ( 20.00000000000000000, 21.00000000000000000 ),
 .UNSPECIFIED. ) ;
#3405 = ORIENTED_EDGE ( 'NONE', *, *, #3554, .T. ) ;
#3406 = B_SPLINE_CURVE_WITH_KNOTS ( 'NONE', 3,
 ( #8147, #4232, #206, #7219 ),
 .UNSPECIFIED., .F., .F.,
 ( 4, 4 ),
 ( 16.00000000000000000, 17.00000000000000000 ),
 .UNSPECIFIED. ) ;
#3407 = CARTESIAN_POINT ( 'NONE',  ( 1.143253677336234730, -0.2718570838317662663, 1.169539552257599313 ) ) ;
#3408 = CARTESIAN_POINT ( 'NONE',  ( 1.144243945404976426, -0.2718570838317662663, 1.169678725358559435 ) ) ;
#3409 = COLOUR_RGB ( '',0.8509803921568627194, 0.8509803921568627194, 0.8509803921568627194 ) ;
#3410 = COLOUR_RGB ( '',0.2509803921568627416, 0.2509803921568627416, 0.2509803921568627416 ) ;
#3411 = CARTESIAN_POINT ( 'NONE',  ( -1.249999999999999778, 2.049999999999999822, 0.4099999999999702771 ) ) ;
#3413 = CARTESIAN_POINT ( 'NONE',  ( -1.208648687084981521, -2.149436649370103591, 0.4140084480150235668 ) ) ;
#3412 = FILL_AREA_STYLE_COLOUR ( '', #9723 ) ;
#3414 = CARTESIAN_POINT ( 'NONE',  ( 1.177770054164348545, 0.2129485786556120086, 0.9311280661827583405 ) ) ;
#3415 = CARTESIAN_POINT ( 'NONE',  ( 1.175442699574440697, 0.2647909083631491134, 0.9405027580307111501 ) ) ;
#3416 = EDGE_LOOP ( 'NONE', ( #8344, #7130, #10172, #9912, #5822, #7603 ) ) ;
#3417 = DIRECTION ( 'NONE',  ( -0.9902680687415706950, -1.431534388630178744E-16, -0.1391731009600623292 ) ) ;
#3418 = ADVANCED_FACE ( 'NONE', ( #9303 ), #5089, .F. ) ;
#3419 = VECTOR ( 'NONE', #3629, 1000.000000000000000 ) ;
#3420 = PRESENTATION_LAYER_ASSIGNMENT (  '', '', ( #178 ) ) ;
#3421 = DIRECTION ( 'NONE',  ( -0.1294728385024403183, 0.3667976789509205804, 0.9212471149514327440 ) ) ;
#3422 =( GEOMETRIC_REPRESENTATION_CONTEXT ( 3 ) GLOBAL_UNCERTAINTY_ASSIGNED_CONTEXT ( ( #5531 ) ) GLOBAL_UNIT_ASSIGNED_CONTEXT ( ( #1108, #304, #2773 ) ) REPRESENTATION_CONTEXT ( 'NONE', 'WORKASPACE' ) );
#3423 = EDGE_CURVE ( 'NONE', #2756, #1902, #2815, .T. ) ;
#3424 = CARTESIAN_POINT ( 'NONE',  ( 1.174105613053274322, 0.2971065844024654012, 0.9500166229796290773 ) ) ;
#3425 = CARTESIAN_POINT ( 'NONE',  ( 1.250000000000000222, 2.050000000000000266, 0.4099999999999704436 ) ) ;
#3426 = EDGE_CURVE ( 'NONE', #7159, #8973, #9259, .T. ) ;
#3427 = CARTESIAN_POINT ( 'NONE',  ( 1.174800203453909120, 0.2129485786556118698, 0.9450743554734915008 ) ) ;
#3428 = DIRECTION ( 'NONE',  ( 1.000000000000000000, -0.000000000000000000, -0.000000000000000000 ) ) ;
#3429 = CARTESIAN_POINT ( 'NONE',  ( 1.141503752872204958, 0.2310403663997008805, 1.189176208339745244 ) ) ;
#3430 = ORIENTED_EDGE ( 'NONE', *, *, #8959, .T. ) ;
#3431 = EDGE_CURVE ( 'NONE', #4290, #4829, #1970, .T. ) ;
#3432 = ORIENTED_EDGE ( 'NONE', *, *, #6354, .T. ) ;
#3433 = DIRECTION ( 'NONE',  ( -0.1391731009600610247, -7.758517942990226245E-15, 0.9902680687415709171 ) ) ;
#3434 = CARTESIAN_POINT ( 'NONE',  ( 1.174285267697534829, -0.4991662405690928672, 0.9487383137633699226 ) ) ;
#3435 = EDGE_CURVE ( 'NONE', #7226, #6874, #6681, .T. ) ;
#3436 = FACE_OUTER_BOUND ( 'NONE', #4961, .T. ) ;
#3437 = STYLED_ITEM ( 'NONE', ( #1159 ), #3075 ) ;
#3438 = B_SPLINE_CURVE_WITH_KNOTS ( 'NONE', 3,
 ( #2975, #1053, #351, #6731 ),
 .UNSPECIFIED., .F., .F.,
 ( 4, 4 ),
 ( 4.000000000000000000, 5.000000000000000000 ),
 .UNSPECIFIED. ) ;
#3439 = ORIENTED_EDGE ( 'NONE', *, *, #2229, .F. ) ;
#3440 = FACE_BOUND ( 'NONE', #4018, .T. ) ;
#3441 = APPLICATION_CONTEXT ( 'automotive_design' ) ;
#3442 = ORIENTED_EDGE ( 'NONE', *, *, #8420, .F. ) ;
#3443 = LINE ( 'NONE', #1780, #9769 ) ;
#3444 =( NAMED_UNIT ( * ) PLANE_ANGLE_UNIT ( ) SI_UNIT ( $, .RADIAN. ) );
#3445 = MECHANICAL_DESIGN_GEOMETRIC_PRESENTATION_REPRESENTATION (  '', ( #1043 ), #2922 ) ;
#3446 = DIRECTION ( 'NONE',  ( 0.01930911101852617398, -0.9903286039881266101, -0.1373914639073420541 ) ) ;
#3447 = EDGE_CURVE ( 'NONE', #7452, #8903, #5141, .T. ) ;
#3448 = DIRECTION ( 'NONE',  ( 1.000000000000000000, -0.000000000000000000, -0.000000000000000000 ) ) ;
#3449 = LINE ( 'NONE', #7448, #3390 ) ;
#3450 = CARTESIAN_POINT ( 'NONE',  ( 1.143509382654012585, 0.2788276402336485882, 1.174905410915960902 ) ) ;
#3451 =( NAMED_UNIT ( * ) PLANE_ANGLE_UNIT ( ) SI_UNIT ( $, .RADIAN. ) );
#3452 = VERTEX_POINT ( 'NONE', #7581 ) ;
#3453 = CARTESIAN_POINT ( 'NONE',  ( 1.177674547984373099, 0.2282330200255208441, 0.9318076279640575832 ) ) ;
#3454 =( LENGTH_UNIT ( ) NAMED_UNIT ( * ) SI_UNIT ( .MILLI., .METRE. ) );
#3455 = ORIENTED_EDGE ( 'NONE', *, *, #5859, .F. ) ;
#3456 = VECTOR ( 'NONE', #4386, 1000.000000000000000 ) ;
#3457 = CARTESIAN_POINT ( 'NONE',  ( 1.175277734354367221, 0.1667209416960227231, 0.9416765465628712528 ) ) ;
#3458 = ADVANCED_FACE ( 'NONE', ( #8329 ), #249, .F. ) ;
#3459 = CARTESIAN_POINT ( 'NONE',  ( 1.158825100987614265, 0.2048696596458852992, 1.065928412408482684 ) ) ;
#3460 = CARTESIAN_POINT ( 'NONE',  ( 1.585000000000000409, 0.8649999999999999911, 0.000000000000000000 ) ) ;
#3461 = LINE ( 'NONE', #3414, #6907 ) ;
#3462 = ORIENTED_EDGE ( 'NONE', *, *, #10025, .F. ) ;
#3463 = CARTESIAN_POINT ( 'NONE',  ( 1.008476408045746231, -1.908476408045746364, 1.510000000000000009 ) ) ;
#3464 = DIRECTION ( 'NONE',  ( 0.000000000000000000, 0.3529050420797304466, 0.9356591426768102737 ) ) ;
#3465 = CARTESIAN_POINT ( 'NONE',  ( 1.181190435139584105, 0.3078056933612357549, 0.8996054944182203528 ) ) ;
#3466 = FACE_OUTER_BOUND ( 'NONE', #7688, .T. ) ;
#3467 = CARTESIAN_POINT ( 'NONE',  ( 1.156871565485909414, 0.2071467294825181937, 1.079828539768916018 ) ) ;
#3468 = DIRECTION ( 'NONE',  ( 0.000000000000000000, 0.9901403931987311502, 0.1400785556616778449 ) ) ;
#3469 = CARTESIAN_POINT ( 'NONE',  ( 1.176571408975428445, 0.2681285312744675076, 0.9324715733335537937 ) ) ;
#3470 = CARTESIAN_POINT ( 'NONE',  ( -0.9149999999999991473, 1.699999999999999734, 0.01000000000000002623 ) ) ;
#3471 = DIRECTION ( 'NONE',  ( -0.9902680687415706950, -1.431534388630178744E-16, -0.1391731009600623292 ) ) ;
#3472 = CARTESIAN_POINT ( 'NONE',  ( 1.140279060543291312, 0.2097357266941085041, 1.190705050521806418 ) ) ;
#3473 = ORIENTED_EDGE ( 'NONE', *, *, #6038, .T. ) ;
#3474 = B_SPLINE_CURVE_WITH_KNOTS ( 'NONE', 3,
 ( #3125, #10492, #3881, #9702 ),
 .UNSPECIFIED., .F., .F.,
 ( 4, 4 ),
 ( 1.000000000000000000, 2.000000000000000000 ),
 .UNSPECIFIED. ) ;
#3475 = EDGE_LOOP ( 'NONE', ( #1679, #5325, #5361, #4932 ) ) ;
#3476 = LINE ( 'NONE', #8340, #8617 ) ;
#3477 = CARTESIAN_POINT ( 'NONE',  ( 1.184030050149940561, 0.2860955480687417674, 0.8865858802846289244 ) ) ;
#3478 = EDGE_CURVE ( 'NONE', #7048, #3945, #6883, .T. ) ;
#3479 = CARTESIAN_POINT ( 'NONE',  ( 1.177022892735893000, 0.2504734418555639719, 0.9292590994541956029 ) ) ;
#3480 = ADVANCED_FACE ( 'NONE', ( #1758 ), #2081, .F. ) ;
#3481 = CARTESIAN_POINT ( 'NONE',  ( 1.177207464404181003, -0.4688005099871742631, 0.9351311003283793166 ) ) ;
#3482 = EDGE_CURVE ( 'NONE', #7367, #4055, #8743, .T. ) ;
#3483 = B_SPLINE_SURFACE_WITH_KNOTS ( 'NONE', 3, 1, ( 
 ( #6777, #941 ),
 ( #2595, #6729 ),
 ( #1098, #10128 ),
 ( #8380, #7718 ) ),
 .UNSPECIFIED., .F., .F., .F.,
 ( 4, 4 ),
 ( 2, 2 ),
 ( 23.00000000000000000, 24.00000000000000000 ),
 ( 0.000000000000000000, 1.000000000000000000 ),
 .UNSPECIFIED. ) ;
#3484 = CARTESIAN_POINT ( 'NONE',  ( 1.190202745587604749, 0.3287672129544174648, 0.8354795735276460134 ) ) ;
#3485 = SURFACE_STYLE_FILL_AREA ( #2673 ) ;
#3486 = ORIENTED_EDGE ( 'NONE', *, *, #2086, .T. ) ;
#3487 =( NAMED_UNIT ( * ) SI_UNIT ( $, .STERADIAN. ) SOLID_ANGLE_UNIT ( ) );
#3488 = EDGE_CURVE ( 'NONE', #2181, #6483, #7042, .T. ) ;
#3489 = ORIENTED_EDGE ( 'NONE', *, *, #6510, .T. ) ;
#3490 = ADVANCED_FACE ( 'NONE', ( #3436 ), #1855, .F. ) ;
#3491 = VECTOR ( 'NONE', #3593, 1000.000000000000000 ) ;
#3492 = VERTEX_POINT ( 'NONE', #5947 ) ;
#3493 = CARTESIAN_POINT ( 'NONE',  ( 1.141708289787361164, -0.3768357391772623188, 1.187720852566533702 ) ) ;
#3494 = ADVANCED_FACE ( 'NONE', ( #2671 ), #5794, .T. ) ;
#3495 =( LENGTH_UNIT ( ) NAMED_UNIT ( * ) SI_UNIT ( .MILLI., .METRE. ) );
#3496 = DIRECTION ( 'NONE',  ( -0.1391731009600565838, 0.000000000000000000, 0.9902680687415715832 ) ) ;
#3497 =( NAMED_UNIT ( * ) SI_UNIT ( $, .STERADIAN. ) SOLID_ANGLE_UNIT ( ) );
#3498 = DIRECTION ( 'NONE',  ( -0.9902680687415706950, -1.431534388630178744E-16, -0.1391731009600623292 ) ) ;
#3499 = PRESENTATION_LAYER_ASSIGNMENT (  '', '', ( #2116 ) ) ;
#3500 = LINE ( 'NONE', #2751, #5614 ) ;
#3501 = CARTESIAN_POINT ( 'NONE',  ( 1.158825100987614265, 0.2048696596458852992, 1.065928412408482684 ) ) ;
#3502 = CARTESIAN_POINT ( 'NONE',  ( 1.179844666238419659, 0.6398211911992345291, 0.9091811377108912628 ) ) ;
#3503 = DIRECTION ( 'NONE',  ( -0.9902680687415706950, 0.000000000000000000, -0.1391731009600623292 ) ) ;
#3504 = VECTOR ( 'NONE', #8125, 1000.000000000000000 ) ;
#3505 = ORIENTED_EDGE ( 'NONE', *, *, #9196, .F. ) ;
#3506 = FACE_OUTER_BOUND ( 'NONE', #1345, .T. ) ;
#3507 = ORIENTED_EDGE ( 'NONE', *, *, #9077, .F. ) ;
#3508 =( LENGTH_UNIT ( ) NAMED_UNIT ( * ) SI_UNIT ( .MILLI., .METRE. ) );
#3509 = CARTESIAN_POINT ( 'NONE',  ( 1.170241953949853864, 0.6661166689028710231, 0.9775079859817217276 ) ) ;
#3510 = ADVANCED_FACE ( 'NONE', ( #7998 ), #6556, .F. ) ;
#3511 = ORIENTED_EDGE ( 'NONE', *, *, #3554, .F. ) ;
#3512 = UNCERTAINTY_MEASURE_WITH_UNIT (LENGTH_MEASURE( 1.000000000000000082E-05 ), #10498, 'distance_accuracy_value', 'NONE');
#3513 = LINE ( 'NONE', #10023, #8889 ) ;
#3514 = B_SPLINE_CURVE_WITH_KNOTS ( 'NONE', 3,
 ( #10398, #6231, #9505, #3091 ),
 .UNSPECIFIED., .F., .F.,
 ( 4, 4 ),
 ( 5.000000000000000000, 6.000000000000000000 ),
 .UNSPECIFIED. ) ;
#3515 = DIRECTION ( 'NONE',  ( -0.9902680687415706950, -1.431534388630178744E-16, -0.1391731009600623292 ) ) ;
#3516 = CARTESIAN_POINT ( 'NONE',  ( 1.171857353379131883, 0.6673331856652375826, 0.9731991183274090185 ) ) ;
#3517 = EDGE_LOOP ( 'NONE', ( #1029, #668, #124, #10171 ) ) ;
#3518 = PLANE ( 'NONE',  #7730 ) ;
#3519 = VECTOR ( 'NONE', #8948, 1000.000000000000000 ) ;
#3520 = ADVANCED_FACE ( 'NONE', ( #3849 ), #2395, .F. ) ;
#3521 = LINE ( 'NONE', #7522, #9926 ) ;
#3522 = ORIENTED_EDGE ( 'NONE', *, *, #5453, .F. ) ;
#3523 = CARTESIAN_POINT ( 'NONE',  ( 1.155612143636888911, 0.2788276402336488102, 1.081604495326819571 ) ) ;
#3524 = CARTESIAN_POINT ( 'NONE',  ( 1.176849245135705102, 0.2703744083740638460, 0.9304946663309373589 ) ) ;
#3525 =( LENGTH_UNIT ( ) NAMED_UNIT ( * ) SI_UNIT ( .MILLI., .METRE. ) );
#3526 = CARTESIAN_POINT ( 'NONE',  ( 1.885000000000000453, 0.8649999999999999911, 0.4000000000000000222 ) ) ;
#3527 = CARTESIAN_POINT ( 'NONE',  ( 1.168247992143178537, -0.3872468368763390401, 0.9916957614485308881 ) ) ;
#3528 = ORIENTED_EDGE ( 'NONE', *, *, #2964, .F. ) ;
#3529 = FILL_AREA_STYLE_COLOUR ( '', #9052 ) ;
#3530 = LINE ( 'NONE', #10039, #3456 ) ;
#3531 = ORIENTED_EDGE ( 'NONE', *, *, #1654, .F. ) ;
#3532 = B_SPLINE_CURVE_WITH_KNOTS ( 'NONE', 3,
 ( #5084, #4276, #4978, #3465 ),
 .UNSPECIFIED., .F., .F.,
 ( 4, 4 ),
 ( 17.00000000000000000, 18.00000000000000000 ),
 .UNSPECIFIED. ) ;
#3533 = CARTESIAN_POINT ( 'NONE',  ( 1.165108608394333167, -0.5208560481278448062, 1.014033637522010034 ) ) ;
#3534 = CARTESIAN_POINT ( 'NONE',  ( -1.149999999999999689, 2.149999999999999467, 0.1100000000000000699 ) ) ;
#3535 = EDGE_LOOP ( 'NONE', ( #6237, #1511, #8413, #9571 ) ) ;
#3536 = CARTESIAN_POINT ( 'NONE',  ( 1.170450807817867256, 0.5203218138775312918, 0.9832072100271849191 ) ) ;
#3537 = AXIS2_PLACEMENT_3D ( 'NONE', #6246, #9520, #5469 ) ;
#3538 = ORIENTED_EDGE ( 'NONE', *, *, #3752, .F. ) ;
#3539 = EDGE_CURVE ( 'NONE', #7540, #5628, #10509, .T. ) ;
#3540 = ORIENTED_EDGE ( 'NONE', *, *, #9955, .T. ) ;
#3541 = ORIENTED_EDGE ( 'NONE', *, *, #7133, .T. ) ;
#3542 =( BOUNDED_CURVE ( )  B_SPLINE_CURVE ( 3, ( #47, #7311, #5083, #4168 ),
 .UNSPECIFIED., .F., .F. ) 
 B_SPLINE_CURVE_WITH_KNOTS ( ( 4, 4 ),
 ( 6.273500125511120906, 6.283185307179586232 ),
 .UNSPECIFIED. ) 
 CURVE ( )  GEOMETRIC_REPRESENTATION_ITEM ( )  RATIONAL_B_SPLINE_CURVE ( ( 1.000000000000000000, 0.9999921831199466427, 0.9999921831199466427, 1.000000000000000000 ) ) 
 REPRESENTATION_ITEM ( '' )  );
#3543 = DIRECTION ( 'NONE',  ( -0.9902680687415706950, 0.000000000000000000, -0.1391731009600623292 ) ) ;
#3544 = EDGE_LOOP ( 'NONE', ( #705, #2727, #2306, #493 ) ) ;
#3545 = ORIENTED_EDGE ( 'NONE', *, *, #5657, .T. ) ;
#3546 = CARTESIAN_POINT ( 'NONE',  ( 1.185480007611194209, 0.6280927219032401698, 0.8762688968660798938 ) ) ;
#3547 = FACE_OUTER_BOUND ( 'NONE', #3178, .T. ) ;
#3548 = PLANE ( 'NONE',  #4304 ) ;
#3549 = ORIENTED_EDGE ( 'NONE', *, *, #5754, .F. ) ;
#3550 = CARTESIAN_POINT ( 'NONE',  ( 1.143509382654012363, 0.3859435007719920208, 1.174905410915961346 ) ) ;
#3551 = CARTESIAN_POINT ( 'NONE',  ( 1.885000000000000453, -0.5649999999999993916, 0.4000000000000000222 ) ) ;
#3552 = EDGE_CURVE ( 'NONE', #4487, #4138, #1440, .T. ) ;
#3553 = CARTESIAN_POINT ( 'NONE',  ( 1.180175073426517729, 0.3026900844129644108, 0.9140154649429680367 ) ) ;
#3554 = EDGE_CURVE ( 'NONE', #7791, #4515, #9559, .T. ) ;
#3555 = CARTESIAN_POINT ( 'NONE',  ( 1.158346866222010885, -0.1477913912160139231, 1.062145933045520518 ) ) ;
#3556 = CARTESIAN_POINT ( 'NONE',  ( 1.187311989792814382, 0.3598663722313675262, 0.8632336663190319781 ) ) ;
#3557 = ORIENTED_EDGE ( 'NONE', *, *, #5718, .F. ) ;
#3558 = ORIENTED_EDGE ( 'NONE', *, *, #150, .T. ) ;
#3559 = CARTESIAN_POINT ( 'NONE',  ( 1.174895709634000696, 0.4316408611952771701, 0.9443947936913690278 ) ) ;
#3560 = EDGE_CURVE ( 'NONE', #1062, #4435, #784, .T. ) ;
#3561 = AXIS2_PLACEMENT_3D ( 'NONE', #4720, #5581, #7014 ) ;
#3562 = PRESENTATION_STYLE_ASSIGNMENT (( #8428 ) ) ;
#3563 = ORIENTED_EDGE ( 'NONE', *, *, #9068, .F. ) ;
#3564 = B_SPLINE_SURFACE_WITH_KNOTS ( 'NONE', 3, 1, ( 
 ( #2583, #9761 ),
 ( #4911, #5856 ),
 ( #1633, #5225 ),
 ( #2693, #1137 ) ),
 .UNSPECIFIED., .F., .F., .F.,
 ( 4, 4 ),
 ( 2, 2 ),
 ( 7.000000000000000000, 8.000000000000000000 ),
 ( 0.000000000000000000, 1.000000000000000000 ),
 .UNSPECIFIED. ) ;
#3565 = CARTESIAN_POINT ( 'NONE',  ( 1.148102361678058569, 0.1638200171098933289, 1.142224667032715191 ) ) ;
#3566 =( GEOMETRIC_REPRESENTATION_CONTEXT ( 3 ) GLOBAL_UNCERTAINTY_ASSIGNED_CONTEXT ( ( #68 ) ) GLOBAL_UNIT_ASSIGNED_CONTEXT ( ( #4933, #6461, #4013 ) ) REPRESENTATION_CONTEXT ( 'NONE', 'WORKASPACE' ) );
#3567 = PLANE ( 'NONE',  #4934 ) ;
#3568 = PLANE ( 'NONE',  #9580 ) ;
#3569 = PLANE ( 'NONE',  #2985 ) ;
#3570 = ADVANCED_FACE ( 'NONE', ( #6280 ), #4756, .F. ) ;
#3571 = ORIENTED_EDGE ( 'NONE', *, *, #6351, .T. ) ;
#3572 = CARTESIAN_POINT ( 'NONE',  ( 1.173072886580212915, 0.2904001458419628867, 0.9645501501918819498 ) ) ;
#3573 = LINE ( 'NONE', #6169, #692 ) ;
#3574 =( GEOMETRIC_REPRESENTATION_CONTEXT ( 3 ) GLOBAL_UNCERTAINTY_ASSIGNED_CONTEXT ( ( #9479 ) ) GLOBAL_UNIT_ASSIGNED_CONTEXT ( ( #3161, #739, #1384 ) ) REPRESENTATION_CONTEXT ( 'NONE', 'WORKASPACE' ) );
#3575 = VECTOR ( 'NONE', #6655, 1000.000000000000227 ) ;
#3576 = DIRECTION ( 'NONE',  ( 1.251002506714043540E-16, -1.000000000000000000, -0.000000000000000000 ) ) ;
#3577 = FILL_AREA_STYLE_COLOUR ( '', #319 ) ;
#3578 = CARTESIAN_POINT ( 'NONE',  ( -1.249999999999999778, 2.049999999999999822, 0.4099999999999702771 ) ) ;
#3579 = ADVANCED_FACE ( 'NONE', ( #3210 ), #231, .T. ) ;
#3580 = MECHANICAL_DESIGN_GEOMETRIC_PRESENTATION_REPRESENTATION (  '', ( #4599 ), #1540 ) ;
#3581 = LINE ( 'NONE', #2774, #8293 ) ;
#3582 = ORIENTED_EDGE ( 'NONE', *, *, #2711, .T. ) ;
#3583 = CARTESIAN_POINT ( 'NONE',  ( -0.9149999999999991473, 1.699999999999999734, 0.4000000000000000222 ) ) ;
#3584 = DIRECTION ( 'NONE',  ( 0.000000000000000000, 7.697542442872411763E-15, -1.000000000000000000 ) ) ;
#3585 = VECTOR ( 'NONE', #5514, 1000.000000000000114 ) ;
#3586 = FACE_OUTER_BOUND ( 'NONE', #4461, .T. ) ;
#3587 = VECTOR ( 'NONE', #7318, 1000.000000000000000 ) ;
#3588 = B_SPLINE_CURVE_WITH_KNOTS ( 'NONE', 3,
 ( #7906, #4668, #9637, #1445 ),
 .UNSPECIFIED., .F., .F.,
 ( 4, 4 ),
 ( 2.000000000000000000, 3.000000000000000000 ),
 .UNSPECIFIED. ) ;
#3589 = CARTESIAN_POINT ( 'NONE',  ( 1.147021092390224650, -0.4150097971705957178, 1.149918297785116117 ) ) ;
#3590 = SURFACE_STYLE_FILL_AREA ( #2831 ) ;
#3591 = VECTOR ( 'NONE', #3041, 1000.000000000000114 ) ;
#3592 = CARTESIAN_POINT ( 'NONE',  ( 1.149830155299589096, 0.4511051293881749302, 1.129930776611549392 ) ) ;
#3593 = DIRECTION ( 'NONE',  ( 1.000000000000000000, 0.000000000000000000, 0.000000000000000000 ) ) ;
#3594 = DIRECTION ( 'NONE',  ( -0.000000000000000000, -0.000000000000000000, 1.000000000000000000 ) ) ;
#3595 = ORIENTED_EDGE ( 'NONE', *, *, #3370, .F. ) ;
#3596 = ORIENTED_EDGE ( 'NONE', *, *, #2882, .T. ) ;
#3597 = SURFACE_STYLE_USAGE ( .BOTH. , #5214 ) ;
#3598 = CARTESIAN_POINT ( 'NONE',  ( 1.173958012593195654, 0.2725267072604640739, 0.9510668548242797726 ) ) ;
#3599 = DIRECTION ( 'NONE',  ( 1.000000000000000000, 0.000000000000000000, 0.000000000000000000 ) ) ;
#3600 = CARTESIAN_POINT ( 'NONE',  ( 1.183031099701201461, 0.1898035674385723237, 0.8865084855274206754 ) ) ;
#3601 = CARTESIAN_POINT ( 'NONE',  ( 1.182614345460843985, 0.2125430730682955627, 0.8894738460309359329 ) ) ;
#3602 = AXIS2_PLACEMENT_3D ( 'NONE', #7917, #7969, #8635 ) ;
#3603 = DIRECTION ( 'NONE',  ( -0.000000000000000000, 1.000000000000000000, 4.969000769761937499E-15 ) ) ;
#3604 = ORIENTED_EDGE ( 'NONE', *, *, #1732, .F. ) ;
#3605 = DIRECTION ( 'NONE',  ( 2.710505431213771932E-16, -1.000000000000000000, 0.000000000000000000 ) ) ;
#3606 = ORIENTED_EDGE ( 'NONE', *, *, #8264, .T. ) ;
#3607 = COLOUR_RGB ( '',0.2509803921568627416, 0.2509803921568627416, 0.2509803921568627416 ) ;
#3608 = EDGE_CURVE ( 'NONE', #7951, #4845, #1596, .T. ) ;
#3609 = CARTESIAN_POINT ( 'NONE',  ( 1.175854965329553359, -0.3881144490365190935, 0.9375693347592093385 ) ) ;
#3610 = EDGE_CURVE ( 'NONE', #9910, #5814, #2450, .T. ) ;
#3611 = VERTEX_POINT ( 'NONE', #1423 ) ;
#3612 = UNCERTAINTY_MEASURE_WITH_UNIT (LENGTH_MEASURE( 1.000000000000000082E-05 ), #10362, 'distance_accuracy_value', 'NONE');
#3613 = FILL_AREA_STYLE_COLOUR ( '', #824 ) ;
#3614 = ORIENTED_EDGE ( 'NONE', *, *, #9947, .T. ) ;
#3615 = EDGE_CURVE ( 'NONE', #9463, #5605, #4697, .T. ) ;
#3616 = B_SPLINE_CURVE_WITH_KNOTS ( 'NONE', 3,
 ( #4570, #6158, #9589, #1457 ),
 .UNSPECIFIED., .F., .F.,
 ( 4, 4 ),
 ( 3.000000000000000000, 4.000000000000000000 ),
 .UNSPECIFIED. ) ;
#3617 = CARTESIAN_POINT ( 'NONE',  ( 1.192517840332156132, -0.3872468534243500571, 0.8190068184778128701 ) ) ;
#3618 = CARTESIAN_POINT ( 'NONE',  ( 1.163901153283507961, -0.2059200489961644509, 1.022625127058713890 ) ) ;
#3619 = LINE ( 'NONE', #1048, #2758 ) ;
#3620 = ORIENTED_EDGE ( 'NONE', *, *, #9051, .F. ) ;
#3621 = CARTESIAN_POINT ( 'NONE',  ( 1.171622929118959489, 0.6667405236536104729, 0.9748671336104303142 ) ) ;
#3622 = CARTESIAN_POINT ( 'NONE',  ( 1.178403391157048841, 0.2129485786556120641, 0.9194363427865065441 ) ) ;
#3623 = ADVANCED_FACE ( 'NONE', ( #9101 ), #3483, .F. ) ;
#3624 = DIRECTION ( 'NONE',  ( -0.1391731009600623570, -6.397750252184017654E-15, 0.9902680687415708061 ) ) ;
#3625 = SURFACE_STYLE_USAGE ( .BOTH. , #1154 ) ;
#3626 = DIRECTION ( 'NONE',  ( 5.042800802258161104E-17, -1.000000000000000000, 0.000000000000000000 ) ) ;
#3627 = B_SPLINE_CURVE_WITH_KNOTS ( 'NONE', 3,
 ( #7949, #7893, #2126, #2991 ),
 .UNSPECIFIED., .F., .F.,
 ( 4, 4 ),
 ( 21.00000000000000000, 22.00000000000000000 ),
 .UNSPECIFIED. ) ;
#3628 = CARTESIAN_POINT ( 'NONE',  ( 1.183465695449504862, 0.3579012297692725220, 0.8906014726327954323 ) ) ;
#3629 = DIRECTION ( 'NONE',  ( -0.000000000000000000, 1.000000000000000000, -0.000000000000000000 ) ) ;
#3630 = CARTESIAN_POINT ( 'NONE',  ( 1.190029097987416629, 0.3189103079077391656, 0.8367151404043876584 ) ) ;
#3631 = ORIENTED_EDGE ( 'NONE', *, *, #9617, .F. ) ;
#3632 = CARTESIAN_POINT ( 'NONE',  ( 1.184030050149940561, 0.2740863441352417440, 0.8865858802846288134 ) ) ;
#3633 = B_SPLINE_CURVE_WITH_KNOTS ( 'NONE', 3,
 ( #1276, #8623, #10211, #5313 ),
 .UNSPECIFIED., .F., .F.,
 ( 4, 4 ),
 ( 7.000000000000000000, 8.000000000000000000 ),
 .UNSPECIFIED. ) ;
#3634 = EDGE_CURVE ( 'NONE', #7432, #3129, #6069, .T. ) ;
#3635 = DIRECTION ( 'NONE',  ( -0.9902680687415706950, -1.431534388630178744E-16, -0.1391731009600623292 ) ) ;
#3636 = CARTESIAN_POINT ( 'NONE',  ( 1.150000000000000355, -2.050000000000000711, 0.1100000000000000006 ) ) ;
#3637 = CARTESIAN_POINT ( 'NONE',  ( 1.150322840650756850, 2.149999999999999467, 0.4099999999999690004 ) ) ;
#3638 = DIRECTION ( 'NONE',  ( 1.000000000000000000, 0.000000000000000000, 0.000000000000000000 ) ) ;
#3639 = LINE ( 'NONE', #10050, #3730 ) ;
#3640 = ORIENTED_EDGE ( 'NONE', *, *, #5745, .T. ) ;
#3641 = ORIENTED_EDGE ( 'NONE', *, *, #4870, .T. ) ;
#3642 = EDGE_CURVE ( 'NONE', #4770, #5346, #3619, .T. ) ;
#3643 = B_SPLINE_SURFACE_WITH_KNOTS ( 'NONE', 3, 1, ( 
 ( #10531, #753 ),
 ( #5752, #7390 ),
 ( #6599, #9853 ),
 ( #1614, #7278 ) ),
 .UNSPECIFIED., .F., .F., .F.,
 ( 4, 4 ),
 ( 2, 2 ),
 ( 4.000000000000000000, 5.000000000000000000 ),
 ( 0.000000000000000000, 1.000000000000000000 ),
 .UNSPECIFIED. ) ;
#3644 = ORIENTED_EDGE ( 'NONE', *, *, #5869, .T. ) ;
#3645 = CARTESIAN_POINT ( 'NONE',  ( 1.173810412133001746, 0.2814790229201503124, 0.9521170866697552526 ) ) ;
#3646 = DIRECTION ( 'NONE',  ( 0.000000000000000000, -3.403806635707148128E-15, 1.000000000000000000 ) ) ;
#3647 = VERTEX_POINT ( 'NONE', #5331 ) ;
#3648 = PRESENTATION_STYLE_ASSIGNMENT (( #378 ) ) ;
#3649 =( LENGTH_UNIT ( ) NAMED_UNIT ( * ) SI_UNIT ( .MILLI., .METRE. ) );
#3650 = CARTESIAN_POINT ( 'NONE',  ( 1.144039007834456889, 0.4122389784756240738, 1.171136931942812653 ) ) ;
#3651 = LINE ( 'NONE', #7743, #9314 ) ;
#3652 = CARTESIAN_POINT ( 'NONE',  ( 1.181772631347965508, 0.5743164424718889549, 0.9026482496789443033 ) ) ;
#3653 = CARTESIAN_POINT ( 'NONE',  ( 1.180834934307161355, 0.6398211911992345291, 0.9093203108118512734 ) ) ;
#3654 = DIRECTION ( 'NONE',  ( 0.1391731009600623570, 0.000000000000000000, -0.9902680687415708061 ) ) ;
#3655 = ORIENTED_EDGE ( 'NONE', *, *, #10553, .F. ) ;
#3656 = SURFACE_STYLE_FILL_AREA ( #2904 ) ;
#3657 = ORIENTED_EDGE ( 'NONE', *, *, #1381, .T. ) ;
#3658 = B_SPLINE_CURVE_WITH_KNOTS ( 'NONE', 3,
 ( #2020, #6125, #9397, #2067 ),
 .UNSPECIFIED., .F., .F.,
 ( 4, 4 ),
 ( 8.000000000000000000, 9.000000000000000000 ),
 .UNSPECIFIED. ) ;
#3659 = CARTESIAN_POINT ( 'NONE',  ( 1.181390129879764883, 0.2107650870313387548, 0.8981845925102169836 ) ) ;
#3660 = CARTESIAN_POINT ( 'NONE',  ( 1.168253688928157841, 0.5732558893976230641, 0.9916552267171732105 ) ) ;
#3661 = ORIENTED_EDGE ( 'NONE', *, *, #3941, .F. ) ;
#3662 = CARTESIAN_POINT ( 'NONE',  ( 1.155516637456797113, 0.1629466204599333279, 1.082284057108943376 ) ) ;
#3663 = AXIS2_PLACEMENT_3D ( 'NONE', #6778, #298, #6118 ) ;
#3664 = DIRECTION ( 'NONE',  ( -1.000000000000000000, 3.336006684570783101E-16, -0.000000000000000000 ) ) ;
#3665 = ORIENTED_EDGE ( 'NONE', *, *, #5001, .F. ) ;
#3666 =( GEOMETRIC_REPRESENTATION_CONTEXT ( 3 ) GLOBAL_UNCERTAINTY_ASSIGNED_CONTEXT ( ( #6065 ) ) GLOBAL_UNIT_ASSIGNED_CONTEXT ( ( #2247, #7115, #10418 ) ) REPRESENTATION_CONTEXT ( 'NONE', 'WORKASPACE' ) );
#3667 = SURFACE_SIDE_STYLE ('',( #1961 ) ) ;
#3668 = CARTESIAN_POINT ( 'NONE',  ( 1.143509382654012585, 0.3259286738427819019, 1.174905410915961124 ) ) ;
#3669 = ORIENTED_EDGE ( 'NONE', *, *, #9381, .F. ) ;
#3670 = ADVANCED_FACE ( 'NONE', ( #7676 ), #2708, .F. ) ;
#3671 = CARTESIAN_POINT ( 'NONE',  ( 1.140565579083565817, 0.3865673555227313041, 1.188666365175434558 ) ) ;
#3672 = VECTOR ( 'NONE', #6452, 1000.000000000000000 ) ;
#3673 = EDGE_CURVE ( 'NONE', #4913, #3647, #5285, .T. ) ;
#3674 = VECTOR ( 'NONE', #2298, 1000.000000000000000 ) ;
#3675 = DIRECTION ( 'NONE',  ( 1.008560160451632221E-16, -1.000000000000000000, 0.000000000000000000 ) ) ;
#3676 = AXIS2_PLACEMENT_3D ( 'NONE', #4395, #7648, #1729 ) ;
#3677 = CARTESIAN_POINT ( 'NONE',  ( 1.158538582447339538, 0.5676723893867078319, 1.067967097754856765 ) ) ;
#3678 =( NAMED_UNIT ( * ) SI_UNIT ( $, .STERADIAN. ) SOLID_ANGLE_UNIT ( ) );
#3679 = FACE_OUTER_BOUND ( 'NONE', #2723, .T. ) ;
#3680 = PRESENTATION_STYLE_ASSIGNMENT (( #459 ) ) ;
#3681 = FACE_OUTER_BOUND ( 'NONE', #6601, .T. ) ;
#3682 = VECTOR ( 'NONE', #6379, 1000.000000000000227 ) ;
#3683 = EDGE_CURVE ( 'NONE', #4910, #6959, #4470, .T. ) ;
#3684 = CIRCLE ( 'NONE', #5920, 0.1000000000000000472 ) ;
#3685 = EDGE_CURVE ( 'NONE', #5939, #6788, #6920, .T. ) ;
#3686 = VERTEX_POINT ( 'NONE', #5973 ) ;
#3687 =( NAMED_UNIT ( * ) PLANE_ANGLE_UNIT ( ) SI_UNIT ( $, .RADIAN. ) );
#3688 = ADVANCED_FACE ( 'NONE', ( #6114 ), #4518, .T. ) ;
#3689 = VECTOR ( 'NONE', #7101, 1000.000000000000000 ) ;
#3690 = PRESENTATION_STYLE_ASSIGNMENT (( #7152 ) ) ;
#3691 = ADVANCED_FACE ( 'NONE', ( #8595 ), #3568, .F. ) ;
#3692 =( NAMED_UNIT ( * ) SI_UNIT ( $, .STERADIAN. ) SOLID_ANGLE_UNIT ( ) );
#3693 = ORIENTED_EDGE ( 'NONE', *, *, #3642, .T. ) ;
#3694 = FILL_AREA_STYLE ('',( #5258 ) ) ;
#3695 = EDGE_LOOP ( 'NONE', ( #4313, #911, #9703, #8705 ) ) ;
#3696 = ORIENTED_EDGE ( 'NONE', *, *, #6776, .F. ) ;
#3697 = CARTESIAN_POINT ( 'NONE',  ( 1.167507004247420932, 0.4787418948039905420, 0.9969681642866571325 ) ) ;
#3698 = DIRECTION ( 'NONE',  ( -0.9902680687415706950, -1.431534388630178744E-16, -0.1391731009600623292 ) ) ;
#3699 = SURFACE_SIDE_STYLE ('',( #2685 ) ) ;
#3700 = DIRECTION ( 'NONE',  ( -0.04862645233914861254, 0.9369753459544852836, 0.3459951866809437560 ) ) ;
#3701 = CARTESIAN_POINT ( 'NONE',  ( 1.185480007611194209, 0.7204856103475046902, 0.8762688968660802269 ) ) ;
#3702 = VECTOR ( 'NONE', #5798, 1000.000000000000000 ) ;
#3703 = LINE ( 'NONE', #9234, #7483 ) ;
#3704 = ADVANCED_FACE ( 'NONE', ( #10081 ), #445, .F. ) ;
#3705 = CARTESIAN_POINT ( 'NONE',  ( 1.158346866222010885, -0.1434534297040134243, 1.062145933045520518 ) ) ;
#3706 = PLANE ( 'NONE',  #3179 ) ;
#3707 = EDGE_LOOP ( 'NONE', ( #1183, #5832, #6866, #8078 ) ) ;
#3708 = SURFACE_STYLE_USAGE ( .BOTH. , #4506 ) ;
#3709 = FACE_OUTER_BOUND ( 'NONE', #4419, .T. ) ;
#3710 = ORIENTED_EDGE ( 'NONE', *, *, #1311, .F. ) ;
#3711 = CARTESIAN_POINT ( 'NONE',  ( 1.158538582447339538, 0.5676723893867078319, 1.067967097754856765 ) ) ;
#3712 = CARTESIAN_POINT ( 'NONE',  ( 1.184489739542452291, 0.5381328669845406587, 0.8761297237651194392 ) ) ;
#3713 = B_SPLINE_SURFACE_WITH_KNOTS ( 'NONE', 3, 1, ( 
 ( #9039, #1696 ),
 ( #8212, #1583 ),
 ( #2905, #434 ),
 ( #7020, #3819 ) ),
 .UNSPECIFIED., .F., .F., .F.,
 ( 4, 4 ),
 ( 2, 2 ),
 ( 27.00000000000000000, 28.00000000000000000 ),
 ( 0.000000000000000000, 1.000000000000000000 ),
 .UNSPECIFIED. ) ;
#3714 = EDGE_LOOP ( 'NONE', ( #8607, #6534, #853, #6429, #6018, #128 ) ) ;
#3715 = CARTESIAN_POINT ( 'NONE',  ( 1.179566830078142559, 0.2129485786556120086, 0.9111580447135109173 ) ) ;
#3716 = UNCERTAINTY_MEASURE_WITH_UNIT (LENGTH_MEASURE( 1.000000000000000082E-05 ), #1985, 'distance_accuracy_value', 'NONE');
#3717 = ORIENTED_EDGE ( 'NONE', *, *, #9357, .F. ) ;
#3718 = CARTESIAN_POINT ( 'NONE',  ( 1.148944552538887498, 0.3224662799812311187, 1.136232167681107130 ) ) ;
#3719 = CARTESIAN_POINT ( 'NONE',  ( 1.143248911253846867, 0.1962916568364787007, 1.176758761230245920 ) ) ;
#3720 = CARTESIAN_POINT ( 'NONE',  ( 1.176919180923638342, 0.2647909083631491134, 0.9371823438772940440 ) ) ;
#3721 = CARTESIAN_POINT ( 'NONE',  ( 1.170450807817867478, 0.1407997768422540874, 0.9832072100271835868 ) ) ;
#3722 = B_SPLINE_CURVE_WITH_KNOTS ( 'NONE', 3,
 ( #2531, #9086, #6715, #7291 ),
 .UNSPECIFIED., .F., .F.,
 ( 4, 4 ),
 ( 9.000000000000000000, 10.00000000000000000 ),
 .UNSPECIFIED. ) ;
#3723 = STYLED_ITEM ( 'NONE', ( #3366 ), #9621 ) ;
#3724 = ORIENTED_EDGE ( 'NONE', *, *, #6808, .T. ) ;
#3725 = EDGE_LOOP ( 'NONE', ( #9951, #7213, #4045, #9927 ) ) ;
#3726 = FILL_AREA_STYLE_COLOUR ( '', #1251 ) ;
#3727 = CARTESIAN_POINT ( 'NONE',  ( -1.249999999999999334, -1.700000000000000178, 0.4000000000000000222 ) ) ;
#3728 = FACE_OUTER_BOUND ( 'NONE', #8075, .T. ) ;
#3729 = VERTEX_POINT ( 'NONE', #1294 ) ;
#3730 = VECTOR ( 'NONE', #8410, 1000.000000000000227 ) ;
#3731 = CARTESIAN_POINT ( 'NONE',  ( 5.671211363770328610E-16, 1.699999999999999512, 0.01000000000000000021 ) ) ;
#3732 = CARTESIAN_POINT ( 'NONE',  ( -1.249999999999999778, 2.149999999999999467, 0.1100000000000000699 ) ) ;
#3733 = CARTESIAN_POINT ( 'NONE',  ( 1.173263422192561523, 0.6039183503498034566, 0.9560091223304133523 ) ) ;
#3734 = DIRECTION ( 'NONE',  ( -0.9902680687415706950, -1.431534388630178744E-16, -0.1391731009600623292 ) ) ;
#3735 = EDGE_CURVE ( 'NONE', #4300, #4910, #3828, .T. ) ;
#3736 = LINE ( 'NONE', #6992, #4592 ) ;
#3737 = VERTEX_POINT ( 'NONE', #4087 ) ;
#3738 = B_SPLINE_SURFACE_WITH_KNOTS ( 'NONE', 3, 1, ( 
 ( #10022, #2012 ),
 ( #3565, #6111 ),
 ( #1911, #9385 ),
 ( #5329, #2764 ) ),
 .UNSPECIFIED., .F., .F., .F.,
 ( 4, 4 ),
 ( 2, 2 ),
 ( 9.000000000000000000, 10.00000000000000000 ),
 ( 0.000000000000000000, 1.000000000000000000 ),
 .UNSPECIFIED. ) ;
#3739 = AXIS2_PLACEMENT_3D ( 'NONE', #4754, #7996, #9719 ) ;
#3740 = MECHANICAL_DESIGN_GEOMETRIC_PRESENTATION_REPRESENTATION (  '', ( #10373 ), #8697 ) ;
#3741 = STYLED_ITEM ( 'NONE', ( #6737 ), #6876 ) ;
#3742 = CARTESIAN_POINT ( 'NONE',  ( 1.142302531832928736, 0.4204426684359984789, 1.183492600707733988 ) ) ;
#3743 = ORIENTED_EDGE ( 'NONE', *, *, #399, .T. ) ;
#3744 = B_SPLINE_CURVE_WITH_KNOTS ( 'NONE', 3,
 ( #2601, #951, #1864, #5875 ),
 .UNSPECIFIED., .F., .F.,
 ( 4, 4 ),
 ( 3.000000000000000000, 4.000000000000000000 ),
 .UNSPECIFIED. ) ;
#3745 = EDGE_CURVE ( 'NONE', #7437, #7735, #2152, .T. ) ;
#3746 = ADVANCED_FACE ( 'NONE', ( #7814 ), #4140, .T. ) ;
#3747 = FILL_AREA_STYLE ('',( #1262 ) ) ;
#3748 = EDGE_LOOP ( 'NONE', ( #6367, #6251, #9010, #10417 ) ) ;
#3749 = AXIS2_PLACEMENT_3D ( 'NONE', #9466, #5172, #4357 ) ;
#3750 = VECTOR ( 'NONE', #3109, 1000.000000000000000 ) ;
#3751 = CARTESIAN_POINT ( 'NONE',  ( 1.172360454671748320, 0.3328534615654645812, 0.9624340700883050603 ) ) ;
#3752 = EDGE_CURVE ( 'NONE', #8299, #594, #548, .T. ) ;
#3753 = LINE ( 'NONE', #7002, #1966 ) ;
#3754 = CARTESIAN_POINT ( 'NONE',  ( 1.156602411705630384, 0.3675085929167397070, 1.081743668427780136 ) ) ;
#3755 = ORIENTED_EDGE ( 'NONE', *, *, #146, .F. ) ;
#3756 = VERTEX_POINT ( 'NONE', #5557 ) ;
#3757 = ORIENTED_EDGE ( 'NONE', *, *, #5546, .T. ) ;
#3758 = ADVANCED_FACE ( 'NONE', ( #8121 ), #4837, .T. ) ;
#3759 = DIRECTION ( 'NONE',  ( -0.9902680687415706950, -1.431534388630178744E-16, -0.1391731009600623292 ) ) ;
#3760 = ORIENTED_EDGE ( 'NONE', *, *, #8258, .F. ) ;
#3761 = VECTOR ( 'NONE', #10395, 1000.000000000000227 ) ;
#3762 =( LENGTH_UNIT ( ) NAMED_UNIT ( * ) SI_UNIT ( .MILLI., .METRE. ) );
#3763 = CARTESIAN_POINT ( 'NONE',  ( 1.191193013656346444, 0.3421488973371417108, 0.8356187466286061349 ) ) ;
#3764 =( NAMED_UNIT ( * ) SI_UNIT ( $, .STERADIAN. ) SOLID_ANGLE_UNIT ( ) );
#3765 = CARTESIAN_POINT ( 'NONE',  ( 1.181867660780222762, 0.2489449977186548313, 0.8947867835995968466 ) ) ;
#3766 = VECTOR ( 'NONE', #3141, 1000.000000000000000 ) ;
#3767 = CARTESIAN_POINT ( 'NONE',  ( 1.175842089054802475, 0.5873550067417854237, 0.9376609542147062992 ) ) ;
#3768 = ORIENTED_EDGE ( 'NONE', *, *, #4893, .T. ) ;
#3769 = ORIENTED_EDGE ( 'NONE', *, *, #10469, .T. ) ;
#3770 = CARTESIAN_POINT ( 'NONE',  ( 1.146030824321482955, -0.4150097971705957178, 1.149779124684155995 ) ) ;
#3771 = EDGE_CURVE ( 'NONE', #7412, #4507, #3292, .T. ) ;
#3772 = LINE ( 'NONE', #10273, #3952 ) ;
#3773 = FILL_AREA_STYLE_COLOUR ( '', #5989 ) ;
#3774 = ORIENTED_EDGE ( 'NONE', *, *, #2564, .T. ) ;
#3775 = CARTESIAN_POINT ( 'NONE',  ( 1.141555847152307956, 0.09369874323312404885, 1.188805538276393570 ) ) ;
#3776 = CARTESIAN_POINT ( 'NONE',  ( -2.214999999999998970, -1.300000000000000044, 0.4000000000000000222 ) ) ;
#3777 = CARTESIAN_POINT ( 'NONE',  ( 1.183465695449504862, 0.3574957241823717435, 0.8906014726327954323 ) ) ;
#3778 = PRESENTATION_STYLE_ASSIGNMENT (( #3011 ) ) ;
#3779 = VERTEX_POINT ( 'NONE', #9805 ) ;
#3780 = B_SPLINE_CURVE_WITH_KNOTS ( 'NONE', 3,
 ( #60, #9849, #1721, #8241 ),
 .UNSPECIFIED., .F., .F.,
 ( 4, 4 ),
 ( 4.000000000000000000, 5.000000000000000000 ),
 .UNSPECIFIED. ) ;
#3781 = CARTESIAN_POINT ( 'NONE',  ( 1.158538582447339760, 0.3517562604841873442, 1.067967097754855876 ) ) ;
#3782 = PRESENTATION_LAYER_ASSIGNMENT (  '', '', ( #1043 ) ) ;
#3783 = ORIENTED_EDGE ( 'NONE', *, *, #45, .T. ) ;
#3784 = LINE ( 'NONE', #10132, #1615 ) ;
#3785 = ADVANCED_FACE ( 'NONE', ( #5583 ), #7333, .T. ) ;
#3786 = DIRECTION ( 'NONE',  ( -1.000000000000000000, 3.047493566145097862E-16, 2.168404344971008079E-15 ) ) ;
#3787 = LINE ( 'NONE', #9873, #2650 ) ;
#3788 = VECTOR ( 'NONE', #8998, 1000.000000000000227 ) ;
#3789 = CARTESIAN_POINT ( 'NONE',  ( 1.171257792410753895, 0.5977733810638864442, 0.9702799197541971399 ) ) ;
#3790 = PRESENTATION_STYLE_ASSIGNMENT (( #7825 ) ) ;
#3791 = LINE ( 'NONE', #2164, #10155 ) ;
#3792 = LINE ( 'NONE', #5671, #7508 ) ;
#3793 = FACE_OUTER_BOUND ( 'NONE', #1111, .T. ) ;
#3794 = ORIENTED_EDGE ( 'NONE', *, *, #1717, .T. ) ;
#3795 = AXIS2_PLACEMENT_3D ( 'NONE', #6469, #8252, #4195 ) ;
#3796 = DIRECTION ( 'NONE',  ( -0.1294728385024403183, 0.3667976789509205804, 0.9212471149514327440 ) ) ;
#3797 = CARTESIAN_POINT ( 'NONE',  ( 1.176684279915631404, 0.2282330200255207608, 0.9316684548630974616 ) ) ;
#3798 = DIRECTION ( 'NONE',  ( -0.9902680687415706950, -1.431534388630178744E-16, -0.1391731009600623292 ) ) ;
#3799 = LINE ( 'NONE', #2171, #3917 ) ;
#3800 = ORIENTED_EDGE ( 'NONE', *, *, #7973, .F. ) ;
#3801 = CARTESIAN_POINT ( 'NONE',  ( 1.180149026286524627, 0.2721835871484730163, 0.9142007999742303159 ) ) ;
#3802 = CARTESIAN_POINT ( 'NONE',  ( 1.176840562755707698, 0.4752795009424437556, 0.9305564446746903418 ) ) ;
#3803 = EDGE_CURVE ( 'NONE', #2851, #3326, #2455, .T. ) ;
#3804 = ADVANCED_FACE ( 'NONE', ( #8951 ), #1689, .F. ) ;
#3805 = ORIENTED_EDGE ( 'NONE', *, *, #4083, .T. ) ;
#3806 = LINE ( 'NONE', #1323, #3836 ) ;
#3807 = DIRECTION ( 'NONE',  ( -1.000000000000000000, 0.000000000000000000, 0.000000000000000000 ) ) ;
#3808 = ORIENTED_EDGE ( 'NONE', *, *, #1980, .T. ) ;
#3809 = ADVANCED_FACE ( 'NONE', ( #6244 ), #6947, .T. ) ;
#3810 = LINE ( 'NONE', #7053, #3585 ) ;
#3811 = CARTESIAN_POINT ( 'NONE',  ( 1.179235834112617898, -0.3004876231897625760, 0.9135132033848353261 ) ) ;
#3812 = FACE_OUTER_BOUND ( 'NONE', #730, .T. ) ;
#3813 = CARTESIAN_POINT ( 'NONE',  ( 1.142814315505543243, 0.4327014142695420063, 1.172665774124874050 ) ) ;
#3814 = CARTESIAN_POINT ( 'NONE',  ( 1.145306635315640920, 0.4449601601030903630, 1.162117293743934354 ) ) ;
#3815 = ORIENTED_EDGE ( 'NONE', *, *, #5577, .T. ) ;
#3816 = EDGE_CURVE ( 'NONE', #7926, #2261, #9413, .T. ) ;
#3817 = DIRECTION ( 'NONE',  ( -0.04613983803921808957, -0.9434452330799487640, 0.3283020065799719944 ) ) ;
#3818 = EDGE_CURVE ( 'NONE', #7452, #10547, #2082, .T. ) ;
#3819 = CARTESIAN_POINT ( 'NONE',  ( 1.180805529441597335, -0.2093904314435909575, 0.9023442407676467436 ) ) ;
#3820 = ORIENTED_EDGE ( 'NONE', *, *, #1226, .T. ) ;
#3821 = EDGE_LOOP ( 'NONE', ( #7561, #1513, #8691, #5445 ) ) ;
#3822 = ADVANCED_FACE ( 'NONE', ( #797 ), #8073, .F. ) ;
#3823 = VERTEX_POINT ( 'NONE', #10406 ) ;
#3824 = UNCERTAINTY_MEASURE_WITH_UNIT (LENGTH_MEASURE( 1.000000000000000082E-05 ), #3454, 'distance_accuracy_value', 'NONE');
#3825 = CARTESIAN_POINT ( 'NONE',  ( 1.140565579083566261, 0.09369874323312404885, 1.188666365175433448 ) ) ;
#3826 =( BOUNDED_CURVE ( )  B_SPLINE_CURVE ( 3, ( #1163, #216, #3637, #6890 ),
 .UNSPECIFIED., .F., .T. ) 
 B_SPLINE_CURVE_WITH_KNOTS ( ( 4, 4 ),
 ( 6.273500125511114689, 6.283185307179586232 ),
 .UNSPECIFIED. ) 
 CURVE ( )  GEOMETRIC_REPRESENTATION_ITEM ( )  RATIONAL_B_SPLINE_CURVE ( ( 1.000000000000000000, 0.9999921831199466427, 0.9999921831199466427, 1.000000000000000000 ) ) 
 REPRESENTATION_ITEM ( '' )  );
#3827 = DIRECTION ( 'NONE',  ( -0.9902680687415706950, -1.431534388630178744E-16, -0.1391731009600623292 ) ) ;
#3828 = LINE ( 'NONE', #9537, #1052 ) ;
#3829 = VERTEX_POINT ( 'NONE', #5627 ) ;
#3830 = EDGE_CURVE ( 'NONE', #7321, #3975, #2403, .T. ) ;
#3831 = ORIENTED_EDGE ( 'NONE', *, *, #3156, .T. ) ;
#3832 = CARTESIAN_POINT ( 'NONE',  ( 1.156602411705630606, 0.09369874323312436804, 1.081743668427779026 ) ) ;
#3833 = CARTESIAN_POINT ( 'NONE',  ( 1.184776258082727685, 0.1858420897773413460, 0.8740910384187441373 ) ) ;
#3834 = ORIENTED_EDGE ( 'NONE', *, *, #1918, .F. ) ;
#3835 = CARTESIAN_POINT ( 'NONE',  ( 1.174800680201743441, 0.2070531512701599408, 0.9522562597707151522 ) ) ;
#3836 = VECTOR ( 'NONE', #7841, 999.9999999999998863 ) ;
#3837 = VECTOR ( 'NONE', #6323, 1000.000000000000000 ) ;
#3838 = CARTESIAN_POINT ( 'NONE',  ( 1.176771580463559230, 0.6039183503498034566, 0.9382325757219511786 ) ) ;
#3839 = CARTESIAN_POINT ( 'NONE',  ( 1.177674547984373099, 0.2282330200255208441, 0.9318076279640575832 ) ) ;
#3840 = CARTESIAN_POINT ( 'NONE',  ( 1.183474377829502933, 0.1781374836174793586, 0.8905396942890377865 ) ) ;
#3841 = DIRECTION ( 'NONE',  ( 3.336006684570783101E-16, 1.000000000000000000, -0.000000000000000000 ) ) ;
#3842 = DIRECTION ( 'NONE',  ( -0.9902680687415706950, -1.431534388630178744E-16, -0.1391731009600623292 ) ) ;
#3843 = CARTESIAN_POINT ( 'NONE',  ( 1.141555847152307512, 0.5043511322828035937, 1.188805538276395124 ) ) ;
#3844 = CARTESIAN_POINT ( 'NONE',  ( 1.182110767420392339, 0.5855146352303391977, 0.8930569899728235672 ) ) ;
#3845 = ORIENTED_EDGE ( 'NONE', *, *, #8793, .F. ) ;
#3846 = VECTOR ( 'NONE', #188, 1000.000000000000227 ) ;
#3847 = ADVANCED_FACE ( 'NONE', ( #1604 ), #455, .F. ) ;
#3848 = ORIENTED_EDGE ( 'NONE', *, *, #7302, .F. ) ;
#3849 = FACE_OUTER_BOUND ( 'NONE', #6558, .T. ) ;
#3850 = VECTOR ( 'NONE', #3369, 999.9999999999998863 ) ;
#3851 = DIRECTION ( 'NONE',  ( 0.1391731009600619962, 4.442505161597411547E-15, -0.9902680687415708061 ) ) ;
#3852 = FACE_OUTER_BOUND ( 'NONE', #3974, .T. ) ;
#3853 =( GEOMETRIC_REPRESENTATION_CONTEXT ( 3 ) GLOBAL_UNCERTAINTY_ASSIGNED_CONTEXT ( ( #9591 ) ) GLOBAL_UNIT_ASSIGNED_CONTEXT ( ( #6164, #2963, #6212 ) ) REPRESENTATION_CONTEXT ( 'NONE', 'WORKASPACE' ) );
#3854 = VERTEX_POINT ( 'NONE', #3220 ) ;
#3855 = CARTESIAN_POINT ( 'NONE',  ( 1.183465695449504862, 0.3574957241823717435, 0.8906014726327954323 ) ) ;
#3856 = VECTOR ( 'NONE', #4595, 1000.000000000000227 ) ;
#3857 = B_SPLINE_CURVE_WITH_KNOTS ( 'NONE', 3,
 ( #903, #2615, #7387, #9176 ),
 .UNSPECIFIED., .F., .F.,
 ( 4, 4 ),
 ( 8.000000000000000000, 9.000000000000000000 ),
 .UNSPECIFIED. ) ;
#3858 = CARTESIAN_POINT ( 'NONE',  ( 1.182380397948506578, 0.2107650870313387548, 0.8983237656111769942 ) ) ;
#3859 = PRESENTATION_LAYER_ASSIGNMENT (  '', '', ( #935 ) ) ;
#3860 = CARTESIAN_POINT ( 'NONE',  ( -0.9149999999999991473, 1.699999999999999734, 0.000000000000000000 ) ) ;
#3861 = CARTESIAN_POINT ( 'NONE',  ( 1.155169342256537446, 0.4327014142695422838, 1.084755190861599328 ) ) ;
#3862 = VECTOR ( 'NONE', #3389, 1000.000000000000227 ) ;
#3863 = ORIENTED_EDGE ( 'NONE', *, *, #7132, .F. ) ;
#3864 = CARTESIAN_POINT ( 'NONE',  ( -0.9774459752565354265, 1.976472782130692218, 1.644710312036836708 ) ) ;
#3865 = CARTESIAN_POINT ( 'NONE',  ( 1.183101035489134034, 0.5855146352303391977, 0.8931961630737836888 ) ) ;
#3866 =( NAMED_UNIT ( * ) SI_UNIT ( $, .STERADIAN. ) SOLID_ANGLE_UNIT ( ) );
#3867 = DIRECTION ( 'NONE',  ( -0.9902680687415706950, -1.431534388630178744E-16, -0.1391731009600623292 ) ) ;
#3868 = AXIS2_PLACEMENT_3D ( 'NONE', #6240, #1274, #9517 ) ;
#3869 = FACE_OUTER_BOUND ( 'NONE', #3331, .T. ) ;
#3870 = LINE ( 'NONE', #8855, #1797 ) ;
#3871 = CARTESIAN_POINT ( 'NONE',  ( -1.249999999999999778, 1.300000000000000933, 0.1100000000000000699 ) ) ;
#3872 = ORIENTED_EDGE ( 'NONE', *, *, #7716, .T. ) ;
#3873 = ORIENTED_EDGE ( 'NONE', *, *, #3673, .F. ) ;
#3874 = VERTEX_POINT ( 'NONE', #8901 ) ;
#3875 = CARTESIAN_POINT ( 'NONE',  ( 1.179566830078142559, 0.2129485786556120641, 0.9111580447135111394 ) ) ;
#3876 = EDGE_CURVE ( 'NONE', #1994, #9380, #1551, .T. ) ;
#3877 = CARTESIAN_POINT ( 'NONE',  ( 1.283284485972677524, -5.952875914706809741E-16, 0.1803538728192353724 ) ) ;
#3878 = EDGE_CURVE ( 'NONE', #9695, #10117, #740, .T. ) ;
#3879 = LINE ( 'NONE', #2253, #7912 ) ;
#3880 = CARTESIAN_POINT ( 'NONE',  ( -0.6673201331165253825, 0.5186666475120312869, 0.01000000000000000021 ) ) ;
#3881 = CARTESIAN_POINT ( 'NONE',  ( 1.170241953949853642, 0.6661166689028710231, 0.9775079859817217276 ) ) ;
#3882 = EDGE_CURVE ( 'NONE', #2310, #2706, #4890, .T. ) ;
#3883 = VERTEX_POINT ( 'NONE', #4133 ) ;
#3884 = DIRECTION ( 'NONE',  ( -0.9902680687415706950, -1.431534388630178744E-16, -0.1391731009600623292 ) ) ;
#3885 =( GEOMETRIC_REPRESENTATION_CONTEXT ( 3 ) GLOBAL_UNCERTAINTY_ASSIGNED_CONTEXT ( ( #913 ) ) GLOBAL_UNIT_ASSIGNED_CONTEXT ( ( #2003, #4407, #7557 ) ) REPRESENTATION_CONTEXT ( 'NONE', 'WORKASPACE' ) );
#3886 = ORIENTED_EDGE ( 'NONE', *, *, #1338, .F. ) ;
#3887 = CARTESIAN_POINT ( 'NONE',  ( 1.178173432177748392, -0.1772895427337742302, 0.9282578824795382211 ) ) ;
#3888 = CARTESIAN_POINT ( 'NONE',  ( 1.168497272316162405, 0.5393805764835282179, 0.9971073373876174761 ) ) ;
#3889 = EDGE_CURVE ( 'NONE', #10071, #10146, #7297, .T. ) ;
#3890 = DIRECTION ( 'NONE',  ( -5.042800802258161720E-17, 1.000000000000000000, -0.000000000000000000 ) ) ;
#3891 =( NAMED_UNIT ( * ) SI_UNIT ( $, .STERADIAN. ) SOLID_ANGLE_UNIT ( ) );
#3892 = B_SPLINE_SURFACE_WITH_KNOTS ( 'NONE', 3, 1, ( 
 ( #2899, #8365 ),
 ( #1035, #4306 ),
 ( #697, #6310 ),
 ( #5465, #7216 ) ),
 .UNSPECIFIED., .F., .F., .F.,
 ( 4, 4 ),
 ( 2, 2 ),
 ( 6.000000000000000000, 7.000000000000000000 ),
 ( 0.000000000000000000, 1.000000000000000000 ),
 .UNSPECIFIED. ) ;
#3893 = DIRECTION ( 'NONE',  ( 0.000000000000000000, 0.000000000000000000, -1.000000000000000000 ) ) ;
#3894 = FACE_OUTER_BOUND ( 'NONE', #2277, .T. ) ;
#3895 = CARTESIAN_POINT ( 'NONE',  ( 1.190202745587604749, 0.3287672129544174648, 0.8354795735276461244 ) ) ;
#3896 = ORIENTED_EDGE ( 'NONE', *, *, #5276, .F. ) ;
#3897 = B_SPLINE_CURVE_WITH_KNOTS ( 'NONE', 3,
 ( #6272, #4583, #4533, #8824 ),
 .UNSPECIFIED., .F., .F.,
 ( 4, 4 ),
 ( 8.000000000000000000, 9.000000000000000000 ),
 .UNSPECIFIED. ) ;
#3898 = ORIENTED_EDGE ( 'NONE', *, *, #3021, .T. ) ;
#3899 = DIRECTION ( 'NONE',  ( -0.05104837040455287300, -0.9303007377811852718, 0.3632280291536189032 ) ) ;
#3900 = AXIS2_PLACEMENT_3D ( 'NONE', #9286, #2047, #10213 ) ;
#3901 = LINE ( 'NONE', #7146, #3761 ) ;
#3902 = ADVANCED_FACE ( 'NONE', ( #2283 ), #7265, .F. ) ;
#3903 = CARTESIAN_POINT ( 'NONE',  ( -1.149999999999999689, 2.049999999999999822, 1.510000000000000009 ) ) ;
#3904 = ORIENTED_EDGE ( 'NONE', *, *, #2373, .F. ) ;
#3905 = DIRECTION ( 'NONE',  ( 0.7895586621752358480, 0.6136750923608125241, -0.000000000000000000 ) ) ;
#3906 = LINE ( 'NONE', #8897, #706 ) ;
#3907 = CARTESIAN_POINT ( 'NONE',  ( 1.173350722740490015, 0.3835728527238249086, 0.9625732431892652929 ) ) ;
#3908 = CARTESIAN_POINT ( 'NONE',  ( 1.183543836869485277, 0.09369874323312513131, 0.8900454675390047088 ) ) ;
#3909 = CARTESIAN_POINT ( 'NONE',  ( 1.141555847152307734, 0.3865673555227313596, 1.188805538276394902 ) ) ;
#3910 = FACE_OUTER_BOUND ( 'NONE', #2663, .T. ) ;
#3911 = MECHANICAL_DESIGN_GEOMETRIC_PRESENTATION_REPRESENTATION (  '', ( #9535 ), #657 ) ;
#3912 = CARTESIAN_POINT ( 'NONE',  ( 1.155282213196624941, 0.1837833691028878391, 1.083952072391965116 ) ) ;
#3913 = CARTESIAN_POINT ( 'NONE',  ( 1.188379445785982647, 0.3247745425557380106, 0.8484530257309360612 ) ) ;
#3914 = DIRECTION ( 'NONE',  ( 5.042800802258161104E-17, -1.000000000000000000, 0.000000000000000000 ) ) ;
#3915 = CARTESIAN_POINT ( 'NONE',  ( 1.148839887230847401, 0.4511051293881749302, 1.129791603510589271 ) ) ;
#3916 = CARTESIAN_POINT ( 'NONE',  ( 1.184030050149940561, 0.2740863441352417440, 0.8865858802846288134 ) ) ;
#3917 = VECTOR ( 'NONE', #8727, 1000.000000000000227 ) ;
#3918 = ORIENTED_EDGE ( 'NONE', *, *, #7713, .T. ) ;
#3919 = LINE ( 'NONE', #10270, #3061 ) ;
#3920 = LINE ( 'NONE', #7022, #6595 ) ;
#3921 = ORIENTED_EDGE ( 'NONE', *, *, #10077, .T. ) ;
#3922 = PRESENTATION_LAYER_ASSIGNMENT (  '', '', ( #2725 ) ) ;
#3923 = VERTEX_POINT ( 'NONE', #6588 ) ;
#3924 = EDGE_LOOP ( 'NONE', ( #2537, #9313, #2619, #3348 ) ) ;
#3925 = VECTOR ( 'NONE', #9682, 1000.000000000000000 ) ;
#3926 = UNCERTAINTY_MEASURE_WITH_UNIT (LENGTH_MEASURE( 1.000000000000000082E-05 ), #1211, 'distance_accuracy_value', 'NONE');
#3927 = CARTESIAN_POINT ( 'NONE',  ( 1.171290934821607177, -0.1790247008616725199, 0.9772293957818157795 ) ) ;
#3928 = SURFACE_SIDE_STYLE ('',( #3007 ) ) ;
#3929 = ORIENTED_EDGE ( 'NONE', *, *, #7894, .T. ) ;
#3930 = DIRECTION ( 'NONE',  ( 0.1391731009600628566, 3.554004129277951483E-15, -0.9902680687415706950 ) ) ;
#3931 = CARTESIAN_POINT ( 'NONE',  ( 1.250000000000000444, -2.050000000000001155, 0.4099999999999704436 ) ) ;
#3932 = DIRECTION ( 'NONE',  ( -0.9902680687415706950, -1.431534388630178744E-16, -0.1391731009600623292 ) ) ;
#3933 = EDGE_LOOP ( 'NONE', ( #4790, #4352, #9488, #1408 ) ) ;
#3934 = CARTESIAN_POINT ( 'NONE',  ( 1.136999214739794706, -0.2727246628959233976, 1.221227662580423257 ) ) ;
#3935 = CARTESIAN_POINT ( 'NONE',  ( 1.182119449800390631, 0.1751741735560292390, 0.8929952116290652553 ) ) ;
#3936 = CARTESIAN_POINT ( 'NONE',  ( 1.189369713854724342, 0.3345690621275114185, 0.8485921988318960718 ) ) ;
#3937 = DIRECTION ( 'NONE',  ( -6.094987132290193753E-16, 1.000000000000000000, -4.336808689942014581E-15 ) ) ;
#3938 = ORIENTED_EDGE ( 'NONE', *, *, #8318, .F. ) ;
#3939 = CARTESIAN_POINT ( 'NONE',  ( 1.150368462860147378, 0.1472878662401649885, 1.126100519293821600 ) ) ;
#3940 = ADVANCED_FACE ( 'NONE', ( #3910 ), #8844, .F. ) ;
#3941 = EDGE_CURVE ( 'NONE', #4435, #7540, #3162, .T. ) ;
#3942 = VERTEX_POINT ( 'NONE', #2608 ) ;
#3943 = CARTESIAN_POINT ( 'NONE',  ( 1.182553568800742916, 0.5535420793034290243, 0.8899062944380462525 ) ) ;
#3944 = FACE_OUTER_BOUND ( 'NONE', #9043, .T. ) ;
#3945 = VERTEX_POINT ( 'NONE', #210 ) ;
#3946 = EDGE_CURVE ( 'NONE', #5790, #3779, #257, .T. ) ;
#3947 = CARTESIAN_POINT ( 'NONE',  ( 1.178052688509119594, -0.1807599251816169594, 0.9291170183234681579 ) ) ;
#3948 = DIRECTION ( 'NONE',  ( -0.9902680687415706950, -1.431534388630178744E-16, -0.1391731009600623292 ) ) ;
#3949 = LINE ( 'NONE', #1641, #8708 ) ;
#3950 = CARTESIAN_POINT ( 'NONE',  ( 1.150000000000000133, 2.049999999999999822, 0.1100000000000000699 ) ) ;
#3951 = EDGE_LOOP ( 'NONE', ( #7491, #7869, #3557, #9431 ) ) ;
#3952 = VECTOR ( 'NONE', #9477, 1000.000000000000227 ) ;
#3953 = CARTESIAN_POINT ( 'NONE',  ( 1.183031576449035782, 0.2063981037827952447, 0.8936903898246436606 ) ) ;
#3954 = ADVANCED_FACE ( 'NONE', ( #7434 ), #8338, .F. ) ;
#3955 = EDGE_CURVE ( 'NONE', #3388, #1953, #3530, .T. ) ;
#3956 = AXIS2_PLACEMENT_3D ( 'NONE', #9388, #7624, #7573 ) ;
#3957 = VERTEX_POINT ( 'NONE', #7639 ) ;
#3958 = LINE ( 'NONE', #7200, #8546 ) ;
#3959 = DIRECTION ( 'NONE',  ( -0.000000000000000000, 1.000000000000000000, 4.267423006025600904E-15 ) ) ;
#3960 = DIRECTION ( 'NONE',  ( -0.1378445374916257848, 0.1378445374916256183, 0.9808148484639899189 ) ) ;
#3961 = CARTESIAN_POINT ( 'NONE',  ( 1.156506905525538809, 0.1629466204599333279, 1.082423230209903497 ) ) ;
#3962 = ORIENTED_EDGE ( 'NONE', *, *, #3889, .T. ) ;
#3963 = ORIENTED_EDGE ( 'NONE', *, *, #5208, .T. ) ;
#3964 =( NAMED_UNIT ( * ) SI_UNIT ( $, .STERADIAN. ) SOLID_ANGLE_UNIT ( ) );
#3965 = CARTESIAN_POINT ( 'NONE',  ( 1.184186402830854190, -0.1026765848750050975, 0.8782880766185143795 ) ) ;
#3966 = DIRECTION ( 'NONE',  ( 1.226379329743083133E-15, -1.000000000000000000, -7.697542442872411763E-15 ) ) ;
#3967 = FACE_OUTER_BOUND ( 'NONE', #4687, .T. ) ;
#3968 = FILL_AREA_STYLE ('',( #5455 ) ) ;
#3969 = VECTOR ( 'NONE', #7640, 1000.000000000000000 ) ;
#3970 = CARTESIAN_POINT ( 'NONE',  ( 1.170450807817867256, 0.4787418948039905420, 0.9832072100271849191 ) ) ;
#3971 = EDGE_CURVE ( 'NONE', #1923, #905, #6843, .T. ) ;
#3972 = VERTEX_POINT ( 'NONE', #10435 ) ;
#3973 = LINE ( 'NONE', #3164, #7430 ) ;
#3974 = EDGE_LOOP ( 'NONE', ( #9329, #6821, #8801, #1223, #6070, #6751, #6185, #4565 ) ) ;
#3975 = VERTEX_POINT ( 'NONE', #3630 ) ;
#3976 = ORIENTED_EDGE ( 'NONE', *, *, #9455, .T. ) ;
#3977 = CARTESIAN_POINT ( 'NONE',  ( 1.181795797510339030, -0.2093904314435909575, 0.9024834138686068652 ) ) ;
#3978 = CARTESIAN_POINT ( 'NONE',  ( 1.178950857845438627, 0.5873550067417856457, 0.9227262114222500866 ) ) ;
#3979 = CARTESIAN_POINT ( 'NONE',  ( 1.151974703161477320, 0.4919988082368978999, 1.114671525686868003 ) ) ;
#3980 = CARTESIAN_POINT ( 'NONE',  ( 1.152269904081749896, 0.1638200171098934399, 1.112571061996739497 ) ) ;
#3981 = CARTESIAN_POINT ( 'NONE',  ( 1.142258643185105171, 0.2098916903817933943, 1.176619588129285798 ) ) ;
#3982 = CARTESIAN_POINT ( 'NONE',  ( 1.184021367769943156, 0.1849686931273859802, 0.8866476586283806860 ) ) ;
#3983 = PLANE ( 'NONE',  #3014 ) ;
#3984 = DIRECTION ( 'NONE',  ( 0.04953667850302200665, -0.9345104387417461078, -0.3524717823678905626 ) ) ;
#3985 = EDGE_CURVE ( 'NONE', #2016, #1923, #2209, .T. ) ;
#3986 = ORIENTED_EDGE ( 'NONE', *, *, #21, .T. ) ;
#3987 = CARTESIAN_POINT ( 'NONE',  ( 1.142519114585271112, 0.3259286738427819019, 1.174766237815001002 ) ) ;
#3988 = VERTEX_POINT ( 'NONE', #6927 ) ;
#3989 = ORIENTED_EDGE ( 'NONE', *, *, #10077, .F. ) ;
#3990 = CARTESIAN_POINT ( 'NONE',  ( 1.144243945404976426, -0.2718570838317662663, 1.169678725358559435 ) ) ;
#3991 = FILL_AREA_STYLE_COLOUR ( '', #9713 ) ;
#3992 = ORIENTED_EDGE ( 'NONE', *, *, #3634, .F. ) ;
#3993 = DIRECTION ( 'NONE',  ( -0.9902680687415688077, 4.598289890061622698E-16, -0.1391731009600769009 ) ) ;
#3994 = CARTESIAN_POINT ( 'NONE',  ( 1.145132987715453465, 0.1766402322180271878, 1.163352860620672669 ) ) ;
#3995 = DIRECTION ( 'NONE',  ( 1.000000000000000000, 1.417602794365952298E-16, 0.000000000000000000 ) ) ;
#3996 = ORIENTED_EDGE ( 'NONE', *, *, #3113, .F. ) ;
#3997 = DIRECTION ( 'NONE',  ( 0.000000000000000000, 1.000000000000000000, 2.357864131975939648E-15 ) ) ;
#3998 = B_SPLINE_CURVE_WITH_KNOTS ( 'NONE', 3,
 ( #6495, #9758, #2434, #8977 ),
 .UNSPECIFIED., .F., .F.,
 ( 4, 4 ),
 ( 3.000000000000000000, 4.000000000000000000 ),
 .UNSPECIFIED. ) ;
#3999 = CARTESIAN_POINT ( 'NONE',  ( 1.178916128325447454, 0.6857680935221553975, 0.9229733247972689014 ) ) ;
#4000 = ORIENTED_EDGE ( 'NONE', *, *, #2500, .F. ) ;
#4001 = CARTESIAN_POINT ( 'NONE',  ( 1.178173432177748170, -0.1790247339576956365, 0.9282578824795382211 ) ) ;
#4002 = CARTESIAN_POINT ( 'NONE',  ( 1.182110767420392339, 0.5855146352303391977, 0.8930569899728236782 ) ) ;
#4003 = CARTESIAN_POINT ( 'NONE',  ( 1.158825100987614265, 0.2184073077162896337, 1.065928412408482906 ) ) ;
#4004 = ADVANCED_FACE ( 'NONE', ( #9440 ), #5380, .T. ) ;
#4005 = EDGE_LOOP ( 'NONE', ( #540, #6024, #9280, #9166 ) ) ;
#4006 = EDGE_LOOP ( 'NONE', ( #4755, #1833, #9558, #2510 ) ) ;
#4007 = ADVANCED_FACE ( 'NONE', ( #3728 ), #4084, .F. ) ;
#4008 = AXIS2_PLACEMENT_3D ( 'NONE', #3235, #5699, #7336 ) ;
#4009 = ORIENTED_EDGE ( 'NONE', *, *, #6839, .T. ) ;
#4010 = ADVANCED_FACE ( 'NONE', ( #2493 ), #1586, .F. ) ;
#4011 = EDGE_CURVE ( 'NONE', #7113, #5545, #4387, .T. ) ;
#4012 = DIRECTION ( 'NONE',  ( -0.000000000000000000, -0.000000000000000000, -1.000000000000000000 ) ) ;
#4014 = ADVANCED_FACE ( 'NONE', ( #2779 ), #7490, .F. ) ;
#4013 =( NAMED_UNIT ( * ) SI_UNIT ( $, .STERADIAN. ) SOLID_ANGLE_UNIT ( ) );
#4015 = ORIENTED_EDGE ( 'NONE', *, *, #8269, .F. ) ;
#4016 = CARTESIAN_POINT ( 'NONE',  ( 1.153893509143190776, 0.4870079702384424447, 1.101018511701453040 ) ) ;
#4017 = ORIENTED_EDGE ( 'NONE', *, *, #6441, .F. ) ;
#4018 = EDGE_LOOP ( 'NONE', ( #137, #4123, #7615, #8094, #1730, #2951, #4042, #4551, #122, #7842, #5075, #9112, #4937, #8154, #448 ) ) ;
#4019 = DIRECTION ( 'NONE',  ( -0.000000000000000000, -1.000000000000000000, -0.000000000000000000 ) ) ;
#4020 = B_SPLINE_CURVE_WITH_KNOTS ( 'NONE', 3,
 ( #9334, #8682, #2000, #5269 ),
 .UNSPECIFIED., .F., .F.,
 ( 4, 4 ),
 ( 17.00000000000000000, 18.00000000000000000 ),
 .UNSPECIFIED. ) ;
#4021 = LINE ( 'NONE', #119, #4034 ) ;
#4022 = EDGE_CURVE ( 'NONE', #5248, #2790, #9230, .T. ) ;
#4023 =( NAMED_UNIT ( * ) SI_UNIT ( $, .STERADIAN. ) SOLID_ANGLE_UNIT ( ) );
#4024 = SURFACE_STYLE_FILL_AREA ( #1671 ) ;
#4025 = CARTESIAN_POINT ( 'NONE',  ( 1.185480007611194209, 0.6280927219032401698, 0.8762688968660798938 ) ) ;
#4026 = CARTESIAN_POINT ( 'NONE',  ( 1.187084292333328017, -0.3004876231897623540, 0.8576685213937979002 ) ) ;
#4027 = DIRECTION ( 'NONE',  ( -0.9902680687415706950, -1.431534388630178744E-16, -0.1391731009600623292 ) ) ;
#4028 = EDGE_LOOP ( 'NONE', ( #6104, #7025, #1944, #6348 ) ) ;
#4029 = AXIS2_PLACEMENT_3D ( 'NONE', #4260, #1040, #136 ) ;
#4030 = ORIENTED_EDGE ( 'NONE', *, *, #8858, .F. ) ;
#4031 = LINE ( 'NONE', #1622, #9306 ) ;
#4032 = ORIENTED_EDGE ( 'NONE', *, *, #3876, .T. ) ;
#4033 = ORIENTED_EDGE ( 'NONE', *, *, #1876, .F. ) ;
#4034 = VECTOR ( 'NONE', #9121, 1000.000000000000227 ) ;
#4035 = CARTESIAN_POINT ( 'NONE',  ( 1.167507004247420932, 0.4787418948039905420, 0.9969681642866571325 ) ) ;
#4036 = ADVANCED_FACE ( 'NONE', ( #6692, #9312 ), #8506, .F. ) ;
#4037 = LINE ( 'NONE', #5063, #4259 ) ;
#4038 = CARTESIAN_POINT ( 'NONE',  ( 1.181242529419570975, 0.1582053243615262617, 0.8992348243556913534 ) ) ;
#4039 = CARTESIAN_POINT ( 'NONE',  ( 1.250000000000000444, -0.8649999999999998801, 0.1100000000000000699 ) ) ;
#4040 = DIRECTION ( 'NONE',  ( 0.1308356733655426651, -0.3409177962187249777, -0.9309441888729704795 ) ) ;
#4041 = CARTESIAN_POINT ( 'NONE',  ( 1.157548314378597842, 0.5502668418674359074, 1.067827924653896421 ) ) ;
#4042 = ORIENTED_EDGE ( 'NONE', *, *, #5126, .F. ) ;
#4043 = CARTESIAN_POINT ( 'NONE',  ( -1.249999999999999778, 2.049999999999999822, 1.510000000000000009 ) ) ;
#4044 = CARTESIAN_POINT ( 'NONE',  ( 1.179235834112617898, -0.3004876231897625760, 0.9135132033848353261 ) ) ;
#4045 = ORIENTED_EDGE ( 'NONE', *, *, #7076, .F. ) ;
#4046 = CARTESIAN_POINT ( 'NONE',  ( 1.145934383251066002, -0.1339098945206658176, 1.157650635090921698 ) ) ;
#4047 =( LENGTH_UNIT ( ) NAMED_UNIT ( * ) SI_UNIT ( .MILLI., .METRE. ) );
#4048 = ORIENTED_EDGE ( 'NONE', *, *, #7342, .F. ) ;
#4049 = CARTESIAN_POINT ( 'NONE',  ( 1.170746008738139610, 0.5855146352303389756, 0.9811067463370570785 ) ) ;
#4050 = SURFACE_STYLE_FILL_AREA ( #5432 ) ;
#4051 = CARTESIAN_POINT ( 'NONE',  ( 1.166098876463074863, -0.5208560481278448062, 1.014172810622970156 ) ) ;
#4052 = DIRECTION ( 'NONE',  ( 0.000000000000000000, -0.8821944105252103041, -0.4708853597618816167 ) ) ;
#4053 = CARTESIAN_POINT ( 'NONE',  ( 1.140565579083565817, 0.5211952105270740709, 1.188666365175435224 ) ) ;
#4054 = LINE ( 'NONE', #2881, #8895 ) ;
#4055 = VERTEX_POINT ( 'NONE', #10338 ) ;
#4056 = FILL_AREA_STYLE_COLOUR ( '', #6157 ) ;
#4057 = VERTEX_POINT ( 'NONE', #3031 ) ;
#4058 = CARTESIAN_POINT ( 'NONE',  ( 1.182701169260937712, 0.2020623132716999892, 0.8888560625925655545 ) ) ;
#4059 = CARTESIAN_POINT ( 'NONE',  ( 1.182467221748599862, 0.3556241599326405156, 0.8977059821728112787 ) ) ;
#4060 = ORIENTED_EDGE ( 'NONE', *, *, #7302, .T. ) ;
#4061 =( NAMED_UNIT ( * ) PLANE_ANGLE_UNIT ( ) SI_UNIT ( $, .RADIAN. ) );
#4062 = FACE_OUTER_BOUND ( 'NONE', #4865, .T. ) ;
#4063 = DIRECTION ( 'NONE',  ( -0.1378445374916257848, -0.1378445374916256738, 0.9808148484639900300 ) ) ;
#4064 = EDGE_CURVE ( 'NONE', #1076, #3874, #6285, .T. ) ;
#4065 =( NAMED_UNIT ( * ) PLANE_ANGLE_UNIT ( ) SI_UNIT ( $, .RADIAN. ) );
#4066 = CARTESIAN_POINT ( 'NONE',  ( 1.151826609083908659, -0.1078821254503317811, 1.108539973268134027 ) ) ;
#4067 = CARTESIAN_POINT ( 'NONE',  ( 1.149247959091207250, 0.1638200171098933289, 1.126888021350827662 ) ) ;
#4068 = CARTESIAN_POINT ( 'NONE',  ( 1.171049442878273616, -0.5208560481278446952, 0.9789477002436126618 ) ) ;
#4069 = CARTESIAN_POINT ( 'NONE',  ( 1.154990295431082004, -0.05842939069376375250, 1.093214471756663420 ) ) ;
#4070 = PLANE ( 'NONE',  #10480 ) ;
#4071 = VERTEX_POINT ( 'NONE', #5498 ) ;
#4072 = B_SPLINE_SURFACE_WITH_KNOTS ( 'NONE', 3, 1, ( 
 ( #5308, #7647 ),
 ( #5352, #2835 ),
 ( #8614, #322 ),
 ( #3592, #1266 ) ),
 .UNSPECIFIED., .F., .F., .F.,
 ( 4, 4 ),
 ( 2, 2 ),
 ( 4.000000000000000000, 5.000000000000000000 ),
 ( 0.000000000000000000, 1.000000000000000000 ),
 .UNSPECIFIED. ) ;
#4073 = DIRECTION ( 'NONE',  ( 0.000000000000000000, 0.000000000000000000, 1.000000000000000000 ) ) ;
#4074 = VECTOR ( 'NONE', #6973, 1000.000000000000000 ) ;
#4075 = CARTESIAN_POINT ( 'NONE',  ( 1.184455010022461563, 0.1706824193572492043, 0.8763768371401365886 ) ) ;
#4076 = ORIENTED_EDGE ( 'NONE', *, *, #9659, .F. ) ;
#4077 = CARTESIAN_POINT ( 'NONE',  ( 1.150984435092735625, 0.4919988082368978999, 1.114532352585907882 ) ) ;
#4078 = ADVANCED_FACE ( 'NONE', ( #3944 ), #9881, .F. ) ;
#4079 = ORIENTED_EDGE ( 'NONE', *, *, #6786, .T. ) ;
#4080 = ORIENTED_EDGE ( 'NONE', *, *, #10460, .T. ) ;
#4081 = EDGE_CURVE ( 'NONE', #3988, #959, #556, .T. ) ;
#4082 = LINE ( 'NONE', #9800, #6467 ) ;
#4083 = EDGE_CURVE ( 'NONE', #8903, #5744, #9104, .T. ) ;
#4084 = B_SPLINE_SURFACE_WITH_KNOTS ( 'NONE', 3, 1, ( 
 ( #9489, #3197 ),
 ( #1533, #2385 ),
 ( #6562, #5663 ),
 ( #3888, #9826 ) ),
 .UNSPECIFIED., .F., .F., .F.,
 ( 4, 4 ),
 ( 2, 2 ),
 ( 2.000000000000000000, 3.000000000000000000 ),
 ( 0.000000000000000000, 1.000000000000000000 ),
 .UNSPECIFIED. ) ;
#4085 = VECTOR ( 'NONE', #2858, 1000.000000000000000 ) ;
#4086 = FILL_AREA_STYLE_COLOUR ( '', #781 ) ;
#4087 = CARTESIAN_POINT ( 'NONE',  ( 1.181772631347965508, 0.5743164424718889549, 0.9026482496789443033 ) ) ;
#4088 =( LENGTH_UNIT ( ) NAMED_UNIT ( * ) SI_UNIT ( .MILLI., .METRE. ) );
#4089 = CARTESIAN_POINT ( 'NONE',  ( 1.186263386947868481, -0.3881144490365188715, 0.8706948632527670151 ) ) ;
#4090 = ORIENTED_EDGE ( 'NONE', *, *, #5910, .F. ) ;
#4091 = FACE_BOUND ( 'NONE', #6870, .T. ) ;
#4092 = AXIS2_PLACEMENT_3D ( 'NONE', #8138, #796, #3282 ) ;
#4093 = VERTEX_POINT ( 'NONE', #7243 ) ;
#4094 = EDGE_CURVE ( 'NONE', #5736, #10071, #3357, .T. ) ;
#4095 = VERTEX_POINT ( 'NONE', #4860 ) ;
#4096 = VERTEX_POINT ( 'NONE', #3727 ) ;
#4097 = CARTESIAN_POINT ( 'NONE',  ( 1.182467221748599862, 0.3556241599326405156, 0.8977059821728112787 ) ) ;
#4098 = ORIENTED_EDGE ( 'NONE', *, *, #992, .F. ) ;
#4099 = B_SPLINE_SURFACE_WITH_KNOTS ( 'NONE', 3, 1, ( 
 ( #535, #428 ),
 ( #2900, #9419 ),
 ( #2089, #6054 ),
 ( #4557, #3765 ) ),
 .UNSPECIFIED., .F., .F., .F.,
 ( 4, 4 ),
 ( 2, 2 ),
 ( 0.000000000000000000, 1.000000000000000000 ),
 ( 0.000000000000000000, 1.000000000000000000 ),
 .UNSPECIFIED. ) ;
#4100 = MECHANICAL_DESIGN_GEOMETRIC_PRESENTATION_REPRESENTATION (  '', ( #1340 ), #5128 ) ;
#4101 = COLOUR_RGB ( '',0.2509803921568627416, 0.2509803921568627416, 0.2509803921568627416 ) ;
#4102 = CARTESIAN_POINT ( 'NONE',  ( 1.185480007611194431, 0.2129485786556121751, 0.8762688968660785616 ) ) ;
#4103 = DIRECTION ( 'NONE',  ( 2.189714495920898685E-15, 1.000000000000000000, -0.000000000000000000 ) ) ;
#4104 = VECTOR ( 'NONE', #1460, 1000.000000000000227 ) ;
#4105 = ORIENTED_EDGE ( 'NONE', *, *, #6935, .F. ) ;
#4106 = DIRECTION ( 'NONE',  ( 0.1391731009600652991, 0.000000000000000000, -0.9902680687415703620 ) ) ;
#4107 = CARTESIAN_POINT ( 'NONE',  ( 1.178173432177748392, -0.1382478891282720723, 0.9282578824795384431 ) ) ;
#4108 = CARTESIAN_POINT ( 'NONE',  ( 1.184489739542452291, 0.5381328669845406587, 0.8761297237651194392 ) ) ;
#4109 = ORIENTED_EDGE ( 'NONE', *, *, #416, .F. ) ;
#4110 = CARTESIAN_POINT ( 'NONE',  ( 1.180244055718781659, 0.2881854614802366044, 0.9063393338948839695 ) ) ;
#4111 = VECTOR ( 'NONE', #9655, 1000.000000000000227 ) ;
#4112 = FACE_OUTER_BOUND ( 'NONE', #5373, .T. ) ;
#4113 = EDGE_CURVE ( 'NONE', #5605, #221, #9216, .T. ) ;
#4114 = STYLED_ITEM ( 'NONE', ( #9771 ), #2507 ) ;
#4115 = B_SPLINE_CURVE_WITH_KNOTS ( 'NONE', 3,
 ( #3652, #4560, #5316, #8624 ),
 .UNSPECIFIED., .F., .F.,
 ( 4, 4 ),
 ( 3.000000000000000000, 4.000000000000000000 ),
 .UNSPECIFIED. ) ;
#4116 = B_SPLINE_CURVE_WITH_KNOTS ( 'NONE', 3,
 ( #10495, #9706, #9541, #8878 ),
 .UNSPECIFIED., .F., .F.,
 ( 4, 4 ),
 ( 2.000000000000000000, 3.000000000000000000 ),
 .UNSPECIFIED. ) ;
#4117 = DIRECTION ( 'NONE',  ( -0.000000000000000000, -0.000000000000000000, -1.000000000000000000 ) ) ;
#4118 = PLANE ( 'NONE',  #8483 ) ;
#4119 = VECTOR ( 'NONE', #731, 1000.000000000000000 ) ;
#4120 = CARTESIAN_POINT ( 'NONE',  ( 1.140279060543291312, 0.2214018105151973337, 1.190705050521806418 ) ) ;
#4121 = CARTESIAN_POINT ( 'NONE',  ( 1.172360454671748320, 0.3994187633679075478, 0.9624340700883052824 ) ) ;
#4122 = CARTESIAN_POINT ( 'NONE',  ( 1.176432967643182392, 0.2647909083631491134, 0.9406419311316712717 ) ) ;
#4123 = ORIENTED_EDGE ( 'NONE', *, *, #1657, .F. ) ;
#4124 = EDGE_CURVE ( 'NONE', #1224, #2464, #7641, .T. ) ;
#4125 = LINE ( 'NONE', #630, #7244 ) ;
#4126 = LINE ( 'NONE', #202, #4698 ) ;
#4127 = CARTESIAN_POINT ( 'NONE',  ( 1.155612143636888689, 0.4007288583426368289, 1.081604495326820015 ) ) ;
#4128 = STYLED_ITEM ( 'NONE', ( #867 ), #3324 ) ;
#4129 =( NAMED_UNIT ( * ) PLANE_ANGLE_UNIT ( ) SI_UNIT ( $, .RADIAN. ) );
#4130 = DIRECTION ( 'NONE',  ( -0.9902680687415706950, -1.431534388630178744E-16, -0.1391731009600623292 ) ) ;
#4131 = VERTEX_POINT ( 'NONE', #9948 ) ;
#4132 = FILL_AREA_STYLE ('',( #4235 ) ) ;
#4133 = CARTESIAN_POINT ( 'NONE',  ( 1.175885977702742613, 0.1373373829811191105, 0.9445339667923279281 ) ) ;
#4134 = ORIENTED_EDGE ( 'NONE', *, *, #3745, .F. ) ;
#4135 = VECTOR ( 'NONE', #2272, 1000.000000000000000 ) ;
#4136 = ORIENTED_EDGE ( 'NONE', *, *, #9823, .T. ) ;
#4137 = ORIENTED_EDGE ( 'NONE', *, *, #1205, .T. ) ;
#4138 = VERTEX_POINT ( 'NONE', #10041 ) ;
#4139 = STYLED_ITEM ( 'NONE', ( #7558 ), #4273 ) ;
#4140 = PLANE ( 'NONE',  #6331 ) ;
#4141 = EDGE_CURVE ( 'NONE', #603, #545, #9169, .T. ) ;
#4142 = SURFACE_STYLE_FILL_AREA ( #9743 ) ;
#4143 = ORIENTED_EDGE ( 'NONE', *, *, #9950, .T. ) ;
#4144 = EDGE_CURVE ( 'NONE', #6356, #6198, #8401, .T. ) ;
#4145 = ORIENTED_EDGE ( 'NONE', *, *, #3818, .F. ) ;
#4146 = CARTESIAN_POINT ( 'NONE',  ( 1.184776258082727463, 0.2725890927357904614, 0.8740910384187444704 ) ) ;
#4147 = ORIENTED_EDGE ( 'NONE', *, *, #10342, .T. ) ;
#4148 = DIRECTION ( 'NONE',  ( 5.093439393433997014E-16, -1.000000000000000000, -2.595570536144448628E-15 ) ) ;
#4149 = UNCERTAINTY_MEASURE_WITH_UNIT (LENGTH_MEASURE( 1.000000000000000082E-05 ), #2296, 'distance_accuracy_value', 'NONE');
#4150 = LINE ( 'NONE', #5061, #436 ) ;
#4151 = PLANE ( 'NONE',  #7144 ) ;
#4152 = CARTESIAN_POINT ( 'NONE',  ( 1.182553568800743360, 0.1435759304789832047, 0.8899062944380448092 ) ) ;
#4153 = EDGE_CURVE ( 'NONE', #1832, #9856, #2726, .T. ) ;
#4154 = CARTESIAN_POINT ( 'NONE',  ( -1.149999999999999245, -2.150000000000000355, 0.4099999999999703326 ) ) ;
#4155 = ORIENTED_EDGE ( 'NONE', *, *, #9267, .F. ) ;
#4156 = DIRECTION ( 'NONE',  ( 0.1309554564919159780, -0.3385350342956554570, -0.9317964901036240866 ) ) ;
#4157 = ORIENTED_EDGE ( 'NONE', *, *, #4929, .T. ) ;
#4158 = EDGE_CURVE ( 'NONE', #9692, #2261, #1302, .T. ) ;
#4159 = B_SPLINE_CURVE_WITH_KNOTS ( 'NONE', 3,
 ( #8886, #6342, #6450, #3895 ),
 .UNSPECIFIED., .F., .F.,
 ( 4, 4 ),
 ( 2.000000000000000000, 3.000000000000000000 ),
 .UNSPECIFIED. ) ;
#4160 = DIRECTION ( 'NONE',  ( 0.1391731009600630786, 2.665503096958468543E-15, -0.9902680687415705840 ) ) ;
#4161 = ORIENTED_EDGE ( 'NONE', *, *, #9568, .F. ) ;
#4162 = DIRECTION ( 'NONE',  ( 0.1309554564909953256, -0.3385350343141447782, -0.9317964900970360231 ) ) ;
#4163 = CARTESIAN_POINT ( 'NONE',  ( 1.156602411705630606, 0.2788276402336488102, 1.081743668427779692 ) ) ;
#4164 = ADVANCED_FACE ( 'NONE', ( #1816 ), #6732, .F. ) ;
#4165 = CARTESIAN_POINT ( 'NONE',  ( 1.184776258082727685, 0.1858420897773413460, 0.8740910384187441373 ) ) ;
#4166 = VERTEX_POINT ( 'NONE', #8811 ) ;
#4167 = CARTESIAN_POINT ( 'NONE',  ( 1.156602411705630384, 0.3287048274790950741, 1.081743668427779914 ) ) ;
#4168 = CARTESIAN_POINT ( 'NONE',  ( 1.250000000000000444, -2.050000000000001155, 0.4099999999999704436 ) ) ;
#4169 = CARTESIAN_POINT ( 'NONE',  ( 1.170450807817867256, 0.4316408611952769481, 0.9832072100271846971 ) ) ;
#4170 = CARTESIAN_POINT ( 'NONE',  ( 1.176432967643182392, 0.2647909083631491134, 0.9406419311316712717 ) ) ;
#4171 = CARTESIAN_POINT ( 'NONE',  ( 1.144116672506718446, 0.4211601013982697594, 1.163399022550977158 ) ) ;
#4172 = CARTESIAN_POINT ( 'NONE',  ( 1.193508108400897605, -0.3395292767956802349, 0.8191459915787732138 ) ) ;
#4173 = EDGE_CURVE ( 'NONE', #9599, #634, #5766, .T. ) ;
#4174 = FILL_AREA_STYLE ('',( #1601 ) ) ;
#4175 = DIRECTION ( 'NONE',  ( 5.004010026856174159E-16, -1.000000000000000000, 0.000000000000000000 ) ) ;
#4176 = ORIENTED_EDGE ( 'NONE', *, *, #6481, .T. ) ;
#4177 = LINE ( 'NONE', #9055, #2175 ) ;
#4178 = STYLED_ITEM ( 'NONE', ( #663 ), #752 ) ;
#4179 = VERTEX_POINT ( 'NONE', #4959 ) ;
#4180 = ORIENTED_EDGE ( 'NONE', *, *, #9357, .T. ) ;
#4181 = ORIENTED_EDGE ( 'NONE', *, *, #1028, .T. ) ;
#4182 = AXIS2_PLACEMENT_3D ( 'NONE', #10034, #4892, #2415 ) ;
#4183 = EDGE_LOOP ( 'NONE', ( #6744, #1171, #6225, #971 ) ) ;
#4184 = DIRECTION ( 'NONE',  ( 0.000000000000000000, 1.000000000000000000, 0.000000000000000000 ) ) ;
#4185 = LINE ( 'NONE', #9122, #450 ) ;
#4186 = LINE ( 'NONE', #6643, #8995 ) ;
#4187 = VECTOR ( 'NONE', #8974, 1000.000000000000000 ) ;
#4188 = FACE_OUTER_BOUND ( 'NONE', #6779, .T. ) ;
#4189 = ORIENTED_EDGE ( 'NONE', *, *, #5653, .F. ) ;
#4190 = AXIS2_PLACEMENT_3D ( 'NONE', #7199, #10453, #8227 ) ;
#4191 = ORIENTED_EDGE ( 'NONE', *, *, #3882, .T. ) ;
#4192 = VECTOR ( 'NONE', #4027, 1000.000000000000227 ) ;
#4193 = ORIENTED_EDGE ( 'NONE', *, *, #9005, .F. ) ;
#4194 = ORIENTED_EDGE ( 'NONE', *, *, #9886, .F. ) ;
#4195 = DIRECTION ( 'NONE',  ( 0.000000000000000000, 0.000000000000000000, 1.000000000000000000 ) ) ;
#4196 = CARTESIAN_POINT ( 'NONE',  ( 1.162572959110014237, -0.07578123674051391589, 1.032075719666237346 ) ) ;
#4197 = EDGE_LOOP ( 'NONE', ( #2744, #1358, #8415, #2256 ) ) ;
#4198 = EDGE_CURVE ( 'NONE', #6834, #7161, #5023, .T. ) ;
#4199 = STYLED_ITEM ( 'NONE', ( #3680 ), #85 ) ;
#4200 = CARTESIAN_POINT ( 'NONE',  ( 1.173350722740490015, 0.3994187633679075478, 0.9625732431892652929 ) ) ;
#4201 = LINE ( 'NONE', #4152, #5789 ) ;
#4202 = VECTOR ( 'NONE', #4584, 1000.000000000000227 ) ;
#4203 = CARTESIAN_POINT ( 'NONE',  ( 1.184548638442932678, -0.1842302414374129838, 0.8757106363119615544 ) ) ;
#4204 = DIRECTION ( 'NONE',  ( -0.1391731009600623570, -4.558926669772470344E-15, 0.9902680687415708061 ) ) ;
#4205 = ORIENTED_EDGE ( 'NONE', *, *, #8558, .F. ) ;
#4206 = VECTOR ( 'NONE', #132, 1000.000000000000000 ) ;
#4207 = CARTESIAN_POINT ( 'NONE',  ( 1.152575386360835674, -0.5347375282747645064, 1.110397442637407250 ) ) ;
#4208 = ORIENTED_EDGE ( 'NONE', *, *, #2684, .T. ) ;
#4209 = CARTESIAN_POINT ( 'NONE',  ( 1.144944115182324307, -0.1339098945206658176, 1.157511461989961576 ) ) ;
#4210 = EDGE_CURVE ( 'NONE', #4511, #10513, #2255, .T. ) ;
#4211 = AXIS2_PLACEMENT_3D ( 'NONE', #7000, #3905, #6233 ) ;
#4212 = EDGE_CURVE ( 'NONE', #1853, #10146, #7292, .T. ) ;
#4213 = LINE ( 'NONE', #141, #7343 ) ;
#4214 = EDGE_CURVE ( 'NONE', #1124, #8153, #3474, .T. ) ;
#4215 =( LENGTH_UNIT ( ) NAMED_UNIT ( * ) SI_UNIT ( .MILLI., .METRE. ) );
#4216 = CARTESIAN_POINT ( 'NONE',  ( 1.156871565485909414, 0.2071467294825181937, 1.079828539768916018 ) ) ;
#4217 = CARTESIAN_POINT ( 'NONE',  ( 1.182614345460843985, 0.2125430730682955627, 0.8894738460309360439 ) ) ;
#4218 = EDGE_LOOP ( 'NONE', ( #5996, #6900, #7300 ) ) ;
#4219 = CARTESIAN_POINT ( 'NONE',  ( 1.174800680201743441, 0.2814790229201503124, 0.9522562597707153742 ) ) ;
#4220 = B_SPLINE_CURVE_WITH_KNOTS ( 'NONE', 3,
 ( #7836, #3965, #5452, #6408 ),
 .UNSPECIFIED., .F., .F.,
 ( 4, 4 ),
 ( 33.00000000000000000, 34.00000000000000000 ),
 .UNSPECIFIED. ) ;
#4221 = DIRECTION ( 'NONE',  ( -5.294464643469140079E-15, 1.000000000000000000, 5.294464643469140079E-15 ) ) ;
#4222 = CARTESIAN_POINT ( 'NONE',  ( 1.176845233398295054, -0.3881144490365190935, 0.9377085078601694601 ) ) ;
#4223 = CARTESIAN_POINT ( 'NONE',  ( 1.171180127738608467, 0.6644634538161459103, 0.9780178291452094053 ) ) ;
#4224 = EDGE_CURVE ( 'NONE', #3288, #8628, #6912, .T. ) ;
#4225 = ORIENTED_EDGE ( 'NONE', *, *, #6593, .F. ) ;
#4226 = DIRECTION ( 'NONE',  ( -0.1391731009600623570, -4.225892738679977771E-15, 0.9902680687415708061 ) ) ;
#4227 = CARTESIAN_POINT ( 'NONE',  ( 1.178186808404821928, 0.2753028608971970215, 0.9281627056784189644 ) ) ;
#4228 = CARTESIAN_POINT ( 'NONE',  ( -0.9149999999999990363, 0.2000000000000007327, 0.4000000000000000222 ) ) ;
#4229 = STYLED_ITEM ( 'NONE', ( #3233 ), #10311 ) ;
#4230 = CARTESIAN_POINT ( 'NONE',  ( 1.182327826920569036, 0.1582053243615262617, 0.8915125313773100135 ) ) ;
#4231 = CARTESIAN_POINT ( 'NONE',  ( 1.152816877152650354, -0.1078821254503317811, 1.108679146369094148 ) ) ;
#4232 = CARTESIAN_POINT ( 'NONE',  ( 1.180391656178859883, 0.3078056933612357549, 0.9052891020502331632 ) ) ;
#4233 = CARTESIAN_POINT ( 'NONE',  ( 1.146779601598409526, -0.4722708841610119279, 1.151636594053431217 ) ) ;
#4234 = EDGE_LOOP ( 'NONE', ( #10244, #893, #16, #10441 ) ) ;
#4235 = FILL_AREA_STYLE_COLOUR ( '', #10365 ) ;
#4236 = PLANE ( 'NONE',  #4092 ) ;
#4237 = CARTESIAN_POINT ( 'NONE',  ( 1.181398812259762288, 0.2921157464040102791, 0.8981228141664642228 ) ) ;
#4238 = EDGE_LOOP ( 'NONE', ( #1363, #4554, #2597, #4694 ) ) ;
#4239 = ORIENTED_EDGE ( 'NONE', *, *, #7234, .T. ) ;
#4240 = EDGE_LOOP ( 'NONE', ( #8729, #3028, #8037, #8759 ) ) ;
#4241 = ORIENTED_EDGE ( 'NONE', *, *, #2878, .F. ) ;
#4242 = EDGE_CURVE ( 'NONE', #133, #1269, #3998, .T. ) ;
#4243 = CARTESIAN_POINT ( 'NONE',  ( 1.171049442878273616, -0.5208560481278446952, 0.9789477002436126618 ) ) ;
#4244 = DIRECTION ( 'NONE',  ( 0.000000000000000000, 0.3254907468877241139, -0.9455452256187810711 ) ) ;
#4245 = ORIENTED_EDGE ( 'NONE', *, *, #7776, .T. ) ;
#4246 = VERTEX_POINT ( 'NONE', #8925 ) ;
#4247 = EDGE_CURVE ( 'NONE', #3132, #9228, #7126, .T. ) ;
#4248 = CARTESIAN_POINT ( 'NONE',  ( 1.175095881122016017, 0.2971065844024654012, 0.9501557960805890879 ) ) ;
#4249 = VECTOR ( 'NONE', #5599, 1000.000000000000227 ) ;
#4250 = ORIENTED_EDGE ( 'NONE', *, *, #4083, .F. ) ;
#4251 = VERTEX_POINT ( 'NONE', #4154 ) ;
#4252 =( NAMED_UNIT ( * ) PLANE_ANGLE_UNIT ( ) SI_UNIT ( $, .RADIAN. ) );
#4253 = CARTESIAN_POINT ( 'NONE',  ( 1.158346866222010885, -0.1434534297040134243, 1.062145933045520518 ) ) ;
#4254 = CARTESIAN_POINT ( 'NONE',  ( -1.150968503025307621, 2.149995309899464413, 0.4100333717993135396 ) ) ;
#4255 = FACE_OUTER_BOUND ( 'NONE', #2694, .T. ) ;
#4256 = CARTESIAN_POINT ( 'NONE',  ( 1.153034057285735159, -0.4176125674582579772, 1.099948532891509290 ) ) ;
#4257 = EDGE_LOOP ( 'NONE', ( #568, #4562, #7538, #1892 ) ) ;
#4258 = STYLED_ITEM ( 'NONE', ( #7721 ), #2731 ) ;
#4259 = VECTOR ( 'NONE', #3448, 1000.000000000000000 ) ;
#4260 = CARTESIAN_POINT ( 'NONE',  ( 1.185480007611194431, 0.4158885287627306360, 0.8762688968660791167 ) ) ;
#4261 = ORIENTED_EDGE ( 'NONE', *, *, #8591, .F. ) ;
#4262 = CARTESIAN_POINT ( 'NONE',  ( 1.182475427380763167, 0.3579012297692725220, 0.8904622995318354217 ) ) ;
#4263 = B_SPLINE_CURVE_WITH_KNOTS ( 'NONE', 3,
 ( #7846, #534, #9518, #3811 ),
 .UNSPECIFIED., .F., .F.,
 ( 4, 4 ),
 ( 11.00000000000000000, 12.00000000000000000 ),
 .UNSPECIFIED. ) ;
#4264 = EDGE_LOOP ( 'NONE', ( #9824, #4439, #4205, #8014, #9384, #7945, #6463, #7435, #6358, #5046 ) ) ;
#4265 = VECTOR ( 'NONE', #4272, 1000.000000000000000 ) ;
#4266 = COLOUR_RGB ( '',0.2509803921568627416, 0.2509803921568627416, 0.2509803921568627416 ) ;
#4267 = UNCERTAINTY_MEASURE_WITH_UNIT (LENGTH_MEASURE( 1.000000000000000082E-05 ), #1724, 'distance_accuracy_value', 'NONE');
#4268 = CARTESIAN_POINT ( 'NONE',  ( 1.158825100987614265, 0.1873705339142499038, 1.065928412408482684 ) ) ;
#4269 = DIRECTION ( 'NONE',  ( 0.1378445374916251465, 0.1378445374916245358, -0.9808148484639902520 ) ) ;
#4270 = CARTESIAN_POINT ( 'NONE',  ( 1.174956486294100655, 0.2647909083631490024, 0.9439623452842639262 ) ) ;
#4271 = ORIENTED_EDGE ( 'NONE', *, *, #4022, .T. ) ;
#4272 = DIRECTION ( 'NONE',  ( 1.000000000000000000, -0.000000000000000000, 0.000000000000000000 ) ) ;
#4273 = ADVANCED_FACE ( 'NONE', ( #9087 ), #9288, .T. ) ;
#4274 = VECTOR ( 'NONE', #4546, 1000.000000000000227 ) ;
#4275 = EDGE_CURVE ( 'NONE', #6198, #9872, #4375, .T. ) ;
#4276 = CARTESIAN_POINT ( 'NONE',  ( 1.183178700161279684, 0.3045304559248268594, 0.8854582536827700912 ) ) ;
#4277 = VECTOR ( 'NONE', #8017, 1000.000000000000227 ) ;
#4278 = DIRECTION ( 'NONE',  ( 1.000000000000000000, 0.000000000000000000, 0.000000000000000000 ) ) ;
#4279 = AXIS2_PLACEMENT_3D ( 'NONE', #6127, #7881, #3626 ) ;
#4280 = CARTESIAN_POINT ( 'NONE',  ( -2.214999999999998970, 1.700000000000000178, 0.4000000000000000222 ) ) ;
#4281 = CARTESIAN_POINT ( 'NONE',  ( 1.150000000000000355, -2.150000000000000355, 0.4099999999999703326 ) ) ;
#4282 = CARTESIAN_POINT ( 'NONE',  ( 1.155169342256537446, 0.4327014142695422838, 1.084755190861599328 ) ) ;
#4283 = CARTESIAN_POINT ( 'NONE',  ( 1.181433557292300485, -0.3004876231897625205, 0.9050608869482689167 ) ) ;
#4284 = DIRECTION ( 'NONE',  ( -0.9902680687415706950, -1.431534388630178744E-16, -0.1391731009600623292 ) ) ;
#4285 = EDGE_CURVE ( 'NONE', #1975, #7226, #5117, .T. ) ;
#4286 = VERTEX_POINT ( 'NONE', #75 ) ;
#4287 = CARTESIAN_POINT ( 'NONE',  ( 0.000000000000000000, -2.007503214919903467, 1.423917310096006084 ) ) ;
#4288 = ORIENTED_EDGE ( 'NONE', *, *, #8596, .F. ) ;
#4289 = ADVANCED_FACE ( 'NONE', ( #4311 ), #228, .F. ) ;
#4290 = VERTEX_POINT ( 'NONE', #3556 ) ;
#4291 = AXIS2_PLACEMENT_3D ( 'NONE', #6335, #7246, #5182 ) ;
#4292 = CARTESIAN_POINT ( 'NONE',  ( 1.165108608394333167, -0.5208560481278448062, 1.014033637522010034 ) ) ;
#4293 = DIRECTION ( 'NONE',  ( 1.000000000000000000, 0.000000000000000000, 0.000000000000000000 ) ) ;
#4294 = CARTESIAN_POINT ( 'NONE',  ( 1.143253677336235175, -0.3265153922605140702, 1.169539552257599313 ) ) ;
#4295 = EDGE_CURVE ( 'NONE', #10493, #4251, #2452, .T. ) ;
#4296 = AXIS2_PLACEMENT_3D ( 'NONE', #8490, #4418, #2854 ) ;
#4297 = CARTESIAN_POINT ( 'NONE',  ( 1.173350722740490015, 0.3328534615654645812, 0.9625732431892650709 ) ) ;
#4298 = ORIENTED_EDGE ( 'NONE', *, *, #5315, .T. ) ;
#4299 = ORIENTED_EDGE ( 'NONE', *, *, #1814, .T. ) ;
#4300 = VERTEX_POINT ( 'NONE', #10069 ) ;
#4301 = ORIENTED_EDGE ( 'NONE', *, *, #1126, .F. ) ;
#4302 = CARTESIAN_POINT ( 'NONE',  ( 1.156506905525538809, 0.1629466204599333279, 1.082423230209903497 ) ) ;
#4303 = CARTESIAN_POINT ( 'NONE',  ( 1.185766526151469158, 0.2635431988637454981, 0.8742302115197043699 ) ) ;
#4304 = AXIS2_PLACEMENT_3D ( 'NONE', #6804, #1945, #3599 ) ;
#4305 = CARTESIAN_POINT ( 'NONE',  ( 1.182848769721016380, 0.1810696009414811958, 0.8878058307479144151 ) ) ;
#4306 = CARTESIAN_POINT ( 'NONE',  ( 1.155207482473165737, -0.5607653200988230724, 1.084483809118998776 ) ) ;
#4307 = CARTESIAN_POINT ( 'NONE',  ( 1.171180127738608467, 0.6644634538161459103, 0.9780178291452094053 ) ) ;
#4308 = DIRECTION ( 'NONE',  ( -0.9902680687415706950, -1.431534388630178744E-16, -0.1391731009600623292 ) ) ;
#4309 = ADVANCED_FACE ( 'NONE', ( #8511 ), #2533, .F. ) ;
#4310 = CARTESIAN_POINT ( 'NONE',  ( 1.181433557292300485, -0.3004876231897625205, 0.9050608869482689167 ) ) ;
#4311 = FACE_OUTER_BOUND ( 'NONE', #5045, .T. ) ;
#4312 = CARTESIAN_POINT ( 'NONE',  ( 1.182301779780575934, 0.3078056933612357549, 0.8916978664085718487 ) ) ;
#4313 = ORIENTED_EDGE ( 'NONE', *, *, #336, .T. ) ;
#4314 = EDGE_LOOP ( 'NONE', ( #2156, #7871, #10016, #6155 ) ) ;
#4315 = AXIS2_PLACEMENT_3D ( 'NONE', #2826, #6789, #2724 ) ;
#4316 = B_SPLINE_CURVE_WITH_KNOTS ( 'NONE', 3,
 ( #7043, #6987, #1201, #6126 ),
 .UNSPECIFIED., .F., .F.,
 ( 4, 4 ),
 ( 4.000000000000000000, 5.000000000000000000 ),
 .UNSPECIFIED. ) ;
#4317 = CARTESIAN_POINT ( 'NONE',  ( 1.175295575862196795, 0.1753301372432980176, 0.9487348941725856077 ) ) ;
#4318 = DIRECTION ( 'NONE',  ( -0.000000000000000000, -1.000000000000000000, -2.484500384904641282E-15 ) ) ;
#4319 = ORIENTED_EDGE ( 'NONE', *, *, #2053, .T. ) ;
#4320 = CARTESIAN_POINT ( 'NONE',  ( 1.185054570990838885, 0.2489449977186548313, 0.8792960357133509097 ) ) ;
#4321 = DIRECTION ( 'NONE',  ( 0.000000000000000000, -0.000000000000000000, 1.000000000000000000 ) ) ;
#4322 = CARTESIAN_POINT ( 'NONE',  ( 1.185480007611194209, 0.6106871743839673572, 0.8762688968660798938 ) ) ;
#4323 = ORIENTED_EDGE ( 'NONE', *, *, #9068, .T. ) ;
#4324 = LINE ( 'NONE', #7469, #9534 ) ;
#4325 = CARTESIAN_POINT ( 'NONE',  ( 1.144915928215276546, 0.5102465596682566051, 1.164897319216186888 ) ) ;
#4326 = FACE_OUTER_BOUND ( 'NONE', #9711, .T. ) ;
#4327 = DIRECTION ( 'NONE',  ( 0.000000000000000000, -1.000000000000000000, -5.554079155769711179E-15 ) ) ;
#4328 = CARTESIAN_POINT ( 'NONE',  ( 1.173810412133001746, 0.2814790229201503124, 0.9521170866697553636 ) ) ;
#4329 = CARTESIAN_POINT ( 'NONE',  ( 1.184489739542452513, 0.5045694814458165922, 0.8761297237651194392 ) ) ;
#4330 = EDGE_CURVE ( 'NONE', #4251, #3116, #3906, .T. ) ;
#4331 = B_SPLINE_CURVE_WITH_KNOTS ( 'NONE', 3,
 ( #6868, #10120, #5278, #7565 ),
 .UNSPECIFIED., .F., .F.,
 ( 4, 4 ),
 ( 14.00000000000000000, 15.00000000000000000 ),
 .UNSPECIFIED. ) ;
#4332 = CARTESIAN_POINT ( 'NONE',  ( 1.158538582447339982, 0.1422970282421217592, 1.067967097754855210 ) ) ;
#4333 = ORIENTED_EDGE ( 'NONE', *, *, #286, .F. ) ;
#4334 = DIRECTION ( 'NONE',  ( 0.000000000000000000, 1.000000000000000000, 0.000000000000000000 ) ) ;
#4335 = ORIENTED_EDGE ( 'NONE', *, *, #5499, .T. ) ;
#4336 = CARTESIAN_POINT ( 'NONE',  ( 1.185297414568225349, -0.4696681304213600194, 0.8775681138755390132 ) ) ;
#4337 = CARTESIAN_POINT ( 'NONE',  ( 1.158538582447339760, 0.3853196460229122988, 1.067967097754856098 ) ) ;
#4338 = CARTESIAN_POINT ( 'NONE',  ( 1.885000000000000453, -0.5649999999999993916, 0.4000000000000000222 ) ) ;
#4339 = EDGE_CURVE ( 'NONE', #3972, #2303, #8466, .T. ) ;
#4340 = LINE ( 'NONE', #762, #8387 ) ;
#4341 = EDGE_CURVE ( 'NONE', #3116, #6975, #6004, .T. ) ;
#4342 = CARTESIAN_POINT ( 'NONE',  ( 1.180149026286524627, 0.2721835871484730163, 0.9142007999742303159 ) ) ;
#4343 = CARTESIAN_POINT ( 'NONE',  ( 1.150000000000000355, 2.149999999999999467, 0.4099999999999703326 ) ) ;
#4344 = PRESENTATION_STYLE_ASSIGNMENT (( #10043 ) ) ;
#4345 = B_SPLINE_SURFACE_WITH_KNOTS ( 'NONE', 3, 1, ( 
 ( #6680, #155 ),
 ( #4926, #4127 ),
 ( #7373, #6579 ),
 ( #1056, #1152 ) ),
 .UNSPECIFIED., .F., .F., .F.,
 ( 4, 4 ),
 ( 2, 2 ),
 ( 2.000000000000000000, 3.000000000000000000 ),
 ( 0.000000000000000000, 1.000000000000000000 ),
 .UNSPECIFIED. ) ;
#4346 = DIRECTION ( 'NONE',  ( -0.1391731009600699620, -7.793309503233202932E-15, 0.9902680687415696958 ) ) ;
#4347 = EDGE_CURVE ( 'NONE', #2848, #5170, #3037, .T. ) ;
#4348 = DIRECTION ( 'NONE',  ( -0.9902680687415706950, -1.431534388630178744E-16, -0.1391731009600623292 ) ) ;
#4349 = FACE_OUTER_BOUND ( 'NONE', #6720, .T. ) ;
#4350 = ORIENTED_EDGE ( 'NONE', *, *, #7779, .F. ) ;
#4351 = ORIENTED_EDGE ( 'NONE', *, *, #6999, .F. ) ;
#4352 = ORIENTED_EDGE ( 'NONE', *, *, #267, .F. ) ;
#4353 = VECTOR ( 'NONE', #10552, 1000.000000000000000 ) ;
#4354 = ORIENTED_EDGE ( 'NONE', *, *, #5797, .T. ) ;
#4355 = ADVANCED_FACE ( 'NONE', ( #7887 ), #9137, .F. ) ;
#4356 = CARTESIAN_POINT ( 'NONE',  ( 1.177830830824449615, 0.09369874323312502029, 0.9306956177756490201 ) ) ;
#4357 = DIRECTION ( 'NONE',  ( 0.000000000000000000, 0.3529050420742029792, -0.9356591426788951615 ) ) ;
#4358 = SURFACE_STYLE_USAGE ( .BOTH. , #1173 ) ;
#4359 = CARTESIAN_POINT ( 'NONE',  ( 1.151922132133655907, 0.1472878662401651273, 1.107860291452173573 ) ) ;
#4360 = CARTESIAN_POINT ( 'NONE',  ( 1.179940172418511235, 0.2855652715311925438, 0.9085015759287666803 ) ) ;
#4361 = CARTESIAN_POINT ( 'NONE',  ( 1.176684279915631404, 0.2282330200255208441, 0.9316684548630975726 ) ) ;
#4362 = VECTOR ( 'NONE', #9572, 1000.000000000000227 ) ;
#4363 = DIRECTION ( 'NONE',  ( 0.9902680687415706950, 0.000000000000000000, 0.1391731009600623292 ) ) ;
#4364 = CARTESIAN_POINT ( 'NONE',  ( 1.142258643185105171, 0.1962916568364787007, 1.176619588129285798 ) ) ;
#4365 = CARTESIAN_POINT ( 'NONE',  ( 1.154961441884193585, 0.1524970534007949741, 1.093419775410577000 ) ) ;
#4366 = VECTOR ( 'NONE', #6913, 1000.000000000000227 ) ;
#4367 = ORIENTED_EDGE ( 'NONE', *, *, #336, .F. ) ;
#4368 = ORIENTED_EDGE ( 'NONE', *, *, #9744, .T. ) ;
#4369 = ORIENTED_EDGE ( 'NONE', *, *, #10187, .F. ) ;
#4370 = EDGE_CURVE ( 'NONE', #2742, #10226, #5501, .T. ) ;
#4371 = AXIS2_PLACEMENT_3D ( 'NONE', #7413, #1587, #6618 ) ;
#4372 = UNCERTAINTY_MEASURE_WITH_UNIT (LENGTH_MEASURE( 1.000000000000000082E-05 ), #9465, 'distance_accuracy_value', 'NONE');
#4373 = CARTESIAN_POINT ( 'NONE',  ( 1.158538582447339982, 0.07794641080098867192, 1.067967097754854988 ) ) ;
#4374 = AXIS2_PLACEMENT_3D ( 'NONE', #8735, #7003, #9457 ) ;
#4375 = B_SPLINE_CURVE_WITH_KNOTS ( 'NONE', 3,
 ( #9236, #9865, #1038, #1742 ),
 .UNSPECIFIED., .F., .F.,
 ( 4, 4 ),
 ( 5.000000000000000000, 6.000000000000000000 ),
 .UNSPECIFIED. ) ;
#4376 = CARTESIAN_POINT ( 'NONE',  ( 1.140973650943925888, 0.2386513943472002852, 1.185762783015673394 ) ) ;
#4377 = EDGE_LOOP ( 'NONE', ( #5180, #2004, #7759, #5959 ) ) ;
#4378 = DIRECTION ( 'NONE',  ( 5.042800802258161104E-17, -1.000000000000000000, 0.000000000000000000 ) ) ;
#4379 = CARTESIAN_POINT ( 'NONE',  ( 1.175885977702742613, 0.1373373829811191105, 0.9445339667923279281 ) ) ;
#4380 = AXIS2_PLACEMENT_3D ( 'NONE', #6470, #9802, #6640 ) ;
#4381 = CARTESIAN_POINT ( 'NONE',  ( 1.179914602026352455, 0.1854053914525714553, 0.9158688152572513896 ) ) ;
#4382 = LINE ( 'NONE', #4329, #5633 ) ;
#4383 = CARTESIAN_POINT ( 'NONE',  ( 1.250000000000000222, 2.049999999999999822, 0.1100000000000000699 ) ) ;
#4384 = ORIENTED_EDGE ( 'NONE', *, *, #8087, .T. ) ;
#4385 = DIRECTION ( 'NONE',  ( -0.9902680687415706950, -1.431534388630178744E-16, -0.1391731009600623292 ) ) ;
#4386 = DIRECTION ( 'NONE',  ( 1.008560160451632221E-16, -1.000000000000000000, 0.000000000000000000 ) ) ;
#4387 = LINE ( 'NONE', #6888, #3969 ) ;
#4388 = ORIENTED_EDGE ( 'NONE', *, *, #9644, .F. ) ;
#4389 = CARTESIAN_POINT ( 'NONE',  ( 1.144968418932056364, -0.4037311038593497936, 1.164523828359308455 ) ) ;
#4390 = CARTESIAN_POINT ( 'NONE',  ( 1.153893509143190776, 0.5378209396091662153, 1.101018511701453262 ) ) ;
#4391 = DIRECTION ( 'NONE',  ( -0.1391731009600699620, -7.793309503233202932E-15, 0.9902680687415696958 ) ) ;
#4392 =( LENGTH_UNIT ( ) NAMED_UNIT ( * ) SI_UNIT ( .MILLI., .METRE. ) );
#4393 = FACE_OUTER_BOUND ( 'NONE', #2739, .T. ) ;
#4394 = EDGE_CURVE ( 'NONE', #5052, #4950, #1000, .T. ) ;
#4395 = CARTESIAN_POINT ( 'NONE',  ( -1.008476408045745343, -1.908476408045746142, 1.409999999999999920 ) ) ;
#4396 = ADVANCED_FACE ( 'NONE', ( #4062 ), #9205, .F. ) ;
#4397 = ORIENTED_EDGE ( 'NONE', *, *, #1557, .F. ) ;
#4398 = ORIENTED_EDGE ( 'NONE', *, *, #10236, .T. ) ;
#4399 = EDGE_CURVE ( 'NONE', #4401, #1041, #2825, .T. ) ;
#4400 = ORIENTED_EDGE ( 'NONE', *, *, #5731, .F. ) ;
#4401 = VERTEX_POINT ( 'NONE', #5086 ) ;
#4402 = CARTESIAN_POINT ( 'NONE',  ( 1.175252163962207996, 0.2694386262491972883, 0.9490437858913565172 ) ) ;
#4403 = ORIENTED_EDGE ( 'NONE', *, *, #10518, .F. ) ;
#4404 = FACE_OUTER_BOUND ( 'NONE', #989, .T. ) ;
#4405 = CARTESIAN_POINT ( 'NONE',  ( 1.152460916441932604, 0.4511051293881750412, 1.111211938432492108 ) ) ;
#4406 = LINE ( 'NONE', #1337, #10341 ) ;
#4407 =( NAMED_UNIT ( * ) PLANE_ANGLE_UNIT ( ) SI_UNIT ( $, .RADIAN. ) );
#4408 = LINE ( 'NONE', #4504, #7606 ) ;
#4409 = VERTEX_POINT ( 'NONE', #7314 ) ;
#4410 = LINE ( 'NONE', #2005, #238 ) ;
#4411 = PLANE ( 'NONE',  #2652 ) ;
#4412 = ADVANCED_FACE ( 'NONE', ( #3466 ), #6519, .F. ) ;
#4413 = ORIENTED_EDGE ( 'NONE', *, *, #5571, .T. ) ;
#4414 = VECTOR ( 'NONE', #5066, 1000.000000000000000 ) ;
#4415 = DIRECTION ( 'NONE',  ( 1.000000000000000000, 0.000000000000000000, 0.000000000000000000 ) ) ;
#4416 = CARTESIAN_POINT ( 'NONE',  ( 1.141708289787361164, -0.3768357391772623188, 1.187720852566533702 ) ) ;
#4417 = EDGE_CURVE ( 'NONE', #5814, #7298, #1861, .T. ) ;
#4418 = DIRECTION ( 'NONE',  ( 0.1391731009600623570, 1.274810976181306153E-14, -0.9902680687415708061 ) ) ;
#4419 = EDGE_LOOP ( 'NONE', ( #4646, #10320, #1299, #7359 ) ) ;
#4420 = LINE ( 'NONE', #7673, #6270 ) ;
#4421 = FACE_OUTER_BOUND ( 'NONE', #1963, .T. ) ;
#4422 = DIRECTION ( 'NONE',  ( -0.9902680687415706950, -1.431534388630178744E-16, -0.1391731009600623292 ) ) ;
#4423 = B_SPLINE_CURVE_WITH_KNOTS ( 'NONE', 3,
 ( #973, #5805, #764, #8253 ),
 .UNSPECIFIED., .F., .F.,
 ( 4, 4 ),
 ( 18.00000000000000000, 19.00000000000000000 ),
 .UNSPECIFIED. ) ;
#4424 = CYLINDRICAL_SURFACE ( 'NONE', #96, 0.1000000000000000472 ) ;
#4425 = EDGE_LOOP ( 'NONE', ( #3769, #1872, #6580, #541 ) ) ;
#4426 = EDGE_CURVE ( 'NONE', #10380, #9842, #2307, .T. ) ;
#4427 = STYLED_ITEM ( 'NONE', ( #1932 ), #3004 ) ;
#4428 = SURFACE_STYLE_FILL_AREA ( #9986 ) ;
#4429 = DIRECTION ( 'NONE',  ( 0.000000000000000000, 1.000000000000000000, 0.000000000000000000 ) ) ;
#4430 = VECTOR ( 'NONE', #2720, 1000.000000000000227 ) ;
#4431 = EDGE_CURVE ( 'NONE', #5052, #7077, #3274, .T. ) ;
#4432 = ORIENTED_EDGE ( 'NONE', *, *, #8399, .F. ) ;
#4433 =( LENGTH_UNIT ( ) NAMED_UNIT ( * ) SI_UNIT ( .MILLI., .METRE. ) );
#4434 = CARTESIAN_POINT ( 'NONE',  ( 1.283284485972670197, -2.244993562105683114E-15, 0.1803538728192233265 ) ) ;
#4435 = VERTEX_POINT ( 'NONE', #1651 ) ;
#4436 = CARTESIAN_POINT ( 'NONE',  ( 1.178924333957610759, 0.1854053914525714553, 0.9157296421562913791 ) ) ;
#4437 = AXIS2_PLACEMENT_3D ( 'NONE', #3903, #619, #8666 ) ;
#4438 = CARTESIAN_POINT ( 'NONE',  ( 1.179072411165523970, 0.2562440982912000398, 0.9218613146088593391 ) ) ;
#4439 = ORIENTED_EDGE ( 'NONE', *, *, #4683, .T. ) ;
#4440 = DIRECTION ( 'NONE',  ( -0.9902680687415706950, 0.000000000000000000, -0.1391731009600623292 ) ) ;
#4441 =( NAMED_UNIT ( * ) SI_UNIT ( $, .STERADIAN. ) SOLID_ANGLE_UNIT ( ) );
#4442 = VECTOR ( 'NONE', #6985, 1000.000000000000000 ) ;
#4443 = DIRECTION ( 'NONE',  ( -0.9902680687415706950, -1.431534388630178744E-16, -0.1391731009600623292 ) ) ;
#4444 = FACE_OUTER_BOUND ( 'NONE', #3951, .T. ) ;
#4445 = LINE ( 'NONE', #5256, #6891 ) ;
#4446 = SURFACE_STYLE_FILL_AREA ( #9579 ) ;
#4447 = ORIENTED_EDGE ( 'NONE', *, *, #521, .T. ) ;
#4448 = ORIENTED_EDGE ( 'NONE', *, *, #4831, .F. ) ;
#4449 = VERTEX_POINT ( 'NONE', #154 ) ;
#4450 = VERTEX_POINT ( 'NONE', #6679 ) ;
#4451 = CARTESIAN_POINT ( 'NONE',  ( 1.183039782081198865, 0.2651028357381030598, 0.8864467071836688028 ) ) ;
#4452 = EDGE_CURVE ( 'NONE', #3756, #2837, #2186, .T. ) ;
#4453 = CARTESIAN_POINT ( 'NONE',  ( 1.179158758217782932, 0.2721835871484730163, 0.9140616268732703054 ) ) ;
#4454 = CARTESIAN_POINT ( 'NONE',  ( 1.173810412133001746, 0.2070531512701599408, 0.9521170866697551416 ) ) ;
#4455 = DIRECTION ( 'NONE',  ( 0.000000000000000000, 0.000000000000000000, 1.000000000000000000 ) ) ;
#4456 = LINE ( 'NONE', #8527, #6105 ) ;
#4457 = CARTESIAN_POINT ( 'NONE',  ( 1.158346866222010885, -0.1503941615036764046, 1.062145933045520518 ) ) ;
#4458 = ADVANCED_FACE ( 'NONE', ( #842 ), #9047, .T. ) ;
#4459 = EDGE_LOOP ( 'NONE', ( #2421, #4145, #2368, #7727 ) ) ;
#4460 = DIRECTION ( 'NONE',  ( -0.1391731009600623570, -5.979786339863725811E-15, 0.9902680687415708061 ) ) ;
#4461 = EDGE_LOOP ( 'NONE', ( #2540, #4463, #3665, #3921 ) ) ;
#4462 = DIRECTION ( 'NONE',  ( -1.000000000000000000, 0.000000000000000000, 0.000000000000000000 ) ) ;
#4463 = ORIENTED_EDGE ( 'NONE', *, *, #681, .F. ) ;
#4464 = ADVANCED_FACE ( 'NONE', ( #7504 ), #67, .F. ) ;
#4465 = UNCERTAINTY_MEASURE_WITH_UNIT (LENGTH_MEASURE( 1.000000000000000082E-05 ), #2399, 'distance_accuracy_value', 'NONE');
#4466 = EDGE_CURVE ( 'NONE', #9596, #5052, #2681, .T. ) ;
#4467 = FILL_AREA_STYLE ('',( #3613 ) ) ;
#4468 = ORIENTED_EDGE ( 'NONE', *, *, #2699, .F. ) ;
#4469 =( NAMED_UNIT ( * ) PLANE_ANGLE_UNIT ( ) SI_UNIT ( $, .RADIAN. ) );
#4470 = LINE ( 'NONE', #3668, #10090 ) ;
#4471 = EDGE_CURVE ( 'NONE', #5926, #783, #1150, .T. ) ;
#4472 = VERTEX_POINT ( 'NONE', #3493 ) ;
#4473 = AXIS2_PLACEMENT_3D ( 'NONE', #4434, #7689, #362 ) ;
#4474 = CARTESIAN_POINT ( 'NONE',  ( 1.140565579083565817, 0.4050646488537268386, 1.188666365175434558 ) ) ;
#4475 = LINE ( 'NONE', #9603, #569 ) ;
#4476 = CYLINDRICAL_SURFACE ( 'NONE', #6485, 0.1000000000000000472 ) ;
#4477 = EDGE_CURVE ( 'NONE', #1269, #460, #5004, .T. ) ;
#4478 = CARTESIAN_POINT ( 'NONE',  ( 1.182232797488312670, 0.1582053243615262617, 0.8993739974566514750 ) ) ;
#4479 = CARTESIAN_POINT ( 'NONE',  ( 1.171628865532319486, -0.4566542210637596910, 0.9676395973002210882 ) ) ;
#4480 = CARTESIAN_POINT ( 'NONE',  ( 1.151019164612842260, 0.4345417857818211771, 1.114285239210065726 ) ) ;
#4481 = DIRECTION ( 'NONE',  ( -5.042800802258161104E-17, 1.000000000000000000, 0.000000000000000000 ) ) ;
#4482 = CARTESIAN_POINT ( 'NONE',  ( 1.179743127506727829, -0.2093904314435910130, 0.9170889198623486394 ) ) ;
#4483 = SURFACE_STYLE_FILL_AREA ( #8557 ) ;
#4484 = DIRECTION ( 'NONE',  ( 1.000000000000000000, -3.047493566145097862E-16, 2.168404344971008079E-15 ) ) ;
#4485 = ORIENTED_EDGE ( 'NONE', *, *, #5836, .T. ) ;
#4486 =( LENGTH_UNIT ( ) NAMED_UNIT ( * ) SI_UNIT ( .MILLI., .METRE. ) );
#4487 = VERTEX_POINT ( 'NONE', #9282 ) ;
#4488 = EDGE_CURVE ( 'NONE', #10092, #5148, #3443, .T. ) ;
#4489 = CARTESIAN_POINT ( 'NONE',  ( 1.155207482473165737, -0.5607653200988230724, 1.084483809118998776 ) ) ;
#4490 = FACE_OUTER_BOUND ( 'NONE', #8742, .T. ) ;
#4491 = CARTESIAN_POINT ( 'NONE',  ( 1.189291572434628019, 0.3219048107066465603, 0.8491482039265142445 ) ) ;
#4492 = CARTESIAN_POINT ( 'NONE',  ( -1.149999999999999689, 2.049999999999999822, 0.1100000000000000006 ) ) ;
#4493 = DIRECTION ( 'NONE',  ( -0.1391731009600623570, 0.000000000000000000, 0.9902680687415708061 ) ) ;
#4494 = ORIENTED_EDGE ( 'NONE', *, *, #10141, .T. ) ;
#4495 = ORIENTED_EDGE ( 'NONE', *, *, #8990, .F. ) ;
#4496 = ORIENTED_EDGE ( 'NONE', *, *, #7060, .F. ) ;
#4497 = CARTESIAN_POINT ( 'NONE',  ( 1.184533151442557219, 0.2556826290161979265, 0.8758208320455235230 ) ) ;
#4498 = CARTESIAN_POINT ( 'NONE',  ( 1.156602411705630606, 0.09369874323312436804, 1.081743668427779026 ) ) ;
#4499 =( NAMED_UNIT ( * ) PLANE_ANGLE_UNIT ( ) SI_UNIT ( $, .RADIAN. ) );
#4500 = CARTESIAN_POINT ( 'NONE',  ( 1.182484586508595337, 0.3597727940190045826, 0.8975824254853018713 ) ) ;
#4501 = CARTESIAN_POINT ( 'NONE',  ( -0.9149999999999989253, -0.1999999999999999278, 0.000000000000000000 ) ) ;
#4502 = DIRECTION ( 'NONE',  ( 0.000000000000000000, 2.729269891713034622E-15, -1.000000000000000000 ) ) ;
#4503 = DIRECTION ( 'NONE',  ( 0.000000000000000000, 0.000000000000000000, -1.000000000000000000 ) ) ;
#4504 = CARTESIAN_POINT ( 'NONE',  ( 1.156602411705630384, 0.3675085929167397070, 1.081743668427780136 ) ) ;
#4505 = VERTEX_POINT ( 'NONE', #2625 ) ;
#4506 = SURFACE_SIDE_STYLE ('',( #3656 ) ) ;
#4507 = VERTEX_POINT ( 'NONE', #1834 ) ;
#4508 = VECTOR ( 'NONE', #4221, 1000.000000000000000 ) ;
#4509 = B_SPLINE_CURVE_WITH_KNOTS ( 'NONE', 3,
 ( #10388, #8117, #2448, #2214 ),
 .UNSPECIFIED., .F., .F.,
 ( 4, 4 ),
 ( 4.000000000000000000, 5.000000000000000000 ),
 .UNSPECIFIED. ) ;
#4510 = ADVANCED_FACE ( 'NONE', ( #5111 ), #901, .T. ) ;
#4511 = VERTEX_POINT ( 'NONE', #7382 ) ;
#4512 = VECTOR ( 'NONE', #4544, 1000.000000000000227 ) ;
#4513 = FACE_OUTER_BOUND ( 'NONE', #6688, .T. ) ;
#4514 = CARTESIAN_POINT ( 'NONE',  ( 1.143248911253846867, 0.2098916903817933943, 1.176758761230245920 ) ) ;
#4515 = VERTEX_POINT ( 'NONE', #7211 ) ;
#4516 = VECTOR ( 'NONE', #4130, 1000.000000000000227 ) ;
#4517 = CARTESIAN_POINT ( 'NONE',  ( 1.143509382654012363, 0.3675085929167393739, 1.174905410915961124 ) ) ;
#4518 = PLANE ( 'NONE',  #3956 ) ;
#4519 = ORIENTED_EDGE ( 'NONE', *, *, #9618, .F. ) ;
#4520 = DIRECTION ( 'NONE',  ( -1.000000000000000000, -0.000000000000000000, -0.000000000000000000 ) ) ;
#4521 = VECTOR ( 'NONE', #2377, 1000.000000000000000 ) ;
#4522 = EDGE_CURVE ( 'NONE', #10422, #1718, #9059, .T. ) ;
#4523 = ORIENTED_EDGE ( 'NONE', *, *, #9751, .T. ) ;
#4524 = ADVANCED_FACE ( 'NONE', ( #631 ), #6249, .F. ) ;
#4525 = CARTESIAN_POINT ( 'NONE',  ( 1.169460539749125561, 0.4787418948039905420, 0.9830680369262247975 ) ) ;
#4526 = CARTESIAN_POINT ( 'NONE',  ( 1.172082618511471219, 0.1967283551612540038, 0.9644109770909217172 ) ) ;
#4527 = VECTOR ( 'NONE', #9085, 1000.000000000000000 ) ;
#4528 = DIRECTION ( 'NONE',  ( -0.9902680687415706950, 0.000000000000000000, -0.1391731009600623292 ) ) ;
#4529 = ORIENTED_EDGE ( 'NONE', *, *, #6268, .T. ) ;
#4530 = EDGE_CURVE ( 'NONE', #6343, #9995, #7768, .T. ) ;
#4531 = ORIENTED_EDGE ( 'NONE', *, *, #1987, .T. ) ;
#4532 = VECTOR ( 'NONE', #2093, 1000.000000000000227 ) ;
#4533 = CARTESIAN_POINT ( 'NONE',  ( 1.172082618511471219, 0.2904001458419628867, 0.9644109770909219392 ) ) ;
#4534 = FILL_AREA_STYLE_COLOUR ( '', #4714 ) ;
#4535 = CARTESIAN_POINT ( 'NONE',  ( 1.184021367769943156, 0.1898035674385723237, 0.8866476586283806860 ) ) ;
#4536 = LINE ( 'NONE', #6174, #10234 ) ;
#4537 = CARTESIAN_POINT ( 'NONE',  ( 1.182059149888240457, 0.1737081148940254616, 0.9006095643325694455 ) ) ;
#4538 = CARTESIAN_POINT ( 'NONE',  ( -0.9149999999999989253, -0.1999999999999999278, 0.4000000000000000222 ) ) ;
#4539 = ORIENTED_EDGE ( 'NONE', *, *, #9219, .F. ) ;
#4540 = VECTOR ( 'NONE', #7516, 1000.000000000000227 ) ;
#4541 = ADVANCED_FACE ( 'NONE', ( #7064 ), #2850, .F. ) ;
#4542 = CARTESIAN_POINT ( 'NONE',  ( 1.143804583574284717, 0.4327014142695420063, 1.172804947225834171 ) ) ;
#4543 = VECTOR ( 'NONE', #2683, 1000.000000000000000 ) ;
#4544 = DIRECTION ( 'NONE',  ( -0.9902680687415706950, -1.431534388630178744E-16, -0.1391731009600623292 ) ) ;
#4545 =( LENGTH_UNIT ( ) NAMED_UNIT ( * ) SI_UNIT ( .MILLI., .METRE. ) );
#4546 = DIRECTION ( 'NONE',  ( -0.9902680687415706950, -1.431534388630178744E-16, -0.1391731009600623292 ) ) ;
#4547 = ORIENTED_EDGE ( 'NONE', *, *, #1482, .F. ) ;
#4548 = CARTESIAN_POINT ( 'NONE',  ( 1.181409256997126178, -0.5199884856121140819, 0.8980484959984708082 ) ) ;
#4549 = B_SPLINE_CURVE_WITH_KNOTS ( 'NONE', 3,
 ( #6353, #9003, #4068, #3279 ),
 .UNSPECIFIED., .F., .F.,
 ( 4, 4 ),
 ( 17.00000000000000000, 18.00000000000000000 ),
 .UNSPECIFIED. ) ;
#4550 = EDGE_CURVE ( 'NONE', #4300, #10289, #5644, .T. ) ;
#4551 = ORIENTED_EDGE ( 'NONE', *, *, #20, .F. ) ;
#4552 = VERTEX_POINT ( 'NONE', #5165 ) ;
#4553 = CARTESIAN_POINT ( 'NONE',  ( 1.185538906511674373, -0.1842302414374129838, 0.8758498094129215650 ) ) ;
#4554 = ORIENTED_EDGE ( 'NONE', *, *, #9799, .T. ) ;
#4555 = VECTOR ( 'NONE', #1208, 1000.000000000000000 ) ;
#4556 = ORIENTED_EDGE ( 'NONE', *, *, #6700, .T. ) ;
#4557 = CARTESIAN_POINT ( 'NONE',  ( 1.182857928848964457, 0.2489449977186548313, 0.8949259567005569682 ) ) ;
#4558 = DIRECTION ( 'NONE',  ( -0.9902680687415706950, -1.431534388630178744E-16, -0.1391731009600623292 ) ) ;
#4559 = AXIS2_PLACEMENT_3D ( 'NONE', #4492, #7731, #10103 ) ;
#4560 = CARTESIAN_POINT ( 'NONE',  ( 1.180600510046873275, 0.5830192162315277482, 0.9109883260956967987 ) ) ;
#4561 = CARTESIAN_POINT ( 'NONE',  ( 1.149830155299589096, 0.4511051293881749302, 1.129930776611549392 ) ) ;
#4562 = ORIENTED_EDGE ( 'NONE', *, *, #7761, .T. ) ;
#4563 = FILL_AREA_STYLE ('',( #9425 ) ) ;
#4564 = ADVANCED_FACE ( 'NONE', ( #4188 ), #8411, .F. ) ;
#4565 = ORIENTED_EDGE ( 'NONE', *, *, #7535, .T. ) ;
#4566 = PRESENTATION_STYLE_ASSIGNMENT (( #7224 ) ) ;
#4567 = CARTESIAN_POINT ( 'NONE',  ( 1.172082618511471219, 0.2829762743196016506, 0.9644109770909219392 ) ) ;
#4568 = CARTESIAN_POINT ( 'NONE',  ( 1.169755740669397914, 0.5855146352303389756, 0.9809675732360969569 ) ) ;
#4569 = B_SPLINE_SURFACE_WITH_KNOTS ( 'NONE', 3, 1, ( 
 ( #10161, #6757 ),
 ( #6953, #6052 ),
 ( #1175, #8364 ),
 ( #9184, #9332 ) ),
 .UNSPECIFIED., .F., .F., .F.,
 ( 4, 4 ),
 ( 2, 2 ),
 ( 3.000000000000000000, 4.000000000000000000 ),
 ( 0.000000000000000000, 1.000000000000000000 ),
 .UNSPECIFIED. ) ;
#4570 = CARTESIAN_POINT ( 'NONE',  ( 1.142736174085446921, 0.5122428948678044991, 1.173221779219489447 ) ) ;
#4571 = VERTEX_POINT ( 'NONE', #8469 ) ;
#4572 = UNCERTAINTY_MEASURE_WITH_UNIT (LENGTH_MEASURE( 1.000000000000000082E-05 ), #8912, 'distance_accuracy_value', 'NONE');
#4573 = CARTESIAN_POINT ( 'NONE',  ( 1.172048365739314812, 0.5739733223590658406, 0.9718399947631601865 ) ) ;
#4574 = DIRECTION ( 'NONE',  ( 0.000000000000000000, 0.000000000000000000, 1.000000000000000000 ) ) ;
#4575 = ORIENTED_EDGE ( 'NONE', *, *, #7797, .F. ) ;
#4576 = FILL_AREA_STYLE ('',( #8494 ) ) ;
#4577 = AXIS2_PLACEMENT_3D ( 'NONE', #1097, #6919, #7675 ) ;
#4578 = ORIENTED_EDGE ( 'NONE', *, *, #3225, .F. ) ;
#4579 = FILL_AREA_STYLE_COLOUR ( '', #2898 ) ;
#4580 = ORIENTED_EDGE ( 'NONE', *, *, #5806, .T. ) ;
#4581 = CARTESIAN_POINT ( 'NONE',  ( 1.171857353379131883, 0.6673331856652375826, 0.9731991183274090185 ) ) ;
#4582 = VECTOR ( 'NONE', #345, 1000.000000000000114 ) ;
#4583 = CARTESIAN_POINT ( 'NONE',  ( 1.172256266111659118, 0.2972625480897385652, 0.9631754102141805163 ) ) ;
#4584 = DIRECTION ( 'NONE',  ( -0.9902680687415706950, -1.431534388630178744E-16, -0.1391731009600623292 ) ) ;
#4585 = EDGE_CURVE ( 'NONE', #6226, #5814, #10494, .T. ) ;
#4586 = CARTESIAN_POINT ( 'NONE',  ( 1.153840938115368919, 0.4215032215110968705, 1.094207277466759720 ) ) ;
#4587 = DIRECTION ( 'NONE',  ( 0.000000000000000000, 5.478462891425486402E-15, -1.000000000000000000 ) ) ;
#4588 = EDGE_CURVE ( 'NONE', #5913, #10209, #9953, .T. ) ;
#4589 = CARTESIAN_POINT ( 'NONE',  ( 1.183543836869485277, 0.09369874323312513131, 0.8900454675390047088 ) ) ;
#4590 = VERTEX_POINT ( 'NONE', #5000 ) ;
#4591 = ADVANCED_FACE ( 'NONE', ( #9909 ), #9969, .T. ) ;
#4592 = VECTOR ( 'NONE', #10242, 1000.000000000000000 ) ;
#4593 = COLOUR_RGB ( '',0.8509803921568627194, 0.8509803921568627194, 0.8509803921568627194 ) ;
#4594 = CARTESIAN_POINT ( 'NONE',  ( 1.180930440487252930, 0.2855652715311925438, 0.9086407490297268019 ) ) ;
#4595 = DIRECTION ( 'NONE',  ( -0.9902680687415706950, -1.431534388630178744E-16, -0.1391731009600623292 ) ) ;
#4596 = CARTESIAN_POINT ( 'NONE',  ( 1.158825100987614265, 0.1873705339142499038, 1.065928412408482684 ) ) ;
#4597 = SURFACE_STYLE_USAGE ( .BOTH. , #10101 ) ;
#4598 = ORIENTED_EDGE ( 'NONE', *, *, #3955, .T. ) ;
#4599 = STYLED_ITEM ( 'NONE', ( #4344 ), #2008 ) ;
#4600 = STYLED_ITEM ( 'NONE', ( #8222 ), #9686 ) ;
#4601 = EDGE_CURVE ( 'NONE', #221, #7694, #3920, .T. ) ;
#4602 = EDGE_CURVE ( 'NONE', #1674, #8966, #2052, .T. ) ;
#4603 = CARTESIAN_POINT ( 'NONE',  ( 1.151974703161477320, 0.4919988082368978999, 1.114671525686868003 ) ) ;
#4604 = CARTESIAN_POINT ( 'NONE',  ( 1.172620926072030167, 0.3036258665378299137, 0.9605807197731928149 ) ) ;
#4606 = EDGE_CURVE ( 'NONE', #5472, #133, #7415, .T. ) ;
#4605 = CARTESIAN_POINT ( 'NONE',  ( 1.141555847152307512, 0.4050646488537268386, 1.188805538276394680 ) ) ;
#4607 = MECHANICAL_DESIGN_GEOMETRIC_PRESENTATION_REPRESENTATION (  '', ( #5456 ), #2043 ) ;
#4608 = ORIENTED_EDGE ( 'NONE', *, *, #101, .T. ) ;
#4609 = COLOUR_RGB ( '',0.8509803921568627194, 0.8509803921568627194, 0.8509803921568627194 ) ;
#4610 = ORIENTED_EDGE ( 'NONE', *, *, #7271, .T. ) ;
#4611 = ORIENTED_EDGE ( 'NONE', *, *, #2053, .F. ) ;
#4612 = CIRCLE ( 'NONE', #6995, 0.1000000000000000472 ) ;
#4613 = CARTESIAN_POINT ( 'NONE',  ( 1.188136339145696496, 0.3189103079077391656, 0.8501828193585388993 ) ) ;
#4614 = ADVANCED_FACE ( 'NONE', ( #4844 ), #4896, .T. ) ;
#4615 = CARTESIAN_POINT ( 'NONE',  ( 1.182857928848964679, 0.2489449977186548313, 0.8949259567005570792 ) ) ;
#4616 = CARTESIAN_POINT ( 'NONE',  ( -0.9149999999999987033, -1.700000000000000178, 0.000000000000000000 ) ) ;
#4617 = CIRCLE ( 'NONE', #1886, 0.09999999999999999167 ) ;
#4618 = LINE ( 'NONE', #10414, #2001 ) ;
#4619 = LINE ( 'NONE', #7960, #5378 ) ;
#4620 = ORIENTED_EDGE ( 'NONE', *, *, #3309, .T. ) ;
#4621 = VERTEX_POINT ( 'NONE', #8570 ) ;
#4622 = ORIENTED_EDGE ( 'NONE', *, *, #768, .T. ) ;
#4623 = VERTEX_POINT ( 'NONE', #10350 ) ;
#4624 = LINE ( 'NONE', #3927, #4104 ) ;
#4625 = EDGE_CURVE ( 'NONE', #9819, #7411, #794, .T. ) ;
#4626 =( NAMED_UNIT ( * ) PLANE_ANGLE_UNIT ( ) SI_UNIT ( $, .RADIAN. ) );
#4627 = CARTESIAN_POINT ( 'NONE',  ( 1.153893509143190776, 0.5378209396091662153, 1.101018511701453262 ) ) ;
#4628 = CARTESIAN_POINT ( 'NONE',  ( 1.181409256997126178, -0.5199884856121140819, 0.8980484959984706972 ) ) ;
#4629 = DIRECTION ( 'NONE',  ( 0.9902680687415708061, 4.993724611500633215E-17, 0.1391731009600625235 ) ) ;
#4630 = CARTESIAN_POINT ( 'NONE',  ( 0.000000000000000000, -1.908476408045746364, 1.409999999999999920 ) ) ;
#4631 = ORIENTED_EDGE ( 'NONE', *, *, #2634, .F. ) ;
#4632 = CARTESIAN_POINT ( 'NONE',  ( 1.186669016924447817, 0.3432406431492763810, 0.8606233594645934515 ) ) ;
#4633 = CARTESIAN_POINT ( 'NONE',  ( 1.174201595981200663, 0.1667209416960227786, 0.9565189654947240383 ) ) ;
#4634 = VECTOR ( 'NONE', #9108, 1000.000000000000227 ) ;
#4635 = ORIENTED_EDGE ( 'NONE', *, *, #1918, .T. ) ;
#4636 = ORIENTED_EDGE ( 'NONE', *, *, #7162, .F. ) ;
#4637 = DIRECTION ( 'NONE',  ( -0.9902680687415706950, -1.431534388630178744E-16, -0.1391731009600623292 ) ) ;
#4638 = CARTESIAN_POINT ( 'NONE',  ( 1.182910023128951327, 0.3588370118945546916, 0.8945552866380289680 ) ) ;
#4639 = ORIENTED_EDGE ( 'NONE', *, *, #5099, .F. ) ;
#4640 = FACE_OUTER_BOUND ( 'NONE', #7655, .T. ) ;
#4641 = CARTESIAN_POINT ( 'NONE',  ( 1.177183164109006919, -0.1772895427337742580, 0.9281187093785782105 ) ) ;
#4642 = VECTOR ( 'NONE', #2018, 1000.000000000000000 ) ;
#4643 =( NAMED_UNIT ( * ) PLANE_ANGLE_UNIT ( ) SI_UNIT ( $, .RADIAN. ) );
#4644 = CARTESIAN_POINT ( 'NONE',  ( 1.141555847152307956, 0.07794641080098824171, 1.188805538276393570 ) ) ;
#4645 = CARTESIAN_POINT ( 'NONE',  ( 1.177830830824449393, 0.4316408611952771701, 0.9306956177756502413 ) ) ;
#4646 = ORIENTED_EDGE ( 'NONE', *, *, #1257, .F. ) ;
#4647 = ORIENTED_EDGE ( 'NONE', *, *, #4341, .T. ) ;
#4648 = LINE ( 'NONE', #8561, #1826 ) ;
#4649 = SURFACE_SIDE_STYLE ('',( #3211 ) ) ;
#4650 = DIRECTION ( 'NONE',  ( -5.004010026856174159E-16, 1.000000000000000000, -0.000000000000000000 ) ) ;
#4651 = CARTESIAN_POINT ( 'NONE',  ( 1.157548314378597842, 0.3853196460229122433, 1.067827924653895977 ) ) ;
#4652 = CARTESIAN_POINT ( 'NONE',  ( 1.182553568800743360, 0.4316408611952773922, 0.8899062944380459195 ) ) ;
#4653 = EDGE_CURVE ( 'NONE', #1975, #4845, #109, .T. ) ;
#4654 = ORIENTED_EDGE ( 'NONE', *, *, #673, .T. ) ;
#4655 = DIRECTION ( 'NONE',  ( -0.9902680687415696958, 4.689676165127263195E-16, -0.1391731009600699620 ) ) ;
#4656 = DIRECTION ( 'NONE',  ( -0.000000000000000000, 1.000000000000000000, 2.484500384904641282E-15 ) ) ;
#4657 = ORIENTED_EDGE ( 'NONE', *, *, #9138, .F. ) ;
#4658 = CARTESIAN_POINT ( 'NONE',  ( 1.183543836869484611, 0.5380392887713456584, 0.8900454675390062631 ) ) ;
#4659 = DIRECTION ( 'NONE',  ( -5.042800802258161104E-17, 1.000000000000000000, -0.000000000000000000 ) ) ;
#4660 = EDGE_CURVE ( 'NONE', #2167, #6216, #4116, .T. ) ;
#4661 = EDGE_CURVE ( 'NONE', #3945, #4505, #509, .T. ) ;
#4662 = EDGE_CURVE ( 'NONE', #7802, #8618, #5602, .T. ) ;
#4663 = CARTESIAN_POINT ( 'NONE',  ( 1.154000027362340308, -0.05842939069376375250, 1.093075298655703298 ) ) ;
#4664 = CARTESIAN_POINT ( 'NONE',  ( 1.183031099701201461, 0.1898035674385723237, 0.8865084855274206754 ) ) ;
#4665 = CARTESIAN_POINT ( 'NONE',  ( 1.143726442154189060, 0.5126172077172520547, 1.173360952320449568 ) ) ;
#4666 = B_SPLINE_SURFACE_WITH_KNOTS ( 'NONE', 3, 1, ( 
 ( #10276, #5186 ),
 ( #7756, #10080 ),
 ( #3720, #6163 ),
 ( #4797, #9536 ) ),
 .UNSPECIFIED., .F., .F., .F.,
 ( 4, 4 ),
 ( 2, 2 ),
 ( 13.00000000000000000, 14.00000000000000000 ),
 ( 0.000000000000000000, 1.000000000000000000 ),
 .UNSPECIFIED. ) ;
#4667 = DIRECTION ( 'NONE',  ( 0.6136750923608125241, -0.7895586621752358480, 0.000000000000000000 ) ) ;
#4668 = CARTESIAN_POINT ( 'NONE',  ( 1.191132236996245375, 0.3216240760691460032, 0.8360511950357151223 ) ) ;
#4669 = ORIENTED_EDGE ( 'NONE', *, *, #7496, .F. ) ;
#4670 = FILL_AREA_STYLE_COLOUR ( '', #1430 ) ;
#4671 = ORIENTED_EDGE ( 'NONE', *, *, #1116, .T. ) ;
#4672 = ORIENTED_EDGE ( 'NONE', *, *, #4285, .F. ) ;
#4673 = EDGE_CURVE ( 'NONE', #2153, #8247, #1581, .T. ) ;
#4674 = CARTESIAN_POINT ( 'NONE',  ( 1.180175073426517729, 0.3026900844129644108, 0.9140154649429680367 ) ) ;
#4675 = EDGE_LOOP ( 'NONE', ( #770, #4400, #2939, #8174 ) ) ;
#4676 = VERTEX_POINT ( 'NONE', #1410 ) ;
#4677 = UNCERTAINTY_MEASURE_WITH_UNIT (LENGTH_MEASURE( 1.000000000000000082E-05 ), #2660, 'distance_accuracy_value', 'NONE');
#4678 = DIRECTION ( 'NONE',  ( 4.347487227578136745E-15, -1.000000000000000000, -4.347487227578136745E-15 ) ) ;
#4679 = CARTESIAN_POINT ( 'NONE',  ( 1.175975708998181490, -0.03326920068716877205, 0.9367101989152808450 ) ) ;
#4680 = ORIENTED_EDGE ( 'NONE', *, *, #4417, .T. ) ;
#4681 = CARTESIAN_POINT ( 'NONE',  ( 1.173810412133001746, 0.2814790229201503124, 0.9521170866697553636 ) ) ;
#4682 = DIRECTION ( 'NONE',  ( -0.9902680687415706950, 0.000000000000000000, -0.1391731009600623292 ) ) ;
#4683 = EDGE_CURVE ( 'NONE', #1339, #1990, #6328, .T. ) ;
#4684 = VERTEX_POINT ( 'NONE', #9598 ) ;
#4685 = VECTOR ( 'NONE', #4637, 1000.000000000000227 ) ;
#4686 = EDGE_LOOP ( 'NONE', ( #7541, #4578, #607, #2949 ) ) ;
#4687 = EDGE_LOOP ( 'NONE', ( #8471, #6614, #8601, #1050 ) ) ;
#4688 = FILL_AREA_STYLE ('',( #7875 ) ) ;
#4689 = PLANE ( 'NONE',  #9241 ) ;
#4690 =( NAMED_UNIT ( * ) SI_UNIT ( $, .STERADIAN. ) SOLID_ANGLE_UNIT ( ) );
#4691 = DIRECTION ( 'NONE',  ( 0.1304017644181528768, 0.3493954794973201383, -0.9278567662864081189 ) ) ;
#4692 = VECTOR ( 'NONE', #4346, 1000.000000000000114 ) ;
#4693 = CARTESIAN_POINT ( 'NONE',  ( 1.185480007611193987, 0.5381328669845406587, 0.8762688968660794497 ) ) ;
#4694 = ORIENTED_EDGE ( 'NONE', *, *, #581, .T. ) ;
#4695 = PRESENTATION_LAYER_ASSIGNMENT (  '', '', ( #8804 ) ) ;
#4696 = VERTEX_POINT ( 'NONE', #2436 ) ;
#4697 = LINE ( 'NONE', #5820, #201 ) ;
#4698 = VECTOR ( 'NONE', #944, 1000.000000000000227 ) ;
#4699 = PRESENTATION_STYLE_ASSIGNMENT (( #3086 ) ) ;
#4700 = MECHANICAL_DESIGN_GEOMETRIC_PRESENTATION_REPRESENTATION (  '', ( #5749 ), #7254 ) ;
#4701 = CARTESIAN_POINT ( 'NONE',  ( 1.177830830824449615, 0.09369874323312502029, 0.9306956177756490201 ) ) ;
#4702 = CARTESIAN_POINT ( 'NONE',  ( 1.172620926072030167, 0.3036258665378299693, 0.9605807197731929259 ) ) ;
#4703 = CARTESIAN_POINT ( 'NONE',  ( 1.155169342256537446, 0.4327014142695422838, 1.084755190861599328 ) ) ;
#4704 = VECTOR ( 'NONE', #1741, 1000.000000000000000 ) ;
#4705 = VERTEX_POINT ( 'NONE', #7982 ) ;
#4706 = FILL_AREA_STYLE ('',( #4534 ) ) ;
#4707 = AXIS2_PLACEMENT_3D ( 'NONE', #2266, #7771, #5549 ) ;
#4708 = CARTESIAN_POINT ( 'NONE',  ( 1.189369713854724342, 0.3275818889295040170, 0.8485921988318960718 ) ) ;
#4709 = VECTOR ( 'NONE', #533, 1000.000000000000227 ) ;
#4710 = CARTESIAN_POINT ( 'NONE',  ( 1.175633711934623848, 0.2490385759310174418, 0.9391436344664653157 ) ) ;
#4711 = CARTESIAN_POINT ( 'NONE',  ( 1.168497272316162627, 0.5393805764835282179, 0.9971073373876174761 ) ) ;
#4712 = ORIENTED_EDGE ( 'NONE', *, *, #4214, .F. ) ;
#4713 = FACE_OUTER_BOUND ( 'NONE', #6190, .T. ) ;
#4714 = COLOUR_RGB ( '',0.8509803921568627194, 0.8509803921568627194, 0.8509803921568627194 ) ;
#4715 = CARTESIAN_POINT ( 'NONE',  ( 1.173350722740490015, 0.3157598414211458260, 0.9625732431892649599 ) ) ;
#4716 = LINE ( 'NONE', #1389, #324 ) ;
#4717 = PRESENTATION_STYLE_ASSIGNMENT (( #9012 ) ) ;
#4718 = CARTESIAN_POINT ( 'NONE',  ( 1.169460539749125561, 0.4787418948039905420, 0.9830680369262247975 ) ) ;
#4719 = CARTESIAN_POINT ( 'NONE',  ( 1.152816877152650354, -0.1078821254503317811, 1.108679146369094148 ) ) ;
#4720 = CARTESIAN_POINT ( 'NONE',  ( -2.214999999999998970, 0.2000000000000000944, 0.4000000000000000222 ) ) ;
#4721 = ADVANCED_FACE ( 'NONE', ( #6261 ), #995, .F. ) ;
#4722 = CARTESIAN_POINT ( 'NONE',  ( 1.173611194140771863, 0.3036258665378299693, 0.9607198928741529365 ) ) ;
#4723 = DIRECTION ( 'NONE',  ( 0.1391731009600555014, -0.000000000000000000, -0.9902680687415716942 ) ) ;
#4724 = ADVANCED_FACE ( 'NONE', ( #3356 ), #135, .F. ) ;
#4725 = EDGE_LOOP ( 'NONE', ( #2424, #5009, #7383, #1312 ) ) ;
#4726 = EDGE_CURVE ( 'NONE', #2122, #9426, #9923, .T. ) ;
#4727 = ORIENTED_EDGE ( 'NONE', *, *, #5717, .T. ) ;
#4728 = VERTEX_POINT ( 'NONE', #2584 ) ;
#4729 = DIRECTION ( 'NONE',  ( -0.9902680687415706950, -1.431534388630178744E-16, -0.1391731009600623292 ) ) ;
#4730 = AXIS2_PLACEMENT_3D ( 'NONE', #10198, #9225, #1118 ) ;
#4731 = CARTESIAN_POINT ( 'NONE',  ( 1.189369713854724342, 0.3275818889295040170, 0.8485921988318960718 ) ) ;
#4732 = CARTESIAN_POINT ( 'NONE',  ( 1.157548314378598064, 0.4752795009424433670, 1.067827924653896199 ) ) ;
#4733 = PLANE ( 'NONE',  #9652 ) ;
#4734 = CARTESIAN_POINT ( 'NONE',  ( 1.146400615196637718, 0.1680934221456622801, 1.154333222421794369 ) ) ;
#4735 = EDGE_CURVE ( 'NONE', #4623, #1997, #6376, .T. ) ;
#4736 = ORIENTED_EDGE ( 'NONE', *, *, #6829, .T. ) ;
#4737 = CARTESIAN_POINT ( 'NONE',  ( 1.178897908007981554, -0.4219505455182687159, 0.9231029690924982267 ) ) ;
#4738 = DIRECTION ( 'NONE',  ( -0.000000000000000000, -1.000000000000000000, -3.449941477354430646E-15 ) ) ;
#4739 = ORIENTED_EDGE ( 'NONE', *, *, #2331, .F. ) ;
#4740 = CARTESIAN_POINT ( 'NONE',  ( 1.181190435139584105, 0.3078056933612357549, 0.8996054944182203528 ) ) ;
#4741 = PRESENTATION_STYLE_ASSIGNMENT (( #7239 ) ) ;
#4742 = EDGE_CURVE ( 'NONE', #9897, #87, #5320, .T. ) ;
#4743 = CARTESIAN_POINT ( 'NONE',  ( 1.180105358512730129, -0.05409142918217924034, 0.9145115123297309356 ) ) ;
#4744 = CARTESIAN_POINT ( 'NONE',  ( 1.177022892735893000, 0.2504734418555639719, 0.9292590994541954919 ) ) ;
#4745 = DIRECTION ( 'NONE',  ( 0.9902680687415706950, 0.000000000000000000, 0.1391731009600623292 ) ) ;
#4746 = CARTESIAN_POINT ( 'NONE',  ( 1.143277981661783516, -0.1547321230152597926, 1.176551914529794685 ) ) ;
#4747 = CYLINDRICAL_SURFACE ( 'NONE', #164, 0.1000000000000000472 ) ;
#4748 = DIRECTION ( 'NONE',  ( -0.9902680687415705840, 2.726074492619965352E-15, -0.1391731009600633007 ) ) ;
#4749 = DIRECTION ( 'NONE',  ( -1.008560160451632221E-16, 1.000000000000000000, 0.000000000000000000 ) ) ;
#4750 = ADVANCED_FACE ( 'NONE', ( #2755 ), #6013, .T. ) ;
#4751 = CARTESIAN_POINT ( 'NONE',  ( 1.169238260211920011, -0.3612190678060042681, 0.9918349345494910096 ) ) ;
#4752 = VERTEX_POINT ( 'NONE', #7063 ) ;
#4753 = SURFACE_SIDE_STYLE ('',( #7093 ) ) ;
#4754 = CARTESIAN_POINT ( 'NONE',  ( -2.214999999999998970, 1.300000000000000044, 0.4000000000000000222 ) ) ;
#4755 = ORIENTED_EDGE ( 'NONE', *, *, #992, .T. ) ;
#4756 = PLANE ( 'NONE',  #2406 ) ;
#4757 = VECTOR ( 'NONE', #8102, 1000.000000000000227 ) ;
#4758 = AXIS2_PLACEMENT_3D ( 'NONE', #2641, #5922, #1290 ) ;
#4759 = ORIENTED_EDGE ( 'NONE', *, *, #1933, .F. ) ;
#4760 = LINE ( 'NONE', #684, #4894 ) ;
#4761 = EDGE_LOOP ( 'NONE', ( #3246, #2383, #3285, #4791 ) ) ;
#4762 = CARTESIAN_POINT ( 'NONE',  ( 1.156871565485909414, 0.2192183188909284652, 1.079828539768916018 ) ) ;
#4763 = EDGE_CURVE ( 'NONE', #718, #9913, #10194, .T. ) ;
#4764 = STYLED_ITEM ( 'NONE', ( #5480 ), #9095 ) ;
#4765 = CARTESIAN_POINT ( 'NONE',  ( 1.173046362692385047, 0.2588330955027907110, 0.9575535809259245745 ) ) ;
#4766 = CARTESIAN_POINT ( 'NONE',  ( 1.142302531832928736, 0.4204426684359984789, 1.183492600707733988 ) ) ;
#4767 = CARTESIAN_POINT ( 'NONE',  ( 1.184776258082727685, 0.1773888579177557434, 0.8740910384187440263 ) ) ;
#4768 = ORIENTED_EDGE ( 'NONE', *, *, #9676, .F. ) ;
#4769 = CARTESIAN_POINT ( 'NONE',  ( 1.148839887230847401, 0.4511051293881749302, 1.129791603510589271 ) ) ;
#4770 = VERTEX_POINT ( 'NONE', #2302 ) ;
#4771 = DIRECTION ( 'NONE',  ( 0.1308356733655426651, -0.3409177962187249777, -0.9309441888729704795 ) ) ;
#4772 = AXIS2_PLACEMENT_3D ( 'NONE', #4875, #1656, #105 ) ;
#4773 = COLOUR_RGB ( '',0.2509803921568627416, 0.2509803921568627416, 0.2509803921568627416 ) ;
#4774 = CARTESIAN_POINT ( 'NONE',  ( 1.159337134290752580, -0.1434534297040134243, 1.062285106146480640 ) ) ;
#4775 = B_SPLINE_CURVE_WITH_KNOTS ( 'NONE', 3,
 ( #5330, #8493, #3719, #2765 ),
 .UNSPECIFIED., .F., .F.,
 ( 4, 4 ),
 ( 8.000000000000000000, 9.000000000000000000 ),
 .UNSPECIFIED. ) ;
#4776 = CARTESIAN_POINT ( 'NONE',  ( 1.176832357123544393, 0.5873550067417854237, 0.9378001273156664208 ) ) ;
#4777 = CARTESIAN_POINT ( 'NONE',  ( 1.154024325354476854, -0.4176125674582579772, 1.100087705992469411 ) ) ;
#4778 = CARTESIAN_POINT ( 'NONE',  ( 1.179966696306339324, 0.1582053243615261229, 0.9154981451947236115 ) ) ;
#4779 = CARTESIAN_POINT ( 'NONE',  ( 1.179115090443988656, -0.05409142918217924034, 0.9143723392287708140 ) ) ;
#4780 = CARTESIAN_POINT ( 'NONE',  ( 1.008476408045746231, -1.908476408045746142, 1.409999999999999920 ) ) ;
#4781 = LINE ( 'NONE', #10474, #576 ) ;
#4782 = CARTESIAN_POINT ( 'NONE',  ( 1.168247992143178537, -0.3872468368763390401, 0.9916957614485308881 ) ) ;
#4783 = AXIS2_PLACEMENT_3D ( 'NONE', #3140, #8830, #4749 ) ;
#4784 = CARTESIAN_POINT ( 'NONE',  ( 1.180443289223559011, -0.3004876231897625205, 0.9049217138473089062 ) ) ;
#4785 = EDGE_LOOP ( 'NONE', ( #4080, #8455, #8978, #497 ) ) ;
#4786 = CARTESIAN_POINT ( 'NONE',  ( 1.183543836869484833, 0.5203218138775317358, 0.8900454675390062631 ) ) ;
#4787 = VERTEX_POINT ( 'NONE', #9522 ) ;
#4788 = EDGE_CURVE ( 'NONE', #7077, #5019, #9687, .T. ) ;
#4789 = EDGE_LOOP ( 'NONE', ( #2059, #5481, #1636, #6368 ) ) ;
#4790 = ORIENTED_EDGE ( 'NONE', *, *, #5520, .T. ) ;
#4791 = ORIENTED_EDGE ( 'NONE', *, *, #9617, .T. ) ;
#4792 = VECTOR ( 'NONE', #6243, 1000.000000000000000 ) ;
#4793 = CARTESIAN_POINT ( 'NONE',  ( 1.176820928496928209, -0.1026765848750052779, 0.9306961496851310356 ) ) ;
#4794 =( LENGTH_UNIT ( ) NAMED_UNIT ( * ) SI_UNIT ( .MILLI., .METRE. ) );
#4795 = CARTESIAN_POINT ( 'NONE',  ( 1.155082995204278706, 0.1757980283055244064, 1.092554878597189250 ) ) ;
#4796 = ADVANCED_FACE ( 'NONE', ( #10477 ), #5523, .T. ) ;
#4797 = CARTESIAN_POINT ( 'NONE',  ( 1.176432967643182392, 0.2647909083631491134, 0.9406419311316712717 ) ) ;
#4798 = ORIENTED_EDGE ( 'NONE', *, *, #5520, .F. ) ;
#4799 = CARTESIAN_POINT ( 'NONE',  ( 1.177925860256705537, 0.6857680935221553975, 0.9228341516963088909 ) ) ;
#4800 = DIRECTION ( 'NONE',  ( 1.008560160451632221E-16, -1.000000000000000000, 0.000000000000000000 ) ) ;
#4801 = DIRECTION ( 'NONE',  ( 0.000000000000000000, 0.000000000000000000, -1.000000000000000000 ) ) ;
#4802 = CARTESIAN_POINT ( 'NONE',  ( 1.171058097670573339, 0.5739733223590658406, 0.9717008216622001759 ) ) ;
#4803 = CARTESIAN_POINT ( 'NONE',  ( 1.184489739542452735, 0.4815180484407237671, 0.8761297237651194392 ) ) ;
#4804 = LINE ( 'NONE', #8043, #2109 ) ;
#4805 = ORIENTED_EDGE ( 'NONE', *, *, #4488, .F. ) ;
#4806 = EDGE_CURVE ( 'NONE', #7193, #3217, #7032, .T. ) ;
#4807 = EDGE_CURVE ( 'NONE', #1343, #8048, #503, .T. ) ;
#4808 = DIRECTION ( 'NONE',  ( -0.9902680687415706950, -1.431534388630178744E-16, -0.1391731009600623292 ) ) ;
#4809 = ADVANCED_FACE ( 'NONE', ( #1464 ), #4733, .F. ) ;
#4810 = DIRECTION ( 'NONE',  ( -0.000000000000000000, -0.000000000000000000, -1.000000000000000000 ) ) ;
#4811 = FACE_OUTER_BOUND ( 'NONE', #2754, .T. ) ;
#4812 = CARTESIAN_POINT ( 'NONE',  ( 1.154092727135537011, 0.1757980283055244064, 1.092415705496229128 ) ) ;
#4813 = CARTESIAN_POINT ( 'NONE',  ( 1.170807950934823705, -0.3377940690237478116, 0.9806660047062352170 ) ) ;
#4814 = ORIENTED_EDGE ( 'NONE', *, *, #1582, .T. ) ;
#4815 = VECTOR ( 'NONE', #8758, 1000.000000000000000 ) ;
#4816 = EDGE_LOOP ( 'NONE', ( #2585, #365, #3528, #9625 ) ) ;
#4817 = ADVANCED_FACE ( 'NONE', ( #3010 ), #1355, .F. ) ;
#4818 = ORIENTED_EDGE ( 'NONE', *, *, #1375, .T. ) ;
#4819 = VECTOR ( 'NONE', #8444, 1000.000000000000000 ) ;
#4820 = CARTESIAN_POINT ( 'NONE',  ( 1.158052369166884032, 0.1733961875190717927, 1.071426685009230662 ) ) ;
#4821 = VERTEX_POINT ( 'NONE', #917 ) ;
#4822 = VERTEX_POINT ( 'NONE', #2528 ) ;
#4823 = CARTESIAN_POINT ( 'NONE',  ( 1.173343607128256139, -0.3221774142005019992, 0.9626238734011092202 ) ) ;
#4824 = LINE ( 'NONE', #2339, #8619 ) ;
#4825 = SURFACE_STYLE_FILL_AREA ( #3968 ) ;
#4826 = VECTOR ( 'NONE', #3959, 1000.000000000000000 ) ;
#4827 = VERTEX_POINT ( 'NONE', #9083 ) ;
#4828 = LINE ( 'NONE', #8847, #245 ) ;
#4829 = VERTEX_POINT ( 'NONE', #4200 ) ;
#4830 = ORIENTED_EDGE ( 'NONE', *, *, #8281, .F. ) ;
#4831 = EDGE_CURVE ( 'NONE', #10448, #3737, #9841, .T. ) ;
#4832 = CARTESIAN_POINT ( 'NONE',  ( 1.008476408045746009, -2.007503214919903467, 1.423917310096006084 ) ) ;
#4833 = CARTESIAN_POINT ( 'NONE',  ( 1.157548314378598064, 0.3517562604841873442, 1.067827924653895755 ) ) ;
#4834 = CARTESIAN_POINT ( 'NONE',  ( 1.142588573625368920, 0.2299174278501139868, 1.174272011064140031 ) ) ;
#4835 = DIRECTION ( 'NONE',  ( -1.000000000000000000, -0.000000000000000000, -0.000000000000000000 ) ) ;
#4836 = CARTESIAN_POINT ( 'NONE',  ( 1.177907639939239859, -0.3542783525547693046, 0.9229637959915384382 ) ) ;
#4837 = SPHERICAL_SURFACE ( 'NONE', #8225, 0.1000000000000000056 ) ;
#4838 = SURFACE_STYLE_FILL_AREA ( #9683 ) ;
#4839 = FILL_AREA_STYLE ('',( #1562 ) ) ;
#4840 = DIRECTION ( 'NONE',  ( -0.1391731009600623570, -3.271853265848721160E-15, 0.9902680687415708061 ) ) ;
#4841 = CARTESIAN_POINT ( 'NONE',  ( 0.000000000000000000, 0.000000000000000000, 0.000000000000000000 ) ) ;
#4842 = ORIENTED_EDGE ( 'NONE', *, *, #1933, .T. ) ;
#4843 = DIRECTION ( 'NONE',  ( 5.042800802258161104E-17, -1.000000000000000000, 0.000000000000000000 ) ) ;
#4844 = FACE_OUTER_BOUND ( 'NONE', #4257, .T. ) ;
#4845 = VERTEX_POINT ( 'NONE', #129 ) ;
#4846 = FACE_OUTER_BOUND ( 'NONE', #5782, .T. ) ;
#4847 = ORIENTED_EDGE ( 'NONE', *, *, #7420, .F. ) ;
#4848 = VERTEX_POINT ( 'NONE', #9755 ) ;
#4849 = LINE ( 'NONE', #4097, #9007 ) ;
#4850 = LINE ( 'NONE', #7400, #3575 ) ;
#4851 = CARTESIAN_POINT ( 'NONE',  ( 1.181494318439853863, 0.3597727940190045826, 0.8974432523843419718 ) ) ;
#4852 = CARTESIAN_POINT ( 'NONE',  ( 1.183178700161279684, 0.3045304559248268594, 0.8854582536827699801 ) ) ;
#4853 = VERTEX_POINT ( 'NONE', #6656 ) ;
#4854 = B_SPLINE_SURFACE_WITH_KNOTS ( 'NONE', 3, 1, ( 
 ( #7264, #5683 ),
 ( #2337, #9787 ),
 ( #6584, #7480 ),
 ( #1548, #735 ) ),
 .UNSPECIFIED., .F., .F., .F.,
 ( 4, 4 ),
 ( 2, 2 ),
 ( 18.00000000000000000, 19.00000000000000000 ),
 ( 0.000000000000000000, 1.000000000000000000 ),
 .UNSPECIFIED. ) ;
#4855 = ORIENTED_EDGE ( 'NONE', *, *, #6501, .T. ) ;
#4856 = CARTESIAN_POINT ( 'NONE',  ( 1.146779601598409526, -0.4349644135054252514, 1.151636594053431661 ) ) ;
#4857 = EDGE_LOOP ( 'NONE', ( #2288, #6611, #4189, #10078 ) ) ;
#4858 = CARTESIAN_POINT ( 'NONE',  ( 1.175633711934623848, 0.2490385759310174418, 0.9391436344664652047 ) ) ;
#4859 = EDGE_CURVE ( 'NONE', #7411, #8780, #2579, .T. ) ;
#4860 = CARTESIAN_POINT ( 'NONE',  ( -1.149999999999999467, -1.700000000000000178, 0.01000000000000006613 ) ) ;
#4861 = CARTESIAN_POINT ( 'NONE',  ( 1.158825100987614265, 0.2048696596458852992, 1.065928412408482684 ) ) ;
#4862 = DIRECTION ( 'NONE',  ( -6.363820549330716835E-16, 1.000000000000000000, 3.499493697399966637E-15 ) ) ;
#4863 = CARTESIAN_POINT ( 'NONE',  ( 1.180834934307161355, 0.6906341605699625186, 0.9093203108118514955 ) ) ;
#4864 = CARTESIAN_POINT ( 'NONE',  ( 1.174895709634000918, 0.1373373829811191105, 0.9443947936913679175 ) ) ;
#4865 = EDGE_LOOP ( 'NONE', ( #4157, #7316, #7651, #8321 ) ) ;
#4866 = EDGE_CURVE ( 'NONE', #9192, #899, #8975, .T. ) ;
#4867 = B_SPLINE_CURVE_WITH_KNOTS ( 'NONE', 3,
 ( #1382, #7891, #9622, #5569 ),
 .UNSPECIFIED., .F., .F.,
 ( 4, 4 ),
 ( 12.00000000000000000, 13.00000000000000000 ),
 .UNSPECIFIED. ) ;
#4868 = CARTESIAN_POINT ( 'NONE',  ( 1.169460539749125783, 0.09369874323312481212, 0.9830680369262232432 ) ) ;
#4869 = B_SPLINE_CURVE_WITH_KNOTS ( 'NONE', 3,
 ( #4310, #7746, #2752, #2688 ),
 .UNSPECIFIED., .F., .F.,
 ( 4, 4 ),
 ( 11.00000000000000000, 12.00000000000000000 ),
 .UNSPECIFIED. ) ;
#4870 = EDGE_CURVE ( 'NONE', #2143, #2550, #1031, .T. ) ;
#4871 = CARTESIAN_POINT ( 'NONE',  ( 1.182553568800743138, 0.4815180484407237671, 0.8899062944380460305 ) ) ;
#4872 = VECTOR ( 'NONE', #9908, 1000.000000000000000 ) ;
#4873 = VECTOR ( 'NONE', #1435, 1000.000000000000000 ) ;
#4874 =( LENGTH_UNIT ( ) NAMED_UNIT ( * ) SI_UNIT ( .MILLI., .METRE. ) );
#4875 = CARTESIAN_POINT ( 'NONE',  ( 1.178916128325447454, 0.6448120291985222075, 0.9229733247972686794 ) ) ;
#4876 = LINE ( 'NONE', #6527, #5229 ) ;
#4877 = SURFACE_STYLE_USAGE ( .BOTH. , #6409 ) ;
#4878 = EDGE_CURVE ( 'NONE', #7065, #1556, #3722, .T. ) ;
#4879 = EDGE_LOOP ( 'NONE', ( #1462, #798, #6652, #7150 ) ) ;
#4880 = DIRECTION ( 'NONE',  ( 1.000000000000000000, 0.000000000000000000, -0.000000000000000000 ) ) ;
#4881 = ORIENTED_EDGE ( 'NONE', *, *, #5401, .F. ) ;
#4882 = CARTESIAN_POINT ( 'NONE',  ( 1.885000000000000453, 0.8649999999999999911, 0.4000000000000000222 ) ) ;
#4883 = ORIENTED_EDGE ( 'NONE', *, *, #7206, .T. ) ;
#4884 = VERTEX_POINT ( 'NONE', #7351 ) ;
#4885 = VECTOR ( 'NONE', #5772, 1000.000000000000227 ) ;
#4886 = CARTESIAN_POINT ( 'NONE',  ( 1.156871565485909414, 0.2071467294825181937, 1.079828539768916018 ) ) ;
#4887 = DIRECTION ( 'NONE',  ( 1.000000000000000000, 1.000802005371234832E-15, 0.000000000000000000 ) ) ;
#4888 = ORIENTED_EDGE ( 'NONE', *, *, #1094, .T. ) ;
#4889 = AXIS2_PLACEMENT_3D ( 'NONE', #4841, #8027, #10478 ) ;
#4890 = B_SPLINE_CURVE_WITH_KNOTS ( 'NONE', 3,
 ( #4935, #8185, #8788, #850 ),
 .UNSPECIFIED., .F., .F.,
 ( 4, 4 ),
 ( 19.00000000000000000, 20.00000000000000000 ),
 .UNSPECIFIED. ) ;
#4891 = CARTESIAN_POINT ( 'NONE',  ( 1.176965977066923186, -0.03326920068716877205, 0.9368493720162408556 ) ) ;
#4892 = DIRECTION ( 'NONE',  ( 0.05424386637397228539, 0.9209172030172807499, -0.3859651644224270650 ) ) ;
#4893 = EDGE_CURVE ( 'NONE', #9946, #7619, #7272, .T. ) ;
#4894 = VECTOR ( 'NONE', #3960, 1000.000000000000000 ) ;
#4895 = EDGE_LOOP ( 'NONE', ( #2472, #10375, #8845, #1075, #9651, #10554, #5951, #4193, #10485, #5436, #6952, #6000 ) ) ;
#4896 = CYLINDRICAL_SURFACE ( 'NONE', #8813, 0.1000000000000000472 ) ;
#4897 = ORIENTED_EDGE ( 'NONE', *, *, #3642, .F. ) ;
#4898 = CARTESIAN_POINT ( 'NONE',  ( 1.176840562755707920, 0.1373373829811192215, 0.9305564446746891205 ) ) ;
#4899 = VERTEX_POINT ( 'NONE', #7450 ) ;
#4900 = AXIS2_PLACEMENT_3D ( 'NONE', #8348, #10150, #4293 ) ;
#4901 = UNCERTAINTY_MEASURE_WITH_UNIT (LENGTH_MEASURE( 1.000000000000000082E-05 ), #6372, 'distance_accuracy_value', 'NONE');
#4902 = CARTESIAN_POINT ( 'NONE',  ( -0.9149999999999989253, -0.1999999999999999278, 0.000000000000000000 ) ) ;
#4903 = DIRECTION ( 'NONE',  ( 1.000000000000000000, 0.000000000000000000, 0.000000000000000000 ) ) ;
#4904 = CARTESIAN_POINT ( 'NONE',  ( 1.183543836869484833, 0.5380392887713456584, 0.8900454675390062631 ) ) ;
#4905 = DIRECTION ( 'NONE',  ( -0.9902680687415706950, -1.431534388630178744E-16, -0.1391731009600623292 ) ) ;
#4906 = LINE ( 'NONE', #5067, #4527 ) ;
#4907 = ADVANCED_FACE ( 'NONE', ( #5116 ), #7493, .F. ) ;
#4908 = CARTESIAN_POINT ( 'NONE',  ( -0.3981366483959006830, -0.8649999999999999911, 0.4000000000000000222 ) ) ;
#4909 = LINE ( 'NONE', #821, #4206 ) ;
#4910 = VERTEX_POINT ( 'NONE', #3450 ) ;
#4911 = CARTESIAN_POINT ( 'NONE',  ( 1.171170193456016584, -0.5755143896521991431, 0.9780885152387784887 ) ) ;
#4912 = CARTESIAN_POINT ( 'NONE',  ( 1.141555847152307956, 0.09369874323312404885, 1.188805538276393570 ) ) ;
#4913 = VERTEX_POINT ( 'NONE', #1790 ) ;
#4914 = VERTEX_POINT ( 'NONE', #3398 ) ;
#4915 = CARTESIAN_POINT ( 'NONE',  ( 1.177907639939239859, -0.3542783525547693046, 0.9229637959915383272 ) ) ;
#4916 = CARTESIAN_POINT ( 'NONE',  ( 1.146900346418557204, -0.4219505289702579209, 1.150777450016015502 ) ) ;
#4917 = SURFACE_SIDE_STYLE ('',( #5972 ) ) ;
#4918 = CARTESIAN_POINT ( 'NONE',  ( 1.176845233398295054, -0.3698950073776000602, 0.9377085078601694601 ) ) ;
#4919 = VERTEX_POINT ( 'NONE', #6661 ) ;
#4920 = VECTOR ( 'NONE', #3214, 1000.000000000000227 ) ;
#4921 = LINE ( 'NONE', #4222, #9461 ) ;
#4922 = VERTEX_POINT ( 'NONE', #2581 ) ;
#4923 = CARTESIAN_POINT ( 'NONE',  ( 1.148083497779650797, -0.3716301986015212444, 1.135173594109964323 ) ) ;
#4924 = EDGE_CURVE ( 'NONE', #6181, #8573, #2936, .T. ) ;
#4925 = EDGE_CURVE ( 'NONE', #5082, #7113, #35, .T. ) ;
#4926 = CARTESIAN_POINT ( 'NONE',  ( 1.156602411705630162, 0.4007288583426368289, 1.081743668427780136 ) ) ;
#4927 = CARTESIAN_POINT ( 'NONE',  ( 1.177196540336080233, 0.2753028608971970215, 0.9280235325774589539 ) ) ;
#4928 = LINE ( 'NONE', #9990, #8722 ) ;
#4929 = EDGE_CURVE ( 'NONE', #2645, #7819, #2489, .T. ) ;
#4930 = CARTESIAN_POINT ( 'NONE',  ( 1.150000000000000133, 5.799220922596885701E-17, 0.01000000000000000021 ) ) ;
#4931 = CARTESIAN_POINT ( 'NONE',  ( 1.156602411705630384, 0.3287048274790950741, 1.081743668427779914 ) ) ;
#4932 = ORIENTED_EDGE ( 'NONE', *, *, #5500, .T. ) ;
#4933 =( LENGTH_UNIT ( ) NAMED_UNIT ( * ) SI_UNIT ( .MILLI., .METRE. ) );
#4934 = AXIS2_PLACEMENT_3D ( 'NONE', #9344, #6831, #10230 ) ;
#4935 = CARTESIAN_POINT ( 'NONE',  ( 1.184064302922097189, 0.2489449977186548313, 0.8791568626123908992 ) ) ;
#4936 = ORIENTED_EDGE ( 'NONE', *, *, #2698, .F. ) ;
#4937 = ORIENTED_EDGE ( 'NONE', *, *, #6283, .F. ) ;
#4938 = CARTESIAN_POINT ( 'NONE',  ( 1.147021092390224650, -0.4150097971705957178, 1.149918297785116117 ) ) ;
#4939 = EDGE_CURVE ( 'NONE', #10157, #1953, #4958, .T. ) ;
#4940 = EDGE_CURVE ( 'NONE', #6975, #2957, #8205, .T. ) ;
#4941 = VECTOR ( 'NONE', #1490, 1000.000000000000000 ) ;
#4942 = PRESENTATION_STYLE_ASSIGNMENT (( #6539 ) ) ;
#4943 = B_SPLINE_SURFACE_WITH_KNOTS ( 'NONE', 3, 1, ( 
 ( #2176, #3158 ),
 ( #7049, #7103 ),
 ( #6187, #7001 ),
 ( #3039, #7204 ) ),
 .UNSPECIFIED., .F., .F., .F.,
 ( 4, 4 ),
 ( 2, 2 ),
 ( 15.00000000000000000, 16.00000000000000000 ),
 ( 0.000000000000000000, 1.000000000000000000 ),
 .UNSPECIFIED. ) ;
#4944 = EDGE_CURVE ( 'NONE', #6512, #3874, #5137, .T. ) ;
#4945 =( NAMED_UNIT ( * ) PLANE_ANGLE_UNIT ( ) SI_UNIT ( $, .RADIAN. ) );
#4946 = B_SPLINE_CURVE_WITH_KNOTS ( 'NONE', 3,
 ( #515, #305, #2977, #8503 ),
 .UNSPECIFIED., .F., .F.,
 ( 4, 4 ),
 ( 5.000000000000000000, 6.000000000000000000 ),
 .UNSPECIFIED. ) ;
#4947 = LINE ( 'NONE', #6597, #9194 ) ;
#4948 = PLANE ( 'NONE',  #9832 ) ;
#4949 = VERTEX_POINT ( 'NONE', #1134 ) ;
#4950 = VERTEX_POINT ( 'NONE', #10169 ) ;
#4951 = VECTOR ( 'NONE', #7724, 1000.000000000000000 ) ;
#4952 = ORIENTED_EDGE ( 'NONE', *, *, #7338, .F. ) ;
#4953 = ORIENTED_EDGE ( 'NONE', *, *, #2832, .F. ) ;
#4954 = EDGE_CURVE ( 'NONE', #4950, #5019, #9423, .T. ) ;
#4955 = PRESENTATION_STYLE_ASSIGNMENT (( #8304 ) ) ;
#4956 = VECTOR ( 'NONE', #8477, 1000.000000000000000 ) ;
#4957 = CARTESIAN_POINT ( 'NONE',  ( 1.182389080328504205, 0.2921157464040102791, 0.8982619872674243444 ) ) ;
#4958 = LINE ( 'NONE', #5068, #256 ) ;
#4959 = CARTESIAN_POINT ( 'NONE',  ( 1.151826609083908659, -0.1078821254503317811, 1.108539973268134027 ) ) ;
#4960 = DIRECTION ( 'NONE',  ( 0.1391731009600555014, -0.000000000000000000, -0.9902680687415716942 ) ) ;
#4961 = EDGE_LOOP ( 'NONE', ( #5672, #6842, #6333, #10005 ) ) ;
#4962 = LINE ( 'NONE', #8816, #4521 ) ;
#4963 = ORIENTED_EDGE ( 'NONE', *, *, #2357, .T. ) ;
#4964 = CARTESIAN_POINT ( 'NONE',  ( 1.885000000000000453, 0.5649999999999993916, 0.000000000000000000 ) ) ;
#4965 = SURFACE_SIDE_STYLE ('',( #1637 ) ) ;
#4966 = VECTOR ( 'NONE', #9798, 1000.000000000000000 ) ;
#4967 = EDGE_LOOP ( 'NONE', ( #5008, #9377, #3489, #8251, #1185, #10522, #1539 ) ) ;
#4968 = VECTOR ( 'NONE', #4729, 1000.000000000000227 ) ;
#4969 = EDGE_CURVE ( 'NONE', #7412, #2840, #4408, .T. ) ;
#4970 = VERTEX_POINT ( 'NONE', #6905 ) ;
#4971 = DIRECTION ( 'NONE',  ( -0.000000000000000000, 1.000000000000000000, -0.000000000000000000 ) ) ;
#4972 = DIRECTION ( 'NONE',  ( 0.000000000000000000, 1.000000000000000000, 0.000000000000000000 ) ) ;
#4973 = CARTESIAN_POINT ( 'NONE',  ( -1.249999999999999334, -1.700000000000000178, 1.510000000000000009 ) ) ;
#4974 = STYLED_ITEM ( 'NONE', ( #7084 ), #8394 ) ;
#4975 = LINE ( 'NONE', #3460, #10537 ) ;
#4976 = CARTESIAN_POINT ( 'NONE',  ( 1.172082618511471219, 0.2734312966478765206, 0.9644109770909219392 ) ) ;
#4977 = ORIENTED_EDGE ( 'NONE', *, *, #1774, .F. ) ;
#4978 = CARTESIAN_POINT ( 'NONE',  ( 1.182301779780575934, 0.3078056933612357549, 0.8916978664085719597 ) ) ;
#4979 =( LENGTH_UNIT ( ) NAMED_UNIT ( * ) SI_UNIT ( .MILLI., .METRE. ) );
#4980 = FILL_AREA_STYLE_COLOUR ( '', #5489 ) ;
#4981 = PRESENTATION_STYLE_ASSIGNMENT (( #843 ) ) ;
#4982 = VECTOR ( 'NONE', #593, 1000.000000000000114 ) ;
#4983 = CARTESIAN_POINT ( 'NONE',  ( 1.178603562645179403, 0.2829762743196017616, 0.9251973451749029298 ) ) ;
#4984 = DIRECTION ( 'NONE',  ( -1.000000000000000000, -5.042800802258160488E-17, 0.000000000000000000 ) ) ;
#4985 = FACE_OUTER_BOUND ( 'NONE', #8140, .T. ) ;
#4986 = ORIENTED_EDGE ( 'NONE', *, *, #235, .F. ) ;
#4987 =( NAMED_UNIT ( * ) PLANE_ANGLE_UNIT ( ) SI_UNIT ( $, .RADIAN. ) );
#4988 = ORIENTED_EDGE ( 'NONE', *, *, #1116, .F. ) ;
#4989 = MECHANICAL_DESIGN_GEOMETRIC_PRESENTATION_REPRESENTATION (  '', ( #8567 ), #7183 ) ;
#4990 = CARTESIAN_POINT ( 'NONE',  ( 1.184030050149940561, 0.2740863441352417440, 0.8865858802846288134 ) ) ;
#4991 = ORIENTED_EDGE ( 'NONE', *, *, #6552, .T. ) ;
#4992 = ORIENTED_EDGE ( 'NONE', *, *, #6038, .F. ) ;
#4993 = EDGE_CURVE ( 'NONE', #3611, #3270, #9212, .T. ) ;
#4994 = CARTESIAN_POINT ( 'NONE',  ( 1.170980432998427689, 0.5650521994372486034, 0.9794387310532121083 ) ) ;
#4995 =( BOUNDED_CURVE ( )  B_SPLINE_CURVE ( 3, ( #9918, #3245, #1684, #4254 ),
 .UNSPECIFIED., .F., .F. ) 
 B_SPLINE_CURVE_WITH_KNOTS ( ( 4, 4 ),
 ( 2.168404344971012812E-15, 0.009685181668471385188 ),
 .UNSPECIFIED. ) 
 CURVE ( )  GEOMETRIC_REPRESENTATION_ITEM ( )  RATIONAL_B_SPLINE_CURVE ( ( 1.000000000000000000, 0.9999921831199466427, 0.9999921831199466427, 1.000000000000000000 ) ) 
 REPRESENTATION_ITEM ( '' )  );
#4996 = FACE_OUTER_BOUND ( 'NONE', #1905, .T. ) ;
#4997 = CARTESIAN_POINT ( 'NONE',  ( 1.184463692402459190, 0.3499470817097778963, 0.8763150587963851601 ) ) ;
#4998 = VECTOR ( 'NONE', #3433, 1000.000000000000000 ) ;
#4999 = CARTESIAN_POINT ( 'NONE',  ( 1.144256067334633808, 0.2386513943472002575, 1.169592473347299766 ) ) ;
#5000 = CARTESIAN_POINT ( 'NONE',  ( 1.140279060543291312, 0.2097357266941085041, 1.190705050521806418 ) ) ;
#5001 = EDGE_CURVE ( 'NONE', #3492, #4676, #4869, .T. ) ;
#5002 = ORIENTED_EDGE ( 'NONE', *, *, #612, .F. ) ;
#5003 = EDGE_LOOP ( 'NONE', ( #8738, #7326, #1492, #77, #10305, #8012, #5793 ) ) ;
#5004 = B_SPLINE_CURVE_WITH_KNOTS ( 'NONE', 3,
 ( #9914, #5847, #9129, #4302 ),
 .UNSPECIFIED., .F., .F.,
 ( 4, 4 ),
 ( 2.000000000000000000, 3.000000000000000000 ),
 .UNSPECIFIED. ) ;
#5005 = CARTESIAN_POINT ( 'NONE',  ( 1.143726442154189060, 0.5126172077172520547, 1.173360952320449568 ) ) ;
#5006 = CARTESIAN_POINT ( 'NONE',  ( 1.182484586508595337, 0.3597727940190045826, 0.8975824254853018713 ) ) ;
#5007 = EDGE_CURVE ( 'NONE', #3326, #1138, #8686, .T. ) ;
#5008 = ORIENTED_EDGE ( 'NONE', *, *, #787, .T. ) ;
#5009 = ORIENTED_EDGE ( 'NONE', *, *, #6351, .F. ) ;
#5010 = UNCERTAINTY_MEASURE_WITH_UNIT (LENGTH_MEASURE( 1.000000000000000082E-05 ), #4392, 'distance_accuracy_value', 'NONE');
#5011 = DIRECTION ( 'NONE',  ( -0.000000000000000000, -0.000000000000000000, 1.000000000000000000 ) ) ;
#5012 = CARTESIAN_POINT ( 'NONE',  ( 1.183604613529585681, 0.2125430730682955627, 0.8896130191318960545 ) ) ;
#5013 = CARTESIAN_POINT ( 'NONE',  ( 1.180929963739302258, 0.2921157464040102791, 0.9014588447333321541 ) ) ;
#5014 = CARTESIAN_POINT ( 'NONE',  ( 1.154024325354476854, -0.4340968178936723265, 1.100087705992469189 ) ) ;
#5015 = ORIENTED_EDGE ( 'NONE', *, *, #7234, .F. ) ;
#5016 = LINE ( 'NONE', #78, #9890 ) ;
#5017 = SURFACE_STYLE_FILL_AREA ( #6719 ) ;
#5018 = EDGE_CURVE ( 'NONE', #4055, #2790, #5318, .T. ) ;
#5019 = VERTEX_POINT ( 'NONE', #3502 ) ;
#5020 = SURFACE_STYLE_FILL_AREA ( #1746 ) ;
#5021 = FACE_OUTER_BOUND ( 'NONE', #5321, .T. ) ;
#5022 = DIRECTION ( 'NONE',  ( -0.9902680687415706950, -1.431534388630178744E-16, -0.1391731009600623292 ) ) ;
#5023 = B_SPLINE_CURVE_WITH_KNOTS ( 'NONE', 3,
 ( #7235, #9034, #3307, #769 ),
 .UNSPECIFIED., .F., .F.,
 ( 4, 4 ),
 ( 1.000000000000000000, 2.000000000000000000 ),
 .UNSPECIFIED. ) ;
#5024 = CARTESIAN_POINT ( 'NONE',  ( 1.185480007611193987, 0.5381328669845406587, 0.8762688968660794497 ) ) ;
#5025 = ORIENTED_EDGE ( 'NONE', *, *, #6708, .T. ) ;
#5026 = CARTESIAN_POINT ( 'NONE',  ( 1.158538582447339760, 0.3517562604841873442, 1.067967097754855876 ) ) ;
#5027 = CARTESIAN_POINT ( 'NONE',  ( 1.182232797488312670, 0.1582053243615262617, 0.8993739974566514750 ) ) ;
#5028 = ADVANCED_FACE ( 'NONE', ( #6010 ), #9287, .F. ) ;
#5029 = DIRECTION ( 'NONE',  ( -0.000000000000000000, -1.000000000000000000, -0.000000000000000000 ) ) ;
#5030 = B_SPLINE_SURFACE_WITH_KNOTS ( 'NONE', 3, 1, ( 
 ( #1498, #5517 ),
 ( #1442, #1390 ),
 ( #8020, #4663 ),
 ( #4719, #9631 ) ),
 .UNSPECIFIED., .F., .F., .F.,
 ( 4, 4 ),
 ( 2, 2 ),
 ( 35.00000000000000000, 36.00000000000000000 ),
 ( 0.000000000000000000, 1.000000000000000000 ),
 .UNSPECIFIED. ) ;
#5031 = CARTESIAN_POINT ( 'NONE',  ( 1.154845239952088543, -0.3881144324885079655, 1.087061298585631608 ) ) ;
#5032 = CARTESIAN_POINT ( 'NONE',  ( 1.180834934307161355, 0.6398211911992345291, 0.9093203108118512734 ) ) ;
#5033 = CARTESIAN_POINT ( 'NONE',  ( 1.142102837092748180, 0.1766714249554794391, 1.184913502615736025 ) ) ;
#5034 = LINE ( 'NONE', #4228, #9260 ) ;
#5035 = ORIENTED_EDGE ( 'NONE', *, *, #1311, .T. ) ;
#5036 = CARTESIAN_POINT ( 'NONE',  ( 1.143509382654012363, 0.3859435007719920208, 1.174905410915961346 ) ) ;
#5037 = LINE ( 'NONE', #7635, #7812 ) ;
#5038 = CARTESIAN_POINT ( 'NONE',  ( 1.180443289223559011, -0.3004876231897625205, 0.9049217138473087951 ) ) ;
#5039 = CARTESIAN_POINT ( 'NONE',  ( 1.173810412133001968, 0.1952934892367083342, 0.9521170866697550306 ) ) ;
#5040 = CARTESIAN_POINT ( 'NONE',  ( -0.9149999999999988143, -1.299999999999999156, 0.000000000000000000 ) ) ;
#5041 = ORIENTED_EDGE ( 'NONE', *, *, #1139, .F. ) ;
#5042 = PRESENTATION_STYLE_ASSIGNMENT (( #1765 ) ) ;
#5043 = VECTOR ( 'NONE', #6718, 1000.000000000000114 ) ;
#5044 = ORIENTED_EDGE ( 'NONE', *, *, #6686, .T. ) ;
#5045 = EDGE_LOOP ( 'NONE', ( #258, #4992, #1743, #2965 ) ) ;
#5046 = ORIENTED_EDGE ( 'NONE', *, *, #9837, .F. ) ;
#5047 = CARTESIAN_POINT ( 'NONE',  ( 1.170450807817867034, 0.5387567217336164394, 0.9832072100271849191 ) ) ;
#5048 = VECTOR ( 'NONE', #400, 1000.000000000000114 ) ;
#5049 = CARTESIAN_POINT ( 'NONE',  ( 1.176623980003365544, 0.2490385759310174418, 0.9392828075674253263 ) ) ;
#5050 = VECTOR ( 'NONE', #9203, 1000.000000000000227 ) ;
#5051 = B_SPLINE_CURVE_WITH_KNOTS ( 'NONE', 3,
 ( #44, #3204, #9717, #2269 ),
 .UNSPECIFIED., .F., .F.,
 ( 4, 4 ),
 ( 7.000000000000000000, 8.000000000000000000 ),
 .UNSPECIFIED. ) ;
#5052 = VERTEX_POINT ( 'NONE', #4025 ) ;
#5053 = ORIENTED_EDGE ( 'NONE', *, *, #8737, .F. ) ;
#5054 = B_SPLINE_CURVE_WITH_KNOTS ( 'NONE', 3,
 ( #1878, #4436, #2667, #7690 ),
 .UNSPECIFIED., .F., .F.,
 ( 4, 4 ),
 ( 0.000000000000000000, 1.000000000000000000 ),
 .UNSPECIFIED. ) ;
#5055 = DIRECTION ( 'NONE',  ( 0.9902680687415708061, 4.993724611500633215E-17, 0.1391731009600625235 ) ) ;
#5056 = AXIS2_PLACEMENT_3D ( 'NONE', #4627, #7861, #8254 ) ;
#5057 = B_SPLINE_CURVE_WITH_KNOTS ( 'NONE', 3,
 ( #7307, #4489, #2829, #10248 ),
 .UNSPECIFIED., .F., .F.,
 ( 4, 4 ),
 ( 6.000000000000000000, 7.000000000000000000 ),
 .UNSPECIFIED. ) ;
#5058 = EDGE_LOOP ( 'NONE', ( #6291, #4991, #8504, #125, #6394, #8144, #8056, #9858, #6051, #8620 ) ) ;
#5059 = DIRECTION ( 'NONE',  ( -0.000000000000000000, 1.000000000000000000, -0.000000000000000000 ) ) ;
#5060 = EDGE_CURVE ( 'NONE', #4507, #2167, #4186, .T. ) ;
#5061 = CARTESIAN_POINT ( 'NONE',  ( 1.150000000000000355, -2.150000000000000355, 1.510000000000000009 ) ) ;
#5062 = ADVANCED_FACE ( 'NONE', ( #3295 ), #7389, .F. ) ;
#5063 = CARTESIAN_POINT ( 'NONE',  ( 0.000000000000000000, 2.007503214919902579, 1.423917310096006084 ) ) ;
#5064 = VECTOR ( 'NONE', #6497, 1000.000000000000227 ) ;
#5065 = CARTESIAN_POINT ( 'NONE',  ( 1.168497272316162405, 0.6571643532436003410, 0.9971073373876179202 ) ) ;
#5066 = DIRECTION ( 'NONE',  ( -1.008560160451632221E-16, 1.000000000000000000, -0.000000000000000000 ) ) ;
#5067 = CARTESIAN_POINT ( 'NONE',  ( 0.000000000000000000, -1.700000000000000178, 0.01000000000000000021 ) ) ;
#5068 = CARTESIAN_POINT ( 'NONE',  ( -1.249999999999999778, 1.300000000000000711, 1.510000000000000009 ) ) ;
#5069 = FACE_OUTER_BOUND ( 'NONE', #10202, .T. ) ;
#5070 = ADVANCED_FACE ( 'NONE', ( #3967 ), #2454, .F. ) ;
#5071 = ORIENTED_EDGE ( 'NONE', *, *, #3047, .F. ) ;
#5072 = MECHANICAL_DESIGN_GEOMETRIC_PRESENTATION_REPRESENTATION (  '', ( #6068 ), #8823 ) ;
#5073 = DIRECTION ( 'NONE',  ( -0.000000000000000000, 1.000000000000000000, 1.245812200144858865E-14 ) ) ;
#5074 = PLANE ( 'NONE',  #4029 ) ;
#5075 = ORIENTED_EDGE ( 'NONE', *, *, #8255, .F. ) ;
#5076 = MECHANICAL_DESIGN_GEOMETRIC_PRESENTATION_REPRESENTATION (  '', ( #6073 ), #8835 ) ;
#5077 = EDGE_CURVE ( 'NONE', #7694, #8309, #10403, .T. ) ;
#5078 = LINE ( 'NONE', #10024, #812 ) ;
#5079 = VECTOR ( 'NONE', #126, 1000.000000000000227 ) ;
#5080 = LINE ( 'NONE', #9931, #1798 ) ;
#5081 = EDGE_CURVE ( 'NONE', #4138, #9473, #7838, .T. ) ;
#5082 = VERTEX_POINT ( 'NONE', #6136 ) ;
#5083 = CARTESIAN_POINT ( 'NONE',  ( 1.250000000000000444, -2.050322840650756984, 0.4099999999999704992 ) ) ;
#5084 = CARTESIAN_POINT ( 'NONE',  ( 1.183812513901929986, 0.2979799810520100123, 0.8809484345829174945 ) ) ;
#5085 = EDGE_CURVE ( 'NONE', #4131, #8629, #2027, .T. ) ;
#5086 = CARTESIAN_POINT ( 'NONE',  ( 1.143925660146534629, 0.5145199647044413904, 1.164758146115226767 ) ) ;
#5087 = LINE ( 'NONE', #6734, #1026 ) ;
#5088 = LINE ( 'NONE', #5680, #776 ) ;
#5089 = PLANE ( 'NONE',  #5675 ) ;
#5090 = VECTOR ( 'NONE', #8566, 1000.000000000000227 ) ;
#5091 = FACE_OUTER_BOUND ( 'NONE', #2316, .T. ) ;
#5092 = LINE ( 'NONE', #6684, #10053 ) ;
#5093 = FACE_OUTER_BOUND ( 'NONE', #10348, .T. ) ;
#5094 = APPLICATION_CONTEXT ( 'automotive_design' ) ;
#5095 = VERTEX_POINT ( 'NONE', #3979 ) ;
#5096 = ORIENTED_EDGE ( 'NONE', *, *, #6025, .F. ) ;
#5097 = CARTESIAN_POINT ( 'NONE',  ( 1.156602411705630606, 0.1422970282421216481, 1.081743668427779248 ) ) ;
#5098 = PLANE ( 'NONE',  #841 ) ;
#5099 = EDGE_CURVE ( 'NONE', #7226, #7867, #9679, .T. ) ;
#5100 = CARTESIAN_POINT ( 'NONE',  ( 1.188136339145696274, 0.3189103079077391656, 0.8501828193585386773 ) ) ;
#5101 = CARTESIAN_POINT ( 'NONE',  ( 1.156871565485909414, 0.2192183188909284652, 1.079828539768916018 ) ) ;
#5102 = ORIENTED_EDGE ( 'NONE', *, *, #90, .T. ) ;
#5103 = PLANE ( 'NONE',  #2628 ) ;
#5104 =( GEOMETRIC_REPRESENTATION_CONTEXT ( 3 ) GLOBAL_UNCERTAINTY_ASSIGNED_CONTEXT ( ( #2526 ) ) GLOBAL_UNIT_ASSIGNED_CONTEXT ( ( #6673, #7518, #2543 ) ) REPRESENTATION_CONTEXT ( 'NONE', 'WORKASPACE' ) );
#5105 = FACE_OUTER_BOUND ( 'NONE', #3072, .T. ) ;
#5106 = ORIENTED_EDGE ( 'NONE', *, *, #7420, .T. ) ;
#5107 = ORIENTED_EDGE ( 'NONE', *, *, #10342, .F. ) ;
#5108 = MECHANICAL_DESIGN_GEOMETRIC_PRESENTATION_REPRESENTATION (  '', ( #1496 ), #10038 ) ;
#5109 = ORIENTED_EDGE ( 'NONE', *, *, #2823, .F. ) ;
#5110 = EDGE_LOOP ( 'NONE', ( #1316, #8207, #9415, #5950, #9506, #4319 ) ) ;
#5111 = FACE_OUTER_BOUND ( 'NONE', #7733, .T. ) ;
#5112 = CARTESIAN_POINT ( 'NONE',  ( 1.140565579083566039, 0.3259286738427817909, 1.188666365175434336 ) ) ;
#5113 = CARTESIAN_POINT ( 'NONE',  ( 1.156159610325279141, 0.4327014142695422838, 1.084894363962559449 ) ) ;
#5114 = LINE ( 'NONE', #8368, #6393 ) ;
#5115 = LINE ( 'NONE', #3397, #6634 ) ;
#5116 = FACE_OUTER_BOUND ( 'NONE', #7283, .T. ) ;
#5117 = LINE ( 'NONE', #5958, #5687 ) ;
#5118 = ORIENTED_EDGE ( 'NONE', *, *, #9319, .T. ) ;
#5119 = B_SPLINE_SURFACE_WITH_KNOTS ( 'NONE', 3, 1, ( 
 ( #8999, #2505 ),
 ( #7525, #2458 ),
 ( #5033, #8278 ),
 ( #5739, #948 ) ),
 .UNSPECIFIED., .F., .F., .F.,
 ( 4, 4 ),
 ( 2, 2 ),
 ( 4.000000000000000000, 5.000000000000000000 ),
 ( 0.000000000000000000, 1.000000000000000000 ),
 .UNSPECIFIED. ) ;
#5120 = VECTOR ( 'NONE', #2769, 1000.000000000000227 ) ;
#5121 = PRESENTATION_LAYER_ASSIGNMENT (  '', '', ( #4764 ) ) ;
#5122 = CARTESIAN_POINT ( 'NONE',  ( 1.158538582447339538, 0.5676723893867078319, 1.067967097754856765 ) ) ;
#5123 = COLOUR_RGB ( '',0.2509803921568627416, 0.2509803921568627416, 0.2509803921568627416 ) ;
#5124 = ORIENTED_EDGE ( 'NONE', *, *, #991, .T. ) ;
#5125 = CARTESIAN_POINT ( 'NONE',  ( -1.000802005371240798E-16, 0.2000000000000012046, 0.01000000000000000021 ) ) ;
#5126 = EDGE_CURVE ( 'NONE', #338, #5346, #8950, .T. ) ;
#5127 = ORIENTED_EDGE ( 'NONE', *, *, #10329, .T. ) ;
#5128 =( GEOMETRIC_REPRESENTATION_CONTEXT ( 3 ) GLOBAL_UNCERTAINTY_ASSIGNED_CONTEXT ( ( #10122 ) ) GLOBAL_UNIT_ASSIGNED_CONTEXT ( ( #6630, #7377, #3216 ) ) REPRESENTATION_CONTEXT ( 'NONE', 'WORKASPACE' ) );
#5129 = UNCERTAINTY_MEASURE_WITH_UNIT (LENGTH_MEASURE( 1.000000000000000082E-05 ), #6189, 'distance_accuracy_value', 'NONE');
#5130 =( GEOMETRIC_REPRESENTATION_CONTEXT ( 3 ) GLOBAL_UNCERTAINTY_ASSIGNED_CONTEXT ( ( #6255 ) ) GLOBAL_UNIT_ASSIGNED_CONTEXT ( ( #6076, #4643, #4690 ) ) REPRESENTATION_CONTEXT ( 'NONE', 'WORKASPACE' ) );
#5131 = LINE ( 'NONE', #7464, #2718 ) ;
#5132 = EDGE_LOOP ( 'NONE', ( #1395, #276, #8122, #6370 ) ) ;
#5133 = B_SPLINE_SURFACE_WITH_KNOTS ( 'NONE', 3, 1, ( 
 ( #9015, #9633 ),
 ( #10359, #2353 ),
 ( #3231, #1670 ),
 ( #9578, #3981 ) ),
 .UNSPECIFIED., .F., .F., .F.,
 ( 4, 4 ),
 ( 2, 2 ),
 ( 8.000000000000000000, 9.000000000000000000 ),
 ( 0.000000000000000000, 1.000000000000000000 ),
 .UNSPECIFIED. ) ;
#5134 = VECTOR ( 'NONE', #405, 1000.000000000000227 ) ;
#5135 = EDGE_CURVE ( 'NONE', #27, #8820, #2804, .T. ) ;
#5136 = EDGE_CURVE ( 'NONE', #6044, #3988, #578, .T. ) ;
#5137 = B_SPLINE_CURVE_WITH_KNOTS ( 'NONE', 3,
 ( #4457, #3555, #2847, #3705 ),
 .UNSPECIFIED., .F., .F.,
 ( 4, 4 ),
 ( 22.00000000000000000, 23.00000000000000000 ),
 .UNSPECIFIED. ) ;
#5138 = EDGE_CURVE ( 'NONE', #1778, #5224, #9467, .T. ) ;
#5139 = PRESENTATION_LAYER_ASSIGNMENT (  '', '', ( #4974 ) ) ;
#5140 = DIRECTION ( 'NONE',  ( -0.1308010097124985838, -0.3416038306902446364, 0.9306975441656335502 ) ) ;
#5141 = LINE ( 'NONE', #9987, #5324 ) ;
#5142 = VECTOR ( 'NONE', #10505, 1000.000000000000227 ) ;
#5143 = CARTESIAN_POINT ( 'NONE',  ( 1.179107140685631050, 0.2927084084164696121, 0.9216142012330167388 ) ) ;
#5144 = CARTESIAN_POINT ( 'NONE',  ( -1.150968503025307621, 2.149995309899464413, 0.4100333717993135396 ) ) ;
#5145 = SURFACE_STYLE_FILL_AREA ( #4839 ) ;
#5146 = CARTESIAN_POINT ( 'NONE',  ( 1.184021367769943156, 0.1898035674385723237, 0.8866476586283806860 ) ) ;
#5147 = LINE ( 'NONE', #3697, #4956 ) ;
#5148 = VERTEX_POINT ( 'NONE', #5580 ) ;
#5149 = DIRECTION ( 'NONE',  ( 0.9902680687415706950, 0.000000000000000000, 0.1391731009600623292 ) ) ;
#5150 = EDGE_CURVE ( 'NONE', #8316, #4290, #7521, .T. ) ;
#5151 = VERTEX_POINT ( 'NONE', #6309 ) ;
#5152 = DIRECTION ( 'NONE',  ( -0.1346662963405143576, -0.2524218971878546269, 0.9582004876068540566 ) ) ;
#5153 = DIRECTION ( 'NONE',  ( 0.1378445374916257016, -0.1378445374916256738, -0.9808148484639899189 ) ) ;
#5154 = VECTOR ( 'NONE', #10093, 1000.000000000000000 ) ;
#5155 = CARTESIAN_POINT ( 'NONE',  ( 1.283284485972679079, -8.930029639198397555E-16, 0.1803538728192447815 ) ) ;
#5156 = CARTESIAN_POINT ( 'NONE',  ( 1.189899339035168868, 0.3525048861839164549, 0.8448237198587482677 ) ) ;
#5157 = CARTESIAN_POINT ( 'NONE',  ( -1.059371777266040260, 1.860344970391882180, 1.766390284273130717 ) ) ;
#5158 = CYLINDRICAL_SURFACE ( 'NONE', #4437, 0.1000000000000000472 ) ;
#5159 = ORIENTED_EDGE ( 'NONE', *, *, #4807, .T. ) ;
#5160 = PLANE ( 'NONE',  #265 ) ;
#5161 = PRESENTATION_STYLE_ASSIGNMENT (( #5307 ) ) ;
#5162 = B_SPLINE_CURVE_WITH_KNOTS ( 'NONE', 3,
 ( #2506, #5935, #5143, #4983 ),
 .UNSPECIFIED., .F., .F.,
 ( 4, 4 ),
 ( 15.00000000000000000, 16.00000000000000000 ),
 .UNSPECIFIED. ) ;
#5163 = VECTOR ( 'NONE', #4835, 1000.000000000000000 ) ;
#5164 = CARTESIAN_POINT ( 'NONE',  ( -2.214999999999998970, 1.300000000000000044, 0.4000000000000000222 ) ) ;
#5165 = CARTESIAN_POINT ( 'NONE',  ( 1.180522368626892638, 0.1777631707676199380, 0.9115443311894901868 ) ) ;
#5166 = EDGE_CURVE ( 'NONE', #1853, #9498, #9567, .T. ) ;
#5167 = ORIENTED_EDGE ( 'NONE', *, *, #2770, .F. ) ;
#5168 = ORIENTED_EDGE ( 'NONE', *, *, #1617, .T. ) ;
#5169 = ORIENTED_EDGE ( 'NONE', *, *, #7605, .F. ) ;
#5170 = VERTEX_POINT ( 'NONE', #5405 ) ;
#5171 = CARTESIAN_POINT ( 'NONE',  ( 1.143691235886363344, 0.5139273026919819465, 1.166426161398247396 ) ) ;
#5172 = DIRECTION ( 'NONE',  ( 0.04953667850224742486, -0.9345104387438658566, -0.3524717823623792490 ) ) ;
#5173 = CARTESIAN_POINT ( 'NONE',  ( 1.184776258082727685, 0.2635431988637454981, 0.8740910384187443594 ) ) ;
#5174 = AXIS2_PLACEMENT_3D ( 'NONE', #3970, #3284, #6462 ) ;
#5175 = DIRECTION ( 'NONE',  ( 1.000000000000000000, 0.000000000000000000, 0.000000000000000000 ) ) ;
#5176 = FACE_OUTER_BOUND ( 'NONE', #1324, .T. ) ;
#5177 = DIRECTION ( 'NONE',  ( -1.000000000000000000, 0.000000000000000000, 0.000000000000000000 ) ) ;
#5178 = CARTESIAN_POINT ( 'NONE',  ( 1.149378194791405905, 0.1472878662401649885, 1.125961346192861479 ) ) ;
#5179 = ORIENTED_EDGE ( 'NONE', *, *, #6089, .T. ) ;
#5180 = ORIENTED_EDGE ( 'NONE', *, *, #7440, .T. ) ;
#5181 = CARTESIAN_POINT ( 'NONE',  ( 1.169677599249417943, 0.6654304286788805811, 0.9815235783298887906 ) ) ;
#5182 = DIRECTION ( 'NONE',  ( 1.000000000000000000, 0.000000000000000000, -0.000000000000000000 ) ) ;
#5183 = ORIENTED_EDGE ( 'NONE', *, *, #5678, .T. ) ;
#5184 = SURFACE_SIDE_STYLE ('',( #7569 ) ) ;
#5185 = CARTESIAN_POINT ( 'NONE',  ( 1.158052369166884032, 0.1733961875190717927, 1.071426685009230662 ) ) ;
#5186 = CARTESIAN_POINT ( 'NONE',  ( 1.176571408975428445, 0.2681285312744675076, 0.9324715733335537937 ) ) ;
#5187 = DIRECTION ( 'NONE',  ( -6.363820549330707961E-16, 1.000000000000000000, 3.499493697399959932E-15 ) ) ;
#5188 = ORIENTED_EDGE ( 'NONE', *, *, #433, .T. ) ;
#5189 = CARTESIAN_POINT ( 'NONE',  ( -2.214999999999998970, -0.2000000000000000944, 0.4000000000000000222 ) ) ;
#5190 = CARTESIAN_POINT ( 'NONE',  ( 1.153840938115368919, 0.4215032215110968705, 1.094207277466759720 ) ) ;
#5191 = B_SPLINE_CURVE_WITH_KNOTS ( 'NONE', 3,
 ( #6516, #1599, #99, #9778 ),
 .UNSPECIFIED., .F., .F.,
 ( 4, 4 ),
 ( 2.000000000000000000, 3.000000000000000000 ),
 .UNSPECIFIED. ) ;
#5192 = CARTESIAN_POINT ( 'NONE',  ( 1.180522368626892638, 0.1777631707676199380, 0.9115443311894901868 ) ) ;
#5193 = CARTESIAN_POINT ( 'NONE',  ( 1.173350722740490015, 0.3994187633679075478, 0.9625732431892652929 ) ) ;
#5194 = EDGE_CURVE ( 'NONE', #1077, #5842, #10412, .T. ) ;
#5195 = CARTESIAN_POINT ( 'NONE',  ( 1.143509382654012363, 0.4004793164421724394, 1.174905410915961346 ) ) ;
#5196 = EDGE_CURVE ( 'NONE', #905, #5819, #3108, .T. ) ;
#5197 = CARTESIAN_POINT ( 'NONE',  ( 1.176845233398295054, -0.3881144490365190935, 0.9377085078601694601 ) ) ;
#5198 = CARTESIAN_POINT ( 'NONE',  ( 1.140279060543291312, 0.2214018105151973337, 1.190705050521806418 ) ) ;
#5199 = VERTEX_POINT ( 'NONE', #8744 ) ;
#5200 = ADVANCED_FACE ( 'NONE', ( #2240 ), #5030, .F. ) ;
#5201 = LINE ( 'NONE', #9266, #8217 ) ;
#5202 = ORIENTED_EDGE ( 'NONE', *, *, #8593, .T. ) ;
#5203 = DIRECTION ( 'NONE',  ( -1.000000000000000000, 0.000000000000000000, 0.000000000000000000 ) ) ;
#5204 = DIRECTION ( 'NONE',  ( 0.1300587156392379873, -0.3559357243698732520, -0.9254158473916282990 ) ) ;
#5205 =( NAMED_UNIT ( * ) SI_UNIT ( $, .STERADIAN. ) SOLID_ANGLE_UNIT ( ) );
#5206 = ORIENTED_EDGE ( 'NONE', *, *, #2120, .F. ) ;
#5207 = PLANE ( 'NONE',  #2497 ) ;
#5208 = EDGE_CURVE ( 'NONE', #8151, #3945, #8026, .T. ) ;
#5209 = DIRECTION ( 'NONE',  ( -0.1391731009600582492, -7.181438095803825345E-15, 0.9902680687415713612 ) ) ;
#5210 = B_SPLINE_CURVE_WITH_KNOTS ( 'NONE', 3,
 ( #4561, #2947, #3814, #3234 ),
 .UNSPECIFIED., .F., .F.,
 ( 4, 4 ),
 ( 3.000000000000000000, 4.000000000000000000 ),
 .UNSPECIFIED. ) ;
#5211 = VERTEX_POINT ( 'NONE', #4833 ) ;
#5212 = VECTOR ( 'NONE', #9879, 1000.000000000000227 ) ;
#5213 = ORIENTED_EDGE ( 'NONE', *, *, #8990, .T. ) ;
#5214 = SURFACE_SIDE_STYLE ('',( #8473 ) ) ;
#5215 = ORIENTED_EDGE ( 'NONE', *, *, #8873, .T. ) ;
#5216 = EDGE_LOOP ( 'NONE', ( #1156, #4847, #182, #2981 ) ) ;
#5217 = CARTESIAN_POINT ( 'NONE',  ( 1.179566830078142781, 0.2129485786556120641, 0.9111580447135111394 ) ) ;
#5218 = EDGE_CURVE ( 'NONE', #9337, #9363, #5721, .T. ) ;
#5219 = CIRCLE ( 'NONE', #1436, 0.1000000000000000472 ) ;
#5220 = DIRECTION ( 'NONE',  ( 0.1391731009600619962, 3.554004129277929395E-15, -0.9902680687415708061 ) ) ;
#5221 = PRODUCT_CONTEXT ( 'NONE', #3441, 'mechanical' ) ;
#5222 = CARTESIAN_POINT ( 'NONE',  ( 1.144142719646711992, 0.1766402322180271878, 1.163213687519712547 ) ) ;
#5223 = VECTOR ( 'NONE', #6324, 1000.000000000000114 ) ;
#5224 = VERTEX_POINT ( 'NONE', #2626 ) ;
#5225 = CARTESIAN_POINT ( 'NONE',  ( 1.174889002162061713, -0.5625005051174475357, 0.9444425198341174221 ) ) ;
#5226 =( NAMED_UNIT ( * ) SI_UNIT ( $, .STERADIAN. ) SOLID_ANGLE_UNIT ( ) );
#5227 = EDGE_LOOP ( 'NONE', ( #9602, #5776, #5213, #7941 ) ) ;
#5228 = CARTESIAN_POINT ( 'NONE',  ( 1.150000000000000355, -2.050000000000001155, 0.1100000000000000699 ) ) ;
#5229 = VECTOR ( 'NONE', #9788, 1000.000000000000227 ) ;
#5230 = ORIENTED_EDGE ( 'NONE', *, *, #7728, .F. ) ;
#5231 = UNCERTAINTY_MEASURE_WITH_UNIT (LENGTH_MEASURE( 1.000000000000000082E-05 ), #6662, 'distance_accuracy_value', 'NONE');
#5232 =( GEOMETRIC_REPRESENTATION_CONTEXT ( 3 ) GLOBAL_UNCERTAINTY_ASSIGNED_CONTEXT ( ( #10312 ) ) GLOBAL_UNIT_ASSIGNED_CONTEXT ( ( #10203, #421, #3891 ) ) REPRESENTATION_CONTEXT ( 'NONE', 'WORKASPACE' ) );
#5233 = EDGE_CURVE ( 'NONE', #1718, #9363, #1133, .T. ) ;
#5234 = EDGE_LOOP ( 'NONE', ( #9096, #1818, #9587, #6787 ) ) ;
#5235 = CARTESIAN_POINT ( 'NONE',  ( 1.148832275056461905, -0.5078421635926778643, 1.137031063480061777 ) ) ;
#5236 = VECTOR ( 'NONE', #432, 1000.000000000000000 ) ;
#5237 = DIRECTION ( 'NONE',  ( 1.000000000000000000, 0.000000000000000000, 0.000000000000000000 ) ) ;
#5238 = CARTESIAN_POINT ( 'NONE',  ( 1.173810412133001746, 0.2897450983550145520, 0.9521170866697552526 ) ) ;
#5239 = CARTESIAN_POINT ( 'NONE',  ( 1.185480007611194209, 0.5045694814458165922, 0.8762688968660794497 ) ) ;
#5240 = ORIENTED_EDGE ( 'NONE', *, *, #1168, .F. ) ;
#5241 = LINE ( 'NONE', #9347, #2360 ) ;
#5242 = CARTESIAN_POINT ( 'NONE',  ( 1.141555847152307734, 0.3865673555227313596, 1.188805538276394902 ) ) ;
#5243 = ORIENTED_EDGE ( 'NONE', *, *, #9183, .T. ) ;
#5244 = ORIENTED_EDGE ( 'NONE', *, *, #3257, .F. ) ;
#5245 =( GEOMETRIC_REPRESENTATION_CONTEXT ( 3 ) GLOBAL_UNCERTAINTY_ASSIGNED_CONTEXT ( ( #4267 ) ) GLOBAL_UNIT_ASSIGNED_CONTEXT ( ( #1724, #8243, #2410 ) ) REPRESENTATION_CONTEXT ( 'NONE', 'WORKASPACE' ) );
#5246 = DIRECTION ( 'NONE',  ( 0.000000000000000000, -0.3627689729988919920, 0.9318791081622814776 ) ) ;
#5247 = CARTESIAN_POINT ( 'NONE',  ( 1.185480007611194209, 0.5381328669845406587, 0.8762688968660795608 ) ) ;
#5248 = VERTEX_POINT ( 'NONE', #8095 ) ;
#5249 = ADVANCED_FACE ( 'NONE', ( #3547 ), #7578, .F. ) ;
#5250 = DIRECTION ( 'NONE',  ( 0.000000000000000000, 6.167607535729460171E-15, -1.000000000000000000 ) ) ;
#5251 = LINE ( 'NONE', #2733, #7151 ) ;
#5252 =( NAMED_UNIT ( * ) SI_UNIT ( $, .STERADIAN. ) SOLID_ANGLE_UNIT ( ) );
#5253 = ADVANCED_FACE ( 'NONE', ( #5516 ), #2085, .F. ) ;
#5254 = EDGE_LOOP ( 'NONE', ( #9277, #8832, #3710, #8867 ) ) ;
#5255 = LINE ( 'NONE', #471, #9562 ) ;
#5256 = CARTESIAN_POINT ( 'NONE',  ( 1.178173432177748392, -0.1772895427337742302, 0.9282578824795382211 ) ) ;
#5257 = ORIENTED_EDGE ( 'NONE', *, *, #10267, .F. ) ;
#5258 = FILL_AREA_STYLE_COLOUR ( '', #72 ) ;
#5259 = SURFACE_STYLE_USAGE ( .BOTH. , #1991 ) ;
#5260 = EDGE_CURVE ( 'NONE', #7747, #5736, #2134, .T. ) ;
#5261 = VERTEX_POINT ( 'NONE', #8783 ) ;
#5262 = ORIENTED_EDGE ( 'NONE', *, *, #5345, .F. ) ;
#5263 = ADVANCED_FACE ( 'NONE', ( #1425 ), #8168, .F. ) ;
#5264 = ORIENTED_EDGE ( 'NONE', *, *, #8896, .T. ) ;
#5265 = ADVANCED_FACE ( 'NONE', ( #4112 ), #3713, .F. ) ;
#5266 = ORIENTED_EDGE ( 'NONE', *, *, #7916, .F. ) ;
#5267 = LINE ( 'NONE', #6861, #7616 ) ;
#5268 = CARTESIAN_POINT ( 'NONE',  ( 1.182492792140758642, 0.2921157464040102791, 0.8903387428443259033 ) ) ;
#5269 = CARTESIAN_POINT ( 'NONE',  ( 1.182180703208325578, 0.3078056933612357549, 0.8997446675191803633 ) ) ;
#5270 = FACE_OUTER_BOUND ( 'NONE', #6705, .T. ) ;
#5271 = CARTESIAN_POINT ( 'NONE',  ( 1.182180703208325578, 0.3078056933612357549, 0.8997446675191803633 ) ) ;
#5272 = VERTEX_POINT ( 'NONE', #3833 ) ;
#5273 = ORIENTED_EDGE ( 'NONE', *, *, #2086, .F. ) ;
#5274 = DIRECTION ( 'NONE',  ( -0.000000000000000000, -1.000000000000000000, -2.484500384904641282E-15 ) ) ;
#5275 = AXIS2_PLACEMENT_3D ( 'NONE', #1406, #5422, #7233 ) ;
#5276 = EDGE_CURVE ( 'NONE', #8153, #10437, #7081, .T. ) ;
#5277 = CARTESIAN_POINT ( 'NONE',  ( 1.144915928215276768, 0.5145199647044413904, 1.164897319216186888 ) ) ;
#5278 = CARTESIAN_POINT ( 'NONE',  ( 1.177839513204446797, 0.2703744083740638460, 0.9306338394318973695 ) ) ;
#5279 = VERTEX_POINT ( 'NONE', #9710 ) ;
#5280 = LINE ( 'NONE', #9383, #4085 ) ;
#5281 = ORIENTED_EDGE ( 'NONE', *, *, #4939, .T. ) ;
#5282 = CARTESIAN_POINT ( 'NONE',  ( 1.146779601598409526, -0.4722708841610119279, 1.151636594053431217 ) ) ;
#5283 = VECTOR ( 'NONE', #5666, 1000.000000000000000 ) ;
#5284 = CARTESIAN_POINT ( 'NONE',  ( 1.176845233398295054, -0.4063338906950230700, 0.9377085078601693491 ) ) ;
#5285 = LINE ( 'NONE', #8543, #8044 ) ;
#5286 = DIRECTION ( 'NONE',  ( -6.363820549330745432E-16, 1.000000000000000000, 3.499493697399985965E-15 ) ) ;
#5287 = VERTEX_POINT ( 'NONE', #7184 ) ;
#5288 = LINE ( 'NONE', #660, #6815 ) ;
#5289 = B_SPLINE_CURVE_WITH_KNOTS ( 'NONE', 3,
 ( #7477, #2658, #10032, #1107 ),
 .UNSPECIFIED., .F., .F.,
 ( 4, 4 ),
 ( 0.000000000000000000, 1.000000000000000000 ),
 .UNSPECIFIED. ) ;
#5290 = ADVANCED_FACE ( 'NONE', ( #10436 ), #1530, .F. ) ;
#5291 = CARTESIAN_POINT ( 'NONE',  ( 1.167507004247420932, 0.4158885287627301919, 0.9969681642866571325 ) ) ;
#5292 = MECHANICAL_DESIGN_GEOMETRIC_PRESENTATION_REPRESENTATION (  '', ( #4258 ), #1856 ) ;
#5293 = VECTOR ( 'NONE', #765, 1000.000000000000227 ) ;
#5294 = CARTESIAN_POINT ( 'NONE',  ( 1.144638092054999889, 0.5109951853679840506, 1.166874226218804100 ) ) ;
#5295 = SURFACE_SIDE_STYLE ('',( #4428 ) ) ;
#5296 = DIRECTION ( 'NONE',  ( -0.1308010097129393978, -0.3416038306815530889, 0.9306975441687617145 ) ) ;
#5297 = CARTESIAN_POINT ( 'NONE',  ( 1.178052688509119594, -0.1972441590686038193, 0.9291170183234680469 ) ) ;
#5298 = VECTOR ( 'NONE', #4284, 1000.000000000000227 ) ;
#5299 = CARTESIAN_POINT ( 'NONE',  ( 1.174713856401649270, 0.5873550067417854237, 0.9528740432090868628 ) ) ;
#5300 = CARTESIAN_POINT ( 'NONE',  ( 1.184210712338181093, -0.4219505455182685494, 0.8853004020204435776 ) ) ;
#5301 = ORIENTED_EDGE ( 'NONE', *, *, #3426, .T. ) ;
#5302 = DIRECTION ( 'NONE',  ( 0.000000000000000000, -1.000000000000000000, 0.000000000000000000 ) ) ;
#5303 = COLOUR_RGB ( '',0.8509803921568627194, 0.8509803921568627194, 0.8509803921568627194 ) ;
#5304 = PRESENTATION_LAYER_ASSIGNMENT (  '', '', ( #499 ) ) ;
#5305 = DIRECTION ( 'NONE',  ( 1.000000000000000000, -4.336808689942015369E-15, 0.000000000000000000 ) ) ;
#5306 = CARTESIAN_POINT ( 'NONE',  ( 1.184548638442932678, -0.1842302414374129838, 0.8757106363119615544 ) ) ;
#5307 = SURFACE_STYLE_USAGE ( .BOTH. , #1884 ) ;
#5308 = CARTESIAN_POINT ( 'NONE',  ( 1.156159610325279141, 0.4327014142695422838, 1.084894363962559449 ) ) ;
#5309 = VERTEX_POINT ( 'NONE', #5375 ) ;
#5310 = EDGE_CURVE ( 'NONE', #9774, #3003, #8649, .T. ) ;
#5311 = ORIENTED_EDGE ( 'NONE', *, *, #2251, .T. ) ;
#5312 = CARTESIAN_POINT ( 'NONE',  ( 1.184776258082727463, 0.1976017518107937021, 0.8740910384187441373 ) ) ;
#5313 = CARTESIAN_POINT ( 'NONE',  ( 1.143265799265892113, 0.2386513943472002575, 1.169453300246339644 ) ) ;
#5314 = DIRECTION ( 'NONE',  ( -0.1391731009600622460, -1.933156862331885668E-15, 0.9902680687415706950 ) ) ;
#5315 = EDGE_CURVE ( 'NONE', #1488, #5746, #7353, .T. ) ;
#5316 = CARTESIAN_POINT ( 'NONE',  ( 1.178950857845438627, 0.5873550067417856457, 0.9227262114222500866 ) ) ;
#5317 = EDGE_CURVE ( 'NONE', #8077, #1734, #4909, .T. ) ;
#5318 = LINE ( 'NONE', #8581, #6219 ) ;
#5319 = ORIENTED_EDGE ( 'NONE', *, *, #9557, .T. ) ;
#5320 = LINE ( 'NONE', #8425, #5236 ) ;
#5321 = EDGE_LOOP ( 'NONE', ( #2775, #2142, #8016, #3783 ) ) ;
#5322 = ADVANCED_FACE ( 'NONE', ( #5069 ), #8345, .F. ) ;
#5323 = CARTESIAN_POINT ( 'NONE',  ( 1.585000000000000409, 0.8649999999999999911, 0.4000000000000000222 ) ) ;
#5324 = VECTOR ( 'NONE', #4327, 1000.000000000000000 ) ;
#5325 = ORIENTED_EDGE ( 'NONE', *, *, #5350, .F. ) ;
#5326 = FILL_AREA_STYLE_COLOUR ( '', #7062 ) ;
#5327 = UNCERTAINTY_MEASURE_WITH_UNIT (LENGTH_MEASURE( 1.000000000000000082E-05 ), #4545, 'distance_accuracy_value', 'NONE');
#5328 = CARTESIAN_POINT ( 'NONE',  ( 1.185297414568225349, -0.4696681304213600194, 0.8775681138755390132 ) ) ;
#5329 = CARTESIAN_POINT ( 'NONE',  ( 1.145132987715453465, 0.1766402322180271878, 1.163352860620672669 ) ) ;
#5330 = CARTESIAN_POINT ( 'NONE',  ( 1.145132987715453465, 0.1766402322180271878, 1.163352860620672669 ) ) ;
#5331 = CARTESIAN_POINT ( 'NONE',  ( 1.174895709634000696, 0.4316408611952771701, 0.9443947936913690278 ) ) ;
#5332 = ADVANCED_FACE ( 'NONE', ( #229 ), #3706, .T. ) ;
#5333 = VERTEX_POINT ( 'NONE', #6763 ) ;
#5334 = B_SPLINE_CURVE_WITH_KNOTS ( 'NONE', 3,
 ( #1554, #3101, #6357, #3044 ),
 .UNSPECIFIED., .F., .F.,
 ( 4, 4 ),
 ( 2.000000000000000000, 3.000000000000000000 ),
 .UNSPECIFIED. ) ;
#5335 = ORIENTED_EDGE ( 'NONE', *, *, #5938, .F. ) ;
#5336 = FACE_OUTER_BOUND ( 'NONE', #4675, .T. ) ;
#5337 = CARTESIAN_POINT ( 'NONE',  ( 1.143509382654012363, 0.3859435007719920208, 1.174905410915961346 ) ) ;
#5338 = ORIENTED_EDGE ( 'NONE', *, *, #7284, .T. ) ;
#5339 =( NAMED_UNIT ( * ) SI_UNIT ( $, .STERADIAN. ) SOLID_ANGLE_UNIT ( ) );
#5340 = DIRECTION ( 'NONE',  ( -1.000000000000000000, -1.000802005371234832E-15, 0.000000000000000000 ) ) ;
#5341 = CARTESIAN_POINT ( 'NONE',  ( -1.149999999999999467, -0.2000000000000000944, 0.1100000000000000699 ) ) ;
#5342 = CARTESIAN_POINT ( 'NONE',  ( 1.168247992143178537, -0.4245533158059314749, 0.9916957614485306660 ) ) ;
#5343 = FILL_AREA_STYLE_COLOUR ( '', #5123 ) ;
#5344 = CARTESIAN_POINT ( 'NONE',  ( 1.584999999999997966, -0.8649999999999999911, 0.4000000000000000222 ) ) ;
#5345 = EDGE_CURVE ( 'NONE', #3132, #8564, #5912, .T. ) ;
#5346 = VERTEX_POINT ( 'NONE', #7707 ) ;
#5347 = SURFACE_STYLE_USAGE ( .BOTH. , #9403 ) ;
#5348 = PRODUCT_DEFINITION_SHAPE ( 'NONE', 'NONE',  #138 ) ;
#5349 = EDGE_LOOP ( 'NONE', ( #3976, #3661, #7816, #756 ) ) ;
#5350 = EDGE_CURVE ( 'NONE', #5830, #7432, #1135, .T. ) ;
#5351 = LINE ( 'NONE', #2937, #1298 ) ;
#5352 = CARTESIAN_POINT ( 'NONE',  ( 1.154570734783829433, 0.4449601601030905851, 1.096199800882828868 ) ) ;
#5353 = EDGE_LOOP ( 'NONE', ( #10129, #733, #8585, #5106 ) ) ;
#5354 = ORIENTED_EDGE ( 'NONE', *, *, #8061, .F. ) ;
#5355 = VERTEX_POINT ( 'NONE', #10170 ) ;
#5356 = CARTESIAN_POINT ( 'NONE',  ( 1.176779786095607072, 0.2129485786556120086, 0.9309888930817983299 ) ) ;
#5357 = FACE_OUTER_BOUND ( 'NONE', #6690, .T. ) ;
#5358 = DIRECTION ( 'NONE',  ( 1.417602794365952545E-16, -1.000000000000000000, 1.992310799966266401E-17 ) ) ;
#5359 = ORIENTED_EDGE ( 'NONE', *, *, #787, .F. ) ;
#5360 =( NAMED_UNIT ( * ) PLANE_ANGLE_UNIT ( ) SI_UNIT ( $, .RADIAN. ) );
#5361 = ORIENTED_EDGE ( 'NONE', *, *, #8802, .F. ) ;
#5362 = VECTOR ( 'NONE', #24, 1000.000000000000000 ) ;
#5363 = CARTESIAN_POINT ( 'NONE',  ( -1.008476408045745787, 1.908476408045745254, 1.409999999999999920 ) ) ;
#5364 = VECTOR ( 'NONE', #7129, 1000.000000000000227 ) ;
#5365 = ADVANCED_FACE ( 'NONE', ( #1901 ), #3400, .F. ) ;
#5366 = EDGE_CURVE ( 'NONE', #3184, #4913, #440, .T. ) ;
#5367 = ORIENTED_EDGE ( 'NONE', *, *, #410, .T. ) ;
#5368 = VECTOR ( 'NONE', #5988, 999.9999999999998863 ) ;
#5369 = CARTESIAN_POINT ( 'NONE',  ( 1.180557098146884032, 0.2129485786556120086, 0.9112972178144710389 ) ) ;
#5370 = ORIENTED_EDGE ( 'NONE', *, *, #4925, .T. ) ;
#5371 = EDGE_CURVE ( 'NONE', #8030, #4096, #6769, .T. ) ;
#5372 = LINE ( 'NONE', #2860, #8530 ) ;
#5373 = EDGE_LOOP ( 'NONE', ( #7140, #795, #2664, #3640 ) ) ;
#5374 = CARTESIAN_POINT ( 'NONE',  ( 1.177207464404181003, -0.4688005099871742631, 0.9351311003283793166 ) ) ;
#5375 = CARTESIAN_POINT ( 'NONE',  ( -2.214999999999998970, -1.700000000000000178, 0.000000000000000000 ) ) ;
#5376 = ORIENTED_EDGE ( 'NONE', *, *, #5571, .F. ) ;
#5377 = CARTESIAN_POINT ( 'NONE',  ( 1.182553568800742694, 0.5380392887713456584, 0.8899062944380461415 ) ) ;
#5378 = VECTOR ( 'NONE', #4723, 1000.000000000000227 ) ;
#5379 = DIRECTION ( 'NONE',  ( -0.000000000000000000, 1.000000000000000000, 6.460624606743360128E-15 ) ) ;
#5380 = PLANE ( 'NONE',  #1209 ) ;
#5381 = ADVANCED_FACE ( 'NONE', ( #1258 ), #9616, .F. ) ;
#5382 = EDGE_CURVE ( 'NONE', #5691, #9380, #6505, .T. ) ;
#5383 =( BOUNDED_CURVE ( )  B_SPLINE_CURVE ( 3, ( #8268, #3413, #6772, #2644 ),
 .UNSPECIFIED., .F., .F. ) 
 B_SPLINE_CURVE_WITH_KNOTS ( ( 4, 4 ),
 ( 5.507472325450606832, 7.058898288908570073 ),
 .UNSPECIFIED. ) 
 CURVE ( )  GEOMETRIC_REPRESENTATION_ITEM ( )  RATIONAL_B_SPLINE_CURVE ( ( 1.000000000000000000, 0.8092813118237086600, 0.8092813118237086600, 1.000000000000000000 ) ) 
 REPRESENTATION_ITEM ( '' )  );
#5384 = CARTESIAN_POINT ( 'NONE',  ( 1.157548314378598286, 0.07794641080098867192, 1.067827924653894867 ) ) ;
#5385 = LINE ( 'NONE', #8658, #2820 ) ;
#5386 = EDGE_CURVE ( 'NONE', #10309, #813, #3046, .T. ) ;
#5387 = SURFACE_SIDE_STYLE ('',( #10239 ) ) ;
#5388 = CARTESIAN_POINT ( 'NONE',  ( 1.143769854054293544, 0.1649117629216120262, 1.173052060600852320 ) ) ;
#5389 = LINE ( 'NONE', #1308, #174 ) ;
#5390 = CARTESIAN_POINT ( 'NONE',  ( 1.174557096813738877, 0.2663505452379263394, 0.9468041491002708865 ) ) ;
#5391 = ORIENTED_EDGE ( 'NONE', *, *, #4606, .T. ) ;
#5392 = VECTOR ( 'NONE', #804, 1000.000000000000000 ) ;
#5393 = ADVANCED_FACE ( 'NONE', ( #5861 ), #8985, .T. ) ;
#5394 = CARTESIAN_POINT ( 'NONE',  ( 1.172360454671748320, 0.3157598414211458260, 0.9624340700883049493 ) ) ;
#5395 = CARTESIAN_POINT ( 'NONE',  ( 1.179896760518406307, 0.1750805953432497120, 0.9088104676483660382 ) ) ;
#5396 = ORIENTED_EDGE ( 'NONE', *, *, #4673, .T. ) ;
#5397 = LINE ( 'NONE', #1317, #2314 ) ;
#5398 = CARTESIAN_POINT ( 'NONE',  ( 1.182389080328504205, 0.2921157464040102791, 0.8982619872674243444 ) ) ;
#5399 = VERTEX_POINT ( 'NONE', #7461 ) ;
#5400 = ORIENTED_EDGE ( 'NONE', *, *, #4210, .F. ) ;
#5401 = EDGE_CURVE ( 'NONE', #7652, #7926, #42, .T. ) ;
#5402 = PRESENTATION_STYLE_ASSIGNMENT (( #2940 ) ) ;
#5403 = AXIS2_PLACEMENT_3D ( 'NONE', #9114, #1195, #6689 ) ;
#5404 = CARTESIAN_POINT ( 'NONE',  ( 1.181068881819498984, 0.1737081148940254616, 0.9004703912316093239 ) ) ;
#5405 = CARTESIAN_POINT ( 'NONE',  ( 1.152903241074449081, 0.5378209396091662153, 1.100879338600493140 ) ) ;
#5406 = CARTESIAN_POINT ( 'NONE',  ( -2.214999999999998970, 0.2000000000000000944, 0.000000000000000000 ) ) ;
#5407 = FACE_OUTER_BOUND ( 'NONE', #5425, .T. ) ;
#5408 = CARTESIAN_POINT ( 'NONE',  ( 1.158495170547350295, 0.2296678859500660697, 1.068275989473628451 ) ) ;
#5409 = COLOUR_RGB ( '',1.000000000000000000, 1.000000000000000000, 1.000000000000000000 ) ;
#5410 = DIRECTION ( 'NONE',  ( -0.1391731009600572500, -0.000000000000000000, 0.9902680687415714722 ) ) ;
#5411 = DIRECTION ( 'NONE',  ( 1.000000000000000000, 1.417602794365952545E-16, 0.000000000000000000 ) ) ;
#5412 = VERTEX_POINT ( 'NONE', #6722 ) ;
#5413 = ORIENTED_EDGE ( 'NONE', *, *, #7256, .F. ) ;
#5414 = ORIENTED_EDGE ( 'NONE', *, *, #10141, .F. ) ;
#5415 = CARTESIAN_POINT ( 'NONE',  ( 1.182857928848964679, 0.2489449977186548313, 0.8949259567005570792 ) ) ;
#5416 = CARTESIAN_POINT ( 'NONE',  ( 1.150889405660594500, 0.2788276402336486992, 1.122393818664428000 ) ) ;
#5417 = FACE_OUTER_BOUND ( 'NONE', #10455, .T. ) ;
#5418 = ORIENTED_EDGE ( 'NONE', *, *, #9032, .F. ) ;
#5419 = CARTESIAN_POINT ( 'NONE',  ( 1.183031576449035782, 0.2063981037827952447, 0.8936903898246436606 ) ) ;
#5420 = CARTESIAN_POINT ( 'NONE',  ( 1.177183164109006919, -0.1772895427337742302, 0.9281187093785782105 ) ) ;
#5421 = PLANE ( 'NONE',  #2541 ) ;
#5423 = CARTESIAN_POINT ( 'NONE',  ( 1.182492792140758642, 0.2921157464040102791, 0.8903387428443257923 ) ) ;
#5422 = DIRECTION ( 'NONE',  ( 0.1391731009600623570, 2.460321397900550293E-15, -0.9902680687415708061 ) ) ;
#5424 = VECTOR ( 'NONE', #8941, 1000.000000000000227 ) ;
#5425 = EDGE_LOOP ( 'NONE', ( #475, #9540, #1602, #10056 ) ) ;
#5426 = B_SPLINE_CURVE_WITH_KNOTS ( 'NONE', 3,
 ( #4886, #18, #8242, #900 ),
 .UNSPECIFIED., .F., .F.,
 ( 4, 4 ),
 ( 11.00000000000000000, 12.00000000000000000 ),
 .UNSPECIFIED. ) ;
#5427 = LINE ( 'NONE', #6215, #1091 ) ;
#5428 = ORIENTED_EDGE ( 'NONE', *, *, #4452, .T. ) ;
#5429 = DIRECTION ( 'NONE',  ( -0.000000000000000000, 1.000000000000000000, 4.603729852267739621E-15 ) ) ;
#5430 = ORIENTED_EDGE ( 'NONE', *, *, #1205, .F. ) ;
#5431 = EDGE_CURVE ( 'NONE', #5746, #3923, #2639, .T. ) ;
#5432 = FILL_AREA_STYLE ('',( #778 ) ) ;
#5433 = CARTESIAN_POINT ( 'NONE',  ( -1.008476408045745343, -1.908476408045746364, 1.409999999999999920 ) ) ;
#5434 = CARTESIAN_POINT ( 'NONE',  ( 1.172619133601061181, -0.4566542210637596910, 0.9677787704011812098 ) ) ;
#5435 =( NAMED_UNIT ( * ) SI_UNIT ( $, .STERADIAN. ) SOLID_ANGLE_UNIT ( ) );
#5436 = ORIENTED_EDGE ( 'NONE', *, *, #2777, .F. ) ;
#5437 = ADVANCED_FACE ( 'NONE', ( #925, #977 ), #4411, .T. ) ;
#5438 = ADVANCED_FACE ( 'NONE', ( #9191 ), #5074, .F. ) ;
#5439 = ORIENTED_EDGE ( 'NONE', *, *, #4726, .T. ) ;
#5440 =( GEOMETRIC_REPRESENTATION_CONTEXT ( 3 ) GLOBAL_UNCERTAINTY_ASSIGNED_CONTEXT ( ( #3512 ) ) GLOBAL_UNIT_ASSIGNED_CONTEXT ( ( #10498, #2379, #1089 ) ) REPRESENTATION_CONTEXT ( 'NONE', 'WORKASPACE' ) );
#5441 = STYLED_ITEM ( 'NONE', ( #1947 ), #9195 ) ;
#5442 =( GEOMETRIC_REPRESENTATION_CONTEXT ( 3 ) GLOBAL_UNCERTAINTY_ASSIGNED_CONTEXT ( ( #6828 ) ) GLOBAL_UNIT_ASSIGNED_CONTEXT ( ( #4874, #4129, #7374 ) ) REPRESENTATION_CONTEXT ( 'NONE', 'WORKASPACE' ) );
#5443 = CARTESIAN_POINT ( 'NONE',  ( -0.3981366483959006830, 0.8649999999999999911, 0.4000000000000000222 ) ) ;
#5444 = ADVANCED_FACE ( 'NONE', ( #3506 ), #1904, .F. ) ;
#5445 = ORIENTED_EDGE ( 'NONE', *, *, #1774, .T. ) ;
#5446 = CARTESIAN_POINT ( 'NONE',  ( 1.141555847152307734, 0.3259286738427817909, 1.188805538276394458 ) ) ;
#5447 = DIRECTION ( 'NONE',  ( -1.417602794365952791E-16, 1.000000000000000000, -1.992310799966242365E-17 ) ) ;
#5448 = ORIENTED_EDGE ( 'NONE', *, *, #5431, .F. ) ;
#5449 = VECTOR ( 'NONE', #8677, 1000.000000000000114 ) ;
#5450 =( GEOMETRIC_REPRESENTATION_CONTEXT ( 3 ) GLOBAL_UNCERTAINTY_ASSIGNED_CONTEXT ( ( #5760 ) ) GLOBAL_UNIT_ASSIGNED_CONTEXT ( ( #6620, #9875, #347 ) ) REPRESENTATION_CONTEXT ( 'NONE', 'WORKASPACE' ) );
#5451 = CARTESIAN_POINT ( 'NONE',  ( 1.181920231808043731, 0.2921157464040102791, 0.9015980178342922757 ) ) ;
#5452 = CARTESIAN_POINT ( 'NONE',  ( 1.182254471889796266, -0.07491362458033562488, 0.8920344795422563422 ) ) ;
#5453 = EDGE_CURVE ( 'NONE', #10437, #8559, #10440, .T. ) ;
#5454 = CARTESIAN_POINT ( 'NONE',  ( 1.185480007611194653, 0.07794641080098932417, 0.8762688968660781175 ) ) ;
#5455 = FILL_AREA_STYLE_COLOUR ( '', #8177 ) ;
#5456 = STYLED_ITEM ( 'NONE', ( #9737 ), #8002 ) ;
#5457 = ORIENTED_EDGE ( 'NONE', *, *, #9886, .T. ) ;
#5458 = CARTESIAN_POINT ( 'NONE',  ( 1.184811464350669086, 0.1656915813592096387, 0.8810258293401249663 ) ) ;
#5459 = CARTESIAN_POINT ( 'NONE',  ( 1.150000000000000133, 2.149999999999999467, 0.1100000000000000699 ) ) ;
#5460 = MECHANICAL_DESIGN_GEOMETRIC_PRESENTATION_REPRESENTATION (  '', ( #4114 ), #6487 ) ;
#5461 = LINE ( 'NONE', #3864, #9552 ) ;
#5462 = CARTESIAN_POINT ( 'NONE',  ( 1.184811464350669086, 0.1656915813592096387, 0.8810258293401249663 ) ) ;
#5463 = AXIS2_PLACEMENT_3D ( 'NONE', #3677, #8327, #6930 ) ;
#5464 = CARTESIAN_POINT ( 'NONE',  ( 1.188301304365886324, 0.3219048107066465603, 0.8490090308255542340 ) ) ;
#5465 = CARTESIAN_POINT ( 'NONE',  ( 1.166340373012484832, -0.5755143896521992541, 1.012454473387236931 ) ) ;
#5466 = CARTESIAN_POINT ( 'NONE',  ( 1.155612143636888689, 0.3675085929167397070, 1.081604495326820015 ) ) ;
#5467 = CARTESIAN_POINT ( 'NONE',  ( 1.157504902478608821, 0.2296678859500660697, 1.068136816372668330 ) ) ;
#5468 = CARTESIAN_POINT ( 'NONE',  ( 1.143726442154189060, 0.5122428948678044991, 1.173360952320449568 ) ) ;
#5469 = DIRECTION ( 'NONE',  ( -0.9902680687415706950, 0.000000000000000000, -0.1391731009600623292 ) ) ;
#5470 = EDGE_CURVE ( 'NONE', #7511, #7962, #5813, .T. ) ;
#5471 = VERTEX_POINT ( 'NONE', #2430 ) ;
#5472 = VERTEX_POINT ( 'NONE', #6608 ) ;
#5473 = PLANE ( 'NONE',  #2197 ) ;
#5474 =( NAMED_UNIT ( * ) PLANE_ANGLE_UNIT ( ) SI_UNIT ( $, .RADIAN. ) );
#5475 = ORIENTED_EDGE ( 'NONE', *, *, #8636, .F. ) ;
#5476 = ORIENTED_EDGE ( 'NONE', *, *, #10097, .T. ) ;
#5477 = LINE ( 'NONE', #2956, #4815 ) ;
#5478 =( GEOMETRIC_REPRESENTATION_CONTEXT ( 3 ) GLOBAL_UNCERTAINTY_ASSIGNED_CONTEXT ( ( #392 ) ) GLOBAL_UNIT_ASSIGNED_CONTEXT ( ( #2426, #3444, #185 ) ) REPRESENTATION_CONTEXT ( 'NONE', 'WORKASPACE' ) );
#5479 = DIRECTION ( 'NONE',  ( -0.9902680687415706950, -1.431534388630178744E-16, -0.1391731009600623292 ) ) ;
#5480 = PRESENTATION_STYLE_ASSIGNMENT (( #7231 ) ) ;
#5481 = ORIENTED_EDGE ( 'NONE', *, *, #9046, .F. ) ;
#5482 = CARTESIAN_POINT ( 'NONE',  ( 1.150000000000000133, 2.049999999999999822, 0.01000000000000000021 ) ) ;
#5483 = LINE ( 'NONE', #8810, #10357 ) ;
#5484 = EDGE_LOOP ( 'NONE', ( #3026, #10343, #6638, #3606, #7715, #6102, #9292, #5439 ) ) ;
#5485 = ORIENTED_EDGE ( 'NONE', *, *, #8489, .T. ) ;
#5486 = ORIENTED_EDGE ( 'NONE', *, *, #3269, .F. ) ;
#5487 = DIRECTION ( 'NONE',  ( -0.9902680687415706950, -1.431534388630178744E-16, -0.1391731009600623292 ) ) ;
#5488 = SURFACE_STYLE_USAGE ( .BOTH. , #7303 ) ;
#5489 = COLOUR_RGB ( '',0.2509803921568627416, 0.2509803921568627416, 0.2509803921568627416 ) ;
#5490 = CARTESIAN_POINT ( 'NONE',  ( 1.158538582447339982, 0.07794641080098867192, 1.067967097754854988 ) ) ;
#5491 = CARTESIAN_POINT ( 'NONE',  ( -1.149999999999999689, 1.699999999999999734, 0.1100000000000000699 ) ) ;
#5492 = EDGE_LOOP ( 'NONE', ( #9670, #8637, #3442, #7550, #1493, #7720 ) ) ;
#5493 = CARTESIAN_POINT ( 'NONE',  ( 1.177552517916337527, 0.2533743664421076458, 0.9254906204810479098 ) ) ;
#5494 = B_SPLINE_CURVE_WITH_KNOTS ( 'NONE', 3,
 ( #3767, #10302, #1504, #643 ),
 .UNSPECIFIED., .F., .F.,
 ( 4, 4 ),
 ( 4.000000000000000000, 5.000000000000000000 ),
 .UNSPECIFIED. ) ;
#5495 = ORIENTED_EDGE ( 'NONE', *, *, #4602, .T. ) ;
#5496 = CARTESIAN_POINT ( 'NONE',  ( 1.154831206184110837, 0.4215032215110968705, 1.094346450567719842 ) ) ;
#5497 = SURFACE_SIDE_STYLE ('',( #7046 ) ) ;
#5498 = CARTESIAN_POINT ( 'NONE',  ( 1.178273632204800414, 0.1871209920142029304, 0.9275449222408719274 ) ) ;
#5499 = EDGE_CURVE ( 'NONE', #431, #3333, #1838, .T. ) ;
#5500 = EDGE_CURVE ( 'NONE', #6214, #10249, #1628, .T. ) ;
#5501 = LINE ( 'NONE', #4702, #203 ) ;
#5502 = VERTEX_POINT ( 'NONE', #8101 ) ;
#5503 = FILL_AREA_STYLE_COLOUR ( '', #3051 ) ;
#5504 = EDGE_CURVE ( 'NONE', #899, #7926, #1398, .T. ) ;
#5505 = CARTESIAN_POINT ( 'NONE',  ( 1.173697541192914695, 0.2523138133674260875, 0.9529202051393870221 ) ) ;
#5506 = CARTESIAN_POINT ( 'NONE',  ( 1.180929963739302258, 0.2921157464040102791, 0.9014588447333322652 ) ) ;
#5507 = B_SPLINE_SURFACE_WITH_KNOTS ( 'NONE', 3, 1, ( 
 ( #8051, #4641 ),
 ( #672, #8937 ),
 ( #3947, #558 ),
 ( #10330, #6271 ) ),
 .UNSPECIFIED., .F., .F., .F.,
 ( 4, 4 ),
 ( 2, 2 ),
 ( 26.00000000000000000, 27.00000000000000000 ),
 ( 0.000000000000000000, 1.000000000000000000 ),
 .UNSPECIFIED. ) ;
#5508 = CARTESIAN_POINT ( 'NONE',  ( 1.193508108400897605, -0.3395292767956802349, 0.8191459915787732138 ) ) ;
#5509 = CARTESIAN_POINT ( 'NONE',  ( 1.184811464350669086, 0.1656915813592096387, 0.8810258293401249663 ) ) ;
#5510 = VERTEX_POINT ( 'NONE', #4039 ) ;
#5511 = DIRECTION ( 'NONE',  ( -0.000000000000000000, 1.000000000000000000, -0.000000000000000000 ) ) ;
#5512 = CARTESIAN_POINT ( 'NONE',  ( 1.158538582447339538, 0.3853196460229122433, 1.067967097754856098 ) ) ;
#5513 = ORIENTED_EDGE ( 'NONE', *, *, #7728, .T. ) ;
#5514 = DIRECTION ( 'NONE',  ( -0.1346662963405143576, -0.2524218971878546269, 0.9582004876068540566 ) ) ;
#5515 = EDGE_CURVE ( 'NONE', #5199, #5510, #7427, .T. ) ;
#5516 = FACE_OUTER_BOUND ( 'NONE', #1941, .T. ) ;
#5517 = CARTESIAN_POINT ( 'NONE',  ( 1.167644266890803806, -0.02199050737592457214, 0.9959914898299161434 ) ) ;
#5518 = CARTESIAN_POINT ( 'NONE',  ( 1.181242529419571197, 0.1582053243615262617, 0.8992348243556913534 ) ) ;
#5519 = CARTESIAN_POINT ( 'NONE',  ( 1.184489739542452735, 0.2129485786556121751, 0.8761297237651184400 ) ) ;
#5520 = EDGE_CURVE ( 'NONE', #5949, #373, #10165, .T. ) ;
#5521 = CARTESIAN_POINT ( 'NONE',  ( 1.185480007611194209, 0.5381328669845406587, 0.8762688968660795608 ) ) ;
#5522 = CARTESIAN_POINT ( 'NONE',  ( 1.168497272316162849, 0.1407997768422540874, 0.9971073373876162549 ) ) ;
#5523 = PLANE ( 'NONE',  #2294 ) ;
#5524 = DIRECTION ( 'NONE',  ( 0.000000000000000000, -0.3286520240912944035, -0.9444510824074981992 ) ) ;
#5525 = ORIENTED_EDGE ( 'NONE', *, *, #962, .T. ) ;
#5526 = VERTEX_POINT ( 'NONE', #381 ) ;
#5527 = CARTESIAN_POINT ( 'NONE',  ( 1.140718021718619468, -0.3768357391772623188, 1.187581679465573581 ) ) ;
#5528 = ADVANCED_FACE ( 'NONE', ( #1221 ), #6007, .F. ) ;
#5529 = CARTESIAN_POINT ( 'NONE',  ( 1.185766526151469158, 0.2635431988637454981, 0.8742302115197043699 ) ) ;
#5530 = LINE ( 'NONE', #1458, #4968 ) ;
#5531 = UNCERTAINTY_MEASURE_WITH_UNIT (LENGTH_MEASURE( 1.000000000000000082E-05 ), #1108, 'distance_accuracy_value', 'NONE');
#5532 = CARTESIAN_POINT ( 'NONE',  ( 1.167644266890803806, -0.02199050737592457214, 0.9959914898299161434 ) ) ;
#5533 = CARTESIAN_POINT ( 'NONE',  ( 1.185480007611194653, 0.07794641080098932417, 0.8762688968660781175 ) ) ;
#5534 = B_SPLINE_SURFACE_WITH_KNOTS ( 'NONE', 3, 1, ( 
 ( #1426, #4651 ),
 ( #2274, #7201 ),
 ( #3153, #685 ),
 ( #6230, #4703 ) ),
 .UNSPECIFIED., .F., .F., .F.,
 ( 4, 4 ),
 ( 2, 2 ),
 ( 5.000000000000000000, 6.000000000000000000 ),
 ( 0.000000000000000000, 1.000000000000000000 ),
 .UNSPECIFIED. ) ;
#5535 = DIRECTION ( 'NONE',  ( 1.000802005371234832E-15, -1.000000000000000000, -0.000000000000000000 ) ) ;
#5536 = PRESENTATION_LAYER_ASSIGNMENT (  '', '', ( #2799 ) ) ;
#5537 = ORIENTED_EDGE ( 'NONE', *, *, #8385, .F. ) ;
#5538 = DIRECTION ( 'NONE',  ( 2.168404344971007685E-15, 0.000000000000000000, -1.000000000000000000 ) ) ;
#5539 = EDGE_LOOP ( 'NONE', ( #2166, #2257, #1662, #2838 ) ) ;
#5540 = CARTESIAN_POINT ( 'NONE',  ( 1.144243945404976426, -0.2093904314435918734, 1.169678725358559657 ) ) ;
#5541 = CARTESIAN_POINT ( 'NONE',  ( 1.169677599249417943, 0.6654304286788805811, 0.9815235783298887906 ) ) ;
#5542 = ORIENTED_EDGE ( 'NONE', *, *, #4878, .T. ) ;
#5543 = CARTESIAN_POINT ( 'NONE',  ( 1.173610717392820746, 0.2282330200255206498, 0.9535379885777582887 ) ) ;
#5544 = CARTESIAN_POINT ( 'NONE',  ( 1.183239953569214631, 0.3582131571438145756, 0.8922077095728842000 ) ) ;
#5545 = VERTEX_POINT ( 'NONE', #8481 ) ;
#5546 = EDGE_CURVE ( 'NONE', #6198, #3854, #3651, .T. ) ;
#5547 =( GEOMETRIC_REPRESENTATION_CONTEXT ( 3 ) GLOBAL_UNCERTAINTY_ASSIGNED_CONTEXT ( ( #4677 ) ) GLOBAL_UNIT_ASSIGNED_CONTEXT ( ( #2660, #750, #4023 ) ) REPRESENTATION_CONTEXT ( 'NONE', 'WORKASPACE' ) );
#5548 = CARTESIAN_POINT ( 'NONE',  ( 1.182110767420392339, 0.5855146352303391977, 0.8930569899728235672 ) ) ;
#5549 = DIRECTION ( 'NONE',  ( 1.000000000000000000, 0.000000000000000000, 0.000000000000000000 ) ) ;
#5550 = PRESENTATION_STYLE_ASSIGNMENT (( #6337 ) ) ;
#5551 = CARTESIAN_POINT ( 'NONE',  ( 1.182484586508595559, 0.3597727940190045826, 0.8975824254853019823 ) ) ;
#5552 = CARTESIAN_POINT ( 'NONE',  ( 1.158538582447339760, 0.4578739534240031661, 1.067967097754856320 ) ) ;
#5553 = FACE_OUTER_BOUND ( 'NONE', #8880, .T. ) ;
#5554 = PLANE ( 'NONE',  #4783 ) ;
#5555 = CARTESIAN_POINT ( 'NONE',  ( 1.184689911030583742, 0.5732558893976233971, 0.8818907261535158248 ) ) ;
#5556 = ORIENTED_EDGE ( 'NONE', *, *, #6083, .T. ) ;
#5557 = CARTESIAN_POINT ( 'NONE',  ( 1.146030824321482955, -0.4150097971705957178, 1.149779124684155995 ) ) ;
#5558 = VECTOR ( 'NONE', #9654, 1000.000000000000000 ) ;
#5559 = ORIENTED_EDGE ( 'NONE', *, *, #9834, .F. ) ;
#5560 = MECHANICAL_DESIGN_GEOMETRIC_PRESENTATION_REPRESENTATION (  '', ( #8993 ), #3853 ) ;
#5561 = AXIS2_PLACEMENT_3D ( 'NONE', #9290, #4460, #6865 ) ;
#5562 = DIRECTION ( 'NONE',  ( -0.000000000000000000, -1.000000000000000000, -6.342729997108606685E-15 ) ) ;
#5563 = CARTESIAN_POINT ( 'NONE',  ( 1.885000000000000453, -0.5649999999999993916, 0.000000000000000000 ) ) ;
#5564 = CARTESIAN_POINT ( 'NONE',  ( 1.155082995204278706, 0.1757980283055244064, 1.092554878597189250 ) ) ;
#5565 = COLOUR_RGB ( '',0.2509803921568627416, 0.2509803921568627416, 0.2509803921568627416 ) ;
#5566 = EDGE_LOOP ( 'NONE', ( #10285, #4017, #5230, #3992, #2219, #4098, #2228 ) ) ;
#5567 = CARTESIAN_POINT ( 'NONE',  ( 1.178511362888576386, -0.5390755146083651139, 0.9186680839971206325 ) ) ;
#5568 = VECTOR ( 'NONE', #50, 1000.000000000000227 ) ;
#5569 = CARTESIAN_POINT ( 'NONE',  ( 1.155881297417167719, 0.2071467294825181937, 1.079689366667955897 ) ) ;
#5570 = CARTESIAN_POINT ( 'NONE',  ( 1.143804583574284717, 0.4327014142695420063, 1.172804947225834171 ) ) ;
#5571 = EDGE_CURVE ( 'NONE', #6530, #3068, #5114, .T. ) ;
#5572 = CARTESIAN_POINT ( 'NONE',  ( 1.185480007611194209, 0.7030800628290645449, 0.8762688968660802269 ) ) ;
#5573 = ORIENTED_EDGE ( 'NONE', *, *, #1149, .F. ) ;
#5574 = DIRECTION ( 'NONE',  ( -0.1314569908029248058, -0.3283461648125156618, 0.9353650921549039321 ) ) ;
#5575 = VECTOR ( 'NONE', #413, 1000.000000000000227 ) ;
#5576 = ORIENTED_EDGE ( 'NONE', *, *, #937, .F. ) ;
#5577 = EDGE_CURVE ( 'NONE', #1041, #7698, #3870, .T. ) ;
#5578 = CARTESIAN_POINT ( 'NONE',  ( 1.154845239952088543, -0.3881144324885079655, 1.087061298585631608 ) ) ;
#5579 = ORIENTED_EDGE ( 'NONE', *, *, #10525, .F. ) ;
#5580 = CARTESIAN_POINT ( 'NONE',  ( 1.167507004247420710, 0.5045694814458161481, 0.9969681642866573545 ) ) ;
#5581 = DIRECTION ( 'NONE',  ( 1.000000000000000000, 0.000000000000000000, -0.000000000000000000 ) ) ;
#5582 = CARTESIAN_POINT ( 'NONE',  ( 1.180564042104340183, -0.3542783525547693046, 0.9040625124555063952 ) ) ;
#5583 = FACE_OUTER_BOUND ( 'NONE', #5758, .T. ) ;
#5584 = FACE_OUTER_BOUND ( 'NONE', #10036, .T. ) ;
#5585 = LINE ( 'NONE', #1394, #6617 ) ;
#5586 = CARTESIAN_POINT ( 'NONE',  ( 1.141555847152307512, 0.5211952105270740709, 1.188805538276395346 ) ) ;
#5587 = EDGE_CURVE ( 'NONE', #9984, #2075, #9432, .T. ) ;
#5588 = EDGE_CURVE ( 'NONE', #2246, #7652, #7391, .T. ) ;
#5589 = EDGE_LOOP ( 'NONE', ( #7637, #1959, #6015, #2284 ) ) ;
#5590 = DIRECTION ( 'NONE',  ( 1.000000000000000000, 0.000000000000000000, -0.000000000000000000 ) ) ;
#5591 = EDGE_CURVE ( 'NONE', #200, #4853, #755, .T. ) ;
#5592 = VERTEX_POINT ( 'NONE', #8232 ) ;
#5593 = CARTESIAN_POINT ( 'NONE',  ( -1.149999999999999245, -2.150000000000000355, 0.1100000000000000699 ) ) ;
#5594 = ORIENTED_EDGE ( 'NONE', *, *, #6570, .T. ) ;
#5595 = PRESENTATION_LAYER_ASSIGNMENT (  '', '', ( #6245 ) ) ;
#5596 = LINE ( 'NONE', #8805, #7822 ) ;
#5597 =( NAMED_UNIT ( * ) SI_UNIT ( $, .STERADIAN. ) SOLID_ANGLE_UNIT ( ) );
#5598 = FACE_OUTER_BOUND ( 'NONE', #2486, .T. ) ;
#5599 = DIRECTION ( 'NONE',  ( -0.9902680687415706950, -1.431534388630178744E-16, -0.1391731009600623292 ) ) ;
#5600 = VERTEX_POINT ( 'NONE', #10449 ) ;
#5601 = CARTESIAN_POINT ( 'NONE',  ( 1.152903241074449081, 0.4870079702384424447, 1.100879338600492918 ) ) ;
#5602 = LINE ( 'NONE', #8927, #771 ) ;
#5603 = EDGE_CURVE ( 'NONE', #5756, #7438, #1541, .T. ) ;
#5604 = VERTEX_POINT ( 'NONE', #10432 ) ;
#5605 = VERTEX_POINT ( 'NONE', #8108 ) ;
#5606 = CARTESIAN_POINT ( 'NONE',  ( 1.178052688509119594, -0.1824950833095159153, 0.9291170183234681579 ) ) ;
#5607 = CARTESIAN_POINT ( 'NONE',  ( 1.176432967643182392, 0.2647909083631491134, 0.9406419311316712717 ) ) ;
#5608 = B_SPLINE_SURFACE_WITH_KNOTS ( 'NONE', 3, 1, ( 
 ( #890, #4171 ),
 ( #158, #7528 ),
 ( #5195, #7428 ),
 ( #5036, #8446 ) ),
 .UNSPECIFIED., .F., .F., .F.,
 ( 4, 4 ),
 ( 2, 2 ),
 ( 5.000000000000000000, 6.000000000000000000 ),
 ( 0.000000000000000000, 1.000000000000000000 ),
 .UNSPECIFIED. ) ;
#5609 = PLANE ( 'NONE',  #2369 ) ;
#5610 = DIRECTION ( 'NONE',  ( 0.07026613950278055853, -0.8631877589412138008, -0.4999695615269201809 ) ) ;
#5611 = ORIENTED_EDGE ( 'NONE', *, *, #8732, .T. ) ;
#5612 = EDGE_CURVE ( 'NONE', #7298, #7882, #5219, .T. ) ;
#5613 = CARTESIAN_POINT ( 'NONE',  ( 1.153659084883018382, 0.4302059952707308343, 1.102686526984474114 ) ) ;
#5614 = VECTOR ( 'NONE', #2846, 1000.000000000000227 ) ;
#5615 = VECTOR ( 'NONE', #2784, 1000.000000000000000 ) ;
#5616 = EDGE_LOOP ( 'NONE', ( #4048, #371, #2396, #8479 ) ) ;
#5617 = VERTEX_POINT ( 'NONE', #9763 ) ;
#5618 = FACE_OUTER_BOUND ( 'NONE', #7414, .T. ) ;
#5619 = CARTESIAN_POINT ( 'NONE',  ( 1.177674547984372877, 0.2282330200255207608, 0.9318076279640574722 ) ) ;
#5620 = CARTESIAN_POINT ( 'NONE',  ( 1.181068881819498761, 0.1737081148940254616, 0.9004703912316093239 ) ) ;
#5621 = ORIENTED_EDGE ( 'NONE', *, *, #1930, .F. ) ;
#5622 = CARTESIAN_POINT ( 'NONE',  ( 1.142779585985552071, 0.1649117629216120262, 1.172912887499892198 ) ) ;
#5623 = VECTOR ( 'NONE', #3884, 1000.000000000000227 ) ;
#5624 = VECTOR ( 'NONE', #1896, 1000.000000000000227 ) ;
#5625 = PRESENTATION_LAYER_ASSIGNMENT (  '', '', ( #7666 ) ) ;
#5626 = PRESENTATION_STYLE_ASSIGNMENT (( #6411 ) ) ;
#5627 = CARTESIAN_POINT ( 'NONE',  ( 1.885000000000000453, -0.5649999999999993916, 0.000000000000000000 ) ) ;
#5628 = VERTEX_POINT ( 'NONE', #4108 ) ;
#5629 = CARTESIAN_POINT ( 'NONE',  ( 1.182553568800743138, 0.5535420793034290243, 0.8899062944380462525 ) ) ;
#5630 = VERTEX_POINT ( 'NONE', #4044 ) ;
#5631 = ORIENTED_EDGE ( 'NONE', *, *, #3, .F. ) ;
#5632 = VECTOR ( 'NONE', #6785, 1000.000000000000227 ) ;
#5633 = VECTOR ( 'NONE', #3170, 1000.000000000000000 ) ;
#5634 = VECTOR ( 'NONE', #2054, 1000.000000000000000 ) ;
#5635 = DIRECTION ( 'NONE',  ( -0.000000000000000000, 1.000000000000000000, 4.603729852227110129E-15 ) ) ;
#5636 = PRESENTATION_STYLE_ASSIGNMENT (( #3229 ) ) ;
#5637 = CARTESIAN_POINT ( 'NONE',  ( 1.153893509143190776, 0.5378209396091662153, 1.101018511701453262 ) ) ;
#5638 = CARTESIAN_POINT ( 'NONE',  ( 1.171870359778806936, -0.02199050737592444724, 0.9659212764506331927 ) ) ;
#5639 = SURFACE_STYLE_USAGE ( .BOTH. , #10472 ) ;
#5640 = CARTESIAN_POINT ( 'NONE',  ( -1.149999999999999467, 0.2000000000000005107, 0.01000000000000006613 ) ) ;
#5641 = LINE ( 'NONE', #4722, #2512 ) ;
#5642 = AXIS2_PLACEMENT_3D ( 'NONE', #3781, #7868, #9140 ) ;
#5643 = COLOUR_RGB ( '',0.2509803921568627416, 0.2509803921568627416, 0.2509803921568627416 ) ;
#5644 = LINE ( 'NONE', #8915, #4192 ) ;
#5645 = EDGE_LOOP ( 'NONE', ( #6666, #7270, #863, #8571 ) ) ;
#5646 = ORIENTED_EDGE ( 'NONE', *, *, #10139, .T. ) ;
#5647 = LINE ( 'NONE', #1569, #3155 ) ;
#5648 = VERTEX_POINT ( 'NONE', #7296 ) ;
#5649 = EDGE_LOOP ( 'NONE', ( #3724, #8068, #6544, #7514 ) ) ;
#5650 = VECTOR ( 'NONE', #3734, 1000.000000000000227 ) ;
#5651 = EDGE_CURVE ( 'NONE', #8559, #2822, #1528, .T. ) ;
#5652 = CARTESIAN_POINT ( 'NONE',  ( 1.173723588332907575, 0.5873550067417854237, 0.9527348701081267413 ) ) ;
#5653 = EDGE_CURVE ( 'NONE', #6874, #9695, #8979, .T. ) ;
#5654 = CARTESIAN_POINT ( 'NONE',  ( 1.154092727135537011, 0.1757980283055244064, 1.092415705496229128 ) ) ;
#5655 = CARTESIAN_POINT ( 'NONE',  ( 1.167644266890803806, -0.02199050737592457214, 0.9959914898299161434 ) ) ;
#5656 = CARTESIAN_POINT ( 'NONE',  ( 1.190202745587604749, 0.3287672129544174648, 0.8354795735276461244 ) ) ;
#5657 = EDGE_CURVE ( 'NONE', #1507, #4449, #6877, .T. ) ;
#5658 = ORIENTED_EDGE ( 'NONE', *, *, #4625, .F. ) ;
#5659 = ORIENTED_EDGE ( 'NONE', *, *, #1469, .T. ) ;
#5660 = DIRECTION ( 'NONE',  ( 5.042800802258161104E-17, -1.000000000000000000, 0.000000000000000000 ) ) ;
#5661 = LINE ( 'NONE', #7240, #10467 ) ;
#5662 = VERTEX_POINT ( 'NONE', #9868 ) ;
#5663 = CARTESIAN_POINT ( 'NONE',  ( 1.167507004247420710, 0.5578778698145238080, 0.9969681642866573545 ) ) ;
#5664 = CARTESIAN_POINT ( 'NONE',  ( 1.188379445785982647, 0.3345690621275114185, 0.8484530257309360612 ) ) ;
#5665 = EDGE_CURVE ( 'NONE', #2797, #1994, #5769, .T. ) ;
#5666 = DIRECTION ( 'NONE',  ( -0.000000000000000000, -0.000000000000000000, -1.000000000000000000 ) ) ;
#5667 = CARTESIAN_POINT ( 'NONE',  ( 1.177830830824449615, 0.09369874323312502029, 0.9306956177756490201 ) ) ;
#5668 = LINE ( 'NONE', #9770, #5424 ) ;
#5669 = SURFACE_STYLE_FILL_AREA ( #2390 ) ;
#5670 = DIRECTION ( 'NONE',  ( -0.9902680687415706950, -1.431534388630178744E-16, -0.1391731009600623292 ) ) ;
#5671 = CARTESIAN_POINT ( 'NONE',  ( 1.184802781970671681, 0.2979799810520100123, 0.8810876076838775051 ) ) ;
#5672 = ORIENTED_EDGE ( 'NONE', *, *, #2587, .T. ) ;
#5673 = CARTESIAN_POINT ( 'NONE',  ( 1.157834832918872792, 0.2048696596458852992, 1.065789239307522562 ) ) ;
#5674 = ORIENTED_EDGE ( 'NONE', *, *, #3242, .T. ) ;
#5675 = AXIS2_PLACEMENT_3D ( 'NONE', #2714, #3624, #6736 ) ;
#5676 = ORIENTED_EDGE ( 'NONE', *, *, #3236, .T. ) ;
#5677 = CARTESIAN_POINT ( 'NONE',  ( 1.143253677336234730, -0.2718570838317662663, 1.169539552257599313 ) ) ;
#5678 = EDGE_CURVE ( 'NONE', #2822, #2855, #6439, .T. ) ;
#5679 = CARTESIAN_POINT ( 'NONE',  ( 1.173072886580212915, 0.2177210674914727973, 0.9645501501918817278 ) ) ;
#5680 = CARTESIAN_POINT ( 'NONE',  ( 1.250000000000000222, 2.149999999999999467, 0.4099999999999703326 ) ) ;
#5681 = CARTESIAN_POINT ( 'NONE',  ( 1.170450807817867256, 0.4787418948039905420, 0.9832072100271849191 ) ) ;
#5682 = B_SPLINE_CURVE_WITH_KNOTS ( 'NONE', 3,
 ( #10240, #5297, #4482, #1203 ),
 .UNSPECIFIED., .F., .F.,
 ( 4, 4 ),
 ( 27.00000000000000000, 28.00000000000000000 ),
 .UNSPECIFIED. ) ;
#5683 = CARTESIAN_POINT ( 'NONE',  ( 1.184776258082727463, 0.2725890927357904614, 0.8740910384187443594 ) ) ;
#5684 = CARTESIAN_POINT ( 'NONE',  ( 1.150968503025308287, 2.149995309899464413, 0.4100333717993133176 ) ) ;
#5685 = ORIENTED_EDGE ( 'NONE', *, *, #10006, .T. ) ;
#5686 = CARTESIAN_POINT ( 'NONE',  ( 1.142519114585270890, 0.3675085929167393739, 1.174766237815001002 ) ) ;
#5687 = VECTOR ( 'NONE', #8422, 1000.000000000000000 ) ;
#5688 = CARTESIAN_POINT ( 'NONE',  ( 1.185766526151469380, 0.1773888579177557434, 0.8742302115197041479 ) ) ;
#5689 = EDGE_LOOP ( 'NONE', ( #5828, #8067, #5002 ) ) ;
#5690 = FACE_OUTER_BOUND ( 'NONE', #5693, .T. ) ;
#5691 = VERTEX_POINT ( 'NONE', #8040 ) ;
#5692 = ORIENTED_EDGE ( 'NONE', *, *, #9018, .F. ) ;
#5693 = EDGE_LOOP ( 'NONE', ( #4580, #728, #5109, #9356 ) ) ;
#5694 = CARTESIAN_POINT ( 'NONE',  ( 1.169677599249417721, 0.6654304286788805811, 0.9815235783298890127 ) ) ;
#5695 = EDGE_CURVE ( 'NONE', #7798, #7188, #9707, .T. ) ;
#5696 = CARTESIAN_POINT ( 'NONE',  ( 1.156489540765543111, 0.2297302714249714328, 1.082546786897413016 ) ) ;
#5697 = SURFACE_STYLE_FILL_AREA ( #9901 ) ;
#5698 =( NAMED_UNIT ( * ) SI_UNIT ( $, .STERADIAN. ) SOLID_ANGLE_UNIT ( ) );
#5699 = DIRECTION ( 'NONE',  ( -0.000000000000000000, 1.000000000000000000, -0.000000000000000000 ) ) ;
#5700 = ORIENTED_EDGE ( 'NONE', *, *, #9476, .T. ) ;
#5701 = FILL_AREA_STYLE_COLOUR ( '', #3337 ) ;
#5702 = CARTESIAN_POINT ( 'NONE',  ( 1.142102837092748180, 0.1766714249554794391, 1.184913502615736025 ) ) ;
#5703 = ORIENTED_EDGE ( 'NONE', *, *, #6083, .F. ) ;
#5704 = B_SPLINE_CURVE_WITH_KNOTS ( 'NONE', 3,
 ( #1781, #8921, #9752, #9916 ),
 .UNSPECIFIED., .F., .F.,
 ( 4, 4 ),
 ( 2.000000000000000000, 3.000000000000000000 ),
 .UNSPECIFIED. ) ;
#5705 = DIRECTION ( 'NONE',  ( -0.9902680687415706950, 0.000000000000000000, -0.1391731009600623292 ) ) ;
#5706 = VERTEX_POINT ( 'NONE', #4802 ) ;
#5707 = ORIENTED_EDGE ( 'NONE', *, *, #8737, .T. ) ;
#5708 = CARTESIAN_POINT ( 'NONE',  ( 1.173072886580212915, 0.2829762743196016506, 0.9645501501918819498 ) ) ;
#5709 = CARTESIAN_POINT ( 'NONE',  ( 1.151279636013008201, 0.1638200171098934399, 1.112431888895779375 ) ) ;
#5710 = CARTESIAN_POINT ( 'NONE',  ( 1.174036630761126743, 0.2588330955027907110, 0.9576927540268845851 ) ) ;
#5711 = CARTESIAN_POINT ( 'NONE',  ( 1.182737455776579516, -0.2093904314435908742, 0.8885978706178393471 ) ) ;
#5712 = EDGE_LOOP ( 'NONE', ( #1524, #585, #3057, #2916, #4855, #6928, #8284, #1466 ) ) ;
#5713 = CARTESIAN_POINT ( 'NONE',  ( 1.142116945960287566, 0.4119738402076811301, 1.184813112806826885 ) ) ;
#5714 = EDGE_LOOP ( 'NONE', ( #3768, #9814, #10281, #8598 ) ) ;
#5715 = PLANE ( 'NONE',  #675 ) ;
#5716 = CARTESIAN_POINT ( 'NONE',  ( 1.179940172418511235, 0.2855652715311925438, 0.9085015759287666803 ) ) ;
#5717 = EDGE_CURVE ( 'NONE', #2692, #64, #2536, .T. ) ;
#5718 = EDGE_CURVE ( 'NONE', #10327, #1012, #4962, .T. ) ;
#5719 = ORIENTED_EDGE ( 'NONE', *, *, #1669, .F. ) ;
#5720 = CARTESIAN_POINT ( 'NONE',  ( 1.177370664684102231, 0.2490385759310174418, 0.9339698699979409602 ) ) ;
#5721 = LINE ( 'NONE', #5415, #7263 ) ;
#5722 = EDGE_CURVE ( 'NONE', #9855, #4623, #715, .T. ) ;
#5723 = FACE_OUTER_BOUND ( 'NONE', #9809, .T. ) ;
#5724 = CARTESIAN_POINT ( 'NONE',  ( 1.182041308380294087, 0.2063981037827952447, 0.8935512167236835390 ) ) ;
#5725 = LINE ( 'NONE', #2268, #8325 ) ;
#5726 = ORIENTED_EDGE ( 'NONE', *, *, #5018, .T. ) ;
#5727 = ORIENTED_EDGE ( 'NONE', *, *, #7124, .T. ) ;
#5728 = CARTESIAN_POINT ( 'NONE',  ( -1.059371777266039816, -1.860344970391883512, 1.766390284273130717 ) ) ;
#5729 = B_SPLINE_SURFACE_WITH_KNOTS ( 'NONE', 3, 1, ( 
 ( #9942, #7530 ),
 ( #4172, #159 ),
 ( #6583, #106 ),
 ( #4283, #5038 ) ),
 .UNSPECIFIED., .F., .F., .F.,
 ( 4, 4 ),
 ( 2, 2 ),
 ( 10.00000000000000000, 11.00000000000000000 ),
 ( 0.000000000000000000, 1.000000000000000000 ),
 .UNSPECIFIED. ) ;
#5730 = EDGE_CURVE ( 'NONE', #5399, #3184, #6613, .T. ) ;
#5731 = EDGE_CURVE ( 'NONE', #5592, #9473, #8613, .T. ) ;
#5732 = FACE_OUTER_BOUND ( 'NONE', #4857, .T. ) ;
#5733 = PRESENTATION_LAYER_ASSIGNMENT (  '', '', ( #9311 ) ) ;
#5734 = VECTOR ( 'NONE', #2258, 1000.000000000000227 ) ;
#5735 = EDGE_CURVE ( 'NONE', #1422, #8583, #6851, .T. ) ;
#5736 = VERTEX_POINT ( 'NONE', #2783 ) ;
#5737 = CARTESIAN_POINT ( 'NONE',  ( -1.107503214919902446, -1.116983620140315525E-16, 1.423917310096006084 ) ) ;
#5738 = AXIS2_PLACEMENT_3D ( 'NONE', #5946, #9360, #2030 ) ;
#5739 = CARTESIAN_POINT ( 'NONE',  ( 1.143769854054293544, 0.1649117629216120262, 1.173052060600852320 ) ) ;
#5740 = VECTOR ( 'NONE', #9102, 1000.000000000000000 ) ;
#5741 = CARTESIAN_POINT ( 'NONE',  ( 1.178620450657340335, 0.2625450312639693862, 0.9178918841901749781 ) ) ;
#5742 = VECTOR ( 'NONE', #1455, 1000.000000000000227 ) ;
#5743 = CARTESIAN_POINT ( 'NONE',  ( 1.177183164109006697, -0.1382478891282721278, 0.9281187093785783215 ) ) ;
#5744 = VERTEX_POINT ( 'NONE', #1264 ) ;
#5745 = EDGE_CURVE ( 'NONE', #5744, #7738, #3753, .T. ) ;
#5746 = VERTEX_POINT ( 'NONE', #6077 ) ;
#5747 = ORIENTED_EDGE ( 'NONE', *, *, #3019, .F. ) ;
#5748 = FACE_OUTER_BOUND ( 'NONE', #5616, .T. ) ;
#5749 = STYLED_ITEM ( 'NONE', ( #8519 ), #4614 ) ;
#5750 = DIRECTION ( 'NONE',  ( 0.000000000000000000, -1.000000000000000000, -5.554079155769711179E-15 ) ) ;
#5751 = LINE ( 'NONE', #62, #9673 ) ;
#5752 = CARTESIAN_POINT ( 'NONE',  ( 1.147772431237794821, 0.4345417857818210661, 1.144572244097861624 ) ) ;
#5753 = COLOUR_RGB ( '',0.2509803921568627416, 0.2509803921568627416, 0.2509803921568627416 ) ;
#5754 = EDGE_CURVE ( 'NONE', #8475, #9289, #2917, .T. ) ;
#5755 = ORIENTED_EDGE ( 'NONE', *, *, #163, .T. ) ;
#5756 = VERTEX_POINT ( 'NONE', #7880 ) ;
#5757 = CARTESIAN_POINT ( 'NONE',  ( 1.168755283234250486, -0.07578123674051377712, 0.9952714943130094305 ) ) ;
#5758 = EDGE_LOOP ( 'NONE', ( #5858, #2490, #1547, #56 ) ) ;
#5759 = CARTESIAN_POINT ( 'NONE',  ( 1.144142719646711992, 0.1766402322180271878, 1.163213687519712547 ) ) ;
#5760 = UNCERTAINTY_MEASURE_WITH_UNIT (LENGTH_MEASURE( 1.000000000000000082E-05 ), #6620, 'distance_accuracy_value', 'NONE');
#5761 = CARTESIAN_POINT ( 'NONE',  ( -2.214999999999998970, 1.700000000000000178, 0.4000000000000000222 ) ) ;
#5762 = SURFACE_STYLE_FILL_AREA ( #9131 ) ;
#5763 = ORIENTED_EDGE ( 'NONE', *, *, #10378, .T. ) ;
#5764 = CARTESIAN_POINT ( 'NONE',  ( 1.177613294576437708, 0.2829762743196017616, 0.9250581720739429192 ) ) ;
#5765 = CARTESIAN_POINT ( 'NONE',  ( 1.184427894774303880, -0.1981117381327605897, 0.8765697721558913802 ) ) ;
#5766 = LINE ( 'NONE', #7352, #1383 ) ;
#5767 = ORIENTED_EDGE ( 'NONE', *, *, #1446, .T. ) ;
#5768 = DIRECTION ( 'NONE',  ( 2.710505431213754182E-16, -1.000000000000000000, 0.000000000000000000 ) ) ;
#5769 = LINE ( 'NONE', #9820, #929 ) ;
#5770 = ORIENTED_EDGE ( 'NONE', *, *, #6265, .F. ) ;
#5771 = ORIENTED_EDGE ( 'NONE', *, *, #2511, .F. ) ;
#5772 = DIRECTION ( 'NONE',  ( -0.9902680687415706950, -1.431534388630178744E-16, -0.1391731009600623292 ) ) ;
#5773 = CARTESIAN_POINT ( 'NONE',  ( 1.177960589776696931, 0.5873550067417856457, 0.9225870383212900760 ) ) ;
#5774 = CARTESIAN_POINT ( 'NONE',  ( 1.185480007611194209, 0.7030800628290645449, 0.8762688968660802269 ) ) ;
#5775 = CARTESIAN_POINT ( 'NONE',  ( 1.184689911030583742, 0.5732558893976233971, 0.8818907261535158248 ) ) ;
#5776 = ORIENTED_EDGE ( 'NONE', *, *, #7529, .T. ) ;
#5777 = PRESENTATION_LAYER_ASSIGNMENT (  '', '', ( #2329 ) ) ;
#5778 = CARTESIAN_POINT ( 'NONE',  ( 1.180805529441597335, -0.2093904314435909575, 0.9023442407676468546 ) ) ;
#5779 = CARTESIAN_POINT ( 'NONE',  ( 1.169238260211920011, -0.3872468368763390401, 0.9918349345494910096 ) ) ;
#5780 = CARTESIAN_POINT ( 'NONE',  ( 1.145789333529667831, -0.4349644135054252514, 1.151497420952471540 ) ) ;
#5781 = CARTESIAN_POINT ( 'NONE',  ( 1.155516637456796891, 0.1629466204599333279, 1.082284057108943376 ) ) ;
#5782 = EDGE_LOOP ( 'NONE', ( #5359, #3631, #4447, #8300 ) ) ;
#5783 = EDGE_CURVE ( 'NONE', #8529, #5510, #2872, .T. ) ;
#5784 = CARTESIAN_POINT ( 'NONE',  ( 1.249995309899464946, 2.050968503025307310, 0.4100333717993133176 ) ) ;
#5785 = ADVANCED_FACE ( 'NONE', ( #456 ), #6173, .F. ) ;
#5786 = DIRECTION ( 'NONE',  ( 0.000000000000000000, 7.697542442872411763E-15, -1.000000000000000000 ) ) ;
#5787 = ORIENTED_EDGE ( 'NONE', *, *, #7833, .T. ) ;
#5788 = EDGE_CURVE ( 'NONE', #7657, #2122, #1367, .T. ) ;
#5789 = VECTOR ( 'NONE', #7402, 999.9999999999998863 ) ;
#5790 = VERTEX_POINT ( 'NONE', #6275 ) ;
#5791 = ORIENTED_EDGE ( 'NONE', *, *, #9759, .T. ) ;
#5792 = VERTEX_POINT ( 'NONE', #7824 ) ;
#5793 = ORIENTED_EDGE ( 'NONE', *, *, #2918, .T. ) ;
#5794 = B_SPLINE_SURFACE_WITH_KNOTS ( 'NONE', 3, 1, ( 
 ( #1825, #8349 ),
 ( #6748, #7547 ),
 ( #6453, #4058 ),
 ( #3953, #7252 ) ),
 .UNSPECIFIED., .F., .F., .F.,
 ( 4, 4 ),
 ( 2, 2 ),
 ( 4.000000000000000000, 5.000000000000000000 ),
 ( 0.000000000000000000, 1.000000000000000000 ),
 .UNSPECIFIED. ) ;
#5795 = STYLED_ITEM ( 'NONE', ( #8712 ), #8994 ) ;
#5796 = CARTESIAN_POINT ( 'NONE',  ( -0.9149999999999991473, -2.480112469560583011E-16, 0.01000000000000000021 ) ) ;
#5797 = EDGE_CURVE ( 'NONE', #451, #3972, #3438, .T. ) ;
#5798 = DIRECTION ( 'NONE',  ( -2.710505431213754182E-16, 1.000000000000000000, -0.000000000000000000 ) ) ;
#5799 = LINE ( 'NONE', #8025, #6752 ) ;
#5800 = EDGE_LOOP ( 'NONE', ( #9542, #2491 ) ) ;
#5801 = VECTOR ( 'NONE', #8870, 1000.000000000000000 ) ;
#5802 = ORIENTED_EDGE ( 'NONE', *, *, #7133, .F. ) ;
#5803 = ORIENTED_EDGE ( 'NONE', *, *, #6946, .F. ) ;
#5804 = ORIENTED_EDGE ( 'NONE', *, *, #1584, .T. ) ;
#5805 = CARTESIAN_POINT ( 'NONE',  ( 1.185766526151469158, 0.2829762743196018726, 0.8742302115197044809 ) ) ;
#5806 = EDGE_CURVE ( 'NONE', #5855, #2848, #244, .T. ) ;
#5807 = PLANE ( 'NONE',  #3240 ) ;
#5808 = AXIS2_PLACEMENT_3D ( 'NONE', #6145, #10259, #1125 ) ;
#5809 = DIRECTION ( 'NONE',  ( -0.9902680687415706950, -1.431534388630178744E-16, -0.1391731009600623292 ) ) ;
#5810 = CARTESIAN_POINT ( 'NONE',  ( 1.168497272316162627, 0.4787418948039905420, 0.9971073373876172541 ) ) ;
#5811 = CARTESIAN_POINT ( 'NONE',  ( 1.143509382654012585, 0.3259286738427819019, 1.174905410915961124 ) ) ;
#5812 = ORIENTED_EDGE ( 'NONE', *, *, #10086, .T. ) ;
#5813 = LINE ( 'NONE', #3395, #7921 ) ;
#5814 = VERTEX_POINT ( 'NONE', #2017 ) ;
#5815 = CARTESIAN_POINT ( 'NONE',  ( 1.150000000000000355, -2.050000000000000711, 0.1100000000000000699 ) ) ;
#5816 = VECTOR ( 'NONE', #618, 1000.000000000000000 ) ;
#5817 = CARTESIAN_POINT ( 'NONE',  ( 1.158495170547350295, 0.2296678859500660697, 1.068275989473628451 ) ) ;
#5818 = CARTESIAN_POINT ( 'NONE',  ( 1.140973650943925888, 0.2386513943472002852, 1.185762783015673394 ) ) ;
#5819 = VERTEX_POINT ( 'NONE', #6926 ) ;
#5820 = CARTESIAN_POINT ( 'NONE',  ( 1.185480007611194653, 0.1435759304789832047, 0.8762688968660783395 ) ) ;
#5821 = CARTESIAN_POINT ( 'NONE',  ( 1.159337134290752580, -0.1434534297040134243, 1.062285106146480640 ) ) ;
#5822 = ORIENTED_EDGE ( 'NONE', *, *, #6213, .F. ) ;
#5823 = CARTESIAN_POINT ( 'NONE',  ( 1.177196540336080233, 0.2753028608971970215, 0.9280235325774588429 ) ) ;
#5824 = CARTESIAN_POINT ( 'NONE',  ( 1.137699383797457608, -0.3464700085949287689, 1.209060404332649385 ) ) ;
#5825 = CARTESIAN_POINT ( 'NONE',  ( 1.158538582447339982, 0.1422970282421217592, 1.067967097754855210 ) ) ;
#5826 = CARTESIAN_POINT ( 'NONE',  ( 1.174800680201743441, 0.2070531512701599408, 0.9522562597707151522 ) ) ;
#5827 = FACE_OUTER_BOUND ( 'NONE', #6434, .T. ) ;
#5828 = ORIENTED_EDGE ( 'NONE', *, *, #5612, .T. ) ;
#5829 = CARTESIAN_POINT ( 'NONE',  ( 1.191019366056158546, 0.3189103079077391656, 0.8368543135053476689 ) ) ;
#5830 = VERTEX_POINT ( 'NONE', #5242 ) ;
#5831 = EDGE_CURVE ( 'NONE', #3883, #2464, #5929, .T. ) ;
#5832 = ORIENTED_EDGE ( 'NONE', *, *, #5345, .T. ) ;
#5833 = ADVANCED_FACE ( 'NONE', ( #5336 ), #8600, .F. ) ;
#5834 = CARTESIAN_POINT ( 'NONE',  ( 1.175442699574440697, 0.2647909083631491134, 0.9405027580307112611 ) ) ;
#5835 = CARTESIAN_POINT ( 'NONE',  ( 1.140565579083566261, 0.07794641080098824171, 1.188666365175433448 ) ) ;
#5836 = EDGE_CURVE ( 'NONE', #4822, #7293, #3176, .T. ) ;
#5837 = LINE ( 'NONE', #2473, #1810 ) ;
#5838 = CARTESIAN_POINT ( 'NONE',  ( 1.190141968927503902, 0.3216240760691460032, 0.8359120219347550007 ) ) ;
#5839 = CARTESIAN_POINT ( 'NONE',  ( 1.179501630957318081, -0.5390755146083651139, 0.9188072570980806431 ) ) ;
#5840 = B_SPLINE_CURVE_WITH_KNOTS ( 'NONE', 3,
 ( #2713, #10185, #2772, #4478 ),
 .UNSPECIFIED., .F., .F.,
 ( 4, 4 ),
 ( 9.000000000000000000, 10.00000000000000000 ),
 .UNSPECIFIED. ) ;
#5841 = CARTESIAN_POINT ( 'NONE',  ( 1.136999214739795150, -0.3108987208892577958, 1.221227662580423257 ) ) ;
#5842 = VERTEX_POINT ( 'NONE', #10085 ) ;
#5843 = ORIENTED_EDGE ( 'NONE', *, *, #8856, .T. ) ;
#5844 = EDGE_CURVE ( 'NONE', #7323, #1054, #6027, .T. ) ;
#5845 = ORIENTED_EDGE ( 'NONE', *, *, #5515, .F. ) ;
#5846 = ORIENTED_EDGE ( 'NONE', *, *, #8226, .T. ) ;
#5847 = CARTESIAN_POINT ( 'NONE',  ( 1.152912400202397603, 0.1472878662401651273, 1.107999464553133695 ) ) ;
#5848 = EDGE_CURVE ( 'NONE', #5790, #1882, #2811, .T. ) ;
#5849 = CARTESIAN_POINT ( 'NONE',  ( 1.154024325354476854, -0.4818143945223430369, 1.100087705992469189 ) ) ;
#5850 = CARTESIAN_POINT ( 'NONE',  ( 1.181772631347965508, 0.5743164424718889549, 0.9026482496789443033 ) ) ;
#5851 = DIRECTION ( 'NONE',  ( -1.000000000000000000, -1.417602794365953777E-16, 0.000000000000000000 ) ) ;
#5852 = FACE_OUTER_BOUND ( 'NONE', #9293, .T. ) ;
#5853 = CARTESIAN_POINT ( 'NONE',  ( -2.214999999999998970, 1.700000000000000178, 0.000000000000000000 ) ) ;
#5854 = DIRECTION ( 'NONE',  ( 0.9902680687415706950, 0.000000000000000000, 0.1391731009600623292 ) ) ;
#5855 = VERTEX_POINT ( 'NONE', #1197 ) ;
#5856 = CARTESIAN_POINT ( 'NONE',  ( 1.170179925387274888, -0.5755143896521991431, 0.9779493421378183671 ) ) ;
#5857 = CARTESIAN_POINT ( 'NONE',  ( 1.188379445785982647, 0.3345690621275114185, 0.8484530257309359502 ) ) ;
#5858 = ORIENTED_EDGE ( 'NONE', *, *, #4585, .T. ) ;
#5859 = EDGE_CURVE ( 'NONE', #7749, #7524, #1908, .T. ) ;
#5860 = ORIENTED_EDGE ( 'NONE', *, *, #1168, .T. ) ;
#5861 = FACE_OUTER_BOUND ( 'NONE', #10015, .T. ) ;
#5862 = UNCERTAINTY_MEASURE_WITH_UNIT (LENGTH_MEASURE( 1.000000000000000082E-05 ), #6794, 'distance_accuracy_value', 'NONE');
#5863 = PLANE ( 'NONE',  #9840 ) ;
#5864 = FACE_OUTER_BOUND ( 'NONE', #1030, .T. ) ;
#5865 = DIRECTION ( 'NONE',  ( -0.9902680687415706950, -1.431534388630178744E-16, -0.1391731009600623292 ) ) ;
#5866 = DIRECTION ( 'NONE',  ( -0.9902680687415706950, 0.000000000000000000, -0.1391731009600623015 ) ) ;
#5867 = CARTESIAN_POINT ( 'NONE',  ( 1.181554310173081879, -0.3542783525547693046, 0.9042016855564664057 ) ) ;
#5868 = ORIENTED_EDGE ( 'NONE', *, *, #7162, .T. ) ;
#5869 = EDGE_CURVE ( 'NONE', #5526, #2822, #4475, .T. ) ;
#5870 = CARTESIAN_POINT ( 'NONE',  ( 1.154024325354476854, -0.4340968178936723265, 1.100087705992469189 ) ) ;
#5871 = B_SPLINE_SURFACE_WITH_KNOTS ( 'NONE', 3, 1, ( 
 ( #7669, #3457 ),
 ( #4317, #9294 ),
 ( #9141, #341 ),
 ( #1954, #1795 ) ),
 .UNSPECIFIED., .F., .F., .F.,
 ( 4, 4 ),
 ( 2, 2 ),
 ( 12.00000000000000000, 13.00000000000000000 ),
 ( 0.000000000000000000, 1.000000000000000000 ),
 .UNSPECIFIED. ) ;
#5872 = DIRECTION ( 'NONE',  ( -0.1391731009600623570, -4.907779898773138538E-15, 0.9902680687415708061 ) ) ;
#5873 = DIRECTION ( 'NONE',  ( 0.9902680687415708061, 0.000000000000000000, 0.1391731009600616908 ) ) ;
#5874 = CARTESIAN_POINT ( 'NONE',  ( 1.168497272316162849, 0.1407997768422540874, 0.9971073373876162549 ) ) ;
#5875 = CARTESIAN_POINT ( 'NONE',  ( 1.170746008738139610, 0.5855146352303389756, 0.9811067463370570785 ) ) ;
#5876 = FACE_OUTER_BOUND ( 'NONE', #2179, .T. ) ;
#5877 = CARTESIAN_POINT ( 'NONE',  ( 1.177561677044169919, 0.2681285312744675076, 0.9326107464345139153 ) ) ;
#5878 = CARTESIAN_POINT ( 'NONE',  ( 1.173810412133001746, 0.2070531512701599408, 0.9521170866697550306 ) ) ;
#5879 = CARTESIAN_POINT ( 'NONE',  ( -0.3981366483959006830, -0.8649999999999999911, 0.4000000000000000222 ) ) ;
#5880 = EDGE_LOOP ( 'NONE', ( #5335, #5418, #7954, #5556 ) ) ;
#5881 = ORIENTED_EDGE ( 'NONE', *, *, #147, .T. ) ;
#5882 = CARTESIAN_POINT ( 'NONE',  ( 1.142166968197076748, -0.3915848149363510000, 1.177271889563403340 ) ) ;
#5883 = DIRECTION ( 'NONE',  ( -0.1391731009600769009, -0.000000000000000000, 0.9902680687415688077 ) ) ;
#5884 = ORIENTED_EDGE ( 'NONE', *, *, #4347, .T. ) ;
#5885 = STYLED_ITEM ( 'NONE', ( #10047 ), #7610 ) ;
#5886 = PRESENTATION_LAYER_ASSIGNMENT (  '', '', ( #10476 ) ) ;
#5887 = CARTESIAN_POINT ( 'NONE',  ( 1.166098876463074863, -0.5208560481278448062, 1.014172810622970156 ) ) ;
#5888 = CARTESIAN_POINT ( 'NONE',  ( 1.191193013656346444, 0.3287672129544174648, 0.8356187466286061349 ) ) ;
#5889 = AXIS2_PLACEMENT_3D ( 'NONE', #759, #10536, #5705 ) ;
#5890 = CARTESIAN_POINT ( 'NONE',  ( -1.249999999999999778, 1.699999999999999734, 1.510000000000000009 ) ) ;
#5891 = EDGE_CURVE ( 'NONE', #373, #6181, #8536, .T. ) ;
#5892 = CARTESIAN_POINT ( 'NONE',  ( 1.174201595981200663, 0.1667209416960227786, 0.9565189654947240383 ) ) ;
#5893 = VECTOR ( 'NONE', #4156, 1000.000000000000114 ) ;
#5894 = ORIENTED_EDGE ( 'NONE', *, *, #2331, .T. ) ;
#5895 = FACE_BOUND ( 'NONE', #2078, .T. ) ;
#5896 = EDGE_CURVE ( 'NONE', #5224, #1571, #9816, .T. ) ;
#5897 = PRESENTATION_LAYER_ASSIGNMENT (  '', '', ( #8993 ) ) ;
#5898 =( NAMED_UNIT ( * ) PLANE_ANGLE_UNIT ( ) SI_UNIT ( $, .RADIAN. ) );
#5899 = ORIENTED_EDGE ( 'NONE', *, *, #4788, .T. ) ;
#5900 = VECTOR ( 'NONE', #604, 1000.000000000000227 ) ;
#5901 = EDGE_LOOP ( 'NONE', ( #7421, #4143, #9358, #4727, #2571, #1850, #8438 ) ) ;
#5902 = ORIENTED_EDGE ( 'NONE', *, *, #1270, .F. ) ;
#5903 = CARTESIAN_POINT ( 'NONE',  ( 1.174948280661937350, 0.2725267072604640739, 0.9512060279252398942 ) ) ;
#5904 = FILL_AREA_STYLE ('',( #7740 ) ) ;
#5905 = DIRECTION ( 'NONE',  ( -0.1391731009600623292, -2.460321397947208261E-15, 0.9902680687415708061 ) ) ;
#5906 = DIRECTION ( 'NONE',  ( -0.000000000000000000, 0.000000000000000000, 1.000000000000000000 ) ) ;
#5907 = CARTESIAN_POINT ( 'NONE',  ( 1.171579517218970468, 0.6638084063296135762, 0.9751760253292033331 ) ) ;
#5908 = LINE ( 'NONE', #8204, #7978 ) ;
#5909 = PRESENTATION_LAYER_ASSIGNMENT (  '', '', ( #9326 ) ) ;
#5910 = EDGE_CURVE ( 'NONE', #3923, #5949, #7988, .T. ) ;
#5911 = CARTESIAN_POINT ( 'NONE',  ( 1.172082618511471219, 0.1967283551612540038, 0.9644109770909217172 ) ) ;
#5912 = LINE ( 'NONE', #10014, #9173 ) ;
#5913 = VERTEX_POINT ( 'NONE', #7872 ) ;
#5914 = VECTOR ( 'NONE', #4318, 1000.000000000000000 ) ;
#5915 = ORIENTED_EDGE ( 'NONE', *, *, #7723, .F. ) ;
#5916 = ADVANCED_FACE ( 'NONE', ( #8652 ), #152, .F. ) ;
#5917 = VECTOR ( 'NONE', #1895, 1000.000000000000000 ) ;
#5918 = CARTESIAN_POINT ( 'NONE',  ( 1.167507004247420710, 0.5578778698145238080, 0.9969681642866573545 ) ) ;
#5919 = CARTESIAN_POINT ( 'NONE',  ( 1.158346866222010885, -0.1503941615036764046, 1.062145933045520518 ) ) ;
#5920 = AXIS2_PLACEMENT_3D ( 'NONE', #5341, #3576, #8443 ) ;
#5921 = ORIENTED_EDGE ( 'NONE', *, *, #1446, .F. ) ;
#5922 = DIRECTION ( 'NONE',  ( 1.008560160451632221E-16, -1.000000000000000000, 0.000000000000000000 ) ) ;
#5923 = FACE_OUTER_BOUND ( 'NONE', #4218, .T. ) ;
#5924 = CARTESIAN_POINT ( 'NONE',  ( 1.190222757690463151, 0.3465743669686199291, 0.8425224765512127068 ) ) ;
#5925 = EDGE_CURVE ( 'NONE', #4821, #10323, #7186, .T. ) ;
#5926 = VERTEX_POINT ( 'NONE', #1473 ) ;
#5927 = CARTESIAN_POINT ( 'NONE',  ( 1.184776258082727463, 0.2725890927357904614, 0.8740910384187444704 ) ) ;
#5928 = LINE ( 'NONE', #6835, #5120 ) ;
#5929 = LINE ( 'NONE', #4379, #918 ) ;
#5930 = CARTESIAN_POINT ( 'NONE',  ( 1.170189859669866994, 0.6644634538161459103, 0.9778786560442492837 ) ) ;
#5931 = CIRCLE ( 'NONE', #5403, 0.1000000000000000056 ) ;
#5932 = EDGE_LOOP ( 'NONE', ( #6696, #262, #1943, #6855 ) ) ;
#5933 = VECTOR ( 'NONE', #8350, 1000.000000000000227 ) ;
#5934 = CARTESIAN_POINT ( 'NONE',  ( 1.181242529419570975, 0.1582053243615262617, 0.8992348243556912424 ) ) ;
#5935 = CARTESIAN_POINT ( 'NONE',  ( 1.179636765866075576, 0.2992588832892865702, 0.9178457222598690457 ) ) ;
#5936 = CARTESIAN_POINT ( 'NONE',  ( 1.153580466715087738, 0.4449601601030905851, 1.096060627781868746 ) ) ;
#5937 = CARTESIAN_POINT ( 'NONE',  ( 1.179072411165523970, 0.2562440982912000398, 0.9218613146088593391 ) ) ;
#5938 = EDGE_CURVE ( 'NONE', #299, #9627, #6991, .T. ) ;
#5939 = VERTEX_POINT ( 'NONE', #9657 ) ;
#5940 = ORIENTED_EDGE ( 'NONE', *, *, #204, .F. ) ;
#5941 = CARTESIAN_POINT ( 'NONE',  ( 1.143978150863314669, -0.4037311038593497936, 1.164384655258348333 ) ) ;
#5942 = ORIENTED_EDGE ( 'NONE', *, *, #3482, .T. ) ;
#5943 = FACE_OUTER_BOUND ( 'NONE', #8752, .T. ) ;
#5944 = CARTESIAN_POINT ( 'NONE',  ( 1.191193013656346444, 0.3421488973371417108, 0.8356187466286061349 ) ) ;
#5945 = VERTEX_POINT ( 'NONE', #2322 ) ;
#5946 = CARTESIAN_POINT ( 'NONE',  ( 1.183543836869484833, 0.4815180484407237671, 0.8900454675390060411 ) ) ;
#5947 = CARTESIAN_POINT ( 'NONE',  ( 1.181433557292300485, -0.3004876231897625205, 0.9050608869482689167 ) ) ;
#5948 = CARTESIAN_POINT ( 'NONE',  ( 1.250000000000000222, 2.050000000000000266, 0.4099999999999704436 ) ) ;
#5949 = VERTEX_POINT ( 'NONE', #2159 ) ;
#5950 = ORIENTED_EDGE ( 'NONE', *, *, #1927, .T. ) ;
#5951 = ORIENTED_EDGE ( 'NONE', *, *, #10303, .F. ) ;
#5952 = VECTOR ( 'NONE', #2232, 1000.000000000000000 ) ;
#5953 = ORIENTED_EDGE ( 'NONE', *, *, #6827, .T. ) ;
#5954 = CARTESIAN_POINT ( 'NONE',  ( 1.184802781970671681, 0.2979799810520100123, 0.8810876076838775051 ) ) ;
#5955 = DIRECTION ( 'NONE',  ( 6.672013369141565217E-16, -1.000000000000000000, 0.000000000000000000 ) ) ;
#5956 = ADVANCED_FACE ( 'NONE', ( #7765 ), #452, .T. ) ;
#5957 = CARTESIAN_POINT ( 'NONE',  ( 1.177830830824449615, 0.1373373829811192215, 0.9306956177756491311 ) ) ;
#5958 = CARTESIAN_POINT ( 'NONE',  ( 1.170450807817867478, 0.1407997768422540874, 0.9832072100271835868 ) ) ;
#5959 = ORIENTED_EDGE ( 'NONE', *, *, #7797, .T. ) ;
#5960 = DIRECTION ( 'NONE',  ( 0.000000000000000000, -1.000000000000000000, 0.000000000000000000 ) ) ;
#5961 = MECHANICAL_DESIGN_GEOMETRIC_PRESENTATION_REPRESENTATION (  '', ( #996 ), #1326 ) ;
#5962 = PRESENTATION_LAYER_ASSIGNMENT (  '', '', ( #7999 ) ) ;
#5963 = EDGE_LOOP ( 'NONE', ( #11, #2609, #9521, #5846 ) ) ;
#5964 = ADVANCED_FACE ( 'NONE', ( #6016 ), #5871, .F. ) ;
#5965 = EDGE_CURVE ( 'NONE', #8529, #9054, #7422, .T. ) ;
#5966 = AXIS2_PLACEMENT_3D ( 'NONE', #8403, #7782, #1069 ) ;
#5967 = PRESENTATION_LAYER_ASSIGNMENT (  '', '', ( #6826 ) ) ;
#5968 = UNCERTAINTY_MEASURE_WITH_UNIT (LENGTH_MEASURE( 1.000000000000000082E-05 ), #1634, 'distance_accuracy_value', 'NONE');
#5969 = CARTESIAN_POINT ( 'NONE',  ( -2.214999999999998970, 1.700000000000000178, 0.000000000000000000 ) ) ;
#5970 = CARTESIAN_POINT ( 'NONE',  ( 1.146779601598409526, -0.4349644135054252514, 1.151636594053431661 ) ) ;
#5971 = ADVANCED_FACE ( 'NONE', ( #9973 ), #1140, .F. ) ;
#5972 = SURFACE_STYLE_FILL_AREA ( #2702 ) ;
#5973 = CARTESIAN_POINT ( 'NONE',  ( 1.176840562755707920, 0.09369874323312502029, 0.9305564446746890095 ) ) ;
#5974 = SURFACE_STYLE_USAGE ( .BOTH. , #2704 ) ;
#5975 = EDGE_LOOP ( 'NONE', ( #5997, #9470, #4351, #9486 ) ) ;
#5976 = AXIS2_PLACEMENT_3D ( 'NONE', #10409, #3105, #6193 ) ;
#5977 = VECTOR ( 'NONE', #3498, 1000.000000000000227 ) ;
#5978 = EDGE_CURVE ( 'NONE', #3270, #10092, #6091, .T. ) ;
#5979 = COLOUR_RGB ( '',0.2509803921568627416, 0.2509803921568627416, 0.2509803921568627416 ) ;
#5980 = CARTESIAN_POINT ( 'NONE',  ( 1.185480007611194209, 0.6280927219032401698, 0.8762688968660798938 ) ) ;
#5981 = CARTESIAN_POINT ( 'NONE',  ( 1.150645677516103138, -2.149998436620935482, 0.4100111240200355889 ) ) ;
#5982 = CARTESIAN_POINT ( 'NONE',  ( 1.174687332513821625, 0.3036258665378299137, 0.9458774739431292655 ) ) ;
#5983 = FACE_OUTER_BOUND ( 'NONE', #9127, .T. ) ;
#5984 = CARTESIAN_POINT ( 'NONE',  ( 1.183474377829502933, 0.1781374836174793586, 0.8905396942890377865 ) ) ;
#5985 = DIRECTION ( 'NONE',  ( 1.008560160451632344E-16, -1.000000000000000000, 0.000000000000000000 ) ) ;
#5986 = VERTEX_POINT ( 'NONE', #233 ) ;
#5987 = LINE ( 'NONE', #1207, #316 ) ;
#5988 = DIRECTION ( 'NONE',  ( 0.1391731009600615798, 4.609835594729769371E-15, -0.9902680687415709171 ) ) ;
#5989 = COLOUR_RGB ( '',0.2509803921568627416, 0.2509803921568627416, 0.2509803921568627416 ) ;
#5990 = CARTESIAN_POINT ( 'NONE',  ( 1.177830830824449393, 0.4316408611952771701, 0.9306956177756502413 ) ) ;
#5991 = LINE ( 'NONE', #2712, #5634 ) ;
#5992 = CARTESIAN_POINT ( 'NONE',  ( 1.179393659225790536, 0.2129485786556120641, 0.9195755158874665547 ) ) ;
#5993 =( NAMED_UNIT ( * ) SI_UNIT ( $, .STERADIAN. ) SOLID_ANGLE_UNIT ( ) );
#5994 = VECTOR ( 'NONE', #1153, 1000.000000000000000 ) ;
#5995 = DIRECTION ( 'NONE',  ( 0.04569695394530164795, -0.9445574604294395549, -0.3251507225075914165 ) ) ;
#5996 = ORIENTED_EDGE ( 'NONE', *, *, #4585, .F. ) ;
#5997 = ORIENTED_EDGE ( 'NONE', *, *, #7723, .T. ) ;
#5998 = ORIENTED_EDGE ( 'NONE', *, *, #9854, .T. ) ;
#5999 = ADVANCED_FACE ( 'NONE', ( #6768 ), #8261, .F. ) ;
#6000 = ORIENTED_EDGE ( 'NONE', *, *, #433, .F. ) ;
#6001 = CARTESIAN_POINT ( 'NONE',  ( 1.144915928215276768, 0.5145199647044413904, 1.164897319216186888 ) ) ;
#6002 = PLANE ( 'NONE',  #3286 ) ;
#6003 = ORIENTED_EDGE ( 'NONE', *, *, #8342, .F. ) ;
#6004 = CIRCLE ( 'NONE', #9417, 0.1000000000000000472 ) ;
#6005 = CARTESIAN_POINT ( 'NONE',  ( 1.179896760518406307, 0.1750805953432497120, 0.9088104676483659272 ) ) ;
#6006 = CARTESIAN_POINT ( 'NONE',  ( 1.183604613529585681, 0.2125430730682955627, 0.8896130191318960545 ) ) ;
#6007 = PLANE ( 'NONE',  #3165 ) ;
#6008 = PLANE ( 'NONE',  #3030 ) ;
#6009 = B_SPLINE_CURVE_WITH_KNOTS ( 'NONE', 3,
 ( #4782, #7849, #10360, #7112 ),
 .UNSPECIFIED., .F., .F.,
 ( 4, 4 ),
 ( 16.00000000000000000, 17.00000000000000000 ),
 .UNSPECIFIED. ) ;
#6010 = FACE_OUTER_BOUND ( 'NONE', #7232, .T. ) ;
#6011 = CARTESIAN_POINT ( 'NONE',  ( 1.181190435139584105, 0.3078056933612357549, 0.8996054944182202417 ) ) ;
#6012 = ORIENTED_EDGE ( 'NONE', *, *, #9514, .T. ) ;
#6013 = PLANE ( 'NONE',  #5561 ) ;
#6014 = ORIENTED_EDGE ( 'NONE', *, *, #2530, .T. ) ;
#6015 = ORIENTED_EDGE ( 'NONE', *, *, #10329, .F. ) ;
#6016 = FACE_OUTER_BOUND ( 'NONE', #7037, .T. ) ;
#6017 = CARTESIAN_POINT ( 'NONE',  ( 1.175854965329553359, -0.3698950073776000602, 0.9375693347592093385 ) ) ;
#6018 = ORIENTED_EDGE ( 'NONE', *, *, #6481, .F. ) ;
#6019 = DIRECTION ( 'NONE',  ( 0.1391731009600590541, -0.000000000000000000, -0.9902680687415712502 ) ) ;
#6020 = SURFACE_SIDE_STYLE ('',( #1448 ) ) ;
#6021 = SURFACE_STYLE_FILL_AREA ( #6830 ) ;
#6022 = CARTESIAN_POINT ( 'NONE',  ( -1.008476408045745343, -1.908476408045746142, 1.409999999999999920 ) ) ;
#6023 = PRESENTATION_STYLE_ASSIGNMENT (( #5974 ) ) ;
#6024 = ORIENTED_EDGE ( 'NONE', *, *, #10394, .F. ) ;
#6025 = EDGE_CURVE ( 'NONE', #8820, #10092, #543, .T. ) ;
#6026 = CARTESIAN_POINT ( 'NONE',  ( -1.008476408045745343, -2.007503214919903467, 1.423917310096006084 ) ) ;
#6027 = LINE ( 'NONE', #3622, #6046 ) ;
#6028 = EDGE_CURVE ( 'NONE', #5628, #8966, #1638, .T. ) ;
#6029 = PLANE ( 'NONE',  #597 ) ;
#6030 =( LENGTH_UNIT ( ) NAMED_UNIT ( * ) SI_UNIT ( .MILLI., .METRE. ) );
#6031 =( NAMED_UNIT ( * ) PLANE_ANGLE_UNIT ( ) SI_UNIT ( $, .RADIAN. ) );
#6032 = EDGE_CURVE ( 'NONE', #5261, #2310, #592, .T. ) ;
#6033 = DIRECTION ( 'NONE',  ( 1.008560160451632221E-16, -1.000000000000000000, 0.000000000000000000 ) ) ;
#6034 = CARTESIAN_POINT ( 'NONE',  ( 1.141269328612032785, 0.2214018105151973337, 1.190844223622766540 ) ) ;
#6035 = ADVANCED_FACE ( 'NONE', ( #7915 ), #1772, .F. ) ;
#6036 = ORIENTED_EDGE ( 'NONE', *, *, #10319, .T. ) ;
#6037 = FACE_OUTER_BOUND ( 'NONE', #4314, .T. ) ;
#6038 = EDGE_CURVE ( 'NONE', #6959, #926, #5647, .T. ) ;
#6039 = CARTESIAN_POINT ( 'NONE',  ( -1.149999999999999689, 2.049999999999999822, 0.01000000000000000021 ) ) ;
#6040 = CARTESIAN_POINT ( 'NONE',  ( 1.173697541192914695, 0.2523138133674260875, 0.9529202051393869111 ) ) ;
#6041 = VERTEX_POINT ( 'NONE', #1676 ) ;
#6042 = EDGE_CURVE ( 'NONE', #2638, #9511, #4031, .T. ) ;
#6043 = CARTESIAN_POINT ( 'NONE',  ( 1.173072886580212915, 0.2829762743196016506, 0.9645501501918819498 ) ) ;
#6044 = VERTEX_POINT ( 'NONE', #811 ) ;
#6045 = CARTESIAN_POINT ( 'NONE',  ( 1.224999999999996758, -1.225000000000000977, 0.4000000000000000222 ) ) ;
#6046 = VECTOR ( 'NONE', #6879, 1000.000000000000114 ) ;
#6047 = ORIENTED_EDGE ( 'NONE', *, *, #8465, .F. ) ;
#6048 = ORIENTED_EDGE ( 'NONE', *, *, #7023, .F. ) ;
#6049 = CARTESIAN_POINT ( 'NONE',  ( 1.173810412133001746, 0.2765505703970164153, 0.9521170866697552526 ) ) ;
#6050 = LINE ( 'NONE', #1105, #5994 ) ;
#6051 = ORIENTED_EDGE ( 'NONE', *, *, #3488, .F. ) ;
#6052 = CARTESIAN_POINT ( 'NONE',  ( 1.143248434505896416, 0.5116502328553490520, 1.169576856933849829 ) ) ;
#6053 = FACE_OUTER_BOUND ( 'NONE', #10058, .T. ) ;
#6054 = CARTESIAN_POINT ( 'NONE',  ( 1.182649074980835158, 0.2567431820908802065, 0.8892267326559175622 ) ) ;
#6055 = VECTOR ( 'NONE', #10199, 1000.000000000000000 ) ;
#6056 = CARTESIAN_POINT ( 'NONE',  ( 1.189369713854724342, 0.3345690621275114185, 0.8485921988318960718 ) ) ;
#6057 = EDGE_CURVE ( 'NONE', #783, #10450, #2522, .T. ) ;
#6058 = VECTOR ( 'NONE', #4800, 1000.000000000000000 ) ;
#6059 = ORIENTED_EDGE ( 'NONE', *, *, #5310, .T. ) ;
#6060 = CARTESIAN_POINT ( 'NONE',  ( 1.185538906511674595, -0.1330423154565086030, 0.8758498094129217870 ) ) ;
#6061 = ORIENTED_EDGE ( 'NONE', *, *, #4124, .F. ) ;
#6062 = FACE_OUTER_BOUND ( 'NONE', #8276, .T. ) ;
#6063 = VECTOR ( 'NONE', #836, 1000.000000000000227 ) ;
#6064 = ORIENTED_EDGE ( 'NONE', *, *, #4242, .F. ) ;
#6065 = UNCERTAINTY_MEASURE_WITH_UNIT (LENGTH_MEASURE( 1.000000000000000082E-05 ), #2247, 'distance_accuracy_value', 'NONE');
#6066 = ORIENTED_EDGE ( 'NONE', *, *, #8045, .T. ) ;
#6067 = PRESENTATION_STYLE_ASSIGNMENT (( #10125 ) ) ;
#6068 = STYLED_ITEM ( 'NONE', ( #3648 ), #5263 ) ;
#6069 = LINE ( 'NONE', #9250, #868 ) ;
#6070 = ORIENTED_EDGE ( 'NONE', *, *, #4394, .T. ) ;
#6071 = MECHANICAL_DESIGN_GEOMETRIC_PRESENTATION_REPRESENTATION (  '', ( #103 ), #8833 ) ;
#6072 = DIRECTION ( 'NONE',  ( 1.000000000000000000, 6.672013369141565217E-16, 0.000000000000000000 ) ) ;
#6073 = STYLED_ITEM ( 'NONE', ( #7055 ), #7459 ) ;
#6074 = B_SPLINE_CURVE_WITH_KNOTS ( 'NONE', 3,
 ( #5781, #9048, #8130, #2599 ),
 .UNSPECIFIED., .F., .F.,
 ( 4, 4 ),
 ( 1.000000000000000000, 2.000000000000000000 ),
 .UNSPECIFIED. ) ;
#6075 = FACE_OUTER_BOUND ( 'NONE', #3707, .T. ) ;
#6076 =( LENGTH_UNIT ( ) NAMED_UNIT ( * ) SI_UNIT ( .MILLI., .METRE. ) );
#6077 = CARTESIAN_POINT ( 'NONE',  ( 1.185480007611194431, 0.2129485786556121751, 0.8762688968660785616 ) ) ;
#6078 = PLANE ( 'NONE',  #1027 ) ;
#6079 = EDGE_CURVE ( 'NONE', #2706, #2459, #2647, .T. ) ;
#6080 = LINE ( 'NONE', #358, #3682 ) ;
#6081 = ORIENTED_EDGE ( 'NONE', *, *, #932, .F. ) ;
#6082 = LINE ( 'NONE', #1158, #8456 ) ;
#6083 = EDGE_CURVE ( 'NONE', #3737, #9627, #908, .T. ) ;
#6084 = CIRCLE ( 'NONE', #4559, 0.1000000000000000056 ) ;
#6085 = EDGE_CURVE ( 'NONE', #87, #8199, #6963, .T. ) ;
#6086 = LINE ( 'NONE', #2669, #1867 ) ;
#6087 = DIRECTION ( 'NONE',  ( -0.000000000000000000, 1.000000000000000000, 4.267423006025600904E-15 ) ) ;
#6088 = ORIENTED_EDGE ( 'NONE', *, *, #862, .T. ) ;
#6089 = EDGE_CURVE ( 'NONE', #5604, #1832, #3806, .T. ) ;
#6090 = CARTESIAN_POINT ( 'NONE',  ( 1.148083497779650797, -0.3716301986015212444, 1.135173594109964323 ) ) ;
#6091 = B_SPLINE_CURVE_WITH_KNOTS ( 'NONE', 3,
 ( #10119, #3660, #5918, #7563 ),
 .UNSPECIFIED., .F., .F.,
 ( 4, 4 ),
 ( 2.000000000000000000, 3.000000000000000000 ),
 .UNSPECIFIED. ) ;
#6092 = EDGE_LOOP ( 'NONE', ( #5400, #4323, #4398, #9642 ) ) ;
#6093 = ORIENTED_EDGE ( 'NONE', *, *, #6213, .T. ) ;
#6094 = ORIENTED_EDGE ( 'NONE', *, *, #3608, .F. ) ;
#6095 = ORIENTED_EDGE ( 'NONE', *, *, #6032, .T. ) ;
#6096 = ADVANCED_FACE ( 'NONE', ( #9325 ), #7051, .F. ) ;
#6097 = VERTEX_POINT ( 'NONE', #98 ) ;
#6098 = CARTESIAN_POINT ( 'NONE',  ( 1.180522368626892638, 0.1777631707676199380, 0.9115443311894901868 ) ) ;
#6099 = CARTESIAN_POINT ( 'NONE',  ( 1.180244055718781659, 0.2881854614802366044, 0.9063393338948840805 ) ) ;
#6100 = DIRECTION ( 'NONE',  ( 1.008560160451632221E-16, -1.000000000000000000, 0.000000000000000000 ) ) ;
#6101 = CARTESIAN_POINT ( 'NONE',  ( 1.165108608394333167, -0.5208560481278448062, 1.014033637522010034 ) ) ;
#6102 = ORIENTED_EDGE ( 'NONE', *, *, #1995, .T. ) ;
#6103 = CARTESIAN_POINT ( 'NONE',  ( 1.180175073426517729, 0.3026900844129644108, 0.9140154649429680367 ) ) ;
#6104 = ORIENTED_EDGE ( 'NONE', *, *, #7273, .T. ) ;
#6105 = VECTOR ( 'NONE', #10012, 1000.000000000000227 ) ;
#6106 = PRESENTATION_LAYER_ASSIGNMENT (  '', '', ( #143 ) ) ;
#6107 = DIRECTION ( 'NONE',  ( -0.000000000000000000, 1.000000000000000000, 4.603729852267739621E-15 ) ) ;
#6108 = CARTESIAN_POINT ( 'NONE',  ( 1.181190435139584105, 0.3078056933612357549, 0.8996054944182202417 ) ) ;
#6109 = EDGE_CURVE ( 'NONE', #9049, #7437, #9936, .T. ) ;
#6110 = ORIENTED_EDGE ( 'NONE', *, *, #3087, .T. ) ;
#6111 = CARTESIAN_POINT ( 'NONE',  ( 1.147112093609316874, 0.1638200171098933289, 1.142085493931755069 ) ) ;
#6112 = DIRECTION ( 'NONE',  ( -0.000000000000000000, -0.000000000000000000, -1.000000000000000000 ) ) ;
#6113 = AXIS2_PLACEMENT_3D ( 'NONE', #5533, #6710, #6549 ) ;
#6114 = FACE_OUTER_BOUND ( 'NONE', #2622, .T. ) ;
#6115 = ORIENTED_EDGE ( 'NONE', *, *, #791, .F. ) ;
#6116 = FILL_AREA_STYLE ('',( #397 ) ) ;
#6117 = VERTEX_POINT ( 'NONE', #149 ) ;
#6118 = DIRECTION ( 'NONE',  ( 0.000000000000000000, 7.091625725919136160E-15, -1.000000000000000000 ) ) ;
#6119 = FACE_OUTER_BOUND ( 'NONE', #9471, .T. ) ;
#6120 = VECTOR ( 'NONE', #9161, 1000.000000000000000 ) ;
#6121 = ORIENTED_EDGE ( 'NONE', *, *, #2499, .T. ) ;
#6122 = AXIS2_PLACEMENT_3D ( 'NONE', #3877, #9530, #10425 ) ;
#6123 = EDGE_CURVE ( 'NONE', #545, #241, #3542, .T. ) ;
#6124 = CARTESIAN_POINT ( 'NONE',  ( 1.180521891878942409, 0.5977733810638867773, 0.9043624268930922083 ) ) ;
#6125 = CARTESIAN_POINT ( 'NONE',  ( 1.182327826920569036, 0.1582053243615262617, 0.8915125313773101245 ) ) ;
#6126 = CARTESIAN_POINT ( 'NONE',  ( 1.144116672506718446, 0.4211601013982697594, 1.163399022550977158 ) ) ;
#6127 = CARTESIAN_POINT ( 'NONE',  ( 1.095405081827368843, 5.523909625436723386E-17, 1.510000000000000009 ) ) ;
#6128 = DIRECTION ( 'NONE',  ( -0.1378445374916257848, 0.1378445374916256738, 0.9808148484639900300 ) ) ;
#6129 = VECTOR ( 'NONE', #8719, 1000.000000000000000 ) ;
#6130 = CARTESIAN_POINT ( 'NONE',  ( 1.186263386947868481, -0.4063338906950228480, 0.8706948632527669041 ) ) ;
#6131 = ORIENTED_EDGE ( 'NONE', *, *, #7271, .F. ) ;
#6132 = CARTESIAN_POINT ( 'NONE',  ( 1.157548314378598286, 0.1422970282421217592, 1.067827924653895089 ) ) ;
#6133 = COLOUR_RGB ( '',0.2509803921568627416, 0.2509803921568627416, 0.2509803921568627416 ) ;
#6134 = EDGE_LOOP ( 'NONE', ( #6438, #9661, #1074, #7883 ) ) ;
#6135 = PLANE ( 'NONE',  #2901 ) ;
#6136 = CARTESIAN_POINT ( 'NONE',  ( -2.214999999999998970, 1.700000000000000178, 0.000000000000000000 ) ) ;
#6137 = DIRECTION ( 'NONE',  ( 0.000000000000000000, -4.545049883609536402E-15, 1.000000000000000000 ) ) ;
#6138 = EDGE_CURVE ( 'NONE', #6373, #6591, #6477, .T. ) ;
#6139 = EDGE_CURVE ( 'NONE', #5309, #2290, #6625, .T. ) ;
#6140 = ORIENTED_EDGE ( 'NONE', *, *, #3199, .T. ) ;
#6141 = ORIENTED_EDGE ( 'NONE', *, *, #3946, .T. ) ;
#6142 = EDGE_CURVE ( 'NONE', #7738, #9946, #3321, .T. ) ;
#6143 = CARTESIAN_POINT ( 'NONE',  ( 1.177613294576437708, 0.2829762743196017616, 0.9250581720739429192 ) ) ;
#6144 = ORIENTED_EDGE ( 'NONE', *, *, #8459, .T. ) ;
#6145 = CARTESIAN_POINT ( 'NONE',  ( 1.008476408045746009, -1.908476408045746364, 1.409999999999999920 ) ) ;
#6146 = ORIENTED_EDGE ( 'NONE', *, *, #1582, .F. ) ;
#6147 = FACE_OUTER_BOUND ( 'NONE', #7851, .T. ) ;
#6148 = DIRECTION ( 'NONE',  ( 0.1391731009600623570, 0.000000000000000000, -0.9902680687415708061 ) ) ;
#6149 = DIRECTION ( 'NONE',  ( -0.9902680687415706950, -1.431534388630178744E-16, -0.1391731009600623292 ) ) ;
#6150 = CARTESIAN_POINT ( 'NONE',  ( 1.168634534959545501, -0.02199050737592457214, 0.9961306629308762650 ) ) ;
#6151 = ORIENTED_EDGE ( 'NONE', *, *, #8202, .F. ) ;
#6152 = EDGE_CURVE ( 'NONE', #423, #10380, #4921, .T. ) ;
#6153 = CARTESIAN_POINT ( 'NONE',  ( 1.180713380986960548, 0.3060900927991891951, 0.9101852076260633639 ) ) ;
#6154 = EDGE_CURVE ( 'NONE', #7082, #10289, #4125, .T. ) ;
#6155 = ORIENTED_EDGE ( 'NONE', *, *, #4330, .T. ) ;
#6156 = CARTESIAN_POINT ( 'NONE',  ( 1.156602411705630606, 0.1422970282421216481, 1.081743668427779248 ) ) ;
#6157 = COLOUR_RGB ( '',0.2509803921568627416, 0.2509803921568627416, 0.2509803921568627416 ) ;
#6158 = CARTESIAN_POINT ( 'NONE',  ( 1.143248434505896194, 0.5116502328553490520, 1.169576856933849829 ) ) ;
#6159 = EDGE_LOOP ( 'NONE', ( #10257, #4369, #4261, #8537 ) ) ;
#6160 = UNCERTAINTY_MEASURE_WITH_UNIT (LENGTH_MEASURE( 1.000000000000000082E-05 ), #1912, 'distance_accuracy_value', 'NONE');
#6161 = CARTESIAN_POINT ( 'NONE',  ( 1.143578841694110615, 0.2299174278501139868, 1.174411184165100153 ) ) ;
#6162 = DIRECTION ( 'NONE',  ( -0.1391731009600623570, 0.000000000000000000, 0.9902680687415708061 ) ) ;
#6163 = CARTESIAN_POINT ( 'NONE',  ( 1.175928912854896646, 0.2647909083631491134, 0.9370431707763339224 ) ) ;
#6164 =( LENGTH_UNIT ( ) NAMED_UNIT ( * ) SI_UNIT ( .MILLI., .METRE. ) );
#6165 = ORIENTED_EDGE ( 'NONE', *, *, #7856, .T. ) ;
#6166 = VECTOR ( 'NONE', #9967, 1000.000000000000000 ) ;
#6167 = VERTEX_POINT ( 'NONE', #4059 ) ;
#6168 = CARTESIAN_POINT ( 'NONE',  ( 1.177770054164348545, 0.2129485786556120086, 0.9311280661827583405 ) ) ;
#6169 = CARTESIAN_POINT ( 'NONE',  ( 1.170746008738139610, 0.5855146352303389756, 0.9811067463370570785 ) ) ;
#6170 = CARTESIAN_POINT ( 'NONE',  ( 1.174895709634000918, 0.1373373829811191105, 0.9443947936913679175 ) ) ;
#6171 = ORIENTED_EDGE ( 'NONE', *, *, #1735, .F. ) ;
#6172 = CARTESIAN_POINT ( 'NONE',  ( 1.143509382654012585, 0.3259286738427819019, 1.174905410915961124 ) ) ;
#6173 = PLANE ( 'NONE',  #82 ) ;
#6174 = CARTESIAN_POINT ( 'NONE',  ( 1.143769854054293544, 0.1649117629216120262, 1.173052060600852320 ) ) ;
#6175 = LINE ( 'NONE', #9446, #584 ) ;
#6176 = CARTESIAN_POINT ( 'NONE',  ( 1.158538582447339538, 0.5502668418674359074, 1.067967097754856542 ) ) ;
#6177 = CARTESIAN_POINT ( 'NONE',  ( 1.181650601279930379, 0.1737081148940254616, 0.8963312421959331866 ) ) ;
#6178 = EDGE_CURVE ( 'NONE', #9640, #2742, #7472, .T. ) ;
#6179 = ORIENTED_EDGE ( 'NONE', *, *, #2370, .T. ) ;
#6180 =( NAMED_UNIT ( * ) PLANE_ANGLE_UNIT ( ) SI_UNIT ( $, .RADIAN. ) );
#6181 = VERTEX_POINT ( 'NONE', #6573 ) ;
#6182 = LINE ( 'NONE', #9451, #1708 ) ;
#6183 = LINE ( 'NONE', #5563, #1447 ) ;
#6184 = FACE_OUTER_BOUND ( 'NONE', #3714, .T. ) ;
#6185 = ORIENTED_EDGE ( 'NONE', *, *, #7060, .T. ) ;
#6186 = CARTESIAN_POINT ( 'NONE',  ( 1.283284485972677968, -6.071211641945019985E-16, 0.1803538728192354279 ) ) ;
#6187 = CARTESIAN_POINT ( 'NONE',  ( 1.179107140685631050, 0.2927084084164696121, 0.9216142012330167388 ) ) ;
#6188 = PLANE ( 'NONE',  #2351 ) ;
#6189 =( LENGTH_UNIT ( ) NAMED_UNIT ( * ) SI_UNIT ( .MILLI., .METRE. ) );
#6190 = EDGE_LOOP ( 'NONE', ( #7865, #8769, #7503, #1322, #6344, #6706 ) ) ;
#6191 = ORIENTED_EDGE ( 'NONE', *, *, #8582, .T. ) ;
#6192 = B_SPLINE_SURFACE_WITH_KNOTS ( 'NONE', 3, 1, ( 
 ( #4658, #691 ),
 ( #1607, #5629 ),
 ( #2994, #8904 ),
 ( #7897, #10517 ) ),
 .UNSPECIFIED., .F., .F., .F.,
 ( 4, 4 ),
 ( 2, 2 ),
 ( 2.000000000000000000, 3.000000000000000000 ),
 ( 0.000000000000000000, 1.000000000000000000 ),
 .UNSPECIFIED. ) ;
#6193 = DIRECTION ( 'NONE',  ( 1.000000000000000000, 0.000000000000000000, 0.000000000000000000 ) ) ;
#6194 = ORIENTED_EDGE ( 'NONE', *, *, #5965, .T. ) ;
#6195 = FACE_OUTER_BOUND ( 'NONE', #5975, .T. ) ;
#6196 = CARTESIAN_POINT ( 'NONE',  ( 1.155082995204278706, 0.1757980283055244064, 1.092554878597189250 ) ) ;
#6197 = CARTESIAN_POINT ( 'NONE',  ( 1.157835309666707557, 0.2386513943472006183, 1.072971143604743327 ) ) ;
#6198 = VERTEX_POINT ( 'NONE', #5512 ) ;
#6199 = ORIENTED_EDGE ( 'NONE', *, *, #8745, .T. ) ;
#6200 = DIRECTION ( 'NONE',  ( -0.06503660698232771598, 0.8840949502478798738, 0.4627595041686612953 ) ) ;
#6201 =( GEOMETRIC_REPRESENTATION_CONTEXT ( 3 ) GLOBAL_UNCERTAINTY_ASSIGNED_CONTEXT ( ( #5968 ) ) GLOBAL_UNIT_ASSIGNED_CONTEXT ( ( #1634, #8106, #7295 ) ) REPRESENTATION_CONTEXT ( 'NONE', 'WORKASPACE' ) );
#6202 = CARTESIAN_POINT ( 'NONE',  ( 1.181555571847789032, 0.2129485786556121196, 0.9041927082744551925 ) ) ;
#6203 = EDGE_CURVE ( 'NONE', #2863, #2131, #8323, .T. ) ;
#6204 = CARTESIAN_POINT ( 'NONE',  ( 1.143925660146535073, 0.5102465596682564941, 1.164758146115226767 ) ) ;
#6205 = EDGE_CURVE ( 'NONE', #3957, #7798, #7106, .T. ) ;
#6206 =( NAMED_UNIT ( * ) PLANE_ANGLE_UNIT ( ) SI_UNIT ( $, .RADIAN. ) );
#6207 = DIRECTION ( 'NONE',  ( 0.9902680687415706950, 0.000000000000000000, 0.1391731009600623292 ) ) ;
#6208 = VECTOR ( 'NONE', #5511, 1000.000000000000000 ) ;
#6209 = CARTESIAN_POINT ( 'NONE',  ( 1.184307146499483654, -0.4696681304213600194, 0.8774289407745788916 ) ) ;
#6210 = CARTESIAN_POINT ( 'NONE',  ( 1.184210712338181093, -0.4219505455182685494, 0.8853004020204435776 ) ) ;
#6211 = DIRECTION ( 'NONE',  ( -0.1391731009600627456, -2.776210893285049957E-15, 0.9902680687415706950 ) ) ;
#6212 =( NAMED_UNIT ( * ) SI_UNIT ( $, .STERADIAN. ) SOLID_ANGLE_UNIT ( ) );
#6213 = EDGE_CURVE ( 'NONE', #211, #10052, #2785, .T. ) ;
#6214 = VERTEX_POINT ( 'NONE', #7628 ) ;
#6215 = CARTESIAN_POINT ( 'NONE',  ( 1.177561677044169919, 0.2681285312744675076, 0.9326107464345139153 ) ) ;
#6216 = VERTEX_POINT ( 'NONE', #5190 ) ;
#6217 = CARTESIAN_POINT ( 'NONE',  ( 1.144915928215276546, 0.5102465596682564941, 1.164897319216186888 ) ) ;
#6218 = AXIS2_PLACEMENT_3D ( 'NONE', #2924, #6128, #2070 ) ;
#6219 = VECTOR ( 'NONE', #10068, 1000.000000000000227 ) ;
#6220 = EDGE_CURVE ( 'NONE', #168, #2797, #3784, .T. ) ;
#6221 = CARTESIAN_POINT ( 'NONE',  ( 1.008476408045746009, 5.085545639551516892E-17, 1.510000000000000009 ) ) ;
#6222 = CARTESIAN_POINT ( 'NONE',  ( 1.170746008738139610, 0.5855146352303389756, 0.9811067463370570785 ) ) ;
#6223 = CARTESIAN_POINT ( 'NONE',  ( -1.149999999999999245, -1.700000000000000178, 0.1100000000000000699 ) ) ;
#6224 = CARTESIAN_POINT ( 'NONE',  ( 1.184489739542452291, 0.5381328669845406587, 0.8761297237651193281 ) ) ;
#6225 = ORIENTED_EDGE ( 'NONE', *, *, #3431, .F. ) ;
#6226 = VERTEX_POINT ( 'NONE', #6026 ) ;
#6227 = VECTOR ( 'NONE', #6795, 1000.000000000000000 ) ;
#6228 = FACE_OUTER_BOUND ( 'NONE', #5058, .T. ) ;
#6229 = EDGE_CURVE ( 'NONE', #5842, #7468, #8599, .T. ) ;
#6230 = CARTESIAN_POINT ( 'NONE',  ( 1.156159610325279141, 0.4327014142695422838, 1.084894363962559449 ) ) ;
#6231 = CARTESIAN_POINT ( 'NONE',  ( 1.157548314378597842, 0.4046279505285418354, 1.067827924653895977 ) ) ;
#6232 = EDGE_LOOP ( 'NONE', ( #5301, #8291, #8160, #852 ) ) ;
#6233 = DIRECTION ( 'NONE',  ( -0.6136750923608125241, 0.7895586621752358480, 0.000000000000000000 ) ) ;
#6234 = DIRECTION ( 'NONE',  ( -0.000000000000000000, 0.000000000000000000, -1.000000000000000000 ) ) ;
#6235 = CARTESIAN_POINT ( 'NONE',  ( -1.150968503025307177, -2.149995309899465301, 0.4100333717993135396 ) ) ;
#6236 = CARTESIAN_POINT ( 'NONE',  ( -1.150968503025307621, 2.149995309899464413, 0.4100333717993135396 ) ) ;
#6237 = ORIENTED_EDGE ( 'NONE', *, *, #1789, .F. ) ;
#6238 = CARTESIAN_POINT ( 'NONE',  ( 1.178785415877414700, 0.1925485283374320233, 0.9167180956580096574 ) ) ;
#6239 = SURFACE_STYLE_FILL_AREA ( #3694 ) ;
#6240 = CARTESIAN_POINT ( 'NONE',  ( -0.3981366483959006830, -0.8649999999999999911, 0.4000000000000000222 ) ) ;
#6241 = CARTESIAN_POINT ( 'NONE',  ( 1.170450807817867256, 0.4316408611952769481, 0.9832072100271846971 ) ) ;
#6242 = CARTESIAN_POINT ( 'NONE',  ( 1.107503214919903112, 5.584918100701580090E-17, 1.423917310096006084 ) ) ;
#6243 = DIRECTION ( 'NONE',  ( 0.000000000000000000, 1.000000000000000000, 0.000000000000000000 ) ) ;
#6244 = FACE_OUTER_BOUND ( 'NONE', #3821, .T. ) ;
#6245 = STYLED_ITEM ( 'NONE', ( #3376 ), #139 ) ;
#6246 = CARTESIAN_POINT ( 'NONE',  ( 1.141555847152307734, 0.3517562604841867890, 1.188805538276394680 ) ) ;
#6247 = DIRECTION ( 'NONE',  ( 0.000000000000000000, 2.595570536144192248E-15, -1.000000000000000000 ) ) ;
#6248 = EDGE_LOOP ( 'NONE', ( #8574, #8704, #9045, #5107 ) ) ;
#6249 = PLANE ( 'NONE',  #7433 ) ;
#6250 = ORIENTED_EDGE ( 'NONE', *, *, #5470, .F. ) ;
#6251 = ORIENTED_EDGE ( 'NONE', *, *, #5194, .F. ) ;
#6252 = B_SPLINE_SURFACE_WITH_KNOTS ( 'NONE', 3, 1, ( 
 ( #9630, #7902 ),
 ( #1497, #7013 ),
 ( #3978, #10262 ),
 ( #4776, #8019 ) ),
 .UNSPECIFIED., .F., .F., .F.,
 ( 4, 4 ),
 ( 2, 2 ),
 ( 3.000000000000000000, 4.000000000000000000 ),
 ( 0.000000000000000000, 1.000000000000000000 ),
 .UNSPECIFIED. ) ;
#6253 = VERTEX_POINT ( 'NONE', #7870 ) ;
#6254 = CARTESIAN_POINT ( 'NONE',  ( 1.182180703208325578, 0.3078056933612357549, 0.8997446675191803633 ) ) ;
#6255 = UNCERTAINTY_MEASURE_WITH_UNIT (LENGTH_MEASURE( 1.000000000000000082E-05 ), #6076, 'distance_accuracy_value', 'NONE');
#6256 = CARTESIAN_POINT ( 'NONE',  ( 1.136008946671053010, -0.2727246628959233976, 1.221088489479463135 ) ) ;
#6257 = PRESENTATION_STYLE_ASSIGNMENT (( #1461 ) ) ;
#6258 = DIRECTION ( 'NONE',  ( -0.9902680687415706950, -1.431534388630178744E-16, -0.1391731009600623292 ) ) ;
#6259 = CARTESIAN_POINT ( 'NONE',  ( 1.148944552538887498, 0.3224662799812311187, 1.136232167681107130 ) ) ;
#6260 = ORIENTED_EDGE ( 'NONE', *, *, #10013, .T. ) ;
#6261 = FACE_OUTER_BOUND ( 'NONE', #9279, .T. ) ;
#6262 = ORIENTED_EDGE ( 'NONE', *, *, #6123, .F. ) ;
#6263 = ADVANCED_FACE ( 'NONE', ( #10325 ), #8772, .F. ) ;
#6264 = CARTESIAN_POINT ( 'NONE',  ( -2.214999999999998970, 0.2000000000000000944, 0.4000000000000000222 ) ) ;
#6265 = EDGE_CURVE ( 'NONE', #9463, #8028, #3476, .T. ) ;
#6266 = ORIENTED_EDGE ( 'NONE', *, *, #2502, .F. ) ;
#6267 = CARTESIAN_POINT ( 'NONE',  ( 1.175790471522650593, 0.2129485786556118698, 0.9452135285744516224 ) ) ;
#6268 = EDGE_CURVE ( 'NONE', #1768, #3756, #7617, .T. ) ;
#6269 = LINE ( 'NONE', #2971, #8725 ) ;
#6270 = VECTOR ( 'NONE', #2762, 1000.000000000000227 ) ;
#6271 = CARTESIAN_POINT ( 'NONE',  ( 1.177062420440378343, -0.1824950833095159153, 0.9289778452225081473 ) ) ;
#6272 = CARTESIAN_POINT ( 'NONE',  ( 1.172620926072030167, 0.3036258665378299693, 0.9605807197731929259 ) ) ;
#6273 = LINE ( 'NONE', #2162, #4951 ) ;
#6274 = LINE ( 'NONE', #721, #3219 ) ;
#6275 = CARTESIAN_POINT ( 'NONE',  ( -1.149999999999999467, -1.299999999999999156, 0.01000000000000006613 ) ) ;
#6276 =( NAMED_UNIT ( * ) SI_UNIT ( $, .STERADIAN. ) SOLID_ANGLE_UNIT ( ) );
#6277 = PLANE ( 'NONE',  #2394 ) ;
#6278 = ORIENTED_EDGE ( 'NONE', *, *, #4141, .T. ) ;
#6279 = ORIENTED_EDGE ( 'NONE', *, *, #10133, .F. ) ;
#6280 = FACE_OUTER_BOUND ( 'NONE', #4183, .T. ) ;
#6281 = B_SPLINE_SURFACE_WITH_KNOTS ( 'NONE', 3, 1, ( 
 ( #7385, #964 ),
 ( #5696, #175 ),
 ( #5101, #1023 ),
 ( #7544, #261 ) ),
 .UNSPECIFIED., .F., .F., .F.,
 ( 4, 4 ),
 ( 2, 2 ),
 ( 12.00000000000000000, 13.00000000000000000 ),
 ( 0.000000000000000000, 1.000000000000000000 ),
 .UNSPECIFIED. ) ;
#6282 = STYLED_ITEM ( 'NONE', ( #4741 ), #2786 ) ;
#6283 = EDGE_CURVE ( 'NONE', #2261, #4787, #9896, .T. ) ;
#6284 = FILL_AREA_STYLE ('',( #9500 ) ) ;
#6285 = LINE ( 'NONE', #9561, #2423 ) ;
#6286 = EDGE_CURVE ( 'NONE', #8926, #7787, #8398, .T. ) ;
#6287 = CARTESIAN_POINT ( 'NONE',  ( 1.150889405660594500, 0.3224662799812311187, 1.122393818664428222 ) ) ;
#6288 = CARTESIAN_POINT ( 'NONE',  ( 1.172082618511471441, 0.1967283551612540038, 0.9644109770909217172 ) ) ;
#6289 = FILL_AREA_STYLE ('',( #2227 ) ) ;
#6290 = CARTESIAN_POINT ( 'NONE',  ( 1.154024325354476854, -0.4340968178936723265, 1.100087705992469189 ) ) ;
#6291 = ORIENTED_EDGE ( 'NONE', *, *, #1584, .F. ) ;
#6292 = CIRCLE ( 'NONE', #2192, 0.1000000000000000472 ) ;
#6293 = CARTESIAN_POINT ( 'NONE',  ( 1.142287713593042042, -0.1547321230152597926, 1.176412741428834563 ) ) ;
#6294 = B_SPLINE_CURVE_WITH_KNOTS ( 'NONE', 3,
 ( #4812, #7089, #10333, #2216 ),
 .UNSPECIFIED., .F., .F.,
 ( 4, 4 ),
 ( 10.00000000000000000, 11.00000000000000000 ),
 .UNSPECIFIED. ) ;
#6295 = DIRECTION ( 'NONE',  ( -0.1391731009600582492, -7.181438095803825345E-15, 0.9902680687415713612 ) ) ;
#6296 = CARTESIAN_POINT ( 'NONE',  ( 1.250000000000000444, -0.8649999999999998801, 1.510000000000000009 ) ) ;
#6297 = PRESENTATION_STYLE_ASSIGNMENT (( #1267 ) ) ;
#6298 = AXIS2_PLACEMENT_3D ( 'NONE', #8726, #566, #1374 ) ;
#6299 = EDGE_CURVE ( 'NONE', #7065, #323, #57, .T. ) ;
#6300 = ORIENTED_EDGE ( 'NONE', *, *, #10452, .T. ) ;
#6301 = DIRECTION ( 'NONE',  ( 0.000000000000000000, -0.3286520240840936080, -0.9444510824100039725 ) ) ;
#6302 = CARTESIAN_POINT ( 'NONE',  ( -2.214999999999998970, -1.700000000000000178, 0.000000000000000000 ) ) ;
#6303 = VECTOR ( 'NONE', #8838, 1000.000000000000227 ) ;
#6304 = EDGE_LOOP ( 'NONE', ( #8359, #1951, #10520, #8933 ) ) ;
#6305 = VERTEX_POINT ( 'NONE', #259 ) ;
#6306 = FACE_OUTER_BOUND ( 'NONE', #5714, .T. ) ;
#6307 = VECTOR ( 'NONE', #5340, 1000.000000000000000 ) ;
#6308 = CARTESIAN_POINT ( 'NONE',  ( 1.155881297417167719, 0.2071467294825181937, 1.079689366667955897 ) ) ;
#6309 = CARTESIAN_POINT ( 'NONE',  ( 1.164891421352249656, -0.2059200489961644509, 1.022764300159674011 ) ) ;
#6310 = CARTESIAN_POINT ( 'NONE',  ( 1.160158048888364490, -0.5755143896521993652, 1.049258698739641282 ) ) ;
#6311 = FACE_OUTER_BOUND ( 'NONE', #4816, .T. ) ;
#6312 = DIRECTION ( 'NONE',  ( 0.000000000000000000, 0.3356131420213882000, 0.9419999038760734633 ) ) ;
#6313 = FACE_OUTER_BOUND ( 'NONE', #7378, .T. ) ;
#6314 = EDGE_CURVE ( 'NONE', #6305, #1138, #9268, .T. ) ;
#6315 = ORIENTED_EDGE ( 'NONE', *, *, #9319, .F. ) ;
#6316 = CARTESIAN_POINT ( 'NONE',  ( 1.146779601598409526, -0.4280236817057631593, 1.151636594053431661 ) ) ;
#6317 = ORIENTED_EDGE ( 'NONE', *, *, #3269, .T. ) ;
#6318 = CARTESIAN_POINT ( 'NONE',  ( 1.184811464350669086, 0.1656915813592096387, 0.8810258293401249663 ) ) ;
#6319 = EDGE_LOOP ( 'NONE', ( #3540, #246, #8234, #1624 ) ) ;
#6320 = AXIS2_PLACEMENT_3D ( 'NONE', #9962, #2576, #3350 ) ;
#6321 = CARTESIAN_POINT ( 'NONE',  ( 1.185766526151469380, 0.1858420897773413460, 0.8742302115197041479 ) ) ;
#6322 = FACE_OUTER_BOUND ( 'NONE', #2676, .T. ) ;
#6323 = DIRECTION ( 'NONE',  ( -0.000000000000000000, 1.000000000000000000, -0.000000000000000000 ) ) ;
#6324 = DIRECTION ( 'NONE',  ( 0.01930911101852617398, -0.9903286039881266101, -0.1373914639073420541 ) ) ;
#6325 = CARTESIAN_POINT ( 'NONE',  ( 1.180149026286524627, 0.2721835871484730163, 0.9142007999742303159 ) ) ;
#6326 = CARTESIAN_POINT ( 'NONE',  ( 1.190202745587604749, 0.3421488973371417108, 0.8354795735276461244 ) ) ;
#6327 = EDGE_LOOP ( 'NONE', ( #5319, #9170, #342, #7345 ) ) ;
#6328 = LINE ( 'NONE', #10549, #6755 ) ;
#6329 = ORIENTED_EDGE ( 'NONE', *, *, #4275, .F. ) ;
#6330 = CARTESIAN_POINT ( 'NONE',  ( 1.173350722740490015, 0.3835728527238249086, 0.9625732431892652929 ) ) ;
#6331 = AXIS2_PLACEMENT_3D ( 'NONE', #2913, #4629, #7864 ) ;
#6332 = DIRECTION ( 'NONE',  ( 0.1300587156395339172, -0.3559357243643034852, -0.9254158473937289520 ) ) ;
#6333 = ORIENTED_EDGE ( 'NONE', *, *, #10143, .F. ) ;
#6334 = DIRECTION ( 'NONE',  ( -0.9902680687415706950, -1.431534388630178744E-16, -0.1391731009600623292 ) ) ;
#6335 = CARTESIAN_POINT ( 'NONE',  ( 0.000000000000000000, 0.000000000000000000, 0.000000000000000000 ) ) ;
#6336 = EDGE_CURVE ( 'NONE', #9811, #1422, #8274, .T. ) ;
#6337 = SURFACE_STYLE_USAGE ( .BOTH. , #1476 ) ;
#6338 = CARTESIAN_POINT ( 'NONE',  ( 1.142287713593042042, -0.1547321230152597926, 1.176412741428834563 ) ) ;
#6339 = CARTESIAN_POINT ( 'NONE',  ( 1.177830830824449393, 0.4316408611952771701, 0.9306956177756502413 ) ) ;
#6340 = B_SPLINE_CURVE_WITH_KNOTS ( 'NONE', 3,
 ( #6735, #248, #1199, #7631 ),
 .UNSPECIFIED., .F., .F.,
 ( 4, 4 ),
 ( 12.00000000000000000, 13.00000000000000000 ),
 .UNSPECIFIED. ) ;
#6341 = DIRECTION ( 'NONE',  ( 0.1300587156392379873, -0.3559357243698732520, -0.9254158473916282990 ) ) ;
#6342 = CARTESIAN_POINT ( 'NONE',  ( 1.190141968927503902, 0.3216240760691460032, 0.8359120219347551117 ) ) ;
#6343 = VERTEX_POINT ( 'NONE', #6254 ) ;
#6344 = ORIENTED_EDGE ( 'NONE', *, *, #1186, .T. ) ;
#6345 = DIRECTION ( 'NONE',  ( 0.000000000000000000, -0.3637022306799705396, -0.9315152641789685717 ) ) ;
#6346 = ADVANCED_FACE ( 'NONE', ( #4513 ), #823, .T. ) ;
#6347 = ORIENTED_EDGE ( 'NONE', *, *, #20, .T. ) ;
#6348 = ORIENTED_EDGE ( 'NONE', *, *, #4064, .T. ) ;
#6349 = ADVANCED_FACE ( 'NONE', ( #8638 ), #1403, .T. ) ;
#6350 = CARTESIAN_POINT ( 'NONE',  ( 1.182389080328504205, 0.2921157464040102791, 0.8982619872674243444 ) ) ;
#6351 = EDGE_CURVE ( 'NONE', #2246, #899, #1733, .T. ) ;
#6352 = CARTESIAN_POINT ( 'NONE',  ( 1.184030050149940561, 0.2860955480687417674, 0.8865858802846289244 ) ) ;
#6353 = CARTESIAN_POINT ( 'NONE',  ( 1.177207464404181003, -0.4688005099871742631, 0.9351311003283793166 ) ) ;
#6354 = EDGE_CURVE ( 'NONE', #2680, #9640, #2516, .T. ) ;
#6355 = DIRECTION ( 'NONE',  ( -0.9902680687415706950, -1.431534388630178744E-16, -0.1391731009600623292 ) ) ;
#6356 = VERTEX_POINT ( 'NONE', #2422 ) ;
#6357 = CARTESIAN_POINT ( 'NONE',  ( 1.182119449800390631, 0.1751741735560292390, 0.8929952116290653663 ) ) ;
#6358 = ORIENTED_EDGE ( 'NONE', *, *, #5603, .F. ) ;
#6359 = ORIENTED_EDGE ( 'NONE', *, *, #9582, .T. ) ;
#6360 =( NAMED_UNIT ( * ) SI_UNIT ( $, .STERADIAN. ) SOLID_ANGLE_UNIT ( ) );
#6361 = CARTESIAN_POINT ( 'NONE',  ( 1.158538582447339760, 0.4578739534240031661, 1.067967097754856320 ) ) ;
#6362 = ADVANCED_FACE ( 'NONE', ( #970 ), #1536, .T. ) ;
#6363 = CARTESIAN_POINT ( 'NONE',  ( 1.177283364136058719, 0.1871209920142028749, 0.9274057491399118058 ) ) ;
#6364 = LINE ( 'NONE', #9803, #3925 ) ;
#6365 = CARTESIAN_POINT ( 'NONE',  ( 1.182857928848964679, 0.2489449977186548313, 0.8949259567005570792 ) ) ;
#6366 = ORIENTED_EDGE ( 'NONE', *, *, #4214, .T. ) ;
#6367 = ORIENTED_EDGE ( 'NONE', *, *, #8858, .T. ) ;
#6368 = ORIENTED_EDGE ( 'NONE', *, *, #4011, .F. ) ;
#6369 = LINE ( 'NONE', #5416, #4982 ) ;
#6370 = ORIENTED_EDGE ( 'NONE', *, *, #10379, .T. ) ;
#6371 = EDGE_CURVE ( 'NONE', #714, #8957, #8825, .T. ) ;
#6372 =( LENGTH_UNIT ( ) NAMED_UNIT ( * ) SI_UNIT ( .MILLI., .METRE. ) );
#6373 = VERTEX_POINT ( 'NONE', #4746 ) ;
#6374 = CARTESIAN_POINT ( 'NONE',  ( 1.158538582447339760, 0.4752795009424433670, 1.067967097754856320 ) ) ;
#6375 = CARTESIAN_POINT ( 'NONE',  ( 1.178511362888576386, -0.5390755146083651139, 0.9186680839971205215 ) ) ;
#6376 = B_SPLINE_CURVE_WITH_KNOTS ( 'NONE', 3,
 ( #6060, #284, #10217, #6818 ),
 .UNSPECIFIED., .F., .F.,
 ( 4, 4 ),
 ( 33.00000000000000000, 34.00000000000000000 ),
 .UNSPECIFIED. ) ;
#6377 = VECTOR ( 'NONE', #1354, 999.9999999999998863 ) ;
#6378 = ORIENTED_EDGE ( 'NONE', *, *, #7977, .F. ) ;
#6379 = DIRECTION ( 'NONE',  ( -0.9902680687415706950, -1.431534388630178744E-16, -0.1391731009600623292 ) ) ;
#6380 = CARTESIAN_POINT ( 'NONE',  ( 1.174305307793455100, 0.1753301372432980176, 0.9485957210716255972 ) ) ;
#6381 = ORIENTED_EDGE ( 'NONE', *, *, #4859, .T. ) ;
#6382 = CARTESIAN_POINT ( 'NONE',  ( 1.147842006987720431, -0.5078421635926778643, 1.136891890379101655 ) ) ;
#6383 = ORIENTED_EDGE ( 'NONE', *, *, #8050, .T. ) ;
#6384 = CARTESIAN_POINT ( 'NONE',  ( 1.180782363279223590, 0.5743164424718889549, 0.9025090765779841817 ) ) ;
#6385 = AXIS2_PLACEMENT_3D ( 'NONE', #6822, #1847, #10074 ) ;
#6386 = VECTOR ( 'NONE', #1815, 1000.000000000000000 ) ;
#6387 = ORIENTED_EDGE ( 'NONE', *, *, #9455, .F. ) ;
#6388 = DIRECTION ( 'NONE',  ( -0.1391731009600633007, 0.000000000000000000, 0.9902680687415705840 ) ) ;
#6389 = LINE ( 'NONE', #8054, #9649 ) ;
#6390 = DIRECTION ( 'NONE',  ( -0.000000000000000000, -1.000000000000000000, -0.000000000000000000 ) ) ;
#6391 = CARTESIAN_POINT ( 'NONE',  ( 1.175885977702742391, 0.4752795009424437556, 0.9445339667923291493 ) ) ;
#6392 = ORIENTED_EDGE ( 'NONE', *, *, #214, .F. ) ;
#6393 = VECTOR ( 'NONE', #2141, 1000.000000000000227 ) ;
#6394 = ORIENTED_EDGE ( 'NONE', *, *, #7221, .F. ) ;
#6395 = CARTESIAN_POINT ( 'NONE',  ( 1.174201595981200663, 0.1667209416960227231, 0.9565189654947239273 ) ) ;
#6396 = CLOSED_SHELL ( 'NONE', ( #8002, #1920, #9150, #8994, #6362, #8939, #8394, #2976, #3809, #4614, #7007, #7610, #3004, #3360, #8018, #9621, #1058, #223, #3758, #9686, #85, #2731, #9095, #9065, #3785, #7474, #10311, #875, #3324, #6939, #2145, #6565, #5956, #10407, #4273, #2008, #9064, #6833, #4458, #7940, #5444, #2786, #6880, #2507, #4541, #5263, #6754, #1514, #9195, #915, #8879, #7459, #7714, #9310, #1414, #3075, #529, #752, #6876, #2161, #6096, #7546, #9189, #2892, #4014, #7487, #5971, #9957, #6494, #5290, #6813, #3804, #5833, #1753, #10033, #695, #1310, #2359, #7660, #6263, #1523, #6637, #4309, #5365, #2897, #5393, #1438, #8609, #5028, #2945, #9199, #6943, #5528, #4289, #2469, #26, #3691, #8515, #7135, #2857, #3418, #1851, #8718, #2431, #7736, #10258, #7909, #4004, #3363, #8655, #6642, #3579, #531, #9435, #9689, #4036, #344, #3082, #2456, #606, #1015, #4817, #2308, #8448, #4750, #3688, #4510, #2233, #7416, #8687, #6349, #10109, #117, #4464, #10089, #1449, #9833, #8158, #3704, #329, #1113, #9124, #10168, #4809, #2355, #3510, #8730, #5964, #4164, #9355, #9322, #6878, #3847, #9245, #9428, #9894, #9258, #3316, #4355, #6660, #7457, #468, #1376, #3494, #6346, #8132, #1786, #2440, #2320, #2036, #3336, #10535, #5322, #6035, #10456, #6624, #9753, #2556, #5249, #3670, #1803, #5070, #3032, #1849, #3182, #2094, #806, #9949, #7685, #7775, #10488, #9482, #4078, #3083, #10392, #4564, #5253, #3458, #1402, #4721, #7011, #8388, #3490, #7058, #3570, #217, #7618, #5062, #3520, #7397, #2617, #170, #5785, #3822, #274, #7785, #5438, #4396, #8196, #5437, #10206, #2567, #8357, #6968, #4007, #4010, #207, #1212, #8714, #2841, #999, #7471, #7187, #8315, #7990, #8244, #1647, #7590, #738, #6721, #4524, #4412, #3902, #3940, #2759, #9708, #4591, #5332, #1060, #10195, #3746, #9490, #5200, #7910, #9501, #9422, #5999, #912, #1313, #9256, #501, #9878, #2953, #2072, #8187, #6478, #2620, #5381, #2575, #3480, #7009, #7276, #4907, #10416, #3237, #3954, #3623, #528, #4724, #8945, #5265, #8074, #7553, #5916, #2380, #34, #1235, #4796 ) ) ;
#6397 =( NAMED_UNIT ( * ) PLANE_ANGLE_UNIT ( ) SI_UNIT ( $, .RADIAN. ) );
#6398 = PRESENTATION_LAYER_ASSIGNMENT (  '', '', ( #5749 ) ) ;
#6399 = CARTESIAN_POINT ( 'NONE',  ( 1.164891421352249656, -0.2059200489961644509, 1.022764300159674011 ) ) ;
#6400 = LINE ( 'NONE', #2397, #851 ) ;
#6401 = CYLINDRICAL_SURFACE ( 'NONE', #8294, 0.1000000000000000333 ) ;
#6402 = CARTESIAN_POINT ( 'NONE',  ( 1.179532100558150942, 0.1777631707676199380, 0.9114051580885300652 ) ) ;
#6403 = EDGE_CURVE ( 'NONE', #3823, #1625, #10238, .T. ) ;
#6404 = EDGE_LOOP ( 'NONE', ( #165, #3655, #1875, #960 ) ) ;
#6405 = EDGE_LOOP ( 'NONE', ( #8195, #4180, #775, #5118, #6278, #6854 ) ) ;
#6406 = CARTESIAN_POINT ( 'NONE',  ( 1.147633513157714669, 0.1472878662401649885, 1.145560697598758004 ) ) ;
#6407 = VECTOR ( 'NONE', #6295, 1000.000000000000114 ) ;
#6408 = CARTESIAN_POINT ( 'NONE',  ( 1.179115090443988656, -0.05409142918217924034, 0.9143723392287708140 ) ) ;
#6409 = SURFACE_SIDE_STYLE ('',( #10515 ) ) ;
#6410 = CARTESIAN_POINT ( 'NONE',  ( 1.208648687084982409, -2.149436649370104035, 0.4140084480150212909 ) ) ;
#6411 = SURFACE_STYLE_USAGE ( .BOTH. , #8736 ) ;
#6412 = CARTESIAN_POINT ( 'NONE',  ( 1.185480007611194209, 0.5045694814458165922, 0.8762688968660794497 ) ) ;
#6413 = STYLED_ITEM ( 'NONE', ( #4942 ), #7474 ) ;
#6414 = ORIENTED_EDGE ( 'NONE', *, *, #9981, .T. ) ;
#6415 = DIRECTION ( 'NONE',  ( -0.9902680687415706950, -1.431534388630178744E-16, -0.1391731009600623292 ) ) ;
#6416 = ORIENTED_EDGE ( 'NONE', *, *, #4878, .F. ) ;
#6417 = ORIENTED_EDGE ( 'NONE', *, *, #8522, .F. ) ;
#6418 = EDGE_CURVE ( 'NONE', #6167, #5939, #5385, .T. ) ;
#6419 = CARTESIAN_POINT ( 'NONE',  ( 1.185418162843045575, -0.1981117381327605897, 0.8767089452568513908 ) ) ;
#6420 = B_SPLINE_CURVE_WITH_KNOTS ( 'NONE', 3,
 ( #5024, #199, #5775, #6571 ),
 .UNSPECIFIED., .F., .F.,
 ( 4, 4 ),
 ( 5.000000000000000000, 6.000000000000000000 ),
 .UNSPECIFIED. ) ;
#6421 = EDGE_CURVE ( 'NONE', #4552, #328, #10029, .T. ) ;
#6422 = CARTESIAN_POINT ( 'NONE',  ( 1.181398812259762288, 0.2921157464040102791, 0.8981228141664642228 ) ) ;
#6423 = CARTESIAN_POINT ( 'NONE',  ( 1.185480007611194653, 0.07794641080098932417, 0.8762688968660781175 ) ) ;
#6424 = CARTESIAN_POINT ( 'NONE',  ( 1.182553568800743360, 0.4316408611952773922, 0.8899062944380459195 ) ) ;
#6425 = FACE_OUTER_BOUND ( 'NONE', #6432, .T. ) ;
#6426 = CARTESIAN_POINT ( 'NONE',  ( 1.179844666238419659, 0.6398211911992345291, 0.9091811377108912628 ) ) ;
#6427 = ORIENTED_EDGE ( 'NONE', *, *, #2818, .F. ) ;
#6428 = DIRECTION ( 'NONE',  ( 0.000000000000000000, 0.000000000000000000, 1.000000000000000000 ) ) ;
#6429 = ORIENTED_EDGE ( 'NONE', *, *, #4673, .F. ) ;
#6430 = EDGE_CURVE ( 'NONE', #5526, #7834, #3787, .T. ) ;
#6431 = ORIENTED_EDGE ( 'NONE', *, *, #5135, .F. ) ;
#6432 = EDGE_LOOP ( 'NONE', ( #2679, #10134, #3001, #2558 ) ) ;
#6433 = DIRECTION ( 'NONE',  ( 4.108037146095480798E-16, -1.000000000000000000, -1.894420404636248399E-15 ) ) ;
#6434 = EDGE_LOOP ( 'NONE', ( #1759, #9895, #627, #6165 ) ) ;
#6435 = FACE_OUTER_BOUND ( 'NONE', #6797, .T. ) ;
#6436 = CARTESIAN_POINT ( 'NONE',  ( 1.185766526151469380, 0.1858420897773413460, 0.8742302115197041479 ) ) ;
#6437 = PLANE ( 'NONE',  #5275 ) ;
#6438 = ORIENTED_EDGE ( 'NONE', *, *, #4944, .T. ) ;
#6439 = LINE ( 'NONE', #1635, #5558 ) ;
#6440 = LINE ( 'NONE', #7984, #4111 ) ;
#6441 = EDGE_CURVE ( 'NONE', #5211, #3854, #6569, .T. ) ;
#6442 = ORIENTED_EDGE ( 'NONE', *, *, #6139, .F. ) ;
#6443 = PLANE ( 'NONE',  #4371 ) ;
#6444 = CARTESIAN_POINT ( 'NONE',  ( 1.149899137591852805, 0.3224662799812311187, 1.122254645563468101 ) ) ;
#6445 = CARTESIAN_POINT ( 'NONE',  ( 1.151826609083908659, -0.1078821254503317811, 1.108539973268134027 ) ) ;
#6446 = CARTESIAN_POINT ( 'NONE',  ( 1.175842089054802475, 0.5873550067417854237, 0.9376609542147062992 ) ) ;
#6447 = AXIS2_PLACEMENT_3D ( 'NONE', #6022, #1293, #5237 ) ;
#6448 = CARTESIAN_POINT ( 'NONE',  ( 1.136008946671053010, -0.2727246628959233976, 1.221088489479463135 ) ) ;
#6449 = DIRECTION ( 'NONE',  ( -0.1391731009600661040, -5.282395195207842844E-15, 0.9902680687415702510 ) ) ;
#6450 = CARTESIAN_POINT ( 'NONE',  ( 1.190202745587604749, 0.3249305062430071223, 0.8354795735276460134 ) ) ;
#6451 = ORIENTED_EDGE ( 'NONE', *, *, #1949, .F. ) ;
#6452 = DIRECTION ( 'NONE',  ( 1.000000000000000000, 0.000000000000000000, 0.000000000000000000 ) ) ;
#6453 = CARTESIAN_POINT ( 'NONE',  ( 1.183691437329679408, 0.2020623132716999892, 0.8889952356935256761 ) ) ;
#6454 = EDGE_CURVE ( 'NONE', #4752, #4487, #9143, .T. ) ;
#6455 = B_SPLINE_SURFACE_WITH_KNOTS ( 'NONE', 3, 1, ( 
 ( #8343, #10000 ),
 ( #5944, #9220 ),
 ( #5156, #7595 ),
 ( #10042, #2732 ) ),
 .UNSPECIFIED., .F., .F., .F.,
 ( 4, 4 ),
 ( 2, 2 ),
 ( 1.000000000000000000, 2.000000000000000000 ),
 ( 0.000000000000000000, 1.000000000000000000 ),
 .UNSPECIFIED. ) ;
#6456 = VECTOR ( 'NONE', #956, 1000.000000000000000 ) ;
#6457 = B_SPLINE_SURFACE_WITH_KNOTS ( 'NONE', 3, 1, ( 
 ( #415, #10152 ),
 ( #2834, #6090 ),
 ( #6944, #4294 ),
 ( #218, #6749 ) ),
 .UNSPECIFIED., .F., .F., .F.,
 ( 4, 4 ),
 ( 2, 2 ),
 ( 20.00000000000000000, 21.00000000000000000 ),
 ( 0.000000000000000000, 1.000000000000000000 ),
 .UNSPECIFIED. ) ;
#6458 =( NAMED_UNIT ( * ) SI_UNIT ( $, .STERADIAN. ) SOLID_ANGLE_UNIT ( ) );
#6459 = FILL_AREA_STYLE ('',( #737 ) ) ;
#6460 = ORIENTED_EDGE ( 'NONE', *, *, #542, .T. ) ;
#6461 =( NAMED_UNIT ( * ) PLANE_ANGLE_UNIT ( ) SI_UNIT ( $, .RADIAN. ) );
#6462 = DIRECTION ( 'NONE',  ( 0.9902680687415706950, 0.000000000000000000, 0.1391731009600623292 ) ) ;
#6463 = ORIENTED_EDGE ( 'NONE', *, *, #2698, .T. ) ;
#6464 = LINE ( 'NONE', #4882, #6208 ) ;
#6465 = ORIENTED_EDGE ( 'NONE', *, *, #1180, .F. ) ;
#6466 = CARTESIAN_POINT ( 'NONE',  ( 1.180557098146884254, 0.2129485786556120641, 0.9112972178144711499 ) ) ;
#6467 = VECTOR ( 'NONE', #8191, 1000.000000000000114 ) ;
#6468 = VECTOR ( 'NONE', #611, 1000.000000000000114 ) ;
#6469 = CARTESIAN_POINT ( 'NONE',  ( -1.249999999999999778, 2.049999999999999822, 0.1100000000000000699 ) ) ;
#6470 = CARTESIAN_POINT ( 'NONE',  ( 1.156602411705630606, 0.09369874323312436804, 1.081743668427779026 ) ) ;
#6471 = CARTESIAN_POINT ( 'NONE',  ( 1.167644266890803806, -0.02199050737592457214, 0.9959914898299161434 ) ) ;
#6472 = FILL_AREA_STYLE ('',( #7217 ) ) ;
#6473 = CARTESIAN_POINT ( 'NONE',  ( 1.151470648373190908, 0.4511051293881750412, 1.111072765331531986 ) ) ;
#6474 = SURFACE_STYLE_USAGE ( .BOTH. , #8086 ) ;
#6475 = LINE ( 'NONE', #8192, #3702 ) ;
#6476 = MECHANICAL_DESIGN_GEOMETRIC_PRESENTATION_REPRESENTATION (  '', ( #2725 ), #10233 ) ;
#6477 = B_SPLINE_CURVE_WITH_KNOTS ( 'NONE', 3,
 ( #3368, #993, #2501, #1754 ),
 .UNSPECIFIED., .F., .F.,
 ( 4, 4 ),
 ( 1.000000000000000000, 2.000000000000000000 ),
 .UNSPECIFIED. ) ;
#6478 = ADVANCED_FACE ( 'NONE', ( #7463 ), #4118, .F. ) ;
#6479 =( GEOMETRIC_REPRESENTATION_CONTEXT ( 3 ) GLOBAL_UNCERTAINTY_ASSIGNED_CONTEXT ( ( #8540 ) ) GLOBAL_UNIT_ASSIGNED_CONTEXT ( ( #2115, #9400, #6276 ) ) REPRESENTATION_CONTEXT ( 'NONE', 'WORKASPACE' ) );
#6480 = ORIENTED_EDGE ( 'NONE', *, *, #6229, .F. ) ;
#6481 = EDGE_CURVE ( 'NONE', #4899, #2153, #6762, .T. ) ;
#6482 = FILL_AREA_STYLE ('',( #5701 ) ) ;
#6483 = VERTEX_POINT ( 'NONE', #89 ) ;
#6484 = CARTESIAN_POINT ( 'NONE',  ( 1.174800680201743441, 0.2897450983550145520, 0.9522562597707153742 ) ) ;
#6485 = AXIS2_PLACEMENT_3D ( 'NONE', #2110, #3675, #10184 ) ;
#6486 = EDGE_LOOP ( 'NONE', ( #2903, #1680, #9252 ) ) ;
#6487 =( GEOMETRIC_REPRESENTATION_CONTEXT ( 3 ) GLOBAL_UNCERTAINTY_ASSIGNED_CONTEXT ( ( #1799 ) ) GLOBAL_UNIT_ASSIGNED_CONTEXT ( ( #8988, #8501, #2602 ) ) REPRESENTATION_CONTEXT ( 'NONE', 'WORKASPACE' ) );
#6488 = CARTESIAN_POINT ( 'NONE',  ( 1.159457873353305413, -0.5208560481278450283, 1.061426003076482827 ) ) ;
#6489 = CARTESIAN_POINT ( 'NONE',  ( 1.174036630761126743, 0.2588330955027907110, 0.9576927540268845851 ) ) ;
#6490 = CARTESIAN_POINT ( 'NONE',  ( 1.170867085310389966, 0.6630597806290534635, 0.9730599452264487859 ) ) ;
#6491 = EDGE_CURVE ( 'NONE', #9627, #3942, #8513, .T. ) ;
#6492 = LINE ( 'NONE', #9756, #6962 ) ;
#6493 = DIRECTION ( 'NONE',  ( -1.000000000000000000, 2.168404344971007685E-15, 0.000000000000000000 ) ) ;
#6494 = ADVANCED_FACE ( 'NONE', ( #3202 ), #5863, .F. ) ;
#6495 = CARTESIAN_POINT ( 'NONE',  ( 1.143769854054293544, 0.1649117629216120262, 1.173052060600852320 ) ) ;
#6496 = VERTEX_POINT ( 'NONE', #8115 ) ;
#6497 = DIRECTION ( 'NONE',  ( -0.9902680687415706950, -1.431534388630178744E-16, -0.1391731009600623292 ) ) ;
#6498 = CARTESIAN_POINT ( 'NONE',  ( 1.175277734354367221, 0.1667209416960227786, 0.9416765465628712528 ) ) ;
#6499 = ORIENTED_EDGE ( 'NONE', *, *, #179, .T. ) ;
#6500 = CARTESIAN_POINT ( 'NONE',  ( 1.143277981661783516, -0.1547321230152597926, 1.176551914529794685 ) ) ;
#6501 = EDGE_CURVE ( 'NONE', #9295, #4922, #1751, .T. ) ;
#6502 = ORIENTED_EDGE ( 'NONE', *, *, #307, .T. ) ;
#6503 = MECHANICAL_DESIGN_GEOMETRIC_PRESENTATION_REPRESENTATION (  '', ( #4427 ), #6846 ) ;
#6504 = CARTESIAN_POINT ( 'NONE',  ( 1.185273118879126786, -0.3690274283138578193, 0.8705556901518068935 ) ) ;
#6505 = LINE ( 'NONE', #4163, #6918 ) ;
#6506 = CARTESIAN_POINT ( 'NONE',  ( -1.249999999999999778, 2.050322840650755651, 0.4099999999999703881 ) ) ;
#6507 = FACE_OUTER_BOUND ( 'NONE', #6764, .T. ) ;
#6508 = SURFACE_STYLE_USAGE ( .BOTH. , #8942 ) ;
#6509 = CARTESIAN_POINT ( 'NONE',  ( 1.176832357123544393, 0.5873550067417854237, 0.9378001273156664208 ) ) ;
#6510 = EDGE_CURVE ( 'NONE', #7787, #299, #10557, .T. ) ;
#6511 = CARTESIAN_POINT ( 'NONE',  ( -2.214999999999998970, 1.700000000000000178, 0.4000000000000000222 ) ) ;
#6512 = VERTEX_POINT ( 'NONE', #8219 ) ;
#6513 = AXIS2_PLACEMENT_3D ( 'NONE', #3721, #6974, #10529 ) ;
#6514 = CARTESIAN_POINT ( 'NONE',  ( 1.149890931959689500, 0.4345417857818210661, 1.129498328204443736 ) ) ;
#6515 = CARTESIAN_POINT ( 'NONE',  ( 1.177062420440378121, -0.1972441590686038193, 0.9289778452225080363 ) ) ;
#6516 = CARTESIAN_POINT ( 'NONE',  ( 1.182059149888240457, 0.1737081148940254616, 0.9006095643325694455 ) ) ;
#6517 = VECTOR ( 'NONE', #6332, 1000.000000000000227 ) ;
#6518 = LINE ( 'NONE', #1650, #4119 ) ;
#6519 = PLANE ( 'NONE',  #2416 ) ;
#6520 = LINE ( 'NONE', #9839, #3519 ) ;
#6521 = EDGE_LOOP ( 'NONE', ( #9620, #7227, #7629, #3320, #968, #4448, #7237 ) ) ;
#6522 = DIRECTION ( 'NONE',  ( 1.000000000000000000, 0.000000000000000000, 0.000000000000000000 ) ) ;
#6523 = CARTESIAN_POINT ( 'NONE',  ( 1.177292523264006796, 0.2659138469127410032, 0.9345258750925543589 ) ) ;
#6524 = EDGE_CURVE ( 'NONE', #2438, #1734, #879, .T. ) ;
#6525 = B_SPLINE_CURVE_WITH_KNOTS ( 'NONE', 3,
 ( #1520, #2151, #4734, #3994 ),
 .UNSPECIFIED., .F., .F.,
 ( 4, 4 ),
 ( 9.000000000000000000, 10.00000000000000000 ),
 .UNSPECIFIED. ) ;
#6526 =( LENGTH_UNIT ( ) NAMED_UNIT ( * ) SI_UNIT ( .MILLI., .METRE. ) );
#6527 = CARTESIAN_POINT ( 'NONE',  ( 1.193508108400897827, -0.3872468534243500571, 0.8191459915787731028 ) ) ;
#6528 = LINE ( 'NONE', #9004, #2632 ) ;
#6529 = CARTESIAN_POINT ( 'NONE',  ( 1.168497272316162405, 0.6571643532436003410, 0.9971073373876179202 ) ) ;
#6530 = VERTEX_POINT ( 'NONE', #732 ) ;
#6531 = CARTESIAN_POINT ( 'NONE',  ( 0.000000000000000000, 0.000000000000000000, 0.01000000000000000021 ) ) ;
#6532 = PRESENTATION_LAYER_ASSIGNMENT (  '', '', ( #2234 ) ) ;
#6533 = DIRECTION ( 'NONE',  ( 4.347487227578136745E-15, -1.000000000000000000, -4.347487227578136745E-15 ) ) ;
#6534 = ORIENTED_EDGE ( 'NONE', *, *, #4588, .F. ) ;
#6535 = FILL_AREA_STYLE_COLOUR ( '', #1174 ) ;
#6536 = EDGE_LOOP ( 'NONE', ( #7068, #6996, #1568, #5763 ) ) ;
#6537 = ORIENTED_EDGE ( 'NONE', *, *, #5276, .T. ) ;
#6538 = ORIENTED_EDGE ( 'NONE', *, *, #7198, .T. ) ;
#6539 = SURFACE_STYLE_USAGE ( .BOTH. , #9678 ) ;
#6540 = PLANE ( 'NONE',  #8369 ) ;
#6541 = FILL_AREA_STYLE_COLOUR ( '', #6691 ) ;
#6542 = LINE ( 'NONE', #177, #7458 ) ;
#6543 = CARTESIAN_POINT ( 'NONE',  ( 1.249995309899464946, -2.050968503025308198, 0.4100333717993150384 ) ) ;
#6544 = ORIENTED_EDGE ( 'NONE', *, *, #10279, .F. ) ;
#6545 = ORIENTED_EDGE ( 'NONE', *, *, #671, .F. ) ;
#6546 = ORIENTED_EDGE ( 'NONE', *, *, #1597, .T. ) ;
#6547 = ORIENTED_EDGE ( 'NONE', *, *, #6203, .F. ) ;
#6548 = DIRECTION ( 'NONE',  ( -0.9902680687415706950, -1.431534388630178744E-16, -0.1391731009600623292 ) ) ;
#6549 = DIRECTION ( 'NONE',  ( 0.000000000000000000, -2.619639496050075427E-15, 1.000000000000000000 ) ) ;
#6550 = ORIENTED_EDGE ( 'NONE', *, *, #6786, .F. ) ;
#6551 = CARTESIAN_POINT ( 'NONE',  ( 1.177283364136058719, 0.1871209920142029304, 0.9274057491399119169 ) ) ;
#6552 = EDGE_CURVE ( 'NONE', #3829, #9897, #6183, .T. ) ;
#6553 = CARTESIAN_POINT ( 'NONE',  ( 1.178116872616889355, 0.2927084084164696121, 0.9214750281320567282 ) ) ;
#6554 = CARTESIAN_POINT ( 'NONE',  ( 1.177062420440378121, -0.1824950833095159153, 0.9289778452225081473 ) ) ;
#6555 = ORIENTED_EDGE ( 'NONE', *, *, #1848, .T. ) ;
#6556 = B_SPLINE_SURFACE_WITH_KNOTS ( 'NONE', 3, 1, ( 
 ( #3085, #3144 ),
 ( #10337, #10451 ),
 ( #2220, #7310 ),
 ( #6395, #7942 ) ),
 .UNSPECIFIED., .F., .F., .F.,
 ( 4, 4 ),
 ( 2, 2 ),
 ( 0.000000000000000000, 1.000000000000000000 ),
 ( 0.000000000000000000, 1.000000000000000000 ),
 .UNSPECIFIED. ) ;
#6557 = CARTESIAN_POINT ( 'NONE',  ( 1.156506905525538809, 0.1629466204599333279, 1.082423230209903497 ) ) ;
#6558 = EDGE_LOOP ( 'NONE', ( #8302, #6151, #6266, #8249 ) ) ;
#6559 = LINE ( 'NONE', #10377, #4353 ) ;
#6560 =( NAMED_UNIT ( * ) SI_UNIT ( $, .STERADIAN. ) SOLID_ANGLE_UNIT ( ) );
#6561 = ORIENTED_EDGE ( 'NONE', *, *, #553, .F. ) ;
#6562 = CARTESIAN_POINT ( 'NONE',  ( 1.168497272316162405, 0.5578778698145238080, 0.9971073373876174761 ) ) ;
#6563 = EDGE_CURVE ( 'NONE', #9128, #7488, #4760, .T. ) ;
#6564 = LINE ( 'NONE', #10499, #4885 ) ;
#6565 = ADVANCED_FACE ( 'NONE', ( #7257 ), #6401, .T. ) ;
#6566 = CARTESIAN_POINT ( 'NONE',  ( 1.146779601598409526, -0.4280236817057631593, 1.151636594053431661 ) ) ;
#6567 = B_SPLINE_CURVE_WITH_KNOTS ( 'NONE', 3,
 ( #9497, #9554, #2165, #10334 ),
 .UNSPECIFIED., .F., .F.,
 ( 4, 4 ),
 ( 23.00000000000000000, 24.00000000000000000 ),
 .UNSPECIFIED. ) ;
#6568 =( LENGTH_UNIT ( ) NAMED_UNIT ( * ) SI_UNIT ( .MILLI., .METRE. ) );
#6569 = LINE ( 'NONE', #3364, #7261 ) ;
#6570 = EDGE_CURVE ( 'NONE', #10209, #1778, #5088, .T. ) ;
#6571 = CARTESIAN_POINT ( 'NONE',  ( 1.183101035489134034, 0.5855146352303391977, 0.8931961630737836888 ) ) ;
#6572 = ORIENTED_EDGE ( 'NONE', *, *, #2041, .T. ) ;
#6573 = CARTESIAN_POINT ( 'NONE',  ( 1.172082618511471219, 0.1967283551612540038, 0.9644109770909217172 ) ) ;
#6574 = PLANE ( 'NONE',  #6897 ) ;
#6575 = VECTOR ( 'NONE', #10220, 1000.000000000000227 ) ;
#6576 = EDGE_CURVE ( 'NONE', #4822, #10226, #8, .T. ) ;
#6577 = ORIENTED_EDGE ( 'NONE', *, *, #5470, .T. ) ;
#6578 = CARTESIAN_POINT ( 'NONE',  ( 1.143925660146534629, 0.5145199647044413904, 1.164758146115226767 ) ) ;
#6579 = CARTESIAN_POINT ( 'NONE',  ( 1.155021741796343537, 0.4128316404889112445, 1.085805422707074364 ) ) ;
#6580 = ORIENTED_EDGE ( 'NONE', *, *, #6839, .F. ) ;
#6581 = VECTOR ( 'NONE', #3997, 1000.000000000000000 ) ;
#6582 = PRESENTATION_STYLE_ASSIGNMENT (( #844 ) ) ;
#6583 = CARTESIAN_POINT ( 'NONE',  ( 1.188074560402069713, -0.3004876231897623540, 0.8578076944947579108 ) ) ;
#6584 = CARTESIAN_POINT ( 'NONE',  ( 1.185445278091203036, 0.2914606989166453888, 0.8765160102410971543 ) ) ;
#6585 = CARTESIAN_POINT ( 'NONE',  ( 1.169460539749125338, 0.5387567217336164394, 0.9830680369262247975 ) ) ;
#6586 = ORIENTED_EDGE ( 'NONE', *, *, #5136, .T. ) ;
#6587 = VECTOR ( 'NONE', #9132, 1000.000000000000227 ) ;
#6588 = CARTESIAN_POINT ( 'NONE',  ( 1.185480007611194431, 0.2282330200255209551, 0.8762688968660785616 ) ) ;
#6589 = ORIENTED_EDGE ( 'NONE', *, *, #101, .F. ) ;
#6590 = DIRECTION ( 'NONE',  ( -0.9902680687415706950, -1.431534388630178744E-16, -0.1391731009600623292 ) ) ;
#6591 = VERTEX_POINT ( 'NONE', #3372 ) ;
#6592 = ORIENTED_EDGE ( 'NONE', *, *, #8745, .F. ) ;
#6593 = EDGE_CURVE ( 'NONE', #3184, #8091, #6627, .T. ) ;
#6594 = VECTOR ( 'NONE', #306, 1000.000000000000000 ) ;
#6595 = VECTOR ( 'NONE', #7913, 1000.000000000000000 ) ;
#6596 = DIRECTION ( 'NONE',  ( 0.000000000000000000, 0.000000000000000000, -1.000000000000000000 ) ) ;
#6597 = CARTESIAN_POINT ( 'NONE',  ( 1.885000000000000453, -0.5649999999999993916, 0.4000000000000000222 ) ) ;
#6598 = CARTESIAN_POINT ( 'NONE',  ( 1.171857353379131883, 0.6630597806290535745, 0.9731991183274090185 ) ) ;
#6599 = CARTESIAN_POINT ( 'NONE',  ( 1.146174873316347265, 0.4300812243200822227, 1.155939459361885469 ) ) ;
#6600 = STYLED_ITEM ( 'NONE', ( #2655 ), #6698 ) ;
#6601 = EDGE_LOOP ( 'NONE', ( #6194, #8906, #4977 ) ) ;
#6602 = EDGE_LOOP ( 'NONE', ( #10504, #8109, #6465, #4531 ) ) ;
#6603 =( GEOMETRIC_REPRESENTATION_CONTEXT ( 3 ) GLOBAL_UNCERTAINTY_ASSIGNED_CONTEXT ( ( #9296 ) ) GLOBAL_UNIT_ASSIGNED_CONTEXT ( ( #3383, #7331, #3291 ) ) REPRESENTATION_CONTEXT ( 'NONE', 'WORKASPACE' ) );
#6604 = B_SPLINE_CURVE_WITH_KNOTS ( 'NONE', 3,
 ( #6551, #1518, #9815, #4038 ),
 .UNSPECIFIED., .F., .F.,
 ( 4, 4 ),
 ( 9.000000000000000000, 10.00000000000000000 ),
 .UNSPECIFIED. ) ;
#6605 = UNCERTAINTY_MEASURE_WITH_UNIT (LENGTH_MEASURE( 1.000000000000000082E-05 ), #7348, 'distance_accuracy_value', 'NONE');
#6606 = CARTESIAN_POINT ( 'NONE',  ( -1.249995309899464058, -2.050968503025307754, 0.4100333717993148164 ) ) ;
#6607 = CARTESIAN_POINT ( 'NONE',  ( 1.185766526151469158, 0.1976017518107937021, 0.8742302115197042589 ) ) ;
#6608 = CARTESIAN_POINT ( 'NONE',  ( 1.141269328612032785, 0.2097357266941085041, 1.190844223622766540 ) ) ;
#6609 = CARTESIAN_POINT ( 'NONE',  ( 1.184307146499483654, -0.4696681304213600194, 0.8774289407745788916 ) ) ;
#6610 = CARTESIAN_POINT ( 'NONE',  ( 1.169238260211920011, -0.3612190678060042681, 0.9918349345494910096 ) ) ;
#6611 = ORIENTED_EDGE ( 'NONE', *, *, #3878, .F. ) ;
#6612 = CARTESIAN_POINT ( 'NONE',  ( -0.9149999999999988143, -1.299999999999999156, 0.4000000000000000222 ) ) ;
#6613 = LINE ( 'NONE', #8512, #6055 ) ;
#6614 = ORIENTED_EDGE ( 'NONE', *, *, #8959, .F. ) ;
#6615 = CARTESIAN_POINT ( 'NONE',  ( 1.148204243751433706, -0.1174256275376556607, 1.134314441878242707 ) ) ;
#6616 = CARTESIAN_POINT ( 'NONE',  ( 1.151974703161477098, 0.5329548725605267601, 1.114671525686868225 ) ) ;
#6617 = VECTOR ( 'NONE', #8857, 1000.000000000000227 ) ;
#6618 = DIRECTION ( 'NONE',  ( -0.9902680687415706950, 0.000000000000000000, -0.1391731009600623292 ) ) ;
#6619 = CARTESIAN_POINT ( 'NONE',  ( 1.160399540831698051, -0.02285808644008004500, 1.047540394277844955 ) ) ;
#6621 = CARTESIAN_POINT ( 'NONE',  ( -1.249999999999999556, 0.2000000000000005107, 1.510000000000000009 ) ) ;
#6620 =( LENGTH_UNIT ( ) NAMED_UNIT ( * ) SI_UNIT ( .MILLI., .METRE. ) );
#6622 = EDGE_LOOP ( 'NONE', ( #4333, #7767, #2734, #6141, #1776, #5262, #4468, #885, #10462, #665 ) ) ;
#6623 = EDGE_CURVE ( 'NONE', #3059, #4487, #6074, .T. ) ;
#6624 = ADVANCED_FACE ( 'NONE', ( #2398 ), #9430, .F. ) ;
#6625 = LINE ( 'NONE', #6302, #5740 ) ;
#6626 = EDGE_CURVE ( 'NONE', #9872, #976, #7475, .T. ) ;
#6627 = LINE ( 'NONE', #888, #9999 ) ;
#6628 = CARTESIAN_POINT ( 'NONE',  ( 1.178273632204800414, 0.1871209920142029304, 0.9275449222408719274 ) ) ;
#6629 = CARTESIAN_POINT ( 'NONE',  ( 1.176432967643182392, 0.2647909083631491134, 0.9406419311316712717 ) ) ;
#6630 =( LENGTH_UNIT ( ) NAMED_UNIT ( * ) SI_UNIT ( .MILLI., .METRE. ) );
#6631 = EDGE_CURVE ( 'NONE', #7196, #10448, #6520, .T. ) ;
#6632 = EDGE_LOOP ( 'NONE', ( #9125, #8200, #2808, #4798, #4288, #4367, #10059, #744, #4000, #7811, #6545, #1039, #9022, #7202 ) ) ;
#6633 = DIRECTION ( 'NONE',  ( 0.000000000000000000, 0.000000000000000000, 1.000000000000000000 ) ) ;
#6634 = VECTOR ( 'NONE', #4905, 1000.000000000000227 ) ;
#6635 = CARTESIAN_POINT ( 'NONE',  ( 1.183737019824682379, 0.2610711744176058002, 0.8886708993887131314 ) ) ;
#6636 = ORIENTED_EDGE ( 'NONE', *, *, #791, .T. ) ;
#6637 = ADVANCED_FACE ( 'NONE', ( #9784 ), #5119, .F. ) ;
#6638 = ORIENTED_EDGE ( 'NONE', *, *, #3971, .T. ) ;
#6639 = AXIS2_PLACEMENT_3D ( 'NONE', #3754, #4493, #10004 ) ;
#6640 = DIRECTION ( 'NONE',  ( -0.9902680687415706950, 0.000000000000000000, -0.1391731009600623292 ) ) ;
#6641 = DIRECTION ( 'NONE',  ( -0.9902680687415706950, -1.431534388630178744E-16, -0.1391731009600623292 ) ) ;
#6642 = ADVANCED_FACE ( 'NONE', ( #1652 ), #4345, .T. ) ;
#6643 = CARTESIAN_POINT ( 'NONE',  ( 1.156602411705630384, 0.3852260678105494107, 1.081743668427780136 ) ) ;
#6644 = EDGE_LOOP ( 'NONE', ( #4105, #4842, #2083, #8474 ) ) ;
#6645 =( NAMED_UNIT ( * ) PLANE_ANGLE_UNIT ( ) SI_UNIT ( $, .RADIAN. ) );
#6646 = PRESENTATION_LAYER_ASSIGNMENT (  '', '', ( #996 ) ) ;
#6647 =( GEOMETRIC_REPRESENTATION_CONTEXT ( 3 ) GLOBAL_UNCERTAINTY_ASSIGNED_CONTEXT ( ( #710 ) ) GLOBAL_UNIT_ASSIGNED_CONTEXT ( ( #3649, #4499, #3497 ) ) REPRESENTATION_CONTEXT ( 'NONE', 'WORKASPACE' ) );
#6648 = ORIENTED_EDGE ( 'NONE', *, *, #6946, .T. ) ;
#6649 = VECTOR ( 'NONE', #3064, 1000.000000000000227 ) ;
#6650 = CARTESIAN_POINT ( 'NONE',  ( 1.174800680201743441, 0.2814790229201503124, 0.9522562597707153742 ) ) ;
#6651 = ORIENTED_EDGE ( 'NONE', *, *, #962, .F. ) ;
#6652 = ORIENTED_EDGE ( 'NONE', *, *, #1516, .F. ) ;
#6653 = CARTESIAN_POINT ( 'NONE',  ( 1.144290796854740444, 0.5133034479420742757, 1.169345359971458942 ) ) ;
#6654 = FACE_OUTER_BOUND ( 'NONE', #1099, .T. ) ;
#6655 = DIRECTION ( 'NONE',  ( -0.9902680687415706950, -1.431534388630178744E-16, -0.1391731009600623292 ) ) ;
#6656 = CARTESIAN_POINT ( 'NONE',  ( 1.172048365739315035, 0.5739733223590658406, 0.9718399947631601865 ) ) ;
#6657 = AXIS2_PLACEMENT_3D ( 'NONE', #9271, #6942, #9407 ) ;
#6658 = LINE ( 'NONE', #9030, #2019 ) ;
#6659 = CARTESIAN_POINT ( 'NONE',  ( 1.177674547984373099, 0.2282330200255208441, 0.9318076279640575832 ) ) ;
#6660 = ADVANCED_FACE ( 'NONE', ( #4326 ), #9801, .T. ) ;
#6661 = CARTESIAN_POINT ( 'NONE',  ( 1.142779585985552071, 0.1649117629216120262, 1.172912887499892198 ) ) ;
#6662 =( LENGTH_UNIT ( ) NAMED_UNIT ( * ) SI_UNIT ( .MILLI., .METRE. ) );
#6663 = ORIENTED_EDGE ( 'NONE', *, *, #1123, .T. ) ;
#6664 = FACE_OUTER_BOUND ( 'NONE', #1148, .T. ) ;
#6665 = DIRECTION ( 'NONE',  ( -0.9902680687415706950, 0.000000000000000000, -0.1391731009600623292 ) ) ;
#6666 = ORIENTED_EDGE ( 'NONE', *, *, #9393, .T. ) ;
#6667 = VECTOR ( 'NONE', #2133, 1000.000000000000227 ) ;
#6668 = CARTESIAN_POINT ( 'NONE',  ( 1.143253677336234730, -0.2093904314435918734, 1.169539552257599535 ) ) ;
#6669 = AXIS2_PLACEMENT_3D ( 'NONE', #2172, #5447, #8728 ) ;
#6670 = ORIENTED_EDGE ( 'NONE', *, *, #10272, .F. ) ;
#6671 = DIRECTION ( 'NONE',  ( 0.9902680687415970073, 5.986979431076274225E-14, 0.1391731009598757840 ) ) ;
#6672 = CARTESIAN_POINT ( 'NONE',  ( 1.180887028587147780, 0.1750805953432497120, 0.9089496407493260488 ) ) ;
#6673 =( LENGTH_UNIT ( ) NAMED_UNIT ( * ) SI_UNIT ( .MILLI., .METRE. ) );
#6674 = ORIENTED_EDGE ( 'NONE', *, *, #4341, .F. ) ;
#6675 = CARTESIAN_POINT ( 'NONE',  ( 1.176571408975428445, 0.2681285312744675076, 0.9324715733335537937 ) ) ;
#6676 = CARTESIAN_POINT ( 'NONE',  ( 1.175677600582563320, 0.3036258665378299137, 0.9460166470440892761 ) ) ;
#6677 = ORIENTED_EDGE ( 'NONE', *, *, #3447, .T. ) ;
#6678 = EDGE_CURVE ( 'NONE', #714, #3779, #3684, .T. ) ;
#6679 = CARTESIAN_POINT ( 'NONE',  ( -1.249999999999999334, -1.299999999999999378, 0.4000000000000000222 ) ) ;
#6680 = CARTESIAN_POINT ( 'NONE',  ( 1.156602411705630162, 0.3852260678105494107, 1.081743668427780136 ) ) ;
#6681 = LINE ( 'NONE', #5874, #9750 ) ;
#6682 = VECTOR ( 'NONE', #8552, 1000.000000000000000 ) ;
#6683 = DIRECTION ( 'NONE',  ( 0.000000000000000000, 1.000000000000000000, 0.000000000000000000 ) ) ;
#6684 = CARTESIAN_POINT ( 'NONE',  ( 1.250000000000000222, 2.149999999999999467, 0.3999999999999999667 ) ) ;
#6685 = CARTESIAN_POINT ( 'NONE',  ( 1.158538582447339760, 0.4752795009424433670, 1.067967097754856320 ) ) ;
#6686 = EDGE_CURVE ( 'NONE', #1012, #7749, #6340, .T. ) ;
#6687 = CARTESIAN_POINT ( 'NONE',  ( 1.177770054164348545, 0.2129485786556120086, 0.9311280661827583405 ) ) ;
#6688 = EDGE_LOOP ( 'NONE', ( #5573, #6857, #479, #1940 ) ) ;
#6689 = DIRECTION ( 'NONE',  ( 0.000000000000000000, 0.000000000000000000, -1.000000000000000000 ) ) ;
#6690 = EDGE_LOOP ( 'NONE', ( #2289, #6856, #3254, #9273 ) ) ;
#6691 = COLOUR_RGB ( '',0.2509803921568627416, 0.2509803921568627416, 0.2509803921568627416 ) ;
#6692 = FACE_OUTER_BOUND ( 'NONE', #5484, .T. ) ;
#6693 = EDGE_CURVE ( 'NONE', #4071, #2802, #5840, .T. ) ;
#6694 = FACE_OUTER_BOUND ( 'NONE', #9354, .T. ) ;
#6695 = LINE ( 'NONE', #5888, #9063 ) ;
#6696 = ORIENTED_EDGE ( 'NONE', *, *, #4370, .T. ) ;
#6697 = CARTESIAN_POINT ( 'NONE',  ( 1.185538906511674595, -0.1356450857445861691, 0.8758498094129217870 ) ) ;
#6698 = MANIFOLD_SOLID_BREP ( '͹̨-����3', #6396 ) ;
#6699 = CARTESIAN_POINT ( 'NONE',  ( 1.190202745587604749, 0.3249305062430071223, 0.8354795735276459023 ) ) ;
#6700 = EDGE_CURVE ( 'NONE', #7834, #211, #2814, .T. ) ;
#6701 = VECTOR ( 'NONE', #8112, 1000.000000000000227 ) ;
#6702 = DIRECTION ( 'NONE',  ( 0.000000000000000000, 1.000000000000000000, 0.000000000000000000 ) ) ;
#6703 = CARTESIAN_POINT ( 'NONE',  ( 1.143509382654012363, 0.3859435007719920208, 1.174905410915961346 ) ) ;
#6704 = ORIENTED_EDGE ( 'NONE', *, *, #3087, .F. ) ;
#6705 = EDGE_LOOP ( 'NONE', ( #8970, #2883, #10511, #5202 ) ) ;
#6706 = ORIENTED_EDGE ( 'NONE', *, *, #4295, .T. ) ;
#6707 = ORIENTED_EDGE ( 'NONE', *, *, #3771, .T. ) ;
#6708 = EDGE_CURVE ( 'NONE', #372, #9061, #8967, .T. ) ;
#6709 = CARTESIAN_POINT ( 'NONE',  ( 1.184021367769943156, 0.1898035674385723237, 0.8866476586283806860 ) ) ;
#6710 = DIRECTION ( 'NONE',  ( -5.127266110589550168E-16, 1.000000000000000000, 2.619639496050075427E-15 ) ) ;
#6711 = CARTESIAN_POINT ( 'NONE',  ( 1.155612143636888467, 0.3852260678105494107, 1.081604495326820015 ) ) ;
#6712 = DIRECTION ( 'NONE',  ( 4.347487227542244363E-15, -1.000000000000000000, -2.173743613771122181E-15 ) ) ;
#6713 = CARTESIAN_POINT ( 'NONE',  ( 1.180805529441597335, -0.2093904314435909575, 0.9023442407676468546 ) ) ;
#6714 = DIRECTION ( 'NONE',  ( 1.000000000000000000, 0.000000000000000000, 0.000000000000000000 ) ) ;
#6715 = CARTESIAN_POINT ( 'NONE',  ( 1.193508108400897827, -0.4254209279661119170, 0.8191459915787729917 ) ) ;
#6716 = ORIENTED_EDGE ( 'NONE', *, *, #7961, .T. ) ;
#6717 = FACE_OUTER_BOUND ( 'NONE', #5003, .T. ) ;
#6718 = DIRECTION ( 'NONE',  ( -0.1391731009600622460, -1.933156862331885668E-15, 0.9902680687415706950 ) ) ;
#6719 = FILL_AREA_STYLE ('',( #285 ) ) ;
#6720 = EDGE_LOOP ( 'NONE', ( #1512, #2521, #3188, #1379 ) ) ;
#6721 = ADVANCED_FACE ( 'NONE', ( #10030 ), #6029, .F. ) ;
#6722 = CARTESIAN_POINT ( 'NONE',  ( 1.182484109760761015, 0.1781374836174793586, 0.8904005211880776649 ) ) ;
#6723 = UNCERTAINTY_MEASURE_WITH_UNIT (LENGTH_MEASURE( 1.000000000000000082E-05 ), #3508, 'distance_accuracy_value', 'NONE');
#6724 = B_SPLINE_SURFACE_WITH_KNOTS ( 'NONE', 3, 1, ( 
 ( #8386, #243 ),
 ( #2707, #9254 ),
 ( #8440, #5716 ),
 ( #10434, #4110 ) ),
 .UNSPECIFIED., .F., .F., .F.,
 ( 4, 4 ),
 ( 2, 2 ),
 ( 3.000000000000000000, 4.000000000000000000 ),
 ( 0.000000000000000000, 1.000000000000000000 ),
 .UNSPECIFIED. ) ;
#6725 = CARTESIAN_POINT ( 'NONE',  ( -1.095405081827368399, -1.104781925087344184E-16, 1.510000000000000009 ) ) ;
#6726 = ORIENTED_EDGE ( 'NONE', *, *, #2251, .F. ) ;
#6727 = CARTESIAN_POINT ( 'NONE',  ( 0.000000000000000000, -0.8649999999999999911, 0.01000000000000000021 ) ) ;
#6728 = FACE_OUTER_BOUND ( 'NONE', #5227, .T. ) ;
#6729 = CARTESIAN_POINT ( 'NONE',  ( 1.158346866222010885, -0.1061469673224326449, 1.062145933045520740 ) ) ;
#6730 = LINE ( 'NONE', #10131, #76 ) ;
#6731 = CARTESIAN_POINT ( 'NONE',  ( 1.183031576449035782, 0.2063981037827952447, 0.8936903898246436606 ) ) ;
#6732 = B_SPLINE_SURFACE_WITH_KNOTS ( 'NONE', 3, 1, ( 
 ( #792, #5039 ),
 ( #5826, #5878 ),
 ( #160, #3427 ),
 ( #6687, #3278 ) ),
 .UNSPECIFIED., .F., .F., .F.,
 ( 4, 4 ),
 ( 2, 2 ),
 ( 11.00000000000000000, 12.00000000000000000 ),
 ( 0.000000000000000000, 1.000000000000000000 ),
 .UNSPECIFIED. ) ;
#6733 = CARTESIAN_POINT ( 'NONE',  ( 1.142736174085447143, 0.5126172077172520547, 1.173221779219489669 ) ) ;
#6734 = CARTESIAN_POINT ( 'NONE',  ( 1.164891421352249656, -0.2059200489961644509, 1.022764300159674011 ) ) ;
#6735 = CARTESIAN_POINT ( 'NONE',  ( 1.176268002423108916, 0.1667209416960227786, 0.9418157196638312634 ) ) ;
#6736 = DIRECTION ( 'NONE',  ( 0.9902680687415706950, 0.000000000000000000, 0.1391731009600623292 ) ) ;
#6737 = PRESENTATION_STYLE_ASSIGNMENT (( #3625 ) ) ;
#6738 = CARTESIAN_POINT ( 'NONE',  ( 1.141708289787361164, -0.3768357391772623188, 1.187720852566533702 ) ) ;
#6739 = CARTESIAN_POINT ( 'NONE',  ( 1.225000000000002087, 1.224999999999999201, 0.4000000000000000222 ) ) ;
#6740 = CARTESIAN_POINT ( 'NONE',  ( 1.183031099701201461, 0.1849686931273859802, 0.8865084855274205644 ) ) ;
#6741 = DIRECTION ( 'NONE',  ( 1.000000000000000000, 5.004010026856174159E-16, 0.000000000000000000 ) ) ;
#6742 = ORIENTED_EDGE ( 'NONE', *, *, #3878, .T. ) ;
#6743 = AXIS2_PLACEMENT_3D ( 'NONE', #6374, #6162, #6207 ) ;
#6744 = ORIENTED_EDGE ( 'NONE', *, *, #8248, .T. ) ;
#6745 = B_SPLINE_SURFACE_WITH_KNOTS ( 'NONE', 3, 1, ( 
 ( #2413, #4779 ),
 ( #4891, #8022 ),
 ( #698, #5638 ),
 ( #8085, #6471 ) ),
 .UNSPECIFIED., .F., .F., .F.,
 ( 4, 4 ),
 ( 2, 2 ),
 ( 34.00000000000000000, 35.00000000000000000 ),
 ( 0.000000000000000000, 1.000000000000000000 ),
 .UNSPECIFIED. ) ;
#6746 = CARTESIAN_POINT ( 'NONE',  ( 1.140565579083566039, 0.3259286738427817909, 1.188666365175434336 ) ) ;
#6747 = CARTESIAN_POINT ( 'NONE',  ( 1.179844666238419659, 0.6906341605699625186, 0.9091811377108914849 ) ) ;
#6748 = CARTESIAN_POINT ( 'NONE',  ( 1.184021367769943156, 0.1965100059986590875, 0.8866476586283806860 ) ) ;
#6749 = CARTESIAN_POINT ( 'NONE',  ( 1.143253677336234730, -0.2718570838317662663, 1.169539552257599313 ) ) ;
#6750 = EDGE_CURVE ( 'NONE', #9437, #7340, #3658, .T. ) ;
#6751 = ORIENTED_EDGE ( 'NONE', *, *, #9568, .T. ) ;
#6752 = VECTOR ( 'NONE', #8008, 1000.000000000000227 ) ;
#6753 = EDGE_LOOP ( 'NONE', ( #7970, #7997, #4368, #8373 ) ) ;
#6754 = ADVANCED_FACE ( 'NONE', ( #6075 ), #9410, .F. ) ;
#6755 = VECTOR ( 'NONE', #9762, 1000.000000000000000 ) ;
#6756 = ORIENTED_EDGE ( 'NONE', *, *, #4522, .T. ) ;
#6757 = CARTESIAN_POINT ( 'NONE',  ( 1.142736174085447365, 0.5122428948678044991, 1.173221779219489447 ) ) ;
#6758 = PLANE ( 'NONE',  #832 ) ;
#6759 = LINE ( 'NONE', #6957, #8510 ) ;
#6760 = VECTOR ( 'NONE', #3212, 1000.000000000000227 ) ;
#6761 = CARTESIAN_POINT ( 'NONE',  ( 1.157834832918872792, 0.2048696596458852992, 1.065789239307522562 ) ) ;
#6762 =( BOUNDED_CURVE ( )  B_SPLINE_CURVE ( 3, ( #10501, #720, #6506, #3411 ),
 .UNSPECIFIED., .F., .F. ) 
 B_SPLINE_CURVE_WITH_KNOTS ( ( 4, 4 ),
 ( 6.273500125511125347, 6.283185307179586232 ),
 .UNSPECIFIED. ) 
 CURVE ( )  GEOMETRIC_REPRESENTATION_ITEM ( )  RATIONAL_B_SPLINE_CURVE ( ( 1.000000000000000000, 0.9999921831199466427, 0.9999921831199466427, 1.000000000000000000 ) ) 
 REPRESENTATION_ITEM ( '' )  );
#6763 = CARTESIAN_POINT ( 'NONE',  ( 1.249999999999999778, -0.8649999999999999911, 0.4000000000000000222 ) ) ;
#6764 = EDGE_LOOP ( 'NONE', ( #2633, #10111, #6983, #2498, #6555, #7946, #2979, #3596, #724, #2449, #5542, #5215, #9922, #9968, #8470, #6144, #3641, #4671, #10044, #4888, #8041, #7588, #1707, #2319, #145, #3820, #6677, #3805, #271, #6300, #7210, #9898, #6121 ) ) ;
#6765 = PLANE ( 'NONE',  #7664 ) ;
#6766 = ORIENTED_EDGE ( 'NONE', *, *, #10444, .T. ) ;
#6767 = STYLED_ITEM ( 'NONE', ( #5636 ), #7546 ) ;
#6768 = FACE_OUTER_BOUND ( 'NONE', #1693, .T. ) ;
#6769 = LINE ( 'NONE', #8429, #945 ) ;
#6770 = ORIENTED_EDGE ( 'NONE', *, *, #8792, .F. ) ;
#6772 = CARTESIAN_POINT ( 'NONE',  ( -1.249436649370103236, -2.108648687084981876, 0.4140084480150235113 ) ) ;
#6771 = CARTESIAN_POINT ( 'NONE',  ( 1.180782363279223590, 0.5743164424718889549, 0.9025090765779841817 ) ) ;
#6773 = SURFACE_STYLE_FILL_AREA ( #6873 ) ;
#6774 = EDGE_LOOP ( 'NONE', ( #5899, #9148, #8127, #8135 ) ) ;
#6775 = CARTESIAN_POINT ( 'NONE',  ( 1.176840562755707698, 0.4752795009424437556, 0.9305564446746903418 ) ) ;
#6776 = EDGE_CURVE ( 'NONE', #2051, #4770, #7371, .T. ) ;
#6777 = CARTESIAN_POINT ( 'NONE',  ( 1.159337134290752580, -0.1434534297040134243, 1.062285106146480640 ) ) ;
#6778 = CARTESIAN_POINT ( 'NONE',  ( 1.155734173704808576, 0.2386513943472005073, 1.087921502810651919 ) ) ;
#6779 = EDGE_LOOP ( 'NONE', ( #5124, #2335, #9339, #8863 ) ) ;
#6780 = CARTESIAN_POINT ( 'NONE',  ( 1.208648687084982409, 2.149436649370102703, 0.4140084480150249546 ) ) ;
#6781 = MECHANICAL_DESIGN_GEOMETRIC_PRESENTATION_REPRESENTATION (  '', ( #6245 ), #3885 ) ;
#6782 =( NAMED_UNIT ( * ) SI_UNIT ( $, .STERADIAN. ) SOLID_ANGLE_UNIT ( ) );
#6783 = CARTESIAN_POINT ( 'NONE',  ( 1.183604613529585903, 0.2129485786556121751, 0.8896130191318960545 ) ) ;
#6784 = DIRECTION ( 'NONE',  ( -1.000000000000000000, 0.000000000000000000, 0.000000000000000000 ) ) ;
#6785 = DIRECTION ( 'NONE',  ( -0.9902680687415706950, -1.431534388630178744E-16, -0.1391731009600623292 ) ) ;
#6786 = EDGE_CURVE ( 'NONE', #9821, #9796, #8265, .T. ) ;
#6787 = ORIENTED_EDGE ( 'NONE', *, *, #3380, .F. ) ;
#6788 = VERTEX_POINT ( 'NONE', #3751 ) ;
#6789 = DIRECTION ( 'NONE',  ( 0.1391731009600623570, 0.000000000000000000, -0.9902680687415708061 ) ) ;
#6790 = CARTESIAN_POINT ( 'NONE',  ( 1.174285267697534829, -0.4991662405690928672, 0.9487383137633700336 ) ) ;
#6791 = ORIENTED_EDGE ( 'NONE', *, *, #6109, .T. ) ;
#6792 = CARTESIAN_POINT ( 'NONE',  ( 1.189369713854724342, 0.3275818889295040170, 0.8485921988318960718 ) ) ;
#6793 = FACE_OUTER_BOUND ( 'NONE', #5932, .T. ) ;
#6794 =( LENGTH_UNIT ( ) NAMED_UNIT ( * ) SI_UNIT ( .MILLI., .METRE. ) );
#6795 = DIRECTION ( 'NONE',  ( -0.000000000000000000, -0.000000000000000000, -1.000000000000000000 ) ) ;
#6796 = VECTOR ( 'NONE', #8643, 1000.000000000000227 ) ;
#6797 = EDGE_LOOP ( 'NONE', ( #997, #3541, #6110, #10110, #10326, #1921, #9797, #2546, #1804, #6586, #1216, #5485 ) ) ;
#6798 = EDGE_LOOP ( 'NONE', ( #5812, #554, #7895, #5727 ) ) ;
#6799 = ORIENTED_EDGE ( 'NONE', *, *, #4602, .F. ) ;
#6800 = B_SPLINE_SURFACE_WITH_KNOTS ( 'NONE', 3, 1, ( 
 ( #339, #10271 ),
 ( #2954, #3058 ),
 ( #6316, #1509 ),
 ( #588, #10533 ) ),
 .UNSPECIFIED., .F., .F., .F.,
 ( 4, 4 ),
 ( 2, 2 ),
 ( 4.000000000000000000, 5.000000000000000000 ),
 ( 0.000000000000000000, 1.000000000000000000 ),
 .UNSPECIFIED. ) ;
#6801 = AXIS2_PLACEMENT_3D ( 'NONE', #1073, #8467, #6945 ) ;
#6802 = ORIENTED_EDGE ( 'NONE', *, *, #3168, .T. ) ;
#6803 = CARTESIAN_POINT ( 'NONE',  ( 1.169460539749125783, 0.1407997768422540874, 0.9830680369262234652 ) ) ;
#6804 = CARTESIAN_POINT ( 'NONE',  ( 0.000000000000000000, 0.000000000000000000, 1.510000000000000009 ) ) ;
#6805 = ORIENTED_EDGE ( 'NONE', *, *, #4173, .F. ) ;
#6806 = EDGE_CURVE ( 'NONE', #4472, #1768, #3036, .T. ) ;
#6807 = CARTESIAN_POINT ( 'NONE',  ( 1.155516637456796891, 0.1629466204599333279, 1.082284057108943376 ) ) ;
#6808 = EDGE_CURVE ( 'NONE', #9024, #323, #1491, .T. ) ;
#6809 = CARTESIAN_POINT ( 'NONE',  ( 1.178620450657340335, 0.2625450312639693862, 0.9178918841901750891 ) ) ;
#6810 = CARTESIAN_POINT ( 'NONE',  ( 1.155282213196624941, 0.1837833691028878391, 1.083952072391965116 ) ) ;
#6811 = CARTESIAN_POINT ( 'NONE',  ( 0.000000000000000000, 0.000000000000000000, 0.000000000000000000 ) ) ;
#6812 = CARTESIAN_POINT ( 'NONE',  ( 1.142258643185105171, 0.2098916903817933943, 1.176619588129285798 ) ) ;
#6813 = ADVANCED_FACE ( 'NONE', ( #9566 ), #10250, .F. ) ;
#6814 = ORIENTED_EDGE ( 'NONE', *, *, #8476, .F. ) ;
#6815 = VECTOR ( 'NONE', #1579, 1000.000000000000227 ) ;
#6816 = AXIS2_PLACEMENT_3D ( 'NONE', #8418, #8577, #1081 ) ;
#6817 = DIRECTION ( 'NONE',  ( -1.000000000000000000, -2.710505431213754182E-16, 0.000000000000000000 ) ) ;
#6818 = CARTESIAN_POINT ( 'NONE',  ( 1.180105358512730129, -0.05409142918217924034, 0.9145115123297309356 ) ) ;
#6819 = SURFACE_STYLE_USAGE ( .BOTH. , #8262 ) ;
#6820 = AXIS2_PLACEMENT_3D ( 'NONE', #7582, #6683, #7476 ) ;
#6821 = ORIENTED_EDGE ( 'NONE', *, *, #4625, .T. ) ;
#6822 = CARTESIAN_POINT ( 'NONE',  ( -0.9603449703918832681, 1.860344970391882624, 1.752472974177124554 ) ) ;
#6823 = DIRECTION ( 'NONE',  ( 1.000000000000000000, 0.000000000000000000, 0.000000000000000000 ) ) ;
#6824 = EDGE_LOOP ( 'NONE', ( #3896, #8000, #7789, #4814 ) ) ;
#6825 = VECTOR ( 'NONE', #2135, 1000.000000000000000 ) ;
#6826 = STYLED_ITEM ( 'NONE', ( #10127 ), #9689 ) ;
#6827 = EDGE_CURVE ( 'NONE', #4913, #1077, #5397, .T. ) ;
#6828 = UNCERTAINTY_MEASURE_WITH_UNIT (LENGTH_MEASURE( 1.000000000000000082E-05 ), #4874, 'distance_accuracy_value', 'NONE');
#6829 = EDGE_CURVE ( 'NONE', #7652, #9692, #570, .T. ) ;
#6830 = FILL_AREA_STYLE ('',( #1356 ) ) ;
#6831 = DIRECTION ( 'NONE',  ( 0.04754206441699759117, -0.9398440417738205266, -0.3382793656923510639 ) ) ;
#6832 = DIRECTION ( 'NONE',  ( 0.000000000000000000, -3.499493697399959932E-15, 1.000000000000000000 ) ) ;
#6833 = ADVANCED_FACE ( 'NONE', ( #10344 ), #7317, .T. ) ;
#6834 = VERTEX_POINT ( 'NONE', #6293 ) ;
#6835 = CARTESIAN_POINT ( 'NONE',  ( 1.180834934307161355, 0.6906341605699625186, 0.9093203108118514955 ) ) ;
#6836 = PRESENTATION_LAYER_ASSIGNMENT (  '', '', ( #5456 ) ) ;
#6837 = STYLED_ITEM ( 'NONE', ( #6936 ), #2145 ) ;
#6838 = VECTOR ( 'NONE', #9494, 1000.000000000000000 ) ;
#6839 = EDGE_CURVE ( 'NONE', #5592, #9513, #7228, .T. ) ;
#6840 = CARTESIAN_POINT ( 'NONE',  ( 1.183318094989310731, 0.1582053243615262617, 0.8916517044782701351 ) ) ;
#6841 = DIRECTION ( 'NONE',  ( -0.000000000000000000, -1.000000000000000000, -0.000000000000000000 ) ) ;
#6842 = ORIENTED_EDGE ( 'NONE', *, *, #1720, .F. ) ;
#6843 = LINE ( 'NONE', #9056, #6517 ) ;
#6844 = B_SPLINE_CURVE_WITH_KNOTS ( 'NONE', 3,
 ( #6308, #639, #3912, #10411 ),
 .UNSPECIFIED., .F., .F.,
 ( 4, 4 ),
 ( 11.00000000000000000, 12.00000000000000000 ),
 .UNSPECIFIED. ) ;
#6845 = EDGE_LOOP ( 'NONE', ( #10424, #10366, #9424, #1372, #1542, #7502, #4076, #5940, #396, #7711, #2760, #1731, #7967, #6948 ) ) ;
#6846 =( GEOMETRIC_REPRESENTATION_CONTEXT ( 3 ) GLOBAL_UNCERTAINTY_ASSIGNED_CONTEXT ( ( #291 ) ) GLOBAL_UNIT_ASSIGNED_CONTEXT ( ( #4433, #3687, #8560 ) ) REPRESENTATION_CONTEXT ( 'NONE', 'WORKASPACE' ) );
#6847 = DIRECTION ( 'NONE',  ( 1.011361000852891904E-15, -1.000000000000000000, -6.167607535729460171E-15 ) ) ;
#6848 = SURFACE_STYLE_FILL_AREA ( #9503 ) ;
#6849 = EDGE_CURVE ( 'NONE', #4505, #2742, #9177, .T. ) ;
#6850 = CARTESIAN_POINT ( 'NONE',  ( 1.174036630761126743, 0.2588330955027907110, 0.9576927540268845851 ) ) ;
#6851 = LINE ( 'NONE', #7600, #2480 ) ;
#6852 = LINE ( 'NONE', #10105, #5615 ) ;
#6853 = VECTOR ( 'NONE', #601, 1000.000000000000000 ) ;
#6854 = ORIENTED_EDGE ( 'NONE', *, *, #6123, .T. ) ;
#6855 = ORIENTED_EDGE ( 'NONE', *, *, #6178, .T. ) ;
#6856 = ORIENTED_EDGE ( 'NONE', *, *, #2041, .F. ) ;
#6857 = ORIENTED_EDGE ( 'NONE', *, *, #7038, .F. ) ;
#6858 = ORIENTED_EDGE ( 'NONE', *, *, #7399, .T. ) ;
#6859 = DIRECTION ( 'NONE',  ( -6.229341154125441740E-16, 1.000000000000000000, 3.403806635707148128E-15 ) ) ;
#6860 = VECTOR ( 'NONE', #1321, 1000.000000000000000 ) ;
#6861 = CARTESIAN_POINT ( 'NONE',  ( -0.3981366483959006830, -0.8649999999999999911, 0.000000000000000000 ) ) ;
#6862 = DIRECTION ( 'NONE',  ( -1.251002506714043540E-16, 1.000000000000000000, 0.000000000000000000 ) ) ;
#6863 = CARTESIAN_POINT ( 'NONE',  ( 1.174800203453909120, 0.2129485786556118698, 0.9450743554734916119 ) ) ;
#6864 = CARTESIAN_POINT ( 'NONE',  ( 1.155082995204278706, 0.1757980283055244064, 1.092554878597189250 ) ) ;
#6865 = DIRECTION ( 'NONE',  ( 0.9902680687415706950, 0.000000000000000000, 0.1391731009600623292 ) ) ;
#6866 = ORIENTED_EDGE ( 'NONE', *, *, #7568, .T. ) ;
#6867 = DIRECTION ( 'NONE',  ( 5.604620363050955917E-16, -1.000000000000000000, -2.959294695531607008E-15 ) ) ;
#6868 = CARTESIAN_POINT ( 'NONE',  ( 1.178603562645179403, 0.2829762743196017616, 0.9251973451749029298 ) ) ;
#6869 = EDGE_CURVE ( 'NONE', #10052, #9876, #9000, .T. ) ;
#6870 = EDGE_LOOP ( 'NONE', ( #1942, #8661, #8741, #1752, #8239, #1792, #6480, #4030, #443, #6915, #8271, #8982 ) ) ;
#6871 = DIRECTION ( 'NONE',  ( 0.9902680687415706950, 0.000000000000000000, 0.1391731009600623292 ) ) ;
#6872 = CARTESIAN_POINT ( 'NONE',  ( 1.168497272316162849, 0.07794641080098900499, 0.9971073373876160328 ) ) ;
#6873 = FILL_AREA_STYLE ('',( #240 ) ) ;
#6874 = VERTEX_POINT ( 'NONE', #1863 ) ;
#6875 = CARTESIAN_POINT ( 'NONE',  ( 1.177062420440378121, -0.1824950833095159153, 0.9289778452225081473 ) ) ;
#6876 = ADVANCED_FACE ( 'NONE', ( #5091 ), #6884, .F. ) ;
#6877 = B_SPLINE_CURVE_WITH_KNOTS ( 'NONE', 3,
 ( #6498, #6380, #7410, #79 ),
 .UNSPECIFIED., .F., .F.,
 ( 4, 4 ),
 ( 12.00000000000000000, 13.00000000000000000 ),
 .UNSPECIFIED. ) ;
#6878 = ADVANCED_FACE ( 'NONE', ( #1003 ), #1086, .F. ) ;
#6879 = DIRECTION ( 'NONE',  ( 0.01855939615806601745, -0.9910683662997868959, -0.1320569654888347211 ) ) ;
#6880 = ADVANCED_FACE ( 'NONE', ( #2600 ), #8279, .F. ) ;
#6881 = CARTESIAN_POINT ( 'NONE',  ( 1.183101035489134034, 0.5855146352303391977, 0.8931961630737836888 ) ) ;
#6882 = CARTESIAN_POINT ( 'NONE',  ( 1.178916128325447454, 0.6857680935221553975, 0.9229733247972689014 ) ) ;
#6883 = LINE ( 'NONE', #2656, #4634 ) ;
#6884 = PLANE ( 'NONE',  #6820 ) ;
#6885 = ORIENTED_EDGE ( 'NONE', *, *, #8060, .T. ) ;
#6886 = DIRECTION ( 'NONE',  ( -0.6136750923608130792, -0.7895586621752354040, 0.000000000000000000 ) ) ;
#6887 = EDGE_CURVE ( 'NONE', #1625, #4401, #2657, .T. ) ;
#6888 = CARTESIAN_POINT ( 'NONE',  ( -2.214999999999998970, 1.300000000000000044, 0.000000000000000000 ) ) ;
#6889 = CARTESIAN_POINT ( 'NONE',  ( 1.175252163962207996, 0.2694386262491972883, 0.9490437858913565172 ) ) ;
#6890 = CARTESIAN_POINT ( 'NONE',  ( 1.150000000000000355, 2.149999999999999467, 0.4099999999999703326 ) ) ;
#6891 = VECTOR ( 'NONE', #7697, 1000.000000000000227 ) ;
#6892 = CARTESIAN_POINT ( 'NONE',  ( 1.141312263764187263, 0.4204426684359984789, 1.183353427606773867 ) ) ;
#6893 = EDGE_CURVE ( 'NONE', #6216, #8700, #2391, .T. ) ;
#6894 = ORIENTED_EDGE ( 'NONE', *, *, #6454, .F. ) ;
#6895 = FACE_OUTER_BOUND ( 'NONE', #6405, .T. ) ;
#6896 = ORIENTED_EDGE ( 'NONE', *, *, #5126, .T. ) ;
#6897 = AXIS2_PLACEMENT_3D ( 'NONE', #884, #8175, #994 ) ;
#6898 = VERTEX_POINT ( 'NONE', #8555 ) ;
#6899 = CARTESIAN_POINT ( 'NONE',  ( 1.150000000000000355, -2.150000000000000355, 0.4099999999999703326 ) ) ;
#6900 = ORIENTED_EDGE ( 'NONE', *, *, #8535, .T. ) ;
#6901 = CARTESIAN_POINT ( 'NONE',  ( 1.168497272316162405, 0.6571643532436003410, 0.9971073373876179202 ) ) ;
#6902 = CARTESIAN_POINT ( 'NONE',  ( 1.158538582447339538, 0.5502668418674359074, 1.067967097754856542 ) ) ;
#6903 =( GEOMETRIC_REPRESENTATION_CONTEXT ( 3 ) GLOBAL_UNCERTAINTY_ASSIGNED_CONTEXT ( ( #3824 ) ) GLOBAL_UNIT_ASSIGNED_CONTEXT ( ( #3454, #9291, #5226 ) ) REPRESENTATION_CONTEXT ( 'NONE', 'WORKASPACE' ) );
#6904 = DIRECTION ( 'NONE',  ( -0.9902680687415706950, -1.431534388630178744E-16, -0.1391731009600623292 ) ) ;
#6905 = CARTESIAN_POINT ( 'NONE',  ( 1.107503214919902890, 1.908476408045745254, 1.423917310096006084 ) ) ;
#6906 = CARTESIAN_POINT ( 'NONE',  ( 1.141555847152307734, 0.3865673555227313596, 1.188805538276394902 ) ) ;
#6907 = VECTOR ( 'NONE', #5670, 1000.000000000000227 ) ;
#6908 = ORIENTED_EDGE ( 'NONE', *, *, #7255, .T. ) ;
#6909 = CARTESIAN_POINT ( 'NONE',  ( 1.172715581580707322, -0.07578123674051365222, 0.9599072108326924813 ) ) ;
#6910 = EDGE_LOOP ( 'NONE', ( #1595, #5273, #1206, #10339 ) ) ;
#6911 = VECTOR ( 'NONE', #1661, 1000.000000000000000 ) ;
#6912 = B_SPLINE_CURVE_WITH_KNOTS ( 'NONE', 3,
 ( #5656, #6326, #1577, #1631 ),
 .UNSPECIFIED., .F., .F.,
 ( 4, 4 ),
 ( 1.000000000000000000, 2.000000000000000000 ),
 .UNSPECIFIED. ) ;
#6913 = DIRECTION ( 'NONE',  ( -0.9902680687415706950, -1.431534388630178744E-16, -0.1391731009600623292 ) ) ;
#6914 = DIRECTION ( 'NONE',  ( 0.000000000000000000, 0.000000000000000000, -1.000000000000000000 ) ) ;
#6915 = ORIENTED_EDGE ( 'NONE', *, *, #1469, .F. ) ;
#6916 = UNCERTAINTY_MEASURE_WITH_UNIT (LENGTH_MEASURE( 1.000000000000000082E-05 ), #2417, 'distance_accuracy_value', 'NONE');
#6917 = CARTESIAN_POINT ( 'NONE',  ( 1.249995309899464946, 2.050968503025307310, 0.4100333717993133176 ) ) ;
#6918 = VECTOR ( 'NONE', #5022, 1000.000000000000227 ) ;
#6919 = DIRECTION ( 'NONE',  ( 0.9902680687415708061, 4.993724611500633215E-17, 0.1391731009600625235 ) ) ;
#6920 = LINE ( 'NONE', #10177, #519 ) ;
#6921 = ORIENTED_EDGE ( 'NONE', *, *, #7899, .F. ) ;
#6922 = SURFACE_SIDE_STYLE ('',( #9390 ) ) ;
#6923 = COLOUR_RGB ( '',0.8509803921568627194, 0.8509803921568627194, 0.8509803921568627194 ) ;
#6924 = PLANE ( 'NONE',  #9452 ) ;
#6925 = COLOUR_RGB ( '',1.000000000000000000, 1.000000000000000000, 1.000000000000000000 ) ;
#6926 = CARTESIAN_POINT ( 'NONE',  ( 1.157548314378598064, 0.4578739534240031661, 1.067827924653896199 ) ) ;
#6927 = CARTESIAN_POINT ( 'NONE',  ( 1.141555847152307734, 0.2630753078015175550, 1.188805538276394458 ) ) ;
#6928 = ORIENTED_EDGE ( 'NONE', *, *, #1149, .T. ) ;
#6929 = CARTESIAN_POINT ( 'NONE',  ( 1.175781312394817535, 0.6039183503498034566, 0.9380934026209910570 ) ) ;
#6930 = DIRECTION ( 'NONE',  ( 0.9902680687415706950, 0.000000000000000000, 0.1391731009600623292 ) ) ;
#6931 = CARTESIAN_POINT ( 'NONE',  ( 1.178924333957610981, 0.1854053914525714553, 0.9157296421562913791 ) ) ;
#6932 = EDGE_CURVE ( 'NONE', #8700, #10304, #4316, .T. ) ;
#6933 = CARTESIAN_POINT ( 'NONE',  ( 1.150984435092735403, 0.5329548725605267601, 1.114532352585908104 ) ) ;
#6934 = CARTESIAN_POINT ( 'NONE',  ( 1.143804583574284717, 0.4327014142695420063, 1.172804947225834171 ) ) ;
#6935 = EDGE_CURVE ( 'NONE', #483, #6975, #6273, .T. ) ;
#6936 = PRESENTATION_STYLE_ASSIGNMENT (( #9447 ) ) ;
#6937 = CARTESIAN_POINT ( 'NONE',  ( -2.214999999999998970, -1.300000000000000044, 0.4000000000000000222 ) ) ;
#6938 = ORIENTED_EDGE ( 'NONE', *, *, #416, .T. ) ;
#6939 = ADVANCED_FACE ( 'NONE', ( #2069 ), #1417, .T. ) ;
#6940 = LINE ( 'NONE', #565, #4555 ) ;
#6941 = VECTOR ( 'NONE', #2245, 1000.000000000000227 ) ;
#6942 = DIRECTION ( 'NONE',  ( -1.000000000000000000, -2.189714495920898685E-15, 0.000000000000000000 ) ) ;
#6943 = ADVANCED_FACE ( 'NONE', ( #3679 ), #9551, .F. ) ;
#6944 = CARTESIAN_POINT ( 'NONE',  ( 1.144243945404976870, -0.3265153922605140702, 1.169678725358559435 ) ) ;
#6946 = EDGE_CURVE ( 'NONE', #4166, #451, #3146, .T. ) ;
#6945 = DIRECTION ( 'NONE',  ( 0.000000000000000000, 0.3356131420397587828, 0.9419999038695283655 ) ) ;
#6947 = CYLINDRICAL_SURFACE ( 'NONE', #2928, 0.1000000000000000472 ) ;
#6948 = ORIENTED_EDGE ( 'NONE', *, *, #10469, .F. ) ;
#6949 = VERTEX_POINT ( 'NONE', #9444 ) ;
#6950 = ORIENTED_EDGE ( 'NONE', *, *, #286, .T. ) ;
#6951 = CARTESIAN_POINT ( 'NONE',  ( 1.174261895893466523, 0.2694386262491972883, 0.9489046127903963956 ) ) ;
#6952 = ORIENTED_EDGE ( 'NONE', *, *, #3426, .F. ) ;
#6953 = CARTESIAN_POINT ( 'NONE',  ( 1.144238702574637889, 0.5116502328553490520, 1.169716030034809950 ) ) ;
#6954 = EDGE_CURVE ( 'NONE', #2438, #9049, #1306, .T. ) ;
#6955 = CARTESIAN_POINT ( 'NONE',  ( 1.184055620542099563, 0.2065228747330227765, 0.8792186409561435489 ) ) ;
#6956 = DIRECTION ( 'NONE',  ( -0.000000000000000000, -1.000000000000000000, -6.229061000724177574E-15 ) ) ;
#6957 = CARTESIAN_POINT ( 'NONE',  ( 1.176268002423108916, 0.1667209416960227786, 0.9418157196638312634 ) ) ;
#6958 = CARTESIAN_POINT ( 'NONE',  ( 1.173263422192561523, 0.6039183503498034566, 0.9560091223304134633 ) ) ;
#6959 = VERTEX_POINT ( 'NONE', #6172 ) ;
#6960 = VECTOR ( 'NONE', #5660, 1000.000000000000000 ) ;
#6961 = ORIENTED_EDGE ( 'NONE', *, *, #9185, .F. ) ;
#6962 = VECTOR ( 'NONE', #8976, 1000.000000000000227 ) ;
#6963 = LINE ( 'NONE', #6045, #1957 ) ;
#6964 = CARTESIAN_POINT ( 'NONE',  ( 1.183101035489134034, 0.5855146352303391977, 0.8931961630737836888 ) ) ;
#6965 = MECHANICAL_DESIGN_GEOMETRIC_PRESENTATION_REPRESENTATION (  '', ( #9882 ), #3566 ) ;
#6966 = PLANE ( 'NONE',  #3602 ) ;
#6967 = ORIENTED_EDGE ( 'NONE', *, *, #2777, .T. ) ;
#6968 = ADVANCED_FACE ( 'NONE', ( #10386 ), #8441, .F. ) ;
#6969 = CARTESIAN_POINT ( 'NONE',  ( 1.178511362888576386, -0.5390755146083651139, 0.9186680839971206325 ) ) ;
#6970 = EDGE_LOOP ( 'NONE', ( #4712, #5430, #6093, #3831 ) ) ;
#6971 = PRESENTATION_LAYER_ASSIGNMENT (  '', '', ( #2184 ) ) ;
#6972 = VECTOR ( 'NONE', #3914, 1000.000000000000000 ) ;
#6973 = DIRECTION ( 'NONE',  ( 0.1391731009600625790, 3.457376696047237690E-15, -0.9902680687415706950 ) ) ;
#6974 = DIRECTION ( 'NONE',  ( -0.1391731009600623570, -4.558926669772857674E-15, 0.9902680687415708061 ) ) ;
#6975 = VERTEX_POINT ( 'NONE', #8776 ) ;
#6976 = CARTESIAN_POINT ( 'NONE',  ( 1.174800680201743663, 0.1952934892367083342, 0.9522562597707151522 ) ) ;
#6977 = ORIENTED_EDGE ( 'NONE', *, *, #6491, .F. ) ;
#6978 = SURFACE_SIDE_STYLE ('',( #1300 ) ) ;
#6979 = PRESENTATION_LAYER_ASSIGNMENT (  '', '', ( #1340 ) ) ;
#6981 = CARTESIAN_POINT ( 'NONE',  ( 1.141555847152307512, 0.5043511322828035937, 1.188805538276395124 ) ) ;
#6980 = MECHANICAL_DESIGN_GEOMETRIC_PRESENTATION_REPRESENTATION (  '', ( #7999 ), #1678 ) ;
#6982 = VECTOR ( 'NONE', #651, 1000.000000000000227 ) ;
#6983 = ORIENTED_EDGE ( 'NONE', *, *, #6138, .T. ) ;
#6984 = CARTESIAN_POINT ( 'NONE',  ( 1.181234323787523133, 0.2881854614802366044, 0.9064785069958440911 ) ) ;
#6985 = DIRECTION ( 'NONE',  ( 1.000000000000000000, -3.336006684570783101E-16, 0.000000000000000000 ) ) ;
#6986 = DIRECTION ( 'NONE',  ( 1.008560160451632221E-16, -1.000000000000000000, 0.000000000000000000 ) ) ;
#6987 = CARTESIAN_POINT ( 'NONE',  ( 1.146782163169053126, 0.4345417857818210661, 1.144433070996901503 ) ) ;
#6988 = STYLED_ITEM ( 'NONE', ( #5402 ), #8018 ) ;
#6989 = CARTESIAN_POINT ( 'NONE',  ( 1.250000000000000222, 2.149999999999999467, 0.1100000000000000699 ) ) ;
#6990 = FACE_OUTER_BOUND ( 'NONE', #563, .T. ) ;
#6991 = B_SPLINE_CURVE_WITH_KNOTS ( 'NONE', 3,
 ( #5377, #3943, #3133, #6384 ),
 .UNSPECIFIED., .F., .F.,
 ( 4, 4 ),
 ( 2.000000000000000000, 3.000000000000000000 ),
 .UNSPECIFIED. ) ;
#6992 = CARTESIAN_POINT ( 'NONE',  ( 1.147954284470145803, 0.3224662799812311187, 1.136092994580147009 ) ) ;
#6993 = ORIENTED_EDGE ( 'NONE', *, *, #8861, .T. ) ;
#6994 = CARTESIAN_POINT ( 'NONE',  ( 1.141312263764187263, 0.4204426684359984789, 1.183353427606773867 ) ) ;
#6995 = AXIS2_PLACEMENT_3D ( 'NONE', #5433, #3786, #3076 ) ;
#6996 = ORIENTED_EDGE ( 'NONE', *, *, #4153, .F. ) ;
#6997 = DIRECTION ( 'NONE',  ( -0.9902680687415706950, -1.431534388630178744E-16, -0.1391731009600623292 ) ) ;
#6998 = VECTOR ( 'NONE', #10241, 1000.000000000000000 ) ;
#6999 = EDGE_CURVE ( 'NONE', #6949, #9819, #7936, .T. ) ;
#7000 = CARTESIAN_POINT ( 'NONE',  ( -0.9149999999999989253, -0.1999999999999999278, 0.4000000000000000222 ) ) ;
#7001 = CARTESIAN_POINT ( 'NONE',  ( 1.178116872616889355, 0.2927084084164696121, 0.9214750281320566172 ) ) ;
#7002 = CARTESIAN_POINT ( 'NONE',  ( 1.178052688509119594, -0.1824950833095159153, 0.9291170183234681579 ) ) ;
#7003 = DIRECTION ( 'NONE',  ( 0.1391731009600623570, 2.757642169212531022E-15, -0.9902680687415708061 ) ) ;
#7004 =( LENGTH_UNIT ( ) NAMED_UNIT ( * ) SI_UNIT ( .MILLI., .METRE. ) );
#7005 = EDGE_LOOP ( 'NONE', ( #4620, #424, #659, #7114 ) ) ;
#7006 =( GEOMETRIC_REPRESENTATION_CONTEXT ( 3 ) GLOBAL_UNCERTAINTY_ASSIGNED_CONTEXT ( ( #5327 ) ) GLOBAL_UNIT_ASSIGNED_CONTEXT ( ( #4545, #4061, #9606 ) ) REPRESENTATION_CONTEXT ( 'NONE', 'WORKASPACE' ) );
#7007 = ADVANCED_FACE ( 'NONE', ( #674 ), #4747, .T. ) ;
#7008 = ORIENTED_EDGE ( 'NONE', *, *, #2157, .F. ) ;
#7009 = ADVANCED_FACE ( 'NONE', ( #6694 ), #7786, .F. ) ;
#7010 = LINE ( 'NONE', #9515, #7335 ) ;
#7011 = ADVANCED_FACE ( 'NONE', ( #1068 ), #8080, .F. ) ;
#7012 = EDGE_LOOP ( 'NONE', ( #2195, #9690, #9118, #1986 ) ) ;
#7013 = CARTESIAN_POINT ( 'NONE',  ( 1.179610241978131580, 0.5830192162315277482, 0.9108491529947366772 ) ) ;
#7014 = DIRECTION ( 'NONE',  ( -0.000000000000000000, 0.000000000000000000, -1.000000000000000000 ) ) ;
#7015 = PLANE ( 'NONE',  #7337 ) ;
#7016 = VECTOR ( 'NONE', #7683, 1000.000000000000000 ) ;
#7017 = DIRECTION ( 'NONE',  ( 0.04711497050654730318, 0.9409537876827105407, -0.3352404346133202040 ) ) ;
#7018 = EDGE_LOOP ( 'NONE', ( #9283, #2312, #3549, #3143 ) ) ;
#7019 = SURFACE_SIDE_STYLE ('',( #7799 ) ) ;
#7020 = CARTESIAN_POINT ( 'NONE',  ( 1.181795797510339030, -0.2093904314435909575, 0.9024834138686068652 ) ) ;
#7021 = VERTEX_POINT ( 'NONE', #6039 ) ;
#7022 = CARTESIAN_POINT ( 'NONE',  ( 1.183543836869485277, 0.09369874323312513131, 0.8900454675390047088 ) ) ;
#7023 = EDGE_CURVE ( 'NONE', #4055, #10532, #446, .T. ) ;
#7024 = AXIS2_PLACEMENT_3D ( 'NONE', #8277, #5872, #9783 ) ;
#7025 = ORIENTED_EDGE ( 'NONE', *, *, #803, .F. ) ;
#7026 = UNCERTAINTY_MEASURE_WITH_UNIT (LENGTH_MEASURE( 1.000000000000000082E-05 ), #1616, 'distance_accuracy_value', 'NONE');
#7027 = DIRECTION ( 'NONE',  ( -0.9902680687415706950, -1.431534388630178744E-16, -0.1391731009600623292 ) ) ;
#7028 = B_SPLINE_CURVE_WITH_KNOTS ( 'NONE', 3,
 ( #8370, #819, #1037, #9965 ),
 .UNSPECIFIED., .F., .F.,
 ( 4, 4 ),
 ( 4.000000000000000000, 5.000000000000000000 ),
 .UNSPECIFIED. ) ;
#7029 = DIRECTION ( 'NONE',  ( -1.000000000000000000, -6.672013369141564231E-16, -0.000000000000000000 ) ) ;
#7030 = FACE_OUTER_BOUND ( 'NONE', #489, .T. ) ;
#7031 = LINE ( 'NONE', #10371, #5223 ) ;
#7032 = LINE ( 'NONE', #10490, #8286 ) ;
#7033 = CARTESIAN_POINT ( 'NONE',  ( 1.186263386947868481, -0.3881144490365188715, 0.8706948632527670151 ) ) ;
#7034 =( NAMED_UNIT ( * ) SI_UNIT ( $, .STERADIAN. ) SOLID_ANGLE_UNIT ( ) );
#7035 = ORIENTED_EDGE ( 'NONE', *, *, #8819, .F. ) ;
#7036 = VECTOR ( 'NONE', #5153, 1000.000000000000000 ) ;
#7037 = EDGE_LOOP ( 'NONE', ( #3545, #10145, #58, #5476 ) ) ;
#7038 = EDGE_CURVE ( 'NONE', #3972, #4922, #215, .T. ) ;
#7039 = SURFACE_STYLE_FILL_AREA ( #4688 ) ;
#7040 = CARTESIAN_POINT ( 'NONE',  ( 1.170867085310389966, 0.6630597806290534635, 0.9730599452264487859 ) ) ;
#7041 = B_SPLINE_SURFACE_WITH_KNOTS ( 'NONE', 3, 1, ( 
 ( #4542, #7778 ),
 ( #3742, #6994 ),
 ( #10245, #4474 ),
 ( #1297, #3671 ) ),
 .UNSPECIFIED., .F., .F., .F.,
 ( 4, 4 ),
 ( 2, 2 ),
 ( 2.000000000000000000, 3.000000000000000000 ),
 ( 0.000000000000000000, 1.000000000000000000 ),
 .UNSPECIFIED. ) ;
#7042 = LINE ( 'NONE', #9903, #5163 ) ;
#7043 = CARTESIAN_POINT ( 'NONE',  ( 1.148900663890947804, 0.4345417857818210661, 1.129359155103483614 ) ) ;
#7044 = DIRECTION ( 'NONE',  ( -0.000000000000000000, 1.000000000000000000, 0.000000000000000000 ) ) ;
#7045 = ORIENTED_EDGE ( 'NONE', *, *, #2832, .T. ) ;
#7046 = SURFACE_STYLE_FILL_AREA ( #6284 ) ;
#7047 = ORIENTED_EDGE ( 'NONE', *, *, #5665, .F. ) ;
#7048 = VERTEX_POINT ( 'NONE', #6889 ) ;
#7049 = CARTESIAN_POINT ( 'NONE',  ( 1.179636765866075576, 0.2992588832892865702, 0.9178457222598690457 ) ) ;
#7050 = VERTEX_POINT ( 'NONE', #6747 ) ;
#7051 = PLANE ( 'NONE',  #8983 ) ;
#7052 = ORIENTED_EDGE ( 'NONE', *, *, #5085, .F. ) ;
#7053 = CARTESIAN_POINT ( 'NONE',  ( 1.182467221748599862, 0.3556241599326405156, 0.8977059821728112787 ) ) ;
#7054 = B_SPLINE_CURVE_WITH_KNOTS ( 'NONE', 3,
 ( #8172, #9830, #1593, #3139 ),
 .UNSPECIFIED., .F., .F.,
 ( 4, 4 ),
 ( 34.00000000000000000, 35.00000000000000000 ),
 .UNSPECIFIED. ) ;
#7055 = PRESENTATION_STYLE_ASSIGNMENT (( #8622 ) ) ;
#7056 = CARTESIAN_POINT ( 'NONE',  ( 1.250000000000000444, -2.150000000000000355, 0.4099999999999704436 ) ) ;
#7057 = CARTESIAN_POINT ( 'NONE',  ( 1.175252163962207996, 0.2694386262491972883, 0.9490437858913565172 ) ) ;
#7058 = ADVANCED_FACE ( 'NONE', ( #2668 ), #6455, .F. ) ;
#7059 = DIRECTION ( 'NONE',  ( -0.9902680687415706950, -1.431534388630178744E-16, -0.1391731009600623292 ) ) ;
#7060 = EDGE_CURVE ( 'NONE', #1342, #9599, #5991, .T. ) ;
#7061 = ORIENTED_EDGE ( 'NONE', *, *, #8489, .F. ) ;
#7062 = COLOUR_RGB ( '',0.2509803921568627416, 0.2509803921568627416, 0.2509803921568627416 ) ;
#7063 = CARTESIAN_POINT ( 'NONE',  ( 1.158825100987614265, 0.2048696596458852992, 1.065928412408482684 ) ) ;
#7064 = FACE_OUTER_BOUND ( 'NONE', #4789, .T. ) ;
#7065 = VERTEX_POINT ( 'NONE', #5328 ) ;
#7066 = EDGE_CURVE ( 'NONE', #5648, #8151, #441, .T. ) ;
#7067 = AXIS2_PLACEMENT_3D ( 'NONE', #5363, #8753, #4415 ) ;
#7068 = ORIENTED_EDGE ( 'NONE', *, *, #204, .T. ) ;
#7069 = DIRECTION ( 'NONE',  ( -0.1391731009600699620, -7.793309503233202932E-15, 0.9902680687415696958 ) ) ;
#7070 = ORIENTED_EDGE ( 'NONE', *, *, #1319, .T. ) ;
#7071 = ORIENTED_EDGE ( 'NONE', *, *, #1683, .F. ) ;
#7072 = VECTOR ( 'NONE', #9777, 1000.000000000000227 ) ;
#7073 = CARTESIAN_POINT ( 'NONE',  ( 1.173116298480317399, 0.5828944452808791921, 0.9642412584722881430 ) ) ;
#7074 = VECTOR ( 'NONE', #2071, 1000.000000000000000 ) ;
#7075 = CARTESIAN_POINT ( 'NONE',  ( 1.250000000000000222, 0.8649999999999998801, 0.1100000000000000699 ) ) ;
#7076 = EDGE_CURVE ( 'NONE', #6305, #5604, #2624, .T. ) ;
#7077 = VERTEX_POINT ( 'NONE', #1231 ) ;
#7078 = B_SPLINE_CURVE_WITH_KNOTS ( 'NONE', 3,
 ( #9103, #1755, #2453, #5870 ),
 .UNSPECIFIED., .F., .F.,
 ( 4, 4 ),
 ( 18.00000000000000000, 19.00000000000000000 ),
 .UNSPECIFIED. ) ;
#7079 = CARTESIAN_POINT ( 'NONE',  ( 1.188805359154172514, 0.3397782492881460947, 0.8526077911808868093 ) ) ;
#7080 = LINE ( 'NONE', #7930, #6960 ) ;
#7081 = LINE ( 'NONE', #5541, #777 ) ;
#7082 = VERTEX_POINT ( 'NONE', #1515 ) ;
#7083 = CARTESIAN_POINT ( 'NONE',  ( 1.141555847152307734, 0.2630753078015175550, 1.188805538276394458 ) ) ;
#7084 = PRESENTATION_STYLE_ASSIGNMENT (( #10328 ) ) ;
#7085 = COLOUR_RGB ( '',0.2509803921568627416, 0.2509803921568627416, 0.2509803921568627416 ) ;
#7086 = LINE ( 'NONE', #454, #2388 ) ;
#7087 = CARTESIAN_POINT ( 'NONE',  ( 1.184021367769943156, 0.1849686931273859802, 0.8866476586283806860 ) ) ;
#7088 = DIRECTION ( 'NONE',  ( 0.04744658687223043264, 0.9400931103999049521, -0.3376000076611491707 ) ) ;
#7089 = CARTESIAN_POINT ( 'NONE',  ( 1.152894558694451232, 0.1678126875081609737, 1.100941116944246234 ) ) ;
#7090 = EDGE_CURVE ( 'NONE', #9498, #8240, #3404, .T. ) ;
#7091 = CARTESIAN_POINT ( 'NONE',  ( 1.172353339059514443, -0.3221774142005020547, 0.9624847003001490986 ) ) ;
#7092 = ORIENTED_EDGE ( 'NONE', *, *, #8596, .T. ) ;
#7093 = SURFACE_STYLE_FILL_AREA ( #8721 ) ;
#7094 = MECHANICAL_DESIGN_GEOMETRIC_PRESENTATION_REPRESENTATION (  '', ( #9326 ), #5232 ) ;
#7095 = VERTEX_POINT ( 'NONE', #6321 ) ;
#7096 = CARTESIAN_POINT ( 'NONE',  ( 1.173350722740490015, 0.3994187633679075478, 0.9625732431892652929 ) ) ;
#7097 = PRESENTATION_LAYER_ASSIGNMENT (  '', '', ( #6767 ) ) ;
#7098 = FACE_BOUND ( 'NONE', #3416, .T. ) ;
#7099 = CARTESIAN_POINT ( 'NONE',  ( 1.173072886580212915, 0.1967283551612540038, 0.9645501501918817278 ) ) ;
#7100 = ORIENTED_EDGE ( 'NONE', *, *, #7076, .T. ) ;
#7101 = DIRECTION ( 'NONE',  ( -0.000000000000000000, -1.000000000000000000, -0.000000000000000000 ) ) ;
#7102 = EDGE_CURVE ( 'NONE', #1167, #8077, #1289, .T. ) ;
#7103 = CARTESIAN_POINT ( 'NONE',  ( 1.178646497797333881, 0.2992588832892865702, 0.9177065491589089241 ) ) ;
#7104 = CARTESIAN_POINT ( 'NONE',  ( 1.173611194140771641, 0.3036258665378299137, 0.9607198928741528254 ) ) ;
#7105 = DIRECTION ( 'NONE',  ( -0.1391731009600606916, -0.000000000000000000, 0.9902680687415709171 ) ) ;
#7106 = LINE ( 'NONE', #2237, #4873 ) ;
#7107 = ORIENTED_EDGE ( 'NONE', *, *, #2511, .T. ) ;
#7108 =( NAMED_UNIT ( * ) SI_UNIT ( $, .STERADIAN. ) SOLID_ANGLE_UNIT ( ) );
#7109 = CARTESIAN_POINT ( 'NONE',  ( 1.168497272316162405, 0.5578778698145238080, 0.9971073373876174761 ) ) ;
#7110 = PLANE ( 'NONE',  #7813 ) ;
#7111 = PLANE ( 'NONE',  #8267 ) ;
#7112 = CARTESIAN_POINT ( 'NONE',  ( 1.176217196335439308, -0.4688005099871742631, 0.9349919272274193061 ) ) ;
#7113 = VERTEX_POINT ( 'NONE', #3186 ) ;
#7114 = ORIENTED_EDGE ( 'NONE', *, *, #9972, .T. ) ;
#7115 =( NAMED_UNIT ( * ) PLANE_ANGLE_UNIT ( ) SI_UNIT ( $, .RADIAN. ) );
#7116 = ORIENTED_EDGE ( 'NONE', *, *, #671, .T. ) ;
#7117 = DIRECTION ( 'NONE',  ( 0.000000000000000000, 0.000000000000000000, -1.000000000000000000 ) ) ;
#7118 = DIRECTION ( 'NONE',  ( -0.9902680687415706950, -1.431534388630178744E-16, -0.1391731009600623292 ) ) ;
#7119 = B_SPLINE_SURFACE_WITH_KNOTS ( 'NONE', 3, 1, ( 
 ( #3977, #10466 ),
 ( #3167, #7788 ),
 ( #6419, #9677 ),
 ( #4553, #118 ) ),
 .UNSPECIFIED., .F., .F., .F.,
 ( 4, 4 ),
 ( 2, 2 ),
 ( 28.00000000000000000, 29.00000000000000000 ),
 ( 0.000000000000000000, 1.000000000000000000 ),
 .UNSPECIFIED. ) ;
#7120 = EDGE_CURVE ( 'NONE', #9892, #5151, #4624, .T. ) ;
#7121 = DIRECTION ( 'NONE',  ( -0.000000000000000000, -1.000000000000000000, -0.000000000000000000 ) ) ;
#7122 = CARTESIAN_POINT ( 'NONE',  ( 1.175842089054802697, 0.5873550067417854237, 0.9376609542147062992 ) ) ;
#7123 = DIRECTION ( 'NONE',  ( 0.000000000000000000, 1.000000000000000000, 0.000000000000000000 ) ) ;
#7124 = EDGE_CURVE ( 'NONE', #7657, #5170, #5596, .T. ) ;
#7125 = CARTESIAN_POINT ( 'NONE',  ( 1.185273118879126564, -0.3881144490365188715, 0.8705556901518068935 ) ) ;
#7126 = LINE ( 'NONE', #4908, #6166 ) ;
#7127 = VECTOR ( 'NONE', #7612, 1000.000000000000227 ) ;
#7128 = ORIENTED_EDGE ( 'NONE', *, *, #5499, .F. ) ;
#7129 = DIRECTION ( 'NONE',  ( -0.9902680687415706950, -1.431534388630178744E-16, -0.1391731009600623292 ) ) ;
#7130 = ORIENTED_EDGE ( 'NONE', *, *, #3021, .F. ) ;
#7131 = CARTESIAN_POINT ( 'NONE',  ( 1.179115090443988878, -0.05409142918217924034, 0.9143723392287709251 ) ) ;
#7132 = EDGE_CURVE ( 'NONE', #4552, #10516, #2147, .T. ) ;
#7133 = EDGE_CURVE ( 'NONE', #2797, #5691, #598, .T. ) ;
#7134 = CARTESIAN_POINT ( 'NONE',  ( 1.179402341605903182, 0.6039183503498036787, 0.9195137375428921178 ) ) ;
#7135 = ADVANCED_FACE ( 'NONE', ( #6435 ), #9697, .F. ) ;
#7136 = PRESENTATION_STYLE_ASSIGNMENT (( #2213 ) ) ;
#7137 = CARTESIAN_POINT ( 'NONE',  ( 1.136999214739794706, -0.2727246628959233976, 1.221227662580423257 ) ) ;
#7138 = CARTESIAN_POINT ( 'NONE',  ( 1.141555847152307734, 0.3259286738427817909, 1.188805538276394458 ) ) ;
#7139 = CARTESIAN_POINT ( 'NONE',  ( 1.175252163962207996, 0.2694386262491972883, 0.9490437858913565172 ) ) ;
#7140 = ORIENTED_EDGE ( 'NONE', *, *, #6142, .T. ) ;
#7141 = VERTEX_POINT ( 'NONE', #7809 ) ;
#7142 = CARTESIAN_POINT ( 'NONE',  ( 1.151019164612842260, 0.4345417857818211771, 1.114285239210065726 ) ) ;
#7143 = VECTOR ( 'NONE', #4321, 1000.000000000000000 ) ;
#7144 = AXIS2_PLACEMENT_3D ( 'NONE', #974, #5906, #4903 ) ;
#7145 = EDGE_CURVE ( 'NONE', #222, #10547, #8910, .T. ) ;
#7146 = CARTESIAN_POINT ( 'NONE',  ( 1.182059149888240457, 0.1737081148940254616, 0.9006095643325694455 ) ) ;
#7147 = FILL_AREA_STYLE_COLOUR ( '', #1705 ) ;
#7148 = CARTESIAN_POINT ( 'NONE',  ( 1.158825100987614265, 0.2048696596458852992, 1.065928412408482684 ) ) ;
#7149 = FACE_OUTER_BOUND ( 'NONE', #5254, .T. ) ;
#7150 = ORIENTED_EDGE ( 'NONE', *, *, #4153, .T. ) ;
#7151 = VECTOR ( 'NONE', #1881, 1000.000000000000000 ) ;
#7152 = SURFACE_STYLE_USAGE ( .BOTH. , #2935 ) ;
#7153 = CARTESIAN_POINT ( 'NONE',  ( 1.183727723845321211, -0.2093904314435908742, 0.8887370437187993577 ) ) ;
#7154 = DIRECTION ( 'NONE',  ( 0.000000000000000000, 0.000000000000000000, -1.000000000000000000 ) ) ;
#7155 = CIRCLE ( 'NONE', #2552, 0.1000000000000000472 ) ;
#7156 = EDGE_LOOP ( 'NONE', ( #10463, #6171, #7212, #3614 ) ) ;
#7157 = FACE_BOUND ( 'NONE', #9997, .T. ) ;
#7158 = VECTOR ( 'NONE', #6100, 1000.000000000000000 ) ;
#7159 = VERTEX_POINT ( 'NONE', #7860 ) ;
#7160 = VERTEX_POINT ( 'NONE', #5532 ) ;
#7161 = VERTEX_POINT ( 'NONE', #6256 ) ;
#7162 = EDGE_CURVE ( 'NONE', #10323, #9090, #2250, .T. ) ;
#7163 =( NAMED_UNIT ( * ) PLANE_ANGLE_UNIT ( ) SI_UNIT ( $, .RADIAN. ) );
#7164 = CARTESIAN_POINT ( 'NONE',  ( 1.159337134290752580, -0.1503941615036764046, 1.062285106146480640 ) ) ;
#7165 =( NAMED_UNIT ( * ) PLANE_ANGLE_UNIT ( ) SI_UNIT ( $, .RADIAN. ) );
#7166 = CARTESIAN_POINT ( 'NONE',  ( 1.170746008738139610, 0.5855146352303389756, 0.9811067463370570785 ) ) ;
#7167 = DIRECTION ( 'NONE',  ( 0.000000000000000000, -1.000000000000000000, 0.000000000000000000 ) ) ;
#7168 = PLANE ( 'NONE',  #3537 ) ;
#7169 = SURFACE_STYLE_FILL_AREA ( #539 ) ;
#7170 = ORIENTED_EDGE ( 'NONE', *, *, #2648, .T. ) ;
#7171 = ORIENTED_EDGE ( 'NONE', *, *, #7262, .F. ) ;
#7172 = EDGE_LOOP ( 'NONE', ( #3845, #1606, #4134, #4432, #386, #439 ) ) ;
#7173 = CARTESIAN_POINT ( 'NONE',  ( -0.3981366483959006830, -0.8649999999999999911, 0.01000000000000002623 ) ) ;
#7174 = VECTOR ( 'NONE', #9071, 1000.000000000000114 ) ;
#7175 = CARTESIAN_POINT ( 'NONE',  ( 1.182041308380294087, 0.2063981037827952447, 0.8935512167236835390 ) ) ;
#7176 = CARTESIAN_POINT ( 'NONE',  ( -1.008476408045745121, -1.908476408045746364, 1.409999999999999920 ) ) ;
#7177 = CYLINDRICAL_SURFACE ( 'NONE', #1857, 0.1000000000000000472 ) ;
#7178 = CARTESIAN_POINT ( 'NONE',  ( 1.170450807817867256, 0.5203218138775312918, 0.9832072100271849191 ) ) ;
#7179 = CARTESIAN_POINT ( 'NONE',  ( 1.179501630957318081, -0.5390755146083651139, 0.9188072570980806431 ) ) ;
#7180 = CARTESIAN_POINT ( 'NONE',  ( -1.249999999999999778, 2.149999999999999467, 0.3999999999999999667 ) ) ;
#7181 = VERTEX_POINT ( 'NONE', #5420 ) ;
#7182 = CARTESIAN_POINT ( 'NONE',  ( 1.145789333529667831, -0.4722708841610119279, 1.151497420952471096 ) ) ;
#7183 =( GEOMETRIC_REPRESENTATION_CONTEXT ( 3 ) GLOBAL_UNCERTAINTY_ASSIGNED_CONTEXT ( ( #6916 ) ) GLOBAL_UNIT_ASSIGNED_CONTEXT ( ( #2417, #4945, #7034 ) ) REPRESENTATION_CONTEXT ( 'NONE', 'WORKASPACE' ) );
#7184 = CARTESIAN_POINT ( 'NONE',  ( 1.155082995204278706, 0.1757980283055244064, 1.092554878597189250 ) ) ;
#7185 = ORIENTED_EDGE ( 'NONE', *, *, #6570, .F. ) ;
#7186 = LINE ( 'NONE', #6217, #2980 ) ;
#7187 = ADVANCED_FACE ( 'NONE', ( #9592 ), #8176, .T. ) ;
#7188 = VERTEX_POINT ( 'NONE', #3775 ) ;
#7189 = CARTESIAN_POINT ( 'NONE',  ( -1.249999999999999334, -1.299999999999999156, 0.1100000000000000699 ) ) ;
#7190 = LINE ( 'NONE', #10442, #6307 ) ;
#7191 = VECTOR ( 'NONE', #5883, 999.9999999999998863 ) ;
#7192 = CARTESIAN_POINT ( 'NONE',  ( 1.192517840332156132, -0.4254209279661119170, 0.8190068184778128701 ) ) ;
#7193 = VERTEX_POINT ( 'NONE', #3006 ) ;
#7194 = EDGE_CURVE ( 'NONE', #8292, #3611, #8694, .T. ) ;
#7195 = EDGE_CURVE ( 'NONE', #2051, #338, #8762, .T. ) ;
#7196 = VERTEX_POINT ( 'NONE', #7972 ) ;
#7197 = DIRECTION ( 'NONE',  ( 0.1391731009600612190, 3.554004129277955428E-15, -0.9902680687415709171 ) ) ;
#7198 = EDGE_CURVE ( 'NONE', #5814, #1018, #2031, .T. ) ;
#7199 = CARTESIAN_POINT ( 'NONE',  ( 0.000000000000000000, -1.995405081827369198, 1.510000000000000009 ) ) ;
#7200 = CARTESIAN_POINT ( 'NONE',  ( 1.177830830824449393, 0.4752795009424437556, 0.9306956177756503523 ) ) ;
#7201 = CARTESIAN_POINT ( 'NONE',  ( 1.157548314378597842, 0.4046279505285418354, 1.067827924653895977 ) ) ;
#7202 = ORIENTED_EDGE ( 'NONE', *, *, #5657, .F. ) ;
#7203 = CARTESIAN_POINT ( 'NONE',  ( 1.177613294576437708, 0.2829762743196017616, 0.9250581720739429192 ) ) ;
#7204 = CARTESIAN_POINT ( 'NONE',  ( 1.177613294576437708, 0.2829762743196017616, 0.9250581720739428082 ) ) ;
#7205 = DIRECTION ( 'NONE',  ( -0.9902680687415706950, -1.431534388630178744E-16, -0.1391731009600623292 ) ) ;
#7206 = EDGE_CURVE ( 'NONE', #4507, #8650, #5704, .T. ) ;
#7207 = CARTESIAN_POINT ( 'NONE',  ( 1.173246534180400813, 0.2972625480897385652, 0.9633145833151405268 ) ) ;
#7208 = CARTESIAN_POINT ( 'NONE',  ( 1.181433557292300485, -0.3004876231897625205, 0.9050608869482689167 ) ) ;
#7209 = DIRECTION ( 'NONE',  ( -0.1391731009600623570, 0.000000000000000000, 0.9902680687415708061 ) ) ;
#7210 = ORIENTED_EDGE ( 'NONE', *, *, #5722, .T. ) ;
#7211 = CARTESIAN_POINT ( 'NONE',  ( 1.151585118292094201, -0.5347375282747645064, 1.110258269536446907 ) ) ;
#7212 = ORIENTED_EDGE ( 'NONE', *, *, #7776, .F. ) ;
#7213 = ORIENTED_EDGE ( 'NONE', *, *, #10378, .F. ) ;
#7214 = FACE_OUTER_BOUND ( 'NONE', #7482, .T. ) ;
#7215 = DIRECTION ( 'NONE',  ( -0.000000000000000000, -1.000000000000000000, -0.000000000000000000 ) ) ;
#7216 = CARTESIAN_POINT ( 'NONE',  ( 1.165350104943743359, -0.5755143896521992541, 1.012315300286276809 ) ) ;
#7217 = FILL_AREA_STYLE_COLOUR ( '', #3607 ) ;
#7218 = CARTESIAN_POINT ( 'NONE',  ( -0.9149999999999990363, 0.2000000000000007327, 0.01000000000000002623 ) ) ;
#7219 = CARTESIAN_POINT ( 'NONE',  ( 1.179184805357776034, 0.3026900844129644108, 0.9138762918420080261 ) ) ;
#7220 = CARTESIAN_POINT ( 'NONE',  ( 1.171857353379131883, 0.6630597806290535745, 0.9731991183274090185 ) ) ;
#7221 = EDGE_CURVE ( 'NONE', #64, #9060, #9963, .T. ) ;
#7222 = DIRECTION ( 'NONE',  ( -0.1313021986737270552, 0.3315284183576443500, 0.9342636889255215848 ) ) ;
#7223 = VERTEX_POINT ( 'NONE', #7446 ) ;
#7224 = SURFACE_STYLE_USAGE ( .BOTH. , #7963 ) ;
#7225 = PRESENTATION_STYLE_ASSIGNMENT (( #2420 ) ) ;
#7226 = VERTEX_POINT ( 'NONE', #8971 ) ;
#7227 = ORIENTED_EDGE ( 'NONE', *, *, #521, .F. ) ;
#7228 = B_SPLINE_CURVE_WITH_KNOTS ( 'NONE', 3,
 ( #3327, #102, #4762, #3467 ),
 .UNSPECIFIED., .F., .F.,
 ( 4, 4 ),
 ( 12.00000000000000000, 13.00000000000000000 ),
 .UNSPECIFIED. ) ;
#7229 = CARTESIAN_POINT ( 'NONE',  ( 1.172403866571737563, 0.2653835703756076136, 0.9621251783695291548 ) ) ;
#7230 = DIRECTION ( 'NONE',  ( 0.1309554564909953256, -0.3385350343141447782, -0.9317964900970360231 ) ) ;
#7231 = SURFACE_STYLE_USAGE ( .BOTH. , #10426 ) ;
#7232 = EDGE_LOOP ( 'NONE', ( #5188, #5537, #6704, #7325 ) ) ;
#7233 = DIRECTION ( 'NONE',  ( -0.9902680687415706950, 0.000000000000000000, -0.1391731009600623292 ) ) ;
#7234 = EDGE_CURVE ( 'NONE', #9221, #7401, #4423, .T. ) ;
#7235 = CARTESIAN_POINT ( 'NONE',  ( 1.142287713593042042, -0.1547321230152597926, 1.176412741428834563 ) ) ;
#7236 = PRESENTATION_LAYER_ASSIGNMENT (  '', '', ( #1246 ) ) ;
#7237 = ORIENTED_EDGE ( 'NONE', *, *, #6631, .F. ) ;
#7238 = CARTESIAN_POINT ( 'NONE',  ( 1.178603562645179403, 0.2829762743196017616, 0.9251973451749029298 ) ) ;
#7239 = SURFACE_STYLE_USAGE ( .BOTH. , #667 ) ;
#7240 = CARTESIAN_POINT ( 'NONE',  ( 1.141269328612032785, 0.2097357266941085041, 1.190844223622766540 ) ) ;
#7241 = CARTESIAN_POINT ( 'NONE',  ( 1.158538582447339982, 0.1422970282421217592, 1.067967097754855210 ) ) ;
#7242 = CARTESIAN_POINT ( 'NONE',  ( 1.176623980003365544, 0.2490385759310174418, 0.9392828075674253263 ) ) ;
#7243 = CARTESIAN_POINT ( 'NONE',  ( 1.142519114585270890, 0.3859435007719920208, 1.174766237815001224 ) ) ;
#7244 = VECTOR ( 'NONE', #5029, 1000.000000000000000 ) ;
#7245 = COLOUR_RGB ( '',0.2509803921568627416, 0.2509803921568627416, 0.2509803921568627416 ) ;
#7246 = DIRECTION ( 'NONE',  ( 0.000000000000000000, 0.000000000000000000, 1.000000000000000000 ) ) ;
#7247 = FACE_OUTER_BOUND ( 'NONE', #9565, .T. ) ;
#7248 = PLANE ( 'NONE',  #7253 ) ;
#7249 = CARTESIAN_POINT ( 'NONE',  ( 1.168247992143178537, -0.3872468368763390401, 0.9916957614485308881 ) ) ;
#7250 = ORIENTED_EDGE ( 'NONE', *, *, #9366, .F. ) ;
#7251 = ORIENTED_EDGE ( 'NONE', *, *, #4893, .F. ) ;
#7252 = CARTESIAN_POINT ( 'NONE',  ( 1.182041308380294087, 0.2063981037827952447, 0.8935512167236835390 ) ) ;
#7253 = AXIS2_PLACEMENT_3D ( 'NONE', #4589, #8829, #1478 ) ;
#7254 =( GEOMETRIC_REPRESENTATION_CONTEXT ( 3 ) GLOBAL_UNCERTAINTY_ASSIGNED_CONTEXT ( ( #10228 ) ) GLOBAL_UNIT_ASSIGNED_CONTEXT ( ( #2572, #5898, #3487 ) ) REPRESENTATION_CONTEXT ( 'NONE', 'WORKASPACE' ) );
#7255 = EDGE_CURVE ( 'NONE', #8958, #4571, #2627, .T. ) ;
#7256 = EDGE_CURVE ( 'NONE', #9511, #5819, #2527, .T. ) ;
#7257 = FACE_OUTER_BOUND ( 'NONE', #10096, .T. ) ;
#7258 = VERTEX_POINT ( 'NONE', #4035 ) ;
#7259 = ORIENTED_EDGE ( 'NONE', *, *, #7206, .F. ) ;
#7260 = SURFACE_STYLE_FILL_AREA ( #8785 ) ;
#7261 = VECTOR ( 'NONE', #9097, 1000.000000000000000 ) ;
#7262 = EDGE_CURVE ( 'NONE', #9054, #9365, #4150, .T. ) ;
#7263 = VECTOR ( 'NONE', #3299, 1000.000000000000227 ) ;
#7264 = CARTESIAN_POINT ( 'NONE',  ( 1.185766526151469158, 0.2725890927357904614, 0.8742302115197044809 ) ) ;
#7265 = PLANE ( 'NONE',  #9588 ) ;
#7266 = AXIS2_PLACEMENT_3D ( 'NONE', #280, #5905, #224 ) ;
#7267 = EDGE_LOOP ( 'NONE', ( #6199, #3224, #7185, #10040, #36, #5243 ) ) ;
#7268 = DIRECTION ( 'NONE',  ( -0.04613983803820930624, -0.9434452330824958377, 0.3283020065727941805 ) ) ;
#7269 = ORIENTED_EDGE ( 'NONE', *, *, #10011, .T. ) ;
#7270 = ORIENTED_EDGE ( 'NONE', *, *, #9902, .F. ) ;
#7271 = EDGE_CURVE ( 'NONE', #7524, #4071, #914, .T. ) ;
#7272 = B_SPLINE_CURVE_WITH_KNOTS ( 'NONE', 3,
 ( #2433, #5711, #5765, #4203 ),
 .UNSPECIFIED., .F., .F.,
 ( 4, 4 ),
 ( 28.00000000000000000, 29.00000000000000000 ),
 .UNSPECIFIED. ) ;
#7273 = EDGE_CURVE ( 'NONE', #3874, #222, #2111, .T. ) ;
#7274 = CARTESIAN_POINT ( 'NONE',  ( 1.184489739542452513, 0.5045694814458165922, 0.8761297237651194392 ) ) ;
#7275 = DIRECTION ( 'NONE',  ( 0.1391731009601304692, 0.000000000000000000, -0.9902680687415611471 ) ) ;
#7276 = ADVANCED_FACE ( 'NONE', ( #6654 ), #10443, .F. ) ;
#7277 = CARTESIAN_POINT ( 'NONE',  ( 1.147954284470145803, 0.2788276402336486992, 1.136092994580147009 ) ) ;
#7278 = CARTESIAN_POINT ( 'NONE',  ( 1.144116672506718446, 0.4211601013982697594, 1.163399022550977158 ) ) ;
#7279 = ORIENTED_EDGE ( 'NONE', *, *, #2948, .T. ) ;
#7280 = FACE_BOUND ( 'NONE', #590, .T. ) ;
#7281 = CARTESIAN_POINT ( 'NONE',  ( 1.141269328612032785, 0.1916127462129770254, 1.190844223622766540 ) ) ;
#7282 = EDGE_LOOP ( 'NONE', ( #7071, #677, #4556, #4137 ) ) ;
#7283 = EDGE_LOOP ( 'NONE', ( #3582, #4033, #1915, #9619 ) ) ;
#7284 = EDGE_CURVE ( 'NONE', #3296, #116, #3244, .T. ) ;
#7285 = DIRECTION ( 'NONE',  ( 0.000000000000000000, 0.000000000000000000, -1.000000000000000000 ) ) ;
#7286 = CARTESIAN_POINT ( 'NONE',  ( 1.166098876463074863, -0.5208560481278448062, 1.014172810622970156 ) ) ;
#7287 = PRESENTATION_STYLE_ASSIGNMENT (( #7506 ) ) ;
#7288 = CARTESIAN_POINT ( 'NONE',  ( 1.153884826763192928, 0.1678126875081609737, 1.101080290045206356 ) ) ;
#7289 = CARTESIAN_POINT ( 'NONE',  ( 1.170667867318159638, 0.6650561158286005803, 0.9816627514308489122 ) ) ;
#7290 = CARTESIAN_POINT ( 'NONE',  ( 1.165350104943743359, -0.5755143896521992541, 1.012315300286276809 ) ) ;
#7291 = CARTESIAN_POINT ( 'NONE',  ( 1.193508108400897827, -0.3872468534243500571, 0.8191459915787731028 ) ) ;
#7292 = LINE ( 'NONE', #10546, #10261 ) ;
#7293 = VERTEX_POINT ( 'NONE', #5708 ) ;
#7294 = CARTESIAN_POINT ( 'NONE',  ( -1.249999999999999334, -1.700000000000000178, 0.1100000000000000699 ) ) ;
#7295 =( NAMED_UNIT ( * ) SI_UNIT ( $, .STERADIAN. ) SOLID_ANGLE_UNIT ( ) );
#7296 = CARTESIAN_POINT ( 'NONE',  ( 1.176432967643182392, 0.2647909083631491134, 0.9406419311316712717 ) ) ;
#7297 = B_SPLINE_CURVE_WITH_KNOTS ( 'NONE', 3,
 ( #2342, #9624, #7380, #626 ),
 .UNSPECIFIED., .F., .F.,
 ( 4, 4 ),
 ( 18.00000000000000000, 19.00000000000000000 ),
 .UNSPECIFIED. ) ;
#7298 = VERTEX_POINT ( 'NONE', #8303 ) ;
#7299 = CARTESIAN_POINT ( 'NONE',  ( 1.151826609083908659, -0.1078821254503317811, 1.108539973268134027 ) ) ;
#7300 = ORIENTED_EDGE ( 'NONE', *, *, #7198, .F. ) ;
#7301 = CARTESIAN_POINT ( 'NONE',  ( 1.186263386947868481, -0.3881144490365188715, 0.8706948632527670151 ) ) ;
#7302 = EDGE_CURVE ( 'NONE', #451, #9295, #1682, .T. ) ;
#7303 = SURFACE_SIDE_STYLE ('',( #4050 ) ) ;
#7304 = CARTESIAN_POINT ( 'NONE',  ( 1.175946754362842350, 0.2647909083631490024, 0.9441015183852240478 ) ) ;
#7305 = AXIS2_PLACEMENT_3D ( 'NONE', #6725, #9829, #2496 ) ;
#7306 = CARTESIAN_POINT ( 'NONE',  ( 1.138303111352870545, -0.1877006238852568787, 1.204764659564297791 ) ) ;
#7307 = CARTESIAN_POINT ( 'NONE',  ( 1.151585118292094201, -0.5347375282747645064, 1.110258269536446907 ) ) ;
#7308 = ORIENTED_EDGE ( 'NONE', *, *, #3302, .T. ) ;
#7309 = ORIENTED_EDGE ( 'NONE', *, *, #10143, .T. ) ;
#7310 = CARTESIAN_POINT ( 'NONE',  ( 1.172455960851840118, 0.1753613299807503800, 0.9617545083061769251 ) ) ;
#7311 = CARTESIAN_POINT ( 'NONE',  ( 1.249998436620934461, -2.050645677516103493, 0.4100111240200403073 ) ) ;
#7312 = B_SPLINE_SURFACE_WITH_KNOTS ( 'NONE', 3, 1, ( 
 ( #928, #3407 ),
 ( #9925, #6668 ),
 ( #7515, #195 ),
 ( #9974, #5919 ) ),
 .UNSPECIFIED., .F., .F., .F.,
 ( 4, 4 ),
 ( 2, 2 ),
 ( 21.00000000000000000, 22.00000000000000000 ),
 ( 0.000000000000000000, 1.000000000000000000 ),
 .UNSPECIFIED. ) ;
#7313 = VECTOR ( 'NONE', #7839, 1000.000000000000000 ) ;
#7314 = CARTESIAN_POINT ( 'NONE',  ( 1.150238227159948945, 0.1638200171098933289, 1.127027194451787784 ) ) ;
#7315 = CARTESIAN_POINT ( 'NONE',  ( 0.9603449703918833791, 1.860344970391882624, 1.752472974177124554 ) ) ;
#7316 = ORIENTED_EDGE ( 'NONE', *, *, #10379, .F. ) ;
#7317 = SPHERICAL_SURFACE ( 'NONE', #1328, 0.1000000000000000056 ) ;
#7318 = DIRECTION ( 'NONE',  ( -0.000000000000000000, 1.000000000000000000, 3.369671389640714812E-15 ) ) ;
#7319 = AXIS2_PLACEMENT_3D ( 'NONE', #2591, #1701, #9248 ) ;
#7320 = PRESENTATION_LAYER_ASSIGNMENT (  '', '', ( #3741 ) ) ;
#7321 = VERTEX_POINT ( 'NONE', #3351 ) ;
#7322 = DIRECTION ( 'NONE',  ( -0.9902680687415706950, -1.431534388630178744E-16, -0.1391731009600623292 ) ) ;
#7323 = VERTEX_POINT ( 'NONE', #3301 ) ;
#7324 = CARTESIAN_POINT ( 'NONE',  ( 1.146321997028706630, 0.4511051293881749302, 1.147707323219189890 ) ) ;
#7325 = ORIENTED_EDGE ( 'NONE', *, *, #5382, .T. ) ;
#7326 = ORIENTED_EDGE ( 'NONE', *, *, #4275, .T. ) ;
#7327 = EDGE_CURVE ( 'NONE', #6167, #4787, #4849, .T. ) ;
#7328 = VECTOR ( 'NONE', #5985, 1000.000000000000000 ) ;
#7329 = AXIS2_PLACEMENT_3D ( 'NONE', #6783, #1761, #9681 ) ;
#7330 = VECTOR ( 'NONE', #10331, 1000.000000000000114 ) ;
#7331 =( NAMED_UNIT ( * ) PLANE_ANGLE_UNIT ( ) SI_UNIT ( $, .RADIAN. ) );
#7332 = DIRECTION ( 'NONE',  ( -0.9902680687415706950, -1.431534388630178744E-16, -0.1391731009600623292 ) ) ;
#7333 = CYLINDRICAL_SURFACE ( 'NONE', #9412, 0.09999999999999992228 ) ;
#7334 = CARTESIAN_POINT ( 'NONE',  ( 1.166340373012484832, -0.5755143896521992541, 1.012454473387236931 ) ) ;
#7335 = VECTOR ( 'NONE', #4771, 1000.000000000000114 ) ;
#7336 = DIRECTION ( 'NONE',  ( 0.000000000000000000, 0.000000000000000000, -1.000000000000000000 ) ) ;
#7337 = AXIS2_PLACEMENT_3D ( 'NONE', #4665, #6148, #7904 ) ;
#7338 = EDGE_CURVE ( 'NONE', #9221, #2706, #9812, .T. ) ;
#7339 = EDGE_CURVE ( 'NONE', #2957, #9910, #8668, .T. ) ;
#7340 = VERTEX_POINT ( 'NONE', #9860 ) ;
#7341 = VERTEX_POINT ( 'NONE', #9079 ) ;
#7342 = EDGE_CURVE ( 'NONE', #3268, #7323, #1737, .T. ) ;
#7343 = VECTOR ( 'NONE', #779, 1000.000000000000000 ) ;
#7344 = VERTEX_POINT ( 'NONE', #2793 ) ;
#7345 = ORIENTED_EDGE ( 'NONE', *, *, #861, .T. ) ;
#7346 = CARTESIAN_POINT ( 'NONE',  ( 1.173046362692385047, 0.2588330955027907110, 0.9575535809259244635 ) ) ;
#7347 = CARTESIAN_POINT ( 'NONE',  ( 1.178273632204800414, 0.1871209920142029304, 0.9275449222408719274 ) ) ;
#7348 =( LENGTH_UNIT ( ) NAMED_UNIT ( * ) SI_UNIT ( .MILLI., .METRE. ) );
#7349 = CARTESIAN_POINT ( 'NONE',  ( 1.185045888610841258, 0.2065228747330227765, 0.8793578140571036705 ) ) ;
#7350 = CARTESIAN_POINT ( 'NONE',  ( 1.180244055718781659, 0.2881854614802366044, 0.9063393338948839695 ) ) ;
#7351 = CARTESIAN_POINT ( 'NONE',  ( 1.179393659225793867, 0.2129485786556120641, 0.9195755158874669988 ) ) ;
#7352 = CARTESIAN_POINT ( 'NONE',  ( 1.185480007611194209, 0.7030800628290645449, 0.8762688968660802269 ) ) ;
#7353 = LINE ( 'NONE', #7451, #10001 ) ;
#7354 = ORIENTED_EDGE ( 'NONE', *, *, #10553, .T. ) ;
#7355 = CARTESIAN_POINT ( 'NONE',  ( 1.185538906511674595, -0.1842302414374129838, 0.8758498094129215650 ) ) ;
#7356 = EDGE_CURVE ( 'NONE', #5412, #9295, #7837, .T. ) ;
#7357 = ORIENTED_EDGE ( 'NONE', *, *, #6693, .T. ) ;
#7358 = DIRECTION ( 'NONE',  ( 0.7895586621752355150, -0.6136750923608130792, 0.000000000000000000 ) ) ;
#7359 = ORIENTED_EDGE ( 'NONE', *, *, #5371, .T. ) ;
#7360 = VECTOR ( 'NONE', #7806, 1000.000000000000000 ) ;
#7361 = FACE_OUTER_BOUND ( 'NONE', #2343, .T. ) ;
#7362 = CARTESIAN_POINT ( 'NONE',  ( 1.158577653157402132, 0.2234683293740191146, 1.067689095207444927 ) ) ;
#7363 = CARTESIAN_POINT ( 'NONE',  ( 1.158538582447339982, 0.07794641080098867192, 1.067967097754854988 ) ) ;
#7364 = PLANE ( 'NONE',  #7305 ) ;
#7365 = LINE ( 'NONE', #6339, #7828 ) ;
#7366 = CARTESIAN_POINT ( 'NONE',  ( 1.172082618511471219, 0.2829762743196016506, 0.9644109770909219392 ) ) ;
#7367 = VERTEX_POINT ( 'NONE', #8480 ) ;
#7368 = VECTOR ( 'NONE', #7197, 1000.000000000000000 ) ;
#7369 = EDGE_CURVE ( 'NONE', #959, #14, #1998, .T. ) ;
#7370 = CARTESIAN_POINT ( 'NONE',  ( 1.171857353379131661, 0.6630597806290534635, 0.9731991183274089074 ) ) ;
#7371 = B_SPLINE_CURVE_WITH_KNOTS ( 'NONE', 3,
 ( #467, #9507, #4491, #3093 ),
 .UNSPECIFIED., .F., .F.,
 ( 4, 4 ),
 ( 4.000000000000000000, 5.000000000000000000 ),
 .UNSPECIFIED. ) ;
#7372 = CARTESIAN_POINT ( 'NONE',  ( 1.146030824321482955, -0.4150097971705957178, 1.149779124684155995 ) ) ;
#7373 = CARTESIAN_POINT ( 'NONE',  ( 1.156012009865085011, 0.4128316404889112445, 1.085944595808034485 ) ) ;
#7374 =( NAMED_UNIT ( * ) SI_UNIT ( $, .STERADIAN. ) SOLID_ANGLE_UNIT ( ) );
#7375 = LINE ( 'NONE', #2023, #6998 ) ;
#7376 = CARTESIAN_POINT ( 'NONE',  ( -0.9774459752565349824, -1.877445975256535782, 1.630793001940830544 ) ) ;
#7377 =( NAMED_UNIT ( * ) PLANE_ANGLE_UNIT ( ) SI_UNIT ( $, .RADIAN. ) );
#7378 = EDGE_LOOP ( 'NONE', ( #5707, #4397, #1697, #9932 ) ) ;
#7379 = SURFACE_SIDE_STYLE ('',( #8136 ) ) ;
#7380 = CARTESIAN_POINT ( 'NONE',  ( 1.153034057285735159, -0.4818143945223430369, 1.099948532891509068 ) ) ;
#7381 = EDGE_LOOP ( 'NONE', ( #527, #1821, #4611, #6791 ) ) ;
#7382 = CARTESIAN_POINT ( 'NONE',  ( -1.249999999999999556, 0.2000000000000005662, 0.4000000000000000222 ) ) ;
#7383 = ORIENTED_EDGE ( 'NONE', *, *, #8050, .F. ) ;
#7384 = ORIENTED_EDGE ( 'NONE', *, *, #4471, .T. ) ;
#7385 = CARTESIAN_POINT ( 'NONE',  ( 1.155734173704808354, 0.2386513943472005073, 1.087921502810651919 ) ) ;
#7386 = CARTESIAN_POINT ( 'NONE',  ( 1.185480007611194209, 0.7204856103475046902, 0.8762688968660802269 ) ) ;
#7387 = CARTESIAN_POINT ( 'NONE',  ( 1.184331451400734592, -0.4965634868294417914, 0.8844412989504427669 ) ) ;
#7388 = LINE ( 'NONE', #2418, #8124 ) ;
#7389 = PLANE ( 'NONE',  #4374 ) ;
#7390 = CARTESIAN_POINT ( 'NONE',  ( 1.146782163169053126, 0.4345417857818210661, 1.144433070996901503 ) ) ;
#7391 = B_SPLINE_CURVE_WITH_KNOTS ( 'NONE', 3,
 ( #3215, #2463, #1009, #3628 ),
 .UNSPECIFIED., .F., .F.,
 ( 4, 4 ),
 ( 12.00000000000000000, 13.00000000000000000 ),
 .UNSPECIFIED. ) ;
#7392 = ORIENTED_EDGE ( 'NONE', *, *, #1534, .F. ) ;
#7393 = ORIENTED_EDGE ( 'NONE', *, *, #8061, .T. ) ;
#7394 = ORIENTED_EDGE ( 'NONE', *, *, #1249, .F. ) ;
#7395 = ORIENTED_EDGE ( 'NONE', *, *, #4969, .F. ) ;
#7396 = CARTESIAN_POINT ( 'NONE',  ( 1.142736174085447365, 0.5126172077172520547, 1.173221779219489447 ) ) ;
#7397 = ADVANCED_FACE ( 'NONE', ( #7552 ), #426, .F. ) ;
#7398 = CARTESIAN_POINT ( 'NONE',  ( -1.249999999999999334, -2.050322840650756984, 0.4099999999999706102 ) ) ;
#7399 = EDGE_CURVE ( 'NONE', #9228, #9897, #5267, .T. ) ;
#7400 = CARTESIAN_POINT ( 'NONE',  ( 1.178273632204800414, 0.1871209920142029304, 0.9275449222408719274 ) ) ;
#7401 = VERTEX_POINT ( 'NONE', #5954 ) ;
#7402 = DIRECTION ( 'NONE',  ( -0.1391731009600769009, -0.000000000000000000, 0.9902680687415688077 ) ) ;
#7403 = LINE ( 'NONE', #2372, #8627 ) ;
#7404 = CARTESIAN_POINT ( 'NONE',  ( 1.153034057285735159, -0.4340968178936723265, 1.099948532891509068 ) ) ;
#7405 = SURFACE_SIDE_STYLE ('',( #7613 ) ) ;
#7406 = EDGE_CURVE ( 'NONE', #7798, #1167, #10112, .T. ) ;
#7407 = EDGE_LOOP ( 'NONE', ( #3100, #5631, #5266, #9586 ) ) ;
#7408 = CARTESIAN_POINT ( 'NONE',  ( 1.143509382654012363, 0.3675085929167393739, 1.174905410915961124 ) ) ;
#7409 = B_SPLINE_SURFACE_WITH_KNOTS ( 'NONE', 3, 1, ( 
 ( #7242, #4858 ),
 ( #5720, #1639 ),
 ( #2262, #4744 ),
 ( #9767, #670 ) ),
 .UNSPECIFIED., .F., .F., .F.,
 ( 4, 4 ),
 ( 2, 2 ),
 ( 5.000000000000000000, 6.000000000000000000 ),
 ( 0.000000000000000000, 1.000000000000000000 ),
 .UNSPECIFIED. ) ;
#7410 = CARTESIAN_POINT ( 'NONE',  ( 1.173810412133001968, 0.1848439221775698693, 0.9521170866697550306 ) ) ;
#7411 = VERTEX_POINT ( 'NONE', #6901 ) ;
#7412 = VERTEX_POINT ( 'NONE', #9231 ) ;
#7413 = CARTESIAN_POINT ( 'NONE',  ( 1.141555847152307734, 0.2630753078015175550, 1.188805538276394458 ) ) ;
#7414 = EDGE_LOOP ( 'NONE', ( #7753, #617, #2024, #5495 ) ) ;
#7415 = B_SPLINE_CURVE_WITH_KNOTS ( 'NONE', 3,
 ( #8089, #7281, #5702, #1620 ),
 .UNSPECIFIED., .F., .F.,
 ( 4, 4 ),
 ( 4.000000000000000000, 5.000000000000000000 ),
 .UNSPECIFIED. ) ;
#7416 = ADVANCED_FACE ( 'NONE', ( #1128 ), #4569, .T. ) ;
#7417 = CARTESIAN_POINT ( 'NONE',  ( 1.180226102181359815, -0.3004876231897625205, 0.9136523764857953367 ) ) ;
#7418 = CARTESIAN_POINT ( 'NONE',  ( 1.158538582447339760, 0.3517562604841873442, 1.067967097754855876 ) ) ;
#7419 = CARTESIAN_POINT ( 'NONE',  ( 1.172403866571737563, 0.2653835703756076136, 0.9621251783695292659 ) ) ;
#7420 = EDGE_CURVE ( 'NONE', #4684, #4093, #9371, .T. ) ;
#7421 = ORIENTED_EDGE ( 'NONE', *, *, #6678, .F. ) ;
#7422 = CIRCLE ( 'NONE', #1785, 0.1000000000000000472 ) ;
#7423 = CARTESIAN_POINT ( 'NONE',  ( 1.168497272316162627, 0.5045694814458161481, 0.9971073373876174761 ) ) ;
#7424 = CIRCLE ( 'NONE', #4008, 0.1000000000000000472 ) ;
#7425 = CARTESIAN_POINT ( 'NONE',  ( 1.169990164929685994, 0.5650521994372486034, 0.9792995579522519867 ) ) ;
#7426 = EDGE_CURVE ( 'NONE', #926, #3035, #1835, .T. ) ;
#7427 = CIRCLE ( 'NONE', #9825, 0.09999999999999999167 ) ;
#7428 = CARTESIAN_POINT ( 'NONE',  ( 1.142519114585270890, 0.4004793164421724394, 1.174766237815001224 ) ) ;
#7429 = PLANE ( 'NONE',  #4772 ) ;
#7430 = VECTOR ( 'NONE', #6415, 1000.000000000000227 ) ;
#7431 = SURFACE_STYLE_FILL_AREA ( #4174 ) ;
#7432 = VERTEX_POINT ( 'NONE', #1034 ) ;
#7433 = AXIS2_PLACEMENT_3D ( 'NONE', #9585, #3817, #5524 ) ;
#7434 = FACE_OUTER_BOUND ( 'NONE', #6134, .T. ) ;
#7435 = ORIENTED_EDGE ( 'NONE', *, *, #7835, .T. ) ;
#7436 = CARTESIAN_POINT ( 'NONE',  ( 1.140718021718619468, -0.3768357391772623188, 1.187581679465573581 ) ) ;
#7437 = VERTEX_POINT ( 'NONE', #8417 ) ;
#7438 = VERTEX_POINT ( 'NONE', #7611 ) ;
#7439 = MECHANICAL_DESIGN_GEOMETRIC_PRESENTATION_REPRESENTATION (  '', ( #97 ), #2130 ) ;
#7440 = EDGE_CURVE ( 'NONE', #1480, #3059, #7486, .T. ) ;
#7441 = VECTOR ( 'NONE', #3798, 1000.000000000000227 ) ;
#7442 = CARTESIAN_POINT ( 'NONE',  ( 1.147021092390224650, -0.4150097971705957178, 1.149918297785116117 ) ) ;
#7443 = ORIENTED_EDGE ( 'NONE', *, *, #4661, .T. ) ;
#7444 = ORIENTED_EDGE ( 'NONE', *, *, #5717, .F. ) ;
#7445 = ORIENTED_EDGE ( 'NONE', *, *, #10076, .T. ) ;
#7446 = CARTESIAN_POINT ( 'NONE',  ( 1.167507004247420710, 0.6740084314887033745, 0.9969681642866580207 ) ) ;
#7447 = B_SPLINE_CURVE_WITH_KNOTS ( 'NONE', 3,
 ( #5607, #7304, #3263, #2444 ),
 .UNSPECIFIED., .F., .F.,
 ( 4, 4 ),
 ( 12.00000000000000000, 13.00000000000000000 ),
 .UNSPECIFIED. ) ;
#7448 = CARTESIAN_POINT ( 'NONE',  ( 1.141555847152307512, 0.5211952105270740709, 1.188805538276395346 ) ) ;
#7449 = CARTESIAN_POINT ( 'NONE',  ( -1.249999999999999334, -2.150000000000000355, 0.1100000000000000699 ) ) ;
#7450 = CARTESIAN_POINT ( 'NONE',  ( -1.249995309899464280, 2.050968503025306422, 0.4100333717993152605 ) ) ;
#7451 = CARTESIAN_POINT ( 'NONE',  ( 1.185480007611194431, 0.2129485786556121751, 0.8762688968660785616 ) ) ;
#7452 = VERTEX_POINT ( 'NONE', #331 ) ;
#7453 = CARTESIAN_POINT ( 'NONE',  ( 1.156197750541907432, -0.5607653200988230724, 1.084622982219958898 ) ) ;
#7454 = CARTESIAN_POINT ( 'NONE',  ( 1.188379445785982647, 0.3275818889295040170, 0.8484530257309359502 ) ) ;
#7455 = DIRECTION ( 'NONE',  ( 0.9902680687415691407, -0.000000000000000000, 0.1391731009600742086 ) ) ;
#7456 = ORIENTED_EDGE ( 'NONE', *, *, #7120, .F. ) ;
#7457 = ADVANCED_FACE ( 'NONE', ( #4404 ), #1677, .T. ) ;
#7458 = VECTOR ( 'NONE', #8245, 1000.000000000000000 ) ;
#7459 = ADVANCED_FACE ( 'NONE', ( #8852 ), #3052, .F. ) ;
#7460 = ORIENTED_EDGE ( 'NONE', *, *, #2518, .T. ) ;
#7461 = CARTESIAN_POINT ( 'NONE',  ( 1.177830830824449393, 0.4752795009424437556, 0.9306956177756503523 ) ) ;
#7462 = LINE ( 'NONE', #5667, #13 ) ;
#7463 = FACE_OUTER_BOUND ( 'NONE', #9478, .T. ) ;
#7465 = FACE_OUTER_BOUND ( 'NONE', #2866, .T. ) ;
#7464 = CARTESIAN_POINT ( 'NONE',  ( 1.183604613529585903, 0.2129485786556121751, 0.8896130191318960545 ) ) ;
#7466 = CARTESIAN_POINT ( 'NONE',  ( 1.175885977702742391, 0.4316408611952771701, 0.9445339667923290383 ) ) ;
#7467 = DIRECTION ( 'NONE',  ( -0.000000000000000000, 0.000000000000000000, -1.000000000000000000 ) ) ;
#7468 = VERTEX_POINT ( 'NONE', #4718 ) ;
#7469 = CARTESIAN_POINT ( 'NONE',  ( 1.184811464350669086, 0.1656915813592096387, 0.8810258293401249663 ) ) ;
#7470 = EDGE_CURVE ( 'NONE', #5662, #9848, #6844, .T. ) ;
#7471 = ADVANCED_FACE ( 'NONE', ( #3107 ), #6252, .T. ) ;
#7472 = LINE ( 'NONE', #6676, #7072 ) ;
#7473 = DIRECTION ( 'NONE',  ( 2.168404344971007685E-15, 1.000000000000000000, 0.000000000000000000 ) ) ;
#7474 = ADVANCED_FACE ( 'NONE', ( #7214 ), #8961, .T. ) ;
#7475 = LINE ( 'NONE', #3275, #6760 ) ;
#7476 = DIRECTION ( 'NONE',  ( 0.000000000000000000, -0.000000000000000000, 1.000000000000000000 ) ) ;
#7477 = CARTESIAN_POINT ( 'NONE',  ( 1.179775683946156839, 0.1925485283374320233, 0.9168572687589697789 ) ) ;
#7478 = CARTESIAN_POINT ( 'NONE',  ( 1.178542785985079222, 0.2533743664421076458, 0.9256297935820079203 ) ) ;
#7479 = FACE_OUTER_BOUND ( 'NONE', #9656, .T. ) ;
#7480 = CARTESIAN_POINT ( 'NONE',  ( 1.184455010022461341, 0.2914606989166453888, 0.8763768371401370327 ) ) ;
#7481 = CARTESIAN_POINT ( 'NONE',  ( 1.172353339059514443, -0.3221774142005019992, 0.9624847003001492096 ) ) ;
#7482 = EDGE_LOOP ( 'NONE', ( #3595, #7171, #8866, #5071, #6262, #9491 ) ) ;
#7483 = VECTOR ( 'NONE', #7706, 1000.000000000000227 ) ;
#7484 = CARTESIAN_POINT ( 'NONE',  ( 1.175547364882480350, 0.2490385759310173308, 0.9469433222012310081 ) ) ;
#7485 = VECTOR ( 'NONE', #7105, 1000.000000000000114 ) ;
#7486 = B_SPLINE_CURVE_WITH_KNOTS ( 'NONE', 3,
 ( #1079, #4359, #9284, #6807 ),
 .UNSPECIFIED., .F., .F.,
 ( 4, 4 ),
 ( 2.000000000000000000, 3.000000000000000000 ),
 .UNSPECIFIED. ) ;
#7487 = ADVANCED_FACE ( 'NONE', ( #4996 ), #747, .F. ) ;
#7488 = VERTEX_POINT ( 'NONE', #4832 ) ;
#7489 = B_SPLINE_CURVE_WITH_KNOTS ( 'NONE', 3,
 ( #3312, #5540, #8981, #3131 ),
 .UNSPECIFIED., .F., .F.,
 ( 4, 4 ),
 ( 21.00000000000000000, 22.00000000000000000 ),
 .UNSPECIFIED. ) ;
#7490 = PLANE ( 'NONE',  #8228 ) ;
#7491 = ORIENTED_EDGE ( 'NONE', *, *, #9560, .T. ) ;
#7492 = ORIENTED_EDGE ( 'NONE', *, *, #9917, .T. ) ;
#7493 = B_SPLINE_SURFACE_WITH_KNOTS ( 'NONE', 3, 1, ( 
 ( #5014, #7404 ),
 ( #8259, #4256 ),
 ( #3306, #920 ),
 ( #9134, #131 ) ),
 .UNSPECIFIED., .F., .F., .F.,
 ( 4, 4 ),
 ( 2, 2 ),
 ( 19.00000000000000000, 20.00000000000000000 ),
 ( 0.000000000000000000, 1.000000000000000000 ),
 .UNSPECIFIED. ) ;
#7494 = STYLED_ITEM ( 'NONE', ( #4955 ), #9150 ) ;
#7495 = CARTESIAN_POINT ( 'NONE',  ( -0.9149999999999991473, 1.699999999999999734, 0.000000000000000000 ) ) ;
#7496 = EDGE_CURVE ( 'NONE', #10547, #7181, #5837, .T. ) ;
#7497 = ORIENTED_EDGE ( 'NONE', *, *, #4295, .F. ) ;
#7498 =( NAMED_UNIT ( * ) SI_UNIT ( $, .STERADIAN. ) SOLID_ANGLE_UNIT ( ) );
#7499 = VECTOR ( 'NONE', #8987, 1000.000000000000000 ) ;
#7500 = ORIENTED_EDGE ( 'NONE', *, *, #10319, .F. ) ;
#7501 = VECTOR ( 'NONE', #4678, 1000.000000000000000 ) ;
#7502 = ORIENTED_EDGE ( 'NONE', *, *, #9557, .F. ) ;
#7503 = ORIENTED_EDGE ( 'NONE', *, *, #6563, .T. ) ;
#7504 = FACE_OUTER_BOUND ( 'NONE', #4785, .T. ) ;
#7505 = DIRECTION ( 'NONE',  ( 1.000000000000000000, -2.168404344971007685E-15, 2.168404344971007685E-15 ) ) ;
#7506 = SURFACE_STYLE_USAGE ( .BOTH. , #818 ) ;
#7507 = B_SPLINE_SURFACE_WITH_KNOTS ( 'NONE', 3, 1, ( 
 ( #6043, #1989 ),
 ( #1166, #2034 ),
 ( #2730, #7229 ),
 ( #2365, #7346 ) ),
 .UNSPECIFIED., .F., .F., .F.,
 ( 4, 4 ),
 ( 2, 2 ),
 ( 7.000000000000000000, 8.000000000000000000 ),
 ( 0.000000000000000000, 1.000000000000000000 ),
 .UNSPECIFIED. ) ;
#7508 = VECTOR ( 'NONE', #8119, 1000.000000000000227 ) ;
#7509 = CARTESIAN_POINT ( 'NONE',  ( 1.141555847152307956, 0.07794641080098824171, 1.188805538276393570 ) ) ;
#7510 = CARTESIAN_POINT ( 'NONE',  ( 1.183812513901929986, 0.2979799810520100123, 0.8809484345829173835 ) ) ;
#7511 = VERTEX_POINT ( 'NONE', #8908 ) ;
#7512 = LINE ( 'NONE', #6557, #418 ) ;
#7513 = PRESENTATION_STYLE_ASSIGNMENT (( #6819 ) ) ;
#7514 = ORIENTED_EDGE ( 'NONE', *, *, #1534, .T. ) ;
#7515 = CARTESIAN_POINT ( 'NONE',  ( 1.150884948514745654, -0.1573348933033379693, 1.122425532905047429 ) ) ;
#7516 = DIRECTION ( 'NONE',  ( -0.9902680687415706950, -1.431534388630178744E-16, -0.1391731009600623292 ) ) ;
#7517 = CARTESIAN_POINT ( 'NONE',  ( 1.157834832918872792, 0.1873705339142499038, 1.065789239307522562 ) ) ;
#7518 =( NAMED_UNIT ( * ) PLANE_ANGLE_UNIT ( ) SI_UNIT ( $, .RADIAN. ) );
#7519 = DIRECTION ( 'NONE',  ( 0.1391731009600623292, 2.460321397947208261E-15, -0.9902680687415708061 ) ) ;
#7520 = ORIENTED_EDGE ( 'NONE', *, *, #3985, .F. ) ;
#7521 = B_SPLINE_CURVE_WITH_KNOTS ( 'NONE', 3,
 ( #2136, #3763, #2185, #10263 ),
 .UNSPECIFIED., .F., .F.,
 ( 4, 4 ),
 ( 1.000000000000000000, 2.000000000000000000 ),
 .UNSPECIFIED. ) ;
#7522 = CARTESIAN_POINT ( 'NONE',  ( 1.170667867318159416, 0.6654304286788805811, 0.9816627514308489122 ) ) ;
#7523 = CARTESIAN_POINT ( 'NONE',  ( 1.170867085310389744, 0.6673331856652374716, 0.9730599452264487859 ) ) ;
#7524 = VERTEX_POINT ( 'NONE', #1610 ) ;
#7525 = CARTESIAN_POINT ( 'NONE',  ( 1.141269328612032785, 0.1916127462129770254, 1.190844223622766540 ) ) ;
#7526 = CARTESIAN_POINT ( 'NONE',  ( 1.168247992143178537, -0.3872468368763390401, 0.9916957614485308881 ) ) ;
#7527 = EDGE_CURVE ( 'NONE', #2016, #2638, #4021, .T. ) ;
#7528 = CARTESIAN_POINT ( 'NONE',  ( 1.143048739765715194, 0.4122389784756240738, 1.170997758841852532 ) ) ;
#7529 = EDGE_CURVE ( 'NONE', #1882, #4827, #1773, .T. ) ;
#7530 = CARTESIAN_POINT ( 'NONE',  ( 1.192517840332156132, -0.3872468534243500571, 0.8190068184778128701 ) ) ;
#7531 = CARTESIAN_POINT ( 'NONE',  ( 1.168497272316162627, 0.4158885287627301919, 0.9971073373876172541 ) ) ;
#7532 = DIRECTION ( 'NONE',  ( 0.000000000000000000, 0.000000000000000000, 1.000000000000000000 ) ) ;
#7533 = CARTESIAN_POINT ( 'NONE',  ( 1.141269328612032785, 0.2214018105151973337, 1.190844223622766540 ) ) ;
#7534 = ORIENTED_EDGE ( 'NONE', *, *, #9556, .T. ) ;
#7535 = EDGE_CURVE ( 'NONE', #9599, #6949, #9851, .T. ) ;
#7536 =( LENGTH_UNIT ( ) NAMED_UNIT ( * ) SI_UNIT ( .MILLI., .METRE. ) );
#7537 = CARTESIAN_POINT ( 'NONE',  ( -2.214999999999998970, 0.2000000000000000944, 0.000000000000000000 ) ) ;
#7538 = ORIENTED_EDGE ( 'NONE', *, *, #7835, .F. ) ;
#7539 = VECTOR ( 'NONE', #8992, 1000.000000000000227 ) ;
#7540 = VERTEX_POINT ( 'NONE', #7274 ) ;
#7541 = ORIENTED_EDGE ( 'NONE', *, *, #4224, .T. ) ;
#7542 = B_SPLINE_CURVE_WITH_KNOTS ( 'NONE', 3,
 ( #3916, #3111, #2190, #6365 ),
 .UNSPECIFIED., .F., .F.,
 ( 4, 4 ),
 ( 0.000000000000000000, 1.000000000000000000 ),
 .UNSPECIFIED. ) ;
#7543 = CARTESIAN_POINT ( 'NONE',  ( 1.189369713854724342, 0.3247745425557380106, 0.8485921988318960718 ) ) ;
#7544 = CARTESIAN_POINT ( 'NONE',  ( 1.156871565485909414, 0.2071467294825181937, 1.079828539768916018 ) ) ;
#7545 = FACE_OUTER_BOUND ( 'NONE', #4197, .T. ) ;
#7546 = ADVANCED_FACE ( 'NONE', ( #9013 ), #1668, .F. ) ;
#7547 = CARTESIAN_POINT ( 'NONE',  ( 1.183031099701201461, 0.1965100059986590875, 0.8865084855274205644 ) ) ;
#7548 = CARTESIAN_POINT ( 'NONE',  ( -1.149999999999999689, 2.149999999999999467, 1.510000000000000009 ) ) ;
#7549 = ORIENTED_EDGE ( 'NONE', *, *, #5797, .F. ) ;
#7550 = ORIENTED_EDGE ( 'NONE', *, *, #6057, .F. ) ;
#7551 = CARTESIAN_POINT ( 'NONE',  ( 1.143925660146535073, 0.5145199647044413904, 1.164758146115226767 ) ) ;
#7552 = FACE_OUTER_BOUND ( 'NONE', #10521, .T. ) ;
#7553 = ADVANCED_FACE ( 'NONE', ( #7545 ), #5160, .F. ) ;
#7554 = SURFACE_STYLE_USAGE ( .BOTH. , #3699 ) ;
#7555 = CARTESIAN_POINT ( 'NONE',  ( 1.185480007611194209, 0.6106871743839673572, 0.8762688968660798938 ) ) ;
#7556 = PLANE ( 'NONE',  #9042 ) ;
#7557 =( NAMED_UNIT ( * ) SI_UNIT ( $, .STERADIAN. ) SOLID_ANGLE_UNIT ( ) );
#7558 = PRESENTATION_STYLE_ASSIGNMENT (( #282 ) ) ;
#7559 = VERTEX_POINT ( 'NONE', #2736 ) ;
#7560 = FACE_BOUND ( 'NONE', #10335, .T. ) ;
#7561 = ORIENTED_EDGE ( 'NONE', *, *, #401, .F. ) ;
#7562 = CARTESIAN_POINT ( 'NONE',  ( 1.171232222018595337, 0.6661166689028710231, 0.9776471590826818492 ) ) ;
#7563 = CARTESIAN_POINT ( 'NONE',  ( 1.167507004247420932, 0.5393805764835282179, 0.9969681642866573545 ) ) ;
#7564 = LINE ( 'NONE', #5277, #2750 ) ;
#7565 = CARTESIAN_POINT ( 'NONE',  ( 1.177561677044169919, 0.2681285312744675076, 0.9326107464345139153 ) ) ;
#7566 = VERTEX_POINT ( 'NONE', #2613 ) ;
#7567 = UNCERTAINTY_MEASURE_WITH_UNIT (LENGTH_MEASURE( 1.000000000000000082E-05 ), #7956, 'distance_accuracy_value', 'NONE');
#7568 = EDGE_CURVE ( 'NONE', #8564, #9060, #8509, .T. ) ;
#7569 = SURFACE_STYLE_FILL_AREA ( #4467 ) ;
#7570 = FACE_OUTER_BOUND ( 'NONE', #10464, .T. ) ;
#7571 = CARTESIAN_POINT ( 'NONE',  ( 1.157834832918872792, 0.2048696596458852992, 1.065789239307522562 ) ) ;
#7572 = SURFACE_SIDE_STYLE ('',( #9249 ) ) ;
#7573 = DIRECTION ( 'NONE',  ( 0.000000000000000000, 0.3386623125834218317, -0.9409079859559321690 ) ) ;
#7574 = ORIENTED_EDGE ( 'NONE', *, *, #8342, .T. ) ;
#7575 = DIRECTION ( 'NONE',  ( 0.000000000000000000, 1.000000000000000000, 0.000000000000000000 ) ) ;
#7576 = DIRECTION ( 'NONE',  ( -0.000000000000000000, 1.000000000000000000, 3.304007641089125279E-15 ) ) ;
#7577 = CARTESIAN_POINT ( 'NONE',  ( 1.143248911253846867, 0.2098916903817933943, 1.176758761230245920 ) ) ;
#7578 = B_SPLINE_SURFACE_WITH_KNOTS ( 'NONE', 3, 1, ( 
 ( #4402, #6951 ),
 ( #5903, #3598 ),
 ( #374, #6049 ),
 ( #9330, #3645 ) ),
 .UNSPECIFIED., .F., .F., .F.,
 ( 4, 4 ),
 ( 2, 2 ),
 ( 11.00000000000000000, 12.00000000000000000 ),
 ( 0.000000000000000000, 1.000000000000000000 ),
 .UNSPECIFIED. ) ;
#7579 = CARTESIAN_POINT ( 'NONE',  ( 1.144238702574637889, 0.5116502328553490520, 1.169716030034809950 ) ) ;
#7580 = CARTESIAN_POINT ( 'NONE',  ( 1.178785415877415144, 0.1925485283374319956, 0.9167180956580097684 ) ) ;
#7581 = CARTESIAN_POINT ( 'NONE',  ( 1.008476408045746009, 1.908476408045745476, 1.510000000000000009 ) ) ;
#7582 = CARTESIAN_POINT ( 'NONE',  ( -2.214999999999998970, -1.700000000000000178, 0.4000000000000000222 ) ) ;
#7583 = DIRECTION ( 'NONE',  ( -0.9902680687415706950, -1.431534388630178744E-16, -0.1391731009600623292 ) ) ;
#7584 = VECTOR ( 'NONE', #4520, 1000.000000000000000 ) ;
#7585 = PRESENTATION_STYLE_ASSIGNMENT (( #6474 ) ) ;
#7586 = CARTESIAN_POINT ( 'NONE',  ( 1.169817682866082009, -0.3377940690237478116, 0.9805268316052750954 ) ) ;
#7587 = ORIENTED_EDGE ( 'NONE', *, *, #9854, .F. ) ;
#7588 = ORIENTED_EDGE ( 'NONE', *, *, #7090, .T. ) ;
#7589 = DIRECTION ( 'NONE',  ( -0.9902680687415706950, -1.431534388630178744E-16, -0.1391731009600623292 ) ) ;
#7590 = ADVANCED_FACE ( 'NONE', ( #9318 ), #5207, .F. ) ;
#7591 = EDGE_CURVE ( 'NONE', #3388, #4705, #1824, .T. ) ;
#7592 = PRESENTATION_LAYER_ASSIGNMENT (  '', '', ( #5885 ) ) ;
#7593 = LINE ( 'NONE', #5990, #7679 ) ;
#7594 = MECHANICAL_DESIGN_GEOMETRIC_PRESENTATION_REPRESENTATION (  '', ( #10476 ), #10295 ) ;
#7595 = CARTESIAN_POINT ( 'NONE',  ( 1.188909070966427173, 0.3525048861839164549, 0.8446845467577881461 ) ) ;
#7596 = CARTESIAN_POINT ( 'NONE',  ( 1.141708289787361164, -0.3768357391772623188, 1.187720852566533702 ) ) ;
#7597 = EDGE_CURVE ( 'NONE', #7735, #889, #7695, .T. ) ;
#7598 = VECTOR ( 'NONE', #704, 1000.000000000000227 ) ;
#7599 = SURFACE_SIDE_STYLE ('',( #3590 ) ) ;
#7600 = CARTESIAN_POINT ( 'NONE',  ( 1.183543836869485055, 0.4316408611952773922, 0.8900454675390059300 ) ) ;
#7601 = ORIENTED_EDGE ( 'NONE', *, *, #214, .T. ) ;
#7602 = AXIS2_PLACEMENT_3D ( 'NONE', #7466, #7519, #5866 ) ;
#7603 = ORIENTED_EDGE ( 'NONE', *, *, #6700, .F. ) ;
#7604 = ORIENTED_EDGE ( 'NONE', *, *, #8724, .T. ) ;
#7605 = EDGE_CURVE ( 'NONE', #372, #1778, #3826, .T. ) ;
#7606 = VECTOR ( 'NONE', #9376, 1000.000000000000227 ) ;
#7607 = CARTESIAN_POINT ( 'NONE',  ( 1.156602411705630606, 0.2788276402336488102, 1.081743668427779692 ) ) ;
#7608 = ORIENTED_EDGE ( 'NONE', *, *, #3634, .T. ) ;
#7609 = CARTESIAN_POINT ( 'NONE',  ( 1.183039782081198865, 0.2740863441352417440, 0.8864467071836688028 ) ) ;
#7610 = ADVANCED_FACE ( 'NONE', ( #318 ), #5103, .F. ) ;
#7611 = CARTESIAN_POINT ( 'NONE',  ( 1.150000000000000133, 0.8649999999999998801, 0.01000000000000000021 ) ) ;
#7612 = DIRECTION ( 'NONE',  ( -0.9902680687415706950, -1.431534388630178744E-16, -0.1391731009600623292 ) ) ;
#7613 = SURFACE_STYLE_FILL_AREA ( #2631 ) ;
#7614 = ORIENTED_EDGE ( 'NONE', *, *, #5196, .T. ) ;
#7615 = ORIENTED_EDGE ( 'NONE', *, *, #8248, .F. ) ;
#7616 = VECTOR ( 'NONE', #5175, 1000.000000000000000 ) ;
#7617 = B_SPLINE_CURVE_WITH_KNOTS ( 'NONE', 3,
 ( #7436, #5882, #5941, #115 ),
 .UNSPECIFIED., .F., .F.,
 ( 4, 4 ),
 ( 3.000000000000000000, 4.000000000000000000 ),
 .UNSPECIFIED. ) ;
#7618 = ADVANCED_FACE ( 'NONE', ( #1937 ), #176, .F. ) ;
#7619 = VERTEX_POINT ( 'NONE', #5306 ) ;
#7620 = CARTESIAN_POINT ( 'NONE',  ( 1.150000000000000133, 2.049999999999999822, 0.1100000000000000006 ) ) ;
#7621 = EDGE_LOOP ( 'NONE', ( #6538, #9409, #586, #702 ) ) ;
#7622 = LINE ( 'NONE', #7418, #3049 ) ;
#7623 = FACE_OUTER_BOUND ( 'NONE', #7282, .T. ) ;
#7624 = DIRECTION ( 'NONE',  ( 0.04754206441578796849, -0.9398440417769795552, -0.3382793656837442264 ) ) ;
#7625 = DIRECTION ( 'NONE',  ( -0.1391731009600616908, -0.000000000000000000, 0.9902680687415709171 ) ) ;
#7626 = VERTEX_POINT ( 'NONE', #9224 ) ;
#7627 = EDGE_CURVE ( 'NONE', #10310, #1994, #1883, .T. ) ;
#7628 = CARTESIAN_POINT ( 'NONE',  ( 1.143804583574284717, 0.4327014142695420063, 1.172804947225834171 ) ) ;
#7629 = ORIENTED_EDGE ( 'NONE', *, *, #8137, .F. ) ;
#7630 = ORIENTED_EDGE ( 'NONE', *, *, #8646, .F. ) ;
#7631 = CARTESIAN_POINT ( 'NONE',  ( 1.174800680201743663, 0.1952934892367083342, 0.9522562597707151522 ) ) ;
#7632 = DIRECTION ( 'NONE',  ( -0.1391731009600606916, -0.000000000000000000, 0.9902680687415709171 ) ) ;
#7633 = PRODUCT_DEFINITION_FORMATION_WITH_SPECIFIED_SOURCE ( '�κ�', '', #1692, .NOT_KNOWN. ) ;
#7634 = CARTESIAN_POINT ( 'NONE',  ( 1.181867660780222984, 0.2489449977186548313, 0.8947867835995970687 ) ) ;
#7635 = CARTESIAN_POINT ( 'NONE',  ( 1.171290934821607177, -0.1790247008616725199, 0.9772293957818157795 ) ) ;
#7636 = CARTESIAN_POINT ( 'NONE',  ( 1.141963919012667583, 0.2386513943472002852, 1.185901956116633515 ) ) ;
#7637 = ORIENTED_EDGE ( 'NONE', *, *, #3608, .T. ) ;
#7638 = LINE ( 'NONE', #4089, #517 ) ;
#7639 = CARTESIAN_POINT ( 'NONE',  ( 1.156602411705630606, 0.1422970282421216481, 1.081743668427779248 ) ) ;
#7640 = DIRECTION ( 'NONE',  ( 1.000000000000000000, 1.000802005371234832E-15, 0.000000000000000000 ) ) ;
#7641 = LINE ( 'NONE', #6170, #4998 ) ;
#7642 =( NAMED_UNIT ( * ) SI_UNIT ( $, .STERADIAN. ) SOLID_ANGLE_UNIT ( ) );
#7643 = CARTESIAN_POINT ( 'NONE',  ( 1.140718021718619468, -0.3768357391772623188, 1.187581679465573581 ) ) ;
#7644 = LINE ( 'NONE', #4390, #10227 ) ;
#7645 = CARTESIAN_POINT ( 'NONE',  ( -2.214999999999998970, -1.300000000000000044, 0.4000000000000000222 ) ) ;
#7646 = CIRCLE ( 'NONE', #984, 0.1000000000000000472 ) ;
#7647 = CARTESIAN_POINT ( 'NONE',  ( 1.155169342256537446, 0.4327014142695422838, 1.084755190861599328 ) ) ;
#7648 = DIRECTION ( 'NONE',  ( -0.1378445374916251465, -0.1378445374916248412, -0.9808148484639902520 ) ) ;
#7649 = EDGE_LOOP ( 'NONE', ( #5370, #6115, #7888, #7279 ) ) ;
#7650 = EDGE_CURVE ( 'NONE', #5945, #1779, #1499, .T. ) ;
#7651 = ORIENTED_EDGE ( 'NONE', *, *, #348, .F. ) ;
#7652 = VERTEX_POINT ( 'NONE', #9680 ) ;
#7653 = FILL_AREA_STYLE ('',( #1032 ) ) ;
#7654 =( GEOMETRIC_REPRESENTATION_CONTEXT ( 3 ) GLOBAL_UNCERTAINTY_ASSIGNED_CONTEXT ( ( #2427 ) ) GLOBAL_UNIT_ASSIGNED_CONTEXT ( ( #6568, #1046, #9975 ) ) REPRESENTATION_CONTEXT ( 'NONE', 'WORKASPACE' ) );
#7655 = EDGE_LOOP ( 'NONE', ( #3872, #2182, #8339, #3693 ) ) ;
#7656 = PRESENTATION_STYLE_ASSIGNMENT (( #4358 ) ) ;
#7657 = VERTEX_POINT ( 'NONE', #5637 ) ;
#7658 = CARTESIAN_POINT ( 'NONE',  ( 1.181399289007597497, 0.1737081148940254616, 0.9053047184636827671 ) ) ;
#7659 = DIRECTION ( 'NONE',  ( -1.000000000000000000, -1.251002506714043540E-16, 0.000000000000000000 ) ) ;
#7660 = ADVANCED_FACE ( 'NONE', ( #61 ), #894, .F. ) ;
#7661 = FACE_OUTER_BOUND ( 'NONE', #6319, .T. ) ;
#7662 = EDGE_CURVE ( 'NONE', #7749, #4449, #8962, .T. ) ;
#7663 = CARTESIAN_POINT ( 'NONE',  ( 1.150889405660594500, 0.2788276402336486992, 1.122393818664428000 ) ) ;
#7664 = AXIS2_PLACEMENT_3D ( 'NONE', #5713, #8165, #4106 ) ;
#7665 = DIRECTION ( 'NONE',  ( -1.000000000000000000, -2.710505431213771932E-16, 0.000000000000000000 ) ) ;
#7666 = STYLED_ITEM ( 'NONE', ( #6582 ), #6833 ) ;
#7667 = ORIENTED_EDGE ( 'NONE', *, *, #6849, .F. ) ;
#7668 = EDGE_CURVE ( 'NONE', #4511, #4057, #19, .T. ) ;
#7669 = CARTESIAN_POINT ( 'NONE',  ( 1.176268002423108694, 0.1667209416960227231, 0.9418157196638312634 ) ) ;
#7670 = ORIENTED_EDGE ( 'NONE', *, *, #4339, .F. ) ;
#7671 = AXIS2_PLACEMENT_3D ( 'NONE', #8134, #4175, #6741 ) ;
#7672 = B_SPLINE_CURVE_WITH_KNOTS ( 'NONE', 3,
 ( #7334, #1827, #9069, #5839 ),
 .UNSPECIFIED., .F., .F.,
 ( 4, 4 ),
 ( 7.000000000000000000, 8.000000000000000000 ),
 .UNSPECIFIED. ) ;
#7673 = CARTESIAN_POINT ( 'NONE',  ( 1.183543836869484833, 0.5380392887713456584, 0.8900454675390062631 ) ) ;
#7674 = CARTESIAN_POINT ( 'NONE',  ( 1.145789333529667831, -0.4722708841610119279, 1.151497420952471096 ) ) ;
#7675 = DIRECTION ( 'NONE',  ( 5.042800802258161104E-17, -1.000000000000000000, 0.000000000000000000 ) ) ;
#7676 = FACE_OUTER_BOUND ( 'NONE', #7012, .T. ) ;
#7677 = EDGE_CURVE ( 'NONE', #10493, #9910, #5383, .T. ) ;
#7678 = VERTEX_POINT ( 'NONE', #3319 ) ;
#7679 = VECTOR ( 'NONE', #2170, 1000.000000000000227 ) ;
#7680 = VECTOR ( 'NONE', #7920, 1000.000000000000227 ) ;
#7681 = DIRECTION ( 'NONE',  ( -0.9902680687415706950, -1.431534388630178744E-16, -0.1391731009600623292 ) ) ;
#7682 = DIRECTION ( 'NONE',  ( -0.1391731009600623570, 0.000000000000000000, 0.9902680687415708061 ) ) ;
#7683 = DIRECTION ( 'NONE',  ( -0.000000000000000000, 1.000000000000000000, 4.969000769761937499E-15 ) ) ;
#7684 = DIRECTION ( 'NONE',  ( 1.000000000000000000, 0.000000000000000000, 0.000000000000000000 ) ) ;
#7685 = ADVANCED_FACE ( 'NONE', ( #7465 ), #2340, .F. ) ;
#7686 = FACE_OUTER_BOUND ( 'NONE', #2009, .T. ) ;
#7687 = CARTESIAN_POINT ( 'NONE',  ( -1.008476408045745343, -1.017109127910302762E-16, 1.510000000000000009 ) ) ;
#7688 = EDGE_LOOP ( 'NONE', ( #1019, #6427, #4161, #9414 ) ) ;
#7689 = DIRECTION ( 'NONE',  ( -0.9902680687415709171, 1.733835471080368296E-15, -0.1391731009600616076 ) ) ;
#7690 = CARTESIAN_POINT ( 'NONE',  ( 1.179532100558150942, 0.1777631707676199380, 0.9114051580885300652 ) ) ;
#7691 = SURFACE_SIDE_STYLE ('',( #6848 ) ) ;
#7692 = CARTESIAN_POINT ( 'NONE',  ( 1.179610718726081808, 0.2625450312639693862, 0.9180310572911350997 ) ) ;
#7693 = LINE ( 'NONE', #10148, #4274 ) ;
#7694 = VERTEX_POINT ( 'NONE', #1978 ) ;
#7695 = LINE ( 'NONE', #9174, #2478 ) ;
#7696 = CARTESIAN_POINT ( 'NONE',  ( -1.149999999999999245, -2.050000000000000711, 0.1100000000000000006 ) ) ;
#7697 = DIRECTION ( 'NONE',  ( -0.9902680687415706950, -1.431534388630178744E-16, -0.1391731009600623292 ) ) ;
#7698 = VERTEX_POINT ( 'NONE', #8505 ) ;
#7699 = ORIENTED_EDGE ( 'NONE', *, *, #1063, .T. ) ;
#7700 = ORIENTED_EDGE ( 'NONE', *, *, #1995, .F. ) ;
#7701 = CARTESIAN_POINT ( 'NONE',  ( 1.184776258082727685, 0.2725890927357904614, 0.8740910384187444704 ) ) ;
#7702 = VECTOR ( 'NONE', #2557, 1000.000000000000227 ) ;
#7703 = CARTESIAN_POINT ( 'NONE',  ( 1.185766526151469158, 0.1976017518107937021, 0.8742302115197042589 ) ) ;
#7704 = CARTESIAN_POINT ( 'NONE',  ( 1.136008946671053010, -0.2727246628959233976, 1.221088489479463135 ) ) ;
#7705 = DIRECTION ( 'NONE',  ( 5.281341583741803594E-16, -1.000000000000000000, -2.729269891713034622E-15 ) ) ;
#7706 = DIRECTION ( 'NONE',  ( -0.9902680687415706950, -1.431534388630178744E-16, -0.1391731009600623292 ) ) ;
#7707 = CARTESIAN_POINT ( 'NONE',  ( 1.188136339145696496, 0.3189103079077391656, 0.8501828193585388993 ) ) ;
#7708 = ORIENTED_EDGE ( 'NONE', *, *, #4158, .F. ) ;
#7709 = CARTESIAN_POINT ( 'NONE',  ( 1.167765015165509013, -0.07578123674051377712, 0.9951323212120493089 ) ) ;
#7710 = CARTESIAN_POINT ( 'NONE',  ( 1.181381924247601578, 0.3078056933612357549, 0.9054282751511931737 ) ) ;
#7711 = ORIENTED_EDGE ( 'NONE', *, *, #5007, .F. ) ;
#7712 = LINE ( 'NONE', #5323, #22 ) ;
#7713 = EDGE_CURVE ( 'NONE', #4409, #2851, #6082, .T. ) ;
#7714 = ADVANCED_FACE ( 'NONE', ( #169 ), #10393, .F. ) ;
#7715 = ORIENTED_EDGE ( 'NONE', *, *, #2823, .T. ) ;
#7716 = EDGE_CURVE ( 'NONE', #5346, #3975, #4648, .T. ) ;
#7717 = CARTESIAN_POINT ( 'NONE',  ( 1.189136966943015183, -0.4583894288361080593, 0.8430629826261214488 ) ) ;
#7718 = CARTESIAN_POINT ( 'NONE',  ( 1.167765015165509013, -0.07578123674051377712, 0.9951323212120493089 ) ) ;
#7719 = FACE_OUTER_BOUND ( 'NONE', #5349, .T. ) ;
#7720 = ORIENTED_EDGE ( 'NONE', *, *, #3199, .F. ) ;
#7721 = PRESENTATION_STYLE_ASSIGNMENT (( #1194 ) ) ;
#7722 =( NAMED_UNIT ( * ) PLANE_ANGLE_UNIT ( ) SI_UNIT ( $, .RADIAN. ) );
#7723 = EDGE_CURVE ( 'NONE', #7678, #7223, #6940, .T. ) ;
#7724 = DIRECTION ( 'NONE',  ( 1.008560160451632221E-16, -1.000000000000000000, 0.000000000000000000 ) ) ;
#7725 = PLANE ( 'NONE',  #9155 ) ;
#7726 = LINE ( 'NONE', #1467, #6058 ) ;
#7727 = ORIENTED_EDGE ( 'NONE', *, *, #803, .T. ) ;
#7728 = EDGE_CURVE ( 'NONE', #3129, #5211, #10189, .T. ) ;
#7729 = CARTESIAN_POINT ( 'NONE',  ( 1.181234323787523133, 0.2881854614802366044, 0.9064785069958440911 ) ) ;
#7730 = AXIS2_PLACEMENT_3D ( 'NONE', #6612, #6817, #5768 ) ;
#7731 = DIRECTION ( 'NONE',  ( 0.000000000000000000, 1.000000000000000000, 0.000000000000000000 ) ) ;
#7732 = CARTESIAN_POINT ( 'NONE',  ( 1.142814315505543243, 0.4327014142695420063, 1.172665774124874050 ) ) ;
#7733 = EDGE_LOOP ( 'NONE', ( #7995, #5244, #7384, #2792 ) ) ;
#7734 = AXIS2_PLACEMENT_3D ( 'NONE', #2801, #6867, #2636 ) ;
#7735 = VERTEX_POINT ( 'NONE', #6132 ) ;
#7736 = ADVANCED_FACE ( 'NONE', ( #9404 ), #7041, .F. ) ;
#7737 = PRESENTATION_LAYER_ASSIGNMENT (  '', '', ( #1791 ) ) ;
#7738 = VERTEX_POINT ( 'NONE', #6875 ) ;
#7739 = ORIENTED_EDGE ( 'NONE', *, *, #10139, .F. ) ;
#7740 = FILL_AREA_STYLE_COLOUR ( '', #9093 ) ;
#7741 = CARTESIAN_POINT ( 'NONE',  ( 1.185766526151469158, 0.2725890927357904614, 0.8742302115197044809 ) ) ;
#7742 = DIRECTION ( 'NONE',  ( 0.000000000000000000, -0.3464049718592761562, 0.9380850683553032532 ) ) ;
#7743 = CARTESIAN_POINT ( 'NONE',  ( 1.158538582447339538, 0.3853196460229122433, 1.067967097754856098 ) ) ;
#7744 = VECTOR ( 'NONE', #4738, 1000.000000000000000 ) ;
#7745 = DIRECTION ( 'NONE',  ( -0.1391731009600623570, -2.460321397900550293E-15, 0.9902680687415708061 ) ) ;
#7746 = CARTESIAN_POINT ( 'NONE',  ( 1.181071321680221109, -0.3004876231897625205, 0.9076383272548262937 ) ) ;
#7747 = VERTEX_POINT ( 'NONE', #5374 ) ;
#7748 = CARTESIAN_POINT ( 'NONE',  ( 1.177183164109006697, -0.1382478891282721278, 0.9281187093785782105 ) ) ;
#7749 = VERTEX_POINT ( 'NONE', #6976 ) ;
#7750 = VECTOR ( 'NONE', #3252, 1000.000000000000000 ) ;
#7751 = CARTESIAN_POINT ( 'NONE',  ( 1.158538582447339760, 0.3287048274790951852, 1.067967097754855876 ) ) ;
#7752 = CARTESIAN_POINT ( 'NONE',  ( 1.190202745587604749, 0.3287672129544174648, 0.8354795735276461244 ) ) ;
#7753 = ORIENTED_EDGE ( 'NONE', *, *, #1227, .T. ) ;
#7754 = UNCERTAINTY_MEASURE_WITH_UNIT (LENGTH_MEASURE( 1.000000000000000082E-05 ), #3495, 'distance_accuracy_value', 'NONE');
#7755 = AXIS2_PLACEMENT_3D ( 'NONE', #827, #7358, #8932 ) ;
#7756 = CARTESIAN_POINT ( 'NONE',  ( 1.177292523264006796, 0.2659138469127410032, 0.9345258750925543589 ) ) ;
#7757 = CARTESIAN_POINT ( 'NONE',  ( 1.174800680201743441, 0.2814790229201503124, 0.9522562597707153742 ) ) ;
#7758 = FACE_OUTER_BOUND ( 'NONE', #2919, .T. ) ;
#7759 = ORIENTED_EDGE ( 'NONE', *, *, #4477, .F. ) ;
#7760 = DIRECTION ( 'NONE',  ( -0.1313021986740821601, 0.3315284183503959814, 0.9342636889280437895 ) ) ;
#7761 = EDGE_CURVE ( 'NONE', #9869, #7438, #5931, .T. ) ;
#7762 = CARTESIAN_POINT ( 'NONE',  ( 1.095405081827368843, 5.523909625436723386E-17, 1.510000000000000009 ) ) ;
#7763 = PRESENTATION_LAYER_ASSIGNMENT (  '', '', ( #103 ) ) ;
#7764 = VERTEX_POINT ( 'NONE', #1013 ) ;
#7765 = FACE_OUTER_BOUND ( 'NONE', #10307, .T. ) ;
#7766 = EDGE_CURVE ( 'NONE', #7193, #1488, #8285, .T. ) ;
#7767 = ORIENTED_EDGE ( 'NONE', *, *, #7529, .F. ) ;
#7768 = B_SPLINE_CURVE_WITH_KNOTS ( 'NONE', 3,
 ( #8798, #7710, #6153, #6103 ),
 .UNSPECIFIED., .F., .F.,
 ( 4, 4 ),
 ( 16.00000000000000000, 17.00000000000000000 ),
 .UNSPECIFIED. ) ;
#7769 = CARTESIAN_POINT ( 'NONE',  ( 1.181795797510339030, -0.2093904314435909575, 0.9024834138686068652 ) ) ;
#7770 = DIRECTION ( 'NONE',  ( -0.000000000000000000, 1.000000000000000000, -0.000000000000000000 ) ) ;
#7771 = DIRECTION ( 'NONE',  ( 1.008560160451632221E-16, -1.000000000000000000, 0.000000000000000000 ) ) ;
#7772 = CARTESIAN_POINT ( 'NONE',  ( 1.176771580463559230, 0.6039183503498034566, 0.9382325757219511786 ) ) ;
#7773 = CARTESIAN_POINT ( 'NONE',  ( 1.173072886580212915, 0.2177210674914727973, 0.9645501501918817278 ) ) ;
#7774 = DIRECTION ( 'NONE',  ( -0.9902680687415706950, -1.431534388630178744E-16, -0.1391731009600623292 ) ) ;
#7775 = ADVANCED_FACE ( 'NONE', ( #957 ), #6924, .F. ) ;
#7776 = EDGE_CURVE ( 'NONE', #1666, #7367, #833, .T. ) ;
#7777 = ORIENTED_EDGE ( 'NONE', *, *, #2948, .F. ) ;
#7778 = CARTESIAN_POINT ( 'NONE',  ( 1.142814315505543243, 0.4327014142695420063, 1.172665774124874050 ) ) ;
#7779 = EDGE_CURVE ( 'NONE', #7488, #6226, #1240, .T. ) ;
#7780 = LINE ( 'NONE', #5446, #330 ) ;
#7781 = AXIS2_PLACEMENT_3D ( 'NONE', #965, #6702, #8964 ) ;
#7782 = DIRECTION ( 'NONE',  ( 1.417602794365953038E-16, -1.000000000000000000, 1.992310799966216789E-17 ) ) ;
#7783 = CARTESIAN_POINT ( 'NONE',  ( 1.181538207087793335, 0.2908056514296963324, 0.9043162649619654880 ) ) ;
#7784 = CARTESIAN_POINT ( 'NONE',  ( 1.183543836869484833, 0.5380392887713456584, 0.8900454675390062631 ) ) ;
#7785 = ADVANCED_FACE ( 'NONE', ( #9391 ), #8771, .F. ) ;
#7786 = B_SPLINE_SURFACE_WITH_KNOTS ( 'NONE', 3, 1, ( 
 ( #3481, #1770 ),
 ( #1022, #3434 ),
 ( #4243, #313 ),
 ( #5887, #4292 ) ),
 .UNSPECIFIED., .F., .F., .F.,
 ( 4, 4 ),
 ( 2, 2 ),
 ( 17.00000000000000000, 18.00000000000000000 ),
 ( 0.000000000000000000, 1.000000000000000000 ),
 .UNSPECIFIED. ) ;
#7787 = VERTEX_POINT ( 'NONE', #10433 ) ;
#7788 = CARTESIAN_POINT ( 'NONE',  ( 1.182737455776579516, -0.2093904314435908742, 0.8885978706178392361 ) ) ;
#7789 = ORIENTED_EDGE ( 'NONE', *, *, #6869, .T. ) ;
#7790 = LINE ( 'NONE', #482, #3056 ) ;
#7791 = VERTEX_POINT ( 'NONE', #9709 ) ;
#7792 = CARTESIAN_POINT ( 'NONE',  ( 1.168497272316162627, 0.5393805764835282179, 0.9971073373876174761 ) ) ;
#7793 = DIRECTION ( 'NONE',  ( -0.9902680687415706950, -1.431534388630178744E-16, -0.1391731009600623292 ) ) ;
#7794 = SURFACE_SIDE_STYLE ('',( #10264 ) ) ;
#7795 = CARTESIAN_POINT ( 'NONE',  ( -1.249999999999999778, 2.149999999999999467, 0.1100000000000000699 ) ) ;
#7796 = CARTESIAN_POINT ( 'NONE',  ( 1.156871565485909414, 0.1942329361620255823, 1.079828539768916018 ) ) ;
#7797 = EDGE_CURVE ( 'NONE', #1269, #1480, #8042, .T. ) ;
#7798 = VERTEX_POINT ( 'NONE', #3832 ) ;
#7799 = SURFACE_STYLE_FILL_AREA ( #4563 ) ;
#7800 = ORIENTED_EDGE ( 'NONE', *, *, #5371, .F. ) ;
#7801 = FACE_OUTER_BOUND ( 'NONE', #1793, .T. ) ;
#7802 = VERTEX_POINT ( 'NONE', #7238 ) ;
#7803 = CARTESIAN_POINT ( 'NONE',  ( 1.182041308380294087, 0.2063981037827952447, 0.8935512167236835390 ) ) ;
#7804 = CARTESIAN_POINT ( 'NONE',  ( 1.144968418932056364, -0.4037311038593497936, 1.164523828359308455 ) ) ;
#7805 = B_SPLINE_CURVE_WITH_KNOTS ( 'NONE', 3,
 ( #1999, #5268, #10210, #8525 ),
 .UNSPECIFIED., .F., .F.,
 ( 4, 4 ),
 ( 1.000000000000000000, 2.000000000000000000 ),
 .UNSPECIFIED. ) ;
#7806 = DIRECTION ( 'NONE',  ( -0.000000000000000000, -1.000000000000000000, -2.484500384857524592E-15 ) ) ;
#7807 = CYLINDRICAL_SURFACE ( 'NONE', #6320, 0.1000000000000000472 ) ;
#7808 = VERTEX_POINT ( 'NONE', #4740 ) ;
#7809 = CARTESIAN_POINT ( 'NONE',  ( 1.169460539749125338, 0.5387567217336164394, 0.9830680369262247975 ) ) ;
#7810 = LINE ( 'NONE', #10370, #10046 ) ;
#7811 = ORIENTED_EDGE ( 'NONE', *, *, #6750, .F. ) ;
#7812 = VECTOR ( 'NONE', #1250, 1000.000000000000227 ) ;
#7813 = AXIS2_PLACEMENT_3D ( 'NONE', #7903, #2943, #8021 ) ;
#7814 = FACE_OUTER_BOUND ( 'NONE', #3117, .T. ) ;
#7815 =( GEOMETRIC_REPRESENTATION_CONTEXT ( 3 ) GLOBAL_UNCERTAINTY_ASSIGNED_CONTEXT ( ( #2761 ) ) GLOBAL_UNIT_ASSIGNED_CONTEXT ( ( #10031, #9304, #8445 ) ) REPRESENTATION_CONTEXT ( 'NONE', 'WORKASPACE' ) );
#7816 = ORIENTED_EDGE ( 'NONE', *, *, #3560, .F. ) ;
#7817 = FACE_OUTER_BOUND ( 'NONE', #9959, .T. ) ;
#7818 = FILL_AREA_STYLE ('',( #4579 ) ) ;
#7819 = VERTEX_POINT ( 'NONE', #4803 ) ;
#7820 = CIRCLE ( 'NONE', #5808, 0.09999999999999992228 ) ;
#7821 = AXIS2_PLACEMENT_3D ( 'NONE', #1802, #4269, #8171 ) ;
#7822 = VECTOR ( 'NONE', #7027, 1000.000000000000227 ) ;
#7823 = CARTESIAN_POINT ( 'NONE',  ( 1.170450807817867256, 0.4787418948039905420, 0.9832072100271849191 ) ) ;
#7824 = CARTESIAN_POINT ( 'NONE',  ( 1.175885977702742613, 0.09369874323312490927, 0.9445339667923278171 ) ) ;
#7825 = SURFACE_STYLE_USAGE ( .BOTH. , #9352 ) ;
#7826 = CARTESIAN_POINT ( 'NONE',  ( 1.250000000000000222, 2.049999999999999822, 1.510000000000000009 ) ) ;
#7827 = CARTESIAN_POINT ( 'NONE',  ( 1.180557098146884254, 0.2129485786556120641, 0.9112972178144711499 ) ) ;
#7828 = VECTOR ( 'NONE', #6449, 1000.000000000000114 ) ;
#7829 = ORIENTED_EDGE ( 'NONE', *, *, #681, .T. ) ;
#7830 =( BOUNDED_CURVE ( )  B_SPLINE_CURVE ( 3, ( #3425, #9262, #205, #5784 ),
 .UNSPECIFIED., .F., .F. ) 
 B_SPLINE_CURVE_WITH_KNOTS ( ( 4, 4 ),
 ( 4.286380681919443656E-15, 0.009685181668469161273 ),
 .UNSPECIFIED. ) 
 CURVE ( )  GEOMETRIC_REPRESENTATION_ITEM ( )  RATIONAL_B_SPLINE_CURVE ( ( 1.000000000000000000, 0.9999921831199466427, 0.9999921831199466427, 1.000000000000000000 ) ) 
 REPRESENTATION_ITEM ( '' )  );
#7831 = VECTOR ( 'NONE', #3948, 1000.000000000000227 ) ;
#7832 = VECTOR ( 'NONE', #9099, 1000.000000000000227 ) ;
#7833 = EDGE_CURVE ( 'NONE', #1347, #7344, #5427, .T. ) ;
#7834 = VERTEX_POINT ( 'NONE', #3999 ) ;
#7835 = EDGE_CURVE ( 'NONE', #614, #7438, #7080, .T. ) ;
#7836 = CARTESIAN_POINT ( 'NONE',  ( 1.184548638442932900, -0.1330423154565086030, 0.8757106363119617765 ) ) ;
#7837 = B_SPLINE_CURVE_WITH_KNOTS ( 'NONE', 3,
 ( #1219, #4305, #1946, #3600 ),
 .UNSPECIFIED., .F., .F.,
 ( 4, 4 ),
 ( 3.000000000000000000, 4.000000000000000000 ),
 .UNSPECIFIED. ) ;
#7838 = LINE ( 'NONE', #2990, #6407 ) ;
#7839 = DIRECTION ( 'NONE',  ( -0.000000000000000000, -1.000000000000000000, -4.461894786142269347E-15 ) ) ;
#7840 = ORIENTED_EDGE ( 'NONE', *, *, #5085, .T. ) ;
#7841 = DIRECTION ( 'NONE',  ( -0.1391731009600616908, -0.000000000000000000, 0.9902680687415709171 ) ) ;
#7842 = ORIENTED_EDGE ( 'NONE', *, *, #7650, .F. ) ;
#7843 = CARTESIAN_POINT ( 'NONE',  ( 1.170300666752865482, -0.1790247008616725199, 0.9770902226808556579 ) ) ;
#7844 = EDGE_CURVE ( 'NONE', #8351, #9192, #2206, .T. ) ;
#7845 =( NAMED_UNIT ( * ) PLANE_ANGLE_UNIT ( ) SI_UNIT ( $, .RADIAN. ) );
#7846 = CARTESIAN_POINT ( 'NONE',  ( 1.180443289223559011, -0.3004876231897625205, 0.9049217138473089062 ) ) ;
#7847 = FACE_OUTER_BOUND ( 'NONE', #6798, .T. ) ;
#7848 = LINE ( 'NONE', #4501, #9144 ) ;
#7849 = CARTESIAN_POINT ( 'NONE',  ( 1.168247992143178537, -0.4245533158059314749, 0.9916957614485306660 ) ) ;
#7850 = CARTESIAN_POINT ( 'NONE',  ( 1.188379445785982647, 0.3275818889295040170, 0.8484530257309360612 ) ) ;
#7851 = EDGE_LOOP ( 'NONE', ( #7092, #4090, #5448, #3221 ) ) ;
#7852 = EDGE_LOOP ( 'NONE', ( #3657, #9168, #269, #2525 ) ) ;
#7853 = ORIENTED_EDGE ( 'NONE', *, *, #1814, .F. ) ;
#7854 = CARTESIAN_POINT ( 'NONE',  ( 1.143978150863314669, -0.4037311038593497936, 1.164384655258348333 ) ) ;
#7855 = AXIS2_PLACEMENT_3D ( 'NONE', #1841, #9135, #2689 ) ;
#7856 = EDGE_CURVE ( 'NONE', #9850, #1224, #10497, .T. ) ;
#7857 = SURFACE_STYLE_FILL_AREA ( #1346 ) ;
#7858 = EDGE_LOOP ( 'NONE', ( #9346, #7444, #1353, #6059 ) ) ;
#7859 = UNCERTAINTY_MEASURE_WITH_UNIT (LENGTH_MEASURE( 1.000000000000000082E-05 ), #6030, 'distance_accuracy_value', 'NONE');
#7860 = CARTESIAN_POINT ( 'NONE',  ( 1.149899137591852805, 0.2788276402336486992, 1.122254645563467879 ) ) ;
#7861 = DIRECTION ( 'NONE',  ( -0.1391731009600623570, -4.225892738680320137E-15, 0.9902680687415708061 ) ) ;
#7862 = FACE_OUTER_BOUND ( 'NONE', #6232, .T. ) ;
#7863 = CARTESIAN_POINT ( 'NONE',  ( 1.185480007611194431, 0.4815180484407237671, 0.8762688968660794497 ) ) ;
#7864 = DIRECTION ( 'NONE',  ( 5.042800802258161104E-17, -1.000000000000000000, 0.000000000000000000 ) ) ;
#7865 = ORIENTED_EDGE ( 'NONE', *, *, #9720, .F. ) ;
#7866 = CARTESIAN_POINT ( 'NONE',  ( 1.187815091085430819, 0.3397782492881460947, 0.8524686180799266877 ) ) ;
#7867 = VERTEX_POINT ( 'NONE', #1361 ) ;
#7868 = DIRECTION ( 'NONE',  ( -7.600374988071897308E-16, 1.000000000000000000, 4.379347898749865342E-15 ) ) ;
#7869 = ORIENTED_EDGE ( 'NONE', *, *, #10097, .F. ) ;
#7870 = CARTESIAN_POINT ( 'NONE',  ( 1.186669016924447817, 0.3432406431492763810, 0.8606233594645935625 ) ) ;
#7871 = ORIENTED_EDGE ( 'NONE', *, *, #7262, .T. ) ;
#7872 = CARTESIAN_POINT ( 'NONE',  ( -1.149999999999999689, 2.149999999999999467, 0.1100000000000000699 ) ) ;
#7873 = CARTESIAN_POINT ( 'NONE',  ( 1.182249685500472935, 0.3582131571438145756, 0.8920685364719240784 ) ) ;
#7874 = EDGE_CURVE ( 'NONE', #9289, #10327, #8498, .T. ) ;
#7875 = FILL_AREA_STYLE_COLOUR ( '', #5979 ) ;
#7876 = CARTESIAN_POINT ( 'NONE',  ( 1.167644266890803806, -0.02199050737592457214, 0.9959914898299161434 ) ) ;
#7877 = B_SPLINE_SURFACE_WITH_KNOTS ( 'NONE', 3, 1, ( 
 ( #6881, #5548 ),
 ( #2210, #6124 ),
 ( #7134, #1365 ),
 ( #3838, #6929 ) ),
 .UNSPECIFIED., .F., .F., .F.,
 ( 4, 4 ),
 ( 2, 2 ),
 ( 4.000000000000000000, 5.000000000000000000 ),
 ( 0.000000000000000000, 1.000000000000000000 ),
 .UNSPECIFIED. ) ;
#7878 = DIRECTION ( 'NONE',  ( 0.1391731009600623570, 0.000000000000000000, -0.9902680687415708061 ) ) ;
#7879 = CARTESIAN_POINT ( 'NONE',  ( 1.184489739542452513, 0.7030800628290645449, 0.8761297237651202163 ) ) ;
#7880 = CARTESIAN_POINT ( 'NONE',  ( -0.3981366483959006830, 0.8649999999999999911, 0.01000000000000002623 ) ) ;
#7881 = DIRECTION ( 'NONE',  ( 0.9902680687415708061, 4.993724611500633215E-17, 0.1391731009600625235 ) ) ;
#7882 = VERTEX_POINT ( 'NONE', #9600 ) ;
#7883 = ORIENTED_EDGE ( 'NONE', *, *, #2907, .T. ) ;
#7884 = CARTESIAN_POINT ( 'NONE',  ( 1.152575386360835674, -0.5347375282747645064, 1.110397442637407250 ) ) ;
#7885 = DIRECTION ( 'NONE',  ( 0.1391731009600644109, -0.000000000000000000, -0.9902680687415704730 ) ) ;
#7886 = CARTESIAN_POINT ( 'NONE',  ( 1.145106940575460142, 0.4211601013982697594, 1.163538195651937279 ) ) ;
#7887 = FACE_OUTER_BOUND ( 'NONE', #7018, .T. ) ;
#7888 = ORIENTED_EDGE ( 'NONE', *, *, #7255, .F. ) ;
#7889 = DIRECTION ( 'NONE',  ( -0.1391731009600620517, -5.552421786569851423E-15, 0.9902680687415708061 ) ) ;
#7890 = CARTESIAN_POINT ( 'NONE',  ( 1.144446602946982416, 0.1531521008881596702, 1.161051445485830724 ) ) ;
#7891 = CARTESIAN_POINT ( 'NONE',  ( 1.155499272696801416, 0.2297302714249714328, 1.082407613796452894 ) ) ;
#7892 = CARTESIAN_POINT ( 'NONE',  ( 1.172082618511471441, 0.2829762743196016506, 0.9644109770909219392 ) ) ;
#7893 = CARTESIAN_POINT ( 'NONE',  ( 1.143253677336234730, -0.2093904314435918734, 1.169539552257599535 ) ) ;
#7894 = EDGE_CURVE ( 'NONE', #4853, #5706, #1411, .T. ) ;
#7895 = ORIENTED_EDGE ( 'NONE', *, *, #5788, .F. ) ;
#7896 = FACE_BOUND ( 'NONE', #8450, .T. ) ;
#7897 = CARTESIAN_POINT ( 'NONE',  ( 1.181772631347965508, 0.5743164424718889549, 0.9026482496789443033 ) ) ;
#7898 = ORIENTED_EDGE ( 'NONE', *, *, #190, .F. ) ;
#7899 = EDGE_CURVE ( 'NONE', #5151, #4914, #6440, .T. ) ;
#7900 = CARTESIAN_POINT ( 'NONE',  ( -2.214999999999998970, -1.700000000000000178, 0.4000000000000000222 ) ) ;
#7901 = CARTESIAN_POINT ( 'NONE',  ( 1.174036630761126743, 0.2588330955027907110, 0.9576927540268845851 ) ) ;
#7902 = CARTESIAN_POINT ( 'NONE',  ( 1.180782363279223812, 0.5743164424718889549, 0.9025090765779841817 ) ) ;
#7903 = CARTESIAN_POINT ( 'NONE',  ( 1.185480007611194431, 0.2282330200255209551, 0.8762688968660785616 ) ) ;
#7904 = DIRECTION ( 'NONE',  ( -0.9902680687415706950, 0.000000000000000000, -0.1391731009600623292 ) ) ;
#7905 = FILL_AREA_STYLE_COLOUR ( '', #8931 ) ;
#7906 = CARTESIAN_POINT ( 'NONE',  ( 1.191019366056158324, 0.3189103079077391656, 0.8368543135053476689 ) ) ;
#7907 = ORIENTED_EDGE ( 'NONE', *, *, #1072, .F. ) ;
#7908 = VECTOR ( 'NONE', #6072, 1000.000000000000000 ) ;
#7909 = ADVANCED_FACE ( 'NONE', ( #7817 ), #505, .F. ) ;
#7910 = ADVANCED_FACE ( 'NONE', ( #3259 ), #8864, .F. ) ;
#7911 = VERTEX_POINT ( 'NONE', #4964 ) ;
#7912 = VECTOR ( 'NONE', #8807, 1000.000000000000227 ) ;
#7913 = DIRECTION ( 'NONE',  ( 4.347487227542244363E-15, -1.000000000000000000, -2.173743613771122181E-15 ) ) ;
#7914 = ORIENTED_EDGE ( 'NONE', *, *, #8651, .T. ) ;
#7915 = FACE_OUTER_BOUND ( 'NONE', #8521, .T. ) ;
#7916 = EDGE_CURVE ( 'NONE', #2075, #6373, #2614, .T. ) ;
#7917 = CARTESIAN_POINT ( 'NONE',  ( 1.183465695449504862, 0.3574957241823717435, 0.8906014726327954323 ) ) ;
#7918 = MECHANICAL_DESIGN_GEOMETRIC_PRESENTATION_REPRESENTATION (  '', ( #5885 ), #3151 ) ;
#7919 = CARTESIAN_POINT ( 'NONE',  ( 1.185523419511298693, 0.2556826290161979265, 0.8759600051464835335 ) ) ;
#7920 = DIRECTION ( 'NONE',  ( -0.9902680687415706950, -1.431534388630178744E-16, -0.1391731009600623292 ) ) ;
#7921 = VECTOR ( 'NONE', #6712, 1000.000000000000000 ) ;
#7922 = SURFACE_STYLE_FILL_AREA ( #1349 ) ;
#7923 = CARTESIAN_POINT ( 'NONE',  ( 1.184489739542452291, 0.7030800628290645449, 0.8761297237651202163 ) ) ;
#7924 = LINE ( 'NONE', #3187, #4249 ) ;
#7925 = DIRECTION ( 'NONE',  ( 0.000000000000000000, 0.000000000000000000, -1.000000000000000000 ) ) ;
#7926 = VERTEX_POINT ( 'NONE', #4262 ) ;
#7927 = VECTOR ( 'NONE', #4040, 1000.000000000000114 ) ;
#7928 = EDGE_CURVE ( 'NONE', #9054, #7566, #9727, .T. ) ;
#7929 = EDGE_LOOP ( 'NONE', ( #8615, #10376, #1993, #8431 ) ) ;
#7930 = CARTESIAN_POINT ( 'NONE',  ( 1.150000000000000133, 5.799220922596885701E-17, 0.01000000000000000021 ) ) ;
#7931 = ORIENTED_EDGE ( 'NONE', *, *, #5665, .T. ) ;
#7932 = CARTESIAN_POINT ( 'NONE',  ( 1.182254471889796488, -0.07491362458033562488, 0.8920344795422563422 ) ) ;
#7933 = AXIS2_PLACEMENT_3D ( 'NONE', #2719, #3428, #7532 ) ;
#7934 = VECTOR ( 'NONE', #4972, 1000.000000000000000 ) ;
#7935 = AXIS2_PLACEMENT_3D ( 'NONE', #6399, #8710, #2443 ) ;
#7936 = LINE ( 'NONE', #9351, #8356 ) ;
#7937 = PLANE ( 'NONE',  #10028 ) ;
#7938 = CARTESIAN_POINT ( 'NONE',  ( 1.169238260211920011, -0.3872468368763390401, 0.9918349345494910096 ) ) ;
#7939 = ORIENTED_EDGE ( 'NONE', *, *, #10383, .F. ) ;
#7940 = ADVANCED_FACE ( 'NONE', ( #2538 ), #5715, .T. ) ;
#7941 = ORIENTED_EDGE ( 'NONE', *, *, #10267, .T. ) ;
#7942 = CARTESIAN_POINT ( 'NONE',  ( 1.173211327912459190, 0.1667209416960227231, 0.9563797923937638057 ) ) ;
#7943 = LINE ( 'NONE', #8782, #5816 ) ;
#7944 = DIRECTION ( 'NONE',  ( -0.1391731009600572500, -0.000000000000000000, 0.9902680687415714722 ) ) ;
#7945 = ORIENTED_EDGE ( 'NONE', *, *, #8131, .T. ) ;
#7946 = ORIENTED_EDGE ( 'NONE', *, *, #5386, .T. ) ;
#7947 =( NAMED_UNIT ( * ) SI_UNIT ( $, .STERADIAN. ) SOLID_ANGLE_UNIT ( ) );
#7948 = DIRECTION ( 'NONE',  ( -0.1391731009600661040, -2.641197597603921422E-15, 0.9902680687415702510 ) ) ;
#7949 = CARTESIAN_POINT ( 'NONE',  ( 1.143253677336234730, -0.2718570838317662663, 1.169539552257599313 ) ) ;
#7950 = CARTESIAN_POINT ( 'NONE',  ( 1.191019366056158324, 0.3189103079077391656, 0.8368543135053476689 ) ) ;
#7951 = VERTEX_POINT ( 'NONE', #387 ) ;
#7952 = FILL_AREA_STYLE_COLOUR ( '', #7245 ) ;
#7953 = VECTOR ( 'NONE', #1672, 1000.000000000000000 ) ;
#7954 = ORIENTED_EDGE ( 'NONE', *, *, #4831, .T. ) ;
#7955 = B_SPLINE_CURVE_WITH_KNOTS ( 'NONE', 3,
 ( #380, #4454, #6863, #5356 ),
 .UNSPECIFIED., .F., .F.,
 ( 4, 4 ),
 ( 11.00000000000000000, 12.00000000000000000 ),
 .UNSPECIFIED. ) ;
#7956 =( LENGTH_UNIT ( ) NAMED_UNIT ( * ) SI_UNIT ( .MILLI., .METRE. ) );
#7957 = CARTESIAN_POINT ( 'NONE',  ( 1.182059149888240457, 0.1737081148940254616, 0.9006095643325694455 ) ) ;
#7958 = DIRECTION ( 'NONE',  ( -0.000000000000000000, -1.000000000000000000, -1.287339273433619428E-14 ) ) ;
#7959 = CARTESIAN_POINT ( 'NONE',  ( 1.153034057285735159, -0.4340968178936723265, 1.099948532891509068 ) ) ;
#7960 = CARTESIAN_POINT ( 'NONE',  ( 1.184489739542452735, 0.2129485786556121751, 0.8761297237651184400 ) ) ;
#7961 = EDGE_CURVE ( 'NONE', #8091, #3647, #2695, .T. ) ;
#7962 = VERTEX_POINT ( 'NONE', #8534 ) ;
#7963 = SURFACE_SIDE_STYLE ('',( #8689 ) ) ;
#7964 = ORIENTED_EDGE ( 'NONE', *, *, #6299, .T. ) ;
#7965 = CARTESIAN_POINT ( 'NONE',  ( 1.171857353379131883, 0.6673331856652375826, 0.9731991183274090185 ) ) ;
#7966 = B_SPLINE_SURFACE_WITH_KNOTS ( 'NONE', 3, 1, ( 
 ( #1813, #9208 ),
 ( #9887, #8331 ),
 ( #1925, #5824 ),
 ( #6738, #9989 ) ),
 .UNSPECIFIED., .F., .F., .F.,
 ( 4, 4 ),
 ( 2, 2 ),
 ( 2.000000000000000000, 3.000000000000000000 ),
 ( 0.000000000000000000, 1.000000000000000000 ),
 .UNSPECIFIED. ) ;
#7967 = ORIENTED_EDGE ( 'NONE', *, *, #7470, .F. ) ;
#7968 = ORIENTED_EDGE ( 'NONE', *, *, #2882, .F. ) ;
#7969 = DIRECTION ( 'NONE',  ( 0.1391731009600623292, 0.000000000000000000, -0.9902680687415708061 ) ) ;
#7970 = ORIENTED_EDGE ( 'NONE', *, *, #4426, .F. ) ;
#7971 = UNCERTAINTY_MEASURE_WITH_UNIT (LENGTH_MEASURE( 1.000000000000000082E-05 ), #3762, 'distance_accuracy_value', 'NONE');
#7972 = CARTESIAN_POINT ( 'NONE',  ( 1.183543836869484833, 0.5203218138775317358, 0.8900454675390062631 ) ) ;
#7973 = EDGE_CURVE ( 'NONE', #4676, #9892, #8860, .T. ) ;
#7974 = FILL_AREA_STYLE ('',( #2960 ) ) ;
#7975 = DIRECTION ( 'NONE',  ( -0.1391731009600769009, 0.000000000000000000, 0.9902680687415688077 ) ) ;
#7976 = LINE ( 'NONE', #9484, #300 ) ;
#7977 = EDGE_CURVE ( 'NONE', #5600, #1054, #3919, .T. ) ;
#7978 = VECTOR ( 'NONE', #919, 1000.000000000000000 ) ;
#7979 = EDGE_LOOP ( 'NONE', ( #2966, #4953, #1739, #9436 ) ) ;
#7980 = CARTESIAN_POINT ( 'NONE',  ( 1.008476408045746231, 1.908476408045745476, 1.409999999999999920 ) ) ;
#7981 = SURFACE_STYLE_USAGE ( .BOTH. , #1468 ) ;
#7982 = CARTESIAN_POINT ( 'NONE',  ( -1.249999999999999778, 1.699999999999999734, 0.1100000000000000699 ) ) ;
#7983 = ORIENTED_EDGE ( 'NONE', *, *, #9123, .F. ) ;
#7984 = CARTESIAN_POINT ( 'NONE',  ( 1.164891421352249656, -0.2059200489961644509, 1.022764300159674011 ) ) ;
#7985 = SURFACE_STYLE_FILL_AREA ( #1471 ) ;
#7986 = CARTESIAN_POINT ( 'NONE',  ( 1.145789333529667831, -0.4349644135054252514, 1.151497420952471540 ) ) ;
#7987 = ORIENTED_EDGE ( 'NONE', *, *, #5745, .F. ) ;
#7988 = LINE ( 'NONE', #1364, #4685 ) ;
#7989 = CIRCLE ( 'NONE', #3391, 0.09999999999999982514 ) ;
#7990 = ADVANCED_FACE ( 'NONE', ( #2952 ), #5473, .T. ) ;
#7991 = VECTOR ( 'NONE', #5296, 1000.000000000000114 ) ;
#7992 = DIRECTION ( 'NONE',  ( -0.000000000000000000, 0.000000000000000000, 1.000000000000000000 ) ) ;
#7993 = CARTESIAN_POINT ( 'NONE',  ( 1.250000000000000444, -2.050000000000001155, 0.1100000000000000699 ) ) ;
#7994 = FACE_OUTER_BOUND ( 'NONE', #8188, .T. ) ;
#7995 = ORIENTED_EDGE ( 'NONE', *, *, #4399, .F. ) ;
#7996 = DIRECTION ( 'NONE',  ( -1.000802005371234832E-15, 1.000000000000000000, 0.000000000000000000 ) ) ;
#7997 = ORIENTED_EDGE ( 'NONE', *, *, #6152, .F. ) ;
#7998 = FACE_OUTER_BOUND ( 'NONE', #8675, .T. ) ;
#7999 = STYLED_ITEM ( 'NONE', ( #10413 ), #9310 ) ;
#8000 = ORIENTED_EDGE ( 'NONE', *, *, #3156, .F. ) ;
#8001 = CARTESIAN_POINT ( 'NONE',  ( 1.146174873316347265, 0.4300812243200822227, 1.155939459361885469 ) ) ;
#8002 = ADVANCED_FACE ( 'NONE', ( #7280, #4091, #3440, #5895, #270, #370, #6895, #2740, #474, #2129, #7896, #2236, #7157, #628 ), #8645, .T. ) ;
#8003 = CARTESIAN_POINT ( 'NONE',  ( 1.152903241074449081, 0.5378209396091662153, 1.100879338600493140 ) ) ;
#8004 = LINE ( 'NONE', #686, #2046 ) ;
#8005 = EDGE_LOOP ( 'NONE', ( #8169, #1122, #8184, #8508 ) ) ;
#8006 = PRESENTATION_LAYER_ASSIGNMENT (  '', '', ( #3248 ) ) ;
#8007 = CARTESIAN_POINT ( 'NONE',  ( 1.184030050149940561, 0.2740863441352417440, 0.8865858802846288134 ) ) ;
#8008 = DIRECTION ( 'NONE',  ( -0.9902680687415706950, -1.431534388630178744E-16, -0.1391731009600623292 ) ) ;
#8009 = CARTESIAN_POINT ( 'NONE',  ( 1.885000000000000453, 0.5649999999999993916, 0.4000000000000000222 ) ) ;
#8010 = CARTESIAN_POINT ( 'NONE',  ( 1.185480007611194209, 0.7204856103475046902, 0.8762688968660802269 ) ) ;
#8011 = AXIS2_PLACEMENT_3D ( 'NONE', #5155, #8402, #1067 ) ;
#8012 = ORIENTED_EDGE ( 'NONE', *, *, #2287, .T. ) ;
#8013 = CARTESIAN_POINT ( 'NONE',  ( 1.142814315505543243, 0.4327014142695420063, 1.172665774124874050 ) ) ;
#8014 = ORIENTED_EDGE ( 'NONE', *, *, #2357, .F. ) ;
#8015 = ORIENTED_EDGE ( 'NONE', *, *, #6935, .T. ) ;
#8016 = ORIENTED_EDGE ( 'NONE', *, *, #830, .F. ) ;
#8017 = DIRECTION ( 'NONE',  ( -0.9902680687415706950, -1.431534388630178744E-16, -0.1391731009600623292 ) ) ;
#8018 = ADVANCED_FACE ( 'NONE', ( #449 ), #476, .T. ) ;
#8019 = CARTESIAN_POINT ( 'NONE',  ( 1.175842089054802697, 0.5873550067417854237, 0.9376609542147062992 ) ) ;
#8020 = CARTESIAN_POINT ( 'NONE',  ( 1.154990295431082004, -0.05842939069376375250, 1.093214471756663420 ) ) ;
#8021 = DIRECTION ( 'NONE',  ( 0.9902680687415706950, 0.000000000000000000, 0.1391731009600623292 ) ) ;
#8022 = CARTESIAN_POINT ( 'NONE',  ( 1.175975708998181490, -0.03326920068716877205, 0.9367101989152807340 ) ) ;
#8023 = CARTESIAN_POINT ( 'NONE',  ( 1.156602411705630384, 0.3675085929167397070, 1.081743668427780136 ) ) ;
#8024 = LINE ( 'NONE', #6685, #8275 ) ;
#8025 = CARTESIAN_POINT ( 'NONE',  ( 1.180557098146884254, 0.2129485786556120641, 0.9112972178144711499 ) ) ;
#8026 = B_SPLINE_CURVE_WITH_KNOTS ( 'NONE', 3,
 ( #3339, #8082, #2411, #748 ),
 .UNSPECIFIED., .F., .F.,
 ( 4, 4 ),
 ( 12.00000000000000000, 13.00000000000000000 ),
 .UNSPECIFIED. ) ;
#8027 = DIRECTION ( 'NONE',  ( -0.000000000000000000, 0.000000000000000000, 1.000000000000000000 ) ) ;
#8028 = VERTEX_POINT ( 'NONE', #2239 ) ;
#8029 = FACE_OUTER_BOUND ( 'NONE', #6092, .T. ) ;
#8030 = VERTEX_POINT ( 'NONE', #7900 ) ;
#8031 = VERTEX_POINT ( 'NONE', #5578 ) ;
#8032 = CARTESIAN_POINT ( 'NONE',  ( 1.177674547984373099, 0.2282330200255208441, 0.9318076279640575832 ) ) ;
#8033 = VECTOR ( 'NONE', #9092, 1000.000000000000227 ) ;
#8034 = CARTESIAN_POINT ( 'NONE',  ( 1.156602411705630606, 0.2788276402336488102, 1.081743668427779692 ) ) ;
#8035 = CARTESIAN_POINT ( 'NONE',  ( 1.145106940575460142, 0.4211601013982697594, 1.163538195651937279 ) ) ;
#8036 = CARTESIAN_POINT ( 'NONE',  ( 1.152894558694451232, 0.1678126875081609737, 1.100941116944246234 ) ) ;
#8037 = ORIENTED_EDGE ( 'NONE', *, *, #3096, .F. ) ;
#8038 = CARTESIAN_POINT ( 'NONE',  ( 1.183474377829502933, 0.1781374836174793586, 0.8905396942890377865 ) ) ;
#8039 = LINE ( 'NONE', #6937, #7074 ) ;
#8040 = CARTESIAN_POINT ( 'NONE',  ( 1.156602411705630606, 0.2788276402336488102, 1.081743668427779692 ) ) ;
#8041 = ORIENTED_EDGE ( 'NONE', *, *, #5166, .T. ) ;
#8042 = LINE ( 'NONE', #3939, #8972 ) ;
#8043 = CARTESIAN_POINT ( 'NONE',  ( 1.184489739542452957, 0.07794641080098932417, 0.8761297237651181069 ) ) ;
#8044 = VECTOR ( 'NONE', #1914, 1000.000000000000227 ) ;
#8045 = EDGE_CURVE ( 'NONE', #3729, #4914, #8851, .T. ) ;
#8046 = DIRECTION ( 'NONE',  ( 0.000000000000000000, -1.000000000000000000, 0.000000000000000000 ) ) ;
#8047 = EDGE_CURVE ( 'NONE', #9692, #6167, #3810, .T. ) ;
#8048 = VERTEX_POINT ( 'NONE', #10299 ) ;
#8049 = B_SPLINE_CURVE_WITH_KNOTS ( 'NONE', 3,
 ( #1629, #1787, #6553, #5764 ),
 .UNSPECIFIED., .F., .F.,
 ( 4, 4 ),
 ( 15.00000000000000000, 16.00000000000000000 ),
 .UNSPECIFIED. ) ;
#8050 = EDGE_CURVE ( 'NONE', #8351, #2246, #7010, .T. ) ;
#8051 = CARTESIAN_POINT ( 'NONE',  ( 1.178173432177748170, -0.1772895427337742580, 0.9282578824795382211 ) ) ;
#8052 = DIRECTION ( 'NONE',  ( -0.1230422357691293711, -0.4673073067545585046, 0.8754909989661430192 ) ) ;
#8053 = AXIS2_PLACEMENT_3D ( 'NONE', #8010, #7209, #10461 ) ;
#8054 = CARTESIAN_POINT ( 'NONE',  ( 1.184489739542452513, 0.6106871743839673572, 0.8761297237651198833 ) ) ;
#8055 = CARTESIAN_POINT ( 'NONE',  ( 1.171290934821607177, -0.1790247008616725199, 0.9772293957818157795 ) ) ;
#8056 = ORIENTED_EDGE ( 'NONE', *, *, #8305, .F. ) ;
#8057 = CARTESIAN_POINT ( 'NONE',  ( 0.000000000000000000, 0.8649999999999999911, 0.01000000000000000021 ) ) ;
#8058 = VERTEX_POINT ( 'NONE', #3048 ) ;
#8059 = CARTESIAN_POINT ( 'NONE',  ( 1.177830830824449393, 0.4316408611952771701, 0.9306956177756502413 ) ) ;
#8060 = EDGE_CURVE ( 'NONE', #4829, #2484, #10354, .T. ) ;
#8061 = EDGE_CURVE ( 'NONE', #8650, #10534, #9904, .T. ) ;
#8062 = EDGE_CURVE ( 'NONE', #2095, #815, #5461, .T. ) ;
#8063 = ORIENTED_EDGE ( 'NONE', *, *, #8399, .T. ) ;
#8064 = CARTESIAN_POINT ( 'NONE',  ( 1.169460539749125338, 0.5387567217336164394, 0.9830680369262247975 ) ) ;
#8065 = FILL_AREA_STYLE_COLOUR ( '', #1806 ) ;
#8066 = LINE ( 'NONE', #10288, #839 ) ;
#8067 = ORIENTED_EDGE ( 'NONE', *, *, #1789, .T. ) ;
#8068 = ORIENTED_EDGE ( 'NONE', *, *, #6299, .F. ) ;
#8069 = DIRECTION ( 'NONE',  ( -5.042800802258161720E-17, 1.000000000000000000, -0.000000000000000000 ) ) ;
#8070 = CARTESIAN_POINT ( 'NONE',  ( 1.183031576449035782, 0.2063981037827952447, 0.8936903898246436606 ) ) ;
#8071 = DIRECTION ( 'NONE',  ( 1.221537280416829194E-15, -1.000000000000000000, -7.663089471702093366E-15 ) ) ;
#8072 = DIRECTION ( 'NONE',  ( 0.01855939615806601745, -0.9910683662997868959, -0.1320569654888347211 ) ) ;
#8073 = PLANE ( 'NONE',  #5174 ) ;
#8074 = ADVANCED_FACE ( 'NONE', ( #6306 ), #7119, .F. ) ;
#8075 = EDGE_LOOP ( 'NONE', ( #9057, #5096, #6431, #6802 ) ) ;
#8076 = CARTESIAN_POINT ( 'NONE',  ( 1.185445278091203258, 0.1706824193572492043, 0.8765160102410967102 ) ) ;
#8077 = VERTEX_POINT ( 'NONE', #8960 ) ;
#8078 = ORIENTED_EDGE ( 'NONE', *, *, #726, .T. ) ;
#8079 = ORIENTED_EDGE ( 'NONE', *, *, #3447, .F. ) ;
#8080 = B_SPLINE_SURFACE_WITH_KNOTS ( 'NONE', 3, 1, ( 
 ( #6792, #9171 ),
 ( #7543, #1160 ),
 ( #10098, #1880 ),
 ( #1822, #5100 ) ),
 .UNSPECIFIED., .F., .F., .F.,
 ( 4, 4 ),
 ( 2, 2 ),
 ( 4.000000000000000000, 5.000000000000000000 ),
 ( 0.000000000000000000, 1.000000000000000000 ),
 .UNSPECIFIED. ) ;
#8081 = CARTESIAN_POINT ( 'NONE',  ( 1.150000000000000355, -2.050000000000001155, 1.510000000000000009 ) ) ;
#8082 = CARTESIAN_POINT ( 'NONE',  ( 1.174956486294100655, 0.2647909083631490024, 0.9439623452842640372 ) ) ;
#8083 = CARTESIAN_POINT ( 'NONE',  ( 1.143265799265892113, 0.2386513943472002575, 1.169453300246339644 ) ) ;
#8084 = CARTESIAN_POINT ( 'NONE',  ( 1.191132236996245375, 0.3216240760691460032, 0.8360511950357151223 ) ) ;
#8085 = CARTESIAN_POINT ( 'NONE',  ( 1.168634534959545501, -0.02199050737592457214, 0.9961306629308762650 ) ) ;
#8086 = SURFACE_SIDE_STYLE ('',( #5145 ) ) ;
#8087 = EDGE_CURVE ( 'NONE', #10309, #3756, #9899, .T. ) ;
#8088 = ORIENTED_EDGE ( 'NONE', *, *, #1432, .T. ) ;
#8089 = CARTESIAN_POINT ( 'NONE',  ( 1.141269328612032785, 0.2097357266941085041, 1.190844223622766540 ) ) ;
#8090 = B_SPLINE_CURVE_WITH_KNOTS ( 'NONE', 3,
 ( #6402, #5395, #2333, #5620 ),
 .UNSPECIFIED., .F., .F.,
 ( 4, 4 ),
 ( 1.000000000000000000, 2.000000000000000000 ),
 .UNSPECIFIED. ) ;
#8091 = VERTEX_POINT ( 'NONE', #10524 ) ;
#8092 = DIRECTION ( 'NONE',  ( -0.9902680687415706950, -1.431534388630178744E-16, -0.1391731009600623292 ) ) ;
#8093 = ORIENTED_EDGE ( 'NONE', *, *, #3816, .T. ) ;
#8094 = ORIENTED_EDGE ( 'NONE', *, *, #4224, .F. ) ;
#8095 = CARTESIAN_POINT ( 'NONE',  ( 1.175633711934623848, 0.2490385759310174418, 0.9391436344664653157 ) ) ;
#8096 = FACE_OUTER_BOUND ( 'NONE', #2508, .T. ) ;
#8097 = VERTEX_POINT ( 'NONE', #9062 ) ;
#8098 = CARTESIAN_POINT ( 'NONE',  ( 1.157548314378598064, 0.4578739534240031661, 1.067827924653896199 ) ) ;
#8099 = ORIENTED_EDGE ( 'NONE', *, *, #2551, .T. ) ;
#8100 = DIRECTION ( 'NONE',  ( 0.000000000000000000, 0.000000000000000000, 1.000000000000000000 ) ) ;
#8101 = CARTESIAN_POINT ( 'NONE',  ( 1.186263386947868481, -0.3881144490365188715, 0.8706948632527670151 ) ) ;
#8102 = DIRECTION ( 'NONE',  ( -0.9902680687415706950, -1.431534388630178744E-16, -0.1391731009600623292 ) ) ;
#8103 = VECTOR ( 'NONE', #39, 1000.000000000000000 ) ;
#8104 = ORIENTED_EDGE ( 'NONE', *, *, #2711, .F. ) ;
#8105 = CARTESIAN_POINT ( 'NONE',  ( 1.185273118879126786, -0.3881144490365188715, 0.8705556901518068935 ) ) ;
#8106 =( NAMED_UNIT ( * ) PLANE_ANGLE_UNIT ( ) SI_UNIT ( $, .RADIAN. ) );
#8107 = CARTESIAN_POINT ( 'NONE',  ( 1.174261895893466523, 0.2694386262491972883, 0.9489046127903965067 ) ) ;
#8108 = CARTESIAN_POINT ( 'NONE',  ( 1.185480007611194653, 0.1435759304789832047, 0.8762688968660783395 ) ) ;
#8109 = ORIENTED_EDGE ( 'NONE', *, *, #3009, .F. ) ;
#8110 = SURFACE_STYLE_USAGE ( .BOTH. , #927 ) ;
#8111 = EDGE_LOOP ( 'NONE', ( #8491, #6317, #10286, #3620, #9573, #3381, #10235 ) ) ;
#8112 = DIRECTION ( 'NONE',  ( -0.9902680687415706950, -1.431534388630178744E-16, -0.1391731009600623292 ) ) ;
#8113 = CARTESIAN_POINT ( 'NONE',  ( -2.214999999999998970, 1.700000000000000178, 0.4000000000000000222 ) ) ;
#8114 = DIRECTION ( 'NONE',  ( -0.9902680687415706950, -1.431534388630178744E-16, -0.1391731009600623292 ) ) ;
#8115 = CARTESIAN_POINT ( 'NONE',  ( 1.167507004247420932, 0.4158885287627301919, 0.9969681642866571325 ) ) ;
#8116 = B_SPLINE_CURVE_WITH_KNOTS ( 'NONE', 3,
 ( #7164, #10356, #1329, #4774 ),
 .UNSPECIFIED., .F., .F.,
 ( 4, 4 ),
 ( 22.00000000000000000, 23.00000000000000000 ),
 .UNSPECIFIED. ) ;
#8117 = CARTESIAN_POINT ( 'NONE',  ( 1.140279060543291312, 0.1916127462129770254, 1.190705050521806418 ) ) ;
#8118 = CARTESIAN_POINT ( 'NONE',  ( 1.176832357123544393, 0.5873550067417854237, 0.9378001273156664208 ) ) ;
#8119 = DIRECTION ( 'NONE',  ( -0.9902680687415706950, -1.431534388630178744E-16, -0.1391731009600623292 ) ) ;
#8120 = ORIENTED_EDGE ( 'NONE', *, *, #458, .F. ) ;
#8121 = FACE_OUTER_BOUND ( 'NONE', #1845, .T. ) ;
#8122 = ORIENTED_EDGE ( 'NONE', *, *, #6336, .F. ) ;
#8123 = DIRECTION ( 'NONE',  ( -0.1391731009600624402, -2.776210893284933600E-15, 0.9902680687415708061 ) ) ;
#8124 = VECTOR ( 'NONE', #2517, 1000.000000000000000 ) ;
#8125 = DIRECTION ( 'NONE',  ( -1.000000000000000000, -1.251002506714043540E-16, 0.000000000000000000 ) ) ;
#8126 = COLOUR_RGB ( '',0.2509803921568627416, 0.2509803921568627416, 0.2509803921568627416 ) ;
#8127 = ORIENTED_EDGE ( 'NONE', *, *, #4394, .F. ) ;
#8128 = SURFACE_SIDE_STYLE ('',( #8665 ) ) ;
#8129 = DIRECTION ( 'NONE',  ( -1.008560160451632098E-16, 1.000000000000000000, -3.110028826839648887E-33 ) ) ;
#8130 = CARTESIAN_POINT ( 'NONE',  ( 1.157834832918872792, 0.1873705339142499038, 1.065789239307522562 ) ) ;
#8131 = EDGE_CURVE ( 'NONE', #5471, #7021, #745, .T. ) ;
#8132 = ADVANCED_FACE ( 'NONE', ( #5748 ), #2563, .T. ) ;
#8133 = SURFACE_STYLE_USAGE ( .BOTH. , #107 ) ;
#8134 = CARTESIAN_POINT ( 'NONE',  ( -0.9149999999999990363, 0.2000000000000007327, 0.4000000000000000222 ) ) ;
#8135 = ORIENTED_EDGE ( 'NONE', *, *, #4431, .T. ) ;
#8137 = EDGE_CURVE ( 'NONE', #4853, #5355, #9891, .T. ) ;
#8136 = SURFACE_STYLE_FILL_AREA ( #4132 ) ;
#8138 = CARTESIAN_POINT ( 'NONE',  ( 1.250000000000000222, 2.149999999999999467, 1.510000000000000009 ) ) ;
#8139 = CARTESIAN_POINT ( 'NONE',  ( 1.185445278091203258, 0.1706824193572492043, 0.8765160102410967102 ) ) ;
#8140 = EDGE_LOOP ( 'NONE', ( #8588, #3989, #1400, #3743 ) ) ;
#8141 = CARTESIAN_POINT ( 'NONE',  ( 1.181068881819498761, 0.1737081148940254616, 0.9004703912316093239 ) ) ;
#8142 = ORIENTED_EDGE ( 'NONE', *, *, #399, .F. ) ;
#8143 = ORIENTED_EDGE ( 'NONE', *, *, #7338, .T. ) ;
#8144 = ORIENTED_EDGE ( 'NONE', *, *, #9276, .F. ) ;
#8145 = CARTESIAN_POINT ( 'NONE',  ( 1.174800680201743663, 0.1952934892367083342, 0.9522562597707151522 ) ) ;
#8146 = EDGE_CURVE ( 'NONE', #9513, #5287, #5426, .T. ) ;
#8147 = CARTESIAN_POINT ( 'NONE',  ( 1.181190435139584105, 0.3078056933612357549, 0.8996054944182203528 ) ) ;
#8148 = LINE ( 'NONE', #3294, #7953 ) ;
#8149 = CARTESIAN_POINT ( 'NONE',  ( 1.141708289787361164, -0.3768357391772623188, 1.187720852566533702 ) ) ;
#8150 = ORIENTED_EDGE ( 'NONE', *, *, #2442, .T. ) ;
#8151 = VERTEX_POINT ( 'NONE', #5834 ) ;
#8152 = DIRECTION ( 'NONE',  ( -0.000000000000000000, -1.000000000000000000, -1.287339273497257626E-14 ) ) ;
#8153 = VERTEX_POINT ( 'NONE', #5694 ) ;
#8154 = ORIENTED_EDGE ( 'NONE', *, *, #3816, .F. ) ;
#8155 = SURFACE_SIDE_STYLE ('',( #7857 ) ) ;
#8156 = AXIS2_PLACEMENT_3D ( 'NONE', #6811, #383, #6714 ) ;
#8157 = DIRECTION ( 'NONE',  ( 1.000000000000000000, 1.251002506714043540E-16, -0.000000000000000000 ) ) ;
#8158 = ADVANCED_FACE ( 'NONE', ( #3290 ), #5098, .F. ) ;
#8159 = FILL_AREA_STYLE_COLOUR ( '', #1510 ) ;
#8160 = ORIENTED_EDGE ( 'NONE', *, *, #10130, .F. ) ;
#8161 = B_SPLINE_CURVE_WITH_KNOTS ( 'NONE', 3,
 ( #7366, #4976, #7419, #782 ),
 .UNSPECIFIED., .F., .F.,
 ( 4, 4 ),
 ( 7.000000000000000000, 8.000000000000000000 ),
 .UNSPECIFIED. ) ;
#8162 = CARTESIAN_POINT ( 'NONE',  ( 1.172353339059514443, -0.3221774142005019992, 0.9624847003001492096 ) ) ;
#8163 = CARTESIAN_POINT ( 'NONE',  ( 1.008476408045746009, 1.908476408045745476, 1.409999999999999920 ) ) ;
#8164 = ORIENTED_EDGE ( 'NONE', *, *, #5869, .F. ) ;
#8165 = DIRECTION ( 'NONE',  ( 0.9902680687415703620, -0.000000000000000000, 0.1391731009600652991 ) ) ;
#8166 = CARTESIAN_POINT ( 'NONE',  ( -2.214999999999998970, -0.2000000000000000944, 0.4000000000000000222 ) ) ;
#8167 = ORIENTED_EDGE ( 'NONE', *, *, #9219, .T. ) ;
#8168 = PLANE ( 'NONE',  #7755 ) ;
#8169 = ORIENTED_EDGE ( 'NONE', *, *, #8576, .T. ) ;
#8170 = CARTESIAN_POINT ( 'NONE',  ( 1.181554310173081879, -0.3542783525547693046, 0.9042016855564664057 ) ) ;
#8171 = DIRECTION ( 'NONE',  ( 0.9902680687415708061, -2.168404344971010446E-15, 0.1391731009600618574 ) ) ;
#8172 = CARTESIAN_POINT ( 'NONE',  ( 1.180105358512730129, -0.05409142918217924034, 0.9145115123297309356 ) ) ;
#8173 = CARTESIAN_POINT ( 'NONE',  ( 1.175946754362842350, 0.2647909083631490024, 0.9441015183852240478 ) ) ;
#8174 = ORIENTED_EDGE ( 'NONE', *, *, #10187, .T. ) ;
#8175 = DIRECTION ( 'NONE',  ( 0.1391731009600623570, 3.416366884051213426E-15, -0.9902680687415708061 ) ) ;
#8176 = B_SPLINE_SURFACE_WITH_KNOTS ( 'NONE', 3, 1, ( 
 ( #10487, #7122 ),
 ( #10369, #5652 ),
 ( #7073, #500 ),
 ( #4573, #10313 ) ),
 .UNSPECIFIED., .F., .F., .F.,
 ( 4, 4 ),
 ( 2, 2 ),
 ( 4.000000000000000000, 5.000000000000000000 ),
 ( 0.000000000000000000, 1.000000000000000000 ),
 .UNSPECIFIED. ) ;
#8177 = COLOUR_RGB ( '',0.8509803921568627194, 0.8509803921568627194, 0.8509803921568627194 ) ;
#8178 = CARTESIAN_POINT ( 'NONE',  ( 1.143253677336235175, -0.3265153922605140702, 1.169539552257599313 ) ) ;
#8179 = CARTESIAN_POINT ( 'NONE',  ( 1.183220444269439398, -0.4219505455182685494, 0.8851612289194835670 ) ) ;
#8180 = SURFACE_SIDE_STYLE ('',( #8328 ) ) ;
#8181 = MECHANICAL_DESIGN_GEOMETRIC_PRESENTATION_REPRESENTATION (  '', ( #7494 ), #8882 ) ;
#8182 = CARTESIAN_POINT ( 'NONE',  ( 1.169990164929685994, 0.5650521994372486034, 0.9792995579522519867 ) ) ;
#8183 = VECTOR ( 'NONE', #9261, 1000.000000000000000 ) ;
#8184 = ORIENTED_EDGE ( 'NONE', *, *, #5587, .F. ) ;
#8185 = CARTESIAN_POINT ( 'NONE',  ( 1.184533151442556997, 0.2556826290161979265, 0.8758208320455235230 ) ) ;
#8186 = VERTEX_POINT ( 'NONE', #1979 ) ;
#8187 = ADVANCED_FACE ( 'NONE', ( #3586 ), #9998, .F. ) ;
#8188 = EDGE_LOOP ( 'NONE', ( #6066, #6921, #7456, #1291 ) ) ;
#8189 = EDGE_CURVE ( 'NONE', #1054, #10516, #5054, .T. ) ;
#8190 = CARTESIAN_POINT ( 'NONE',  ( 1.178173432177748170, -0.1382478891282721278, 0.9282578824795383321 ) ) ;
#8191 = DIRECTION ( 'NONE',  ( 0.1391731009600590541, -0.000000000000000000, -0.9902680687415712502 ) ) ;
#8192 = CARTESIAN_POINT ( 'NONE',  ( -0.9149999999999988143, -1.299999999999999156, 0.000000000000000000 ) ) ;
#8193 = PRESENTATION_LAYER_ASSIGNMENT (  '', '', ( #6837 ) ) ;
#8194 = ORIENTED_EDGE ( 'NONE', *, *, #6109, .F. ) ;
#8195 = ORIENTED_EDGE ( 'NONE', *, *, #9305, .F. ) ;
#8196 = ADVANCED_FACE ( 'NONE', ( #5943 ), #9218, .F. ) ;
#8197 = DIRECTION ( 'NONE',  ( 0.000000000000000000, -1.000000000000000000, 0.000000000000000000 ) ) ;
#8198 = VECTOR ( 'NONE', #10385, 1000.000000000000227 ) ;
#8199 = VERTEX_POINT ( 'NONE', #4338 ) ;
#8200 = ORIENTED_EDGE ( 'NONE', *, *, #4924, .F. ) ;
#8201 = CARTESIAN_POINT ( 'NONE',  ( 1.143726442154188838, 0.5126172077172520547, 1.173360952320449568 ) ) ;
#8202 = EDGE_CURVE ( 'NONE', #2561, #4696, #7593, .T. ) ;
#8203 = CARTESIAN_POINT ( 'NONE',  ( 1.167765015165509013, -0.07578123674051377712, 0.9951323212120493089 ) ) ;
#8204 = CARTESIAN_POINT ( 'NONE',  ( -1.249999999999999556, -0.2000000000000000944, 1.510000000000000009 ) ) ;
#8205 = LINE ( 'NONE', #8307, #9167 ) ;
#8206 = CARTESIAN_POINT ( 'NONE',  ( 1.183292047849317630, 0.3078056933612357549, 0.8918370395095319703 ) ) ;
#8207 = ORIENTED_EDGE ( 'NONE', *, *, #6205, .T. ) ;
#8208 = LINE ( 'NONE', #3453, #5043 ) ;
#8209 = ORIENTED_EDGE ( 'NONE', *, *, #9546, .T. ) ;
#8210 = CARTESIAN_POINT ( 'NONE',  ( 1.152816877152650354, -0.1078821254503317811, 1.108679146369094148 ) ) ;
#8211 = SURFACE_STYLE_USAGE ( .BOTH. , #4965 ) ;
#8212 = CARTESIAN_POINT ( 'NONE',  ( 1.178052688509119594, -0.1972441590686038193, 0.9291170183234680469 ) ) ;
#8213 = B_SPLINE_CURVE_WITH_KNOTS ( 'NONE', 3,
 ( #9372, #10163, #6809, #2794 ),
 .UNSPECIFIED., .F., .F.,
 ( 4, 4 ),
 ( 4.000000000000000000, 5.000000000000000000 ),
 .UNSPECIFIED. ) ;
#8214 = EDGE_CURVE ( 'NONE', #10532, #9821, #2096, .T. ) ;
#8215 = ORIENTED_EDGE ( 'NONE', *, *, #1482, .T. ) ;
#8216 = LINE ( 'NONE', #1090, #8033 ) ;
#8217 = VECTOR ( 'NONE', #4385, 1000.000000000000227 ) ;
#8218 = CARTESIAN_POINT ( 'NONE',  ( 1.183099695994734635, -0.3542783525547691936, 0.8860203975373471819 ) ) ;
#8219 = CARTESIAN_POINT ( 'NONE',  ( 1.158346866222010885, -0.1503941615036764046, 1.062145933045520518 ) ) ;
#8220 = B_SPLINE_CURVE_WITH_KNOTS ( 'NONE', 3,
 ( #4207, #7453, #134, #8486 ),
 .UNSPECIFIED., .F., .F.,
 ( 4, 4 ),
 ( 6.000000000000000000, 7.000000000000000000 ),
 .UNSPECIFIED. ) ;
#8221 = CARTESIAN_POINT ( 'NONE',  ( 1.155516637456797113, 0.1629466204599333279, 1.082284057108943376 ) ) ;
#8222 = PRESENTATION_STYLE_ASSIGNMENT (( #835 ) ) ;
#8223 = CARTESIAN_POINT ( 'NONE',  ( 1.186263386947868481, -0.3881144490365188715, 0.8706948632527670151 ) ) ;
#8224 = ORIENTED_EDGE ( 'NONE', *, *, #3009, .T. ) ;
#8225 = AXIS2_PLACEMENT_3D ( 'NONE', #4780, #4184, #1503 ) ;
#8226 = EDGE_CURVE ( 'NONE', #6044, #3035, #7780, .T. ) ;
#8227 = DIRECTION ( 'NONE',  ( -1.000000000000000000, 0.000000000000000000, -0.000000000000000000 ) ) ;
#8228 = AXIS2_PLACEMENT_3D ( 'NONE', #5097, #311, #3584 ) ;
#8229 = CARTESIAN_POINT ( 'NONE',  ( 1.145910078349815509, -0.4219505289702579209, 1.150638276915055380 ) ) ;
#8230 = DIRECTION ( 'NONE',  ( 0.1378271027864771126, 0.1387416884823312324, -0.9806907940908580201 ) ) ;
#8231 = CARTESIAN_POINT ( 'NONE',  ( 1.148204243751433706, -0.1174256275376556607, 1.134314441878242707 ) ) ;
#8232 = CARTESIAN_POINT ( 'NONE',  ( 1.155734173704808576, 0.2386513943472005073, 1.087921502810651919 ) ) ;
#8233 = CARTESIAN_POINT ( 'NONE',  ( 1.183604613529585903, 0.2129485786556121751, 0.8896130191318960545 ) ) ;
#8234 = ORIENTED_EDGE ( 'NONE', *, *, #4113, .F. ) ;
#8235 = DIRECTION ( 'NONE',  ( -0.06503660698232771598, 0.8840949502478798738, 0.4627595041686612953 ) ) ;
#8236 = ORIENTED_EDGE ( 'NONE', *, *, #3482, .F. ) ;
#8237 = DIRECTION ( 'NONE',  ( 1.000000000000000000, 1.417602794365952298E-16, 0.000000000000000000 ) ) ;
#8238 = ORIENTED_EDGE ( 'NONE', *, *, #7662, .T. ) ;
#8239 = ORIENTED_EDGE ( 'NONE', *, *, #3175, .F. ) ;
#8240 = VERTEX_POINT ( 'NONE', #9563 ) ;
#8241 = CARTESIAN_POINT ( 'NONE',  ( 1.175781312394817535, 0.6039183503498034566, 0.9380934026209911680 ) ) ;
#8242 = CARTESIAN_POINT ( 'NONE',  ( 1.156272481265366636, 0.1837833691028878391, 1.084091245492925237 ) ) ;
#8243 =( NAMED_UNIT ( * ) PLANE_ANGLE_UNIT ( ) SI_UNIT ( $, .RADIAN. ) );
#8244 = ADVANCED_FACE ( 'NONE', ( #3852, #7098 ), #10247, .F. ) ;
#8245 = DIRECTION ( 'NONE',  ( -0.1378445374916257016, -0.1378445374916256738, 0.9808148484639899189 ) ) ;
#8246 = CARTESIAN_POINT ( 'NONE',  ( 1.151974703161477320, 0.4919988082368978999, 1.114671525686868003 ) ) ;
#8247 = VERTEX_POINT ( 'NONE', #8836 ) ;
#8248 = EDGE_CURVE ( 'NONE', #8628, #2484, #6182, .T. ) ;
#8249 = ORIENTED_EDGE ( 'NONE', *, *, #9888, .T. ) ;
#8250 = B_SPLINE_SURFACE_WITH_KNOTS ( 'NONE', 3, 1, ( 
 ( #1110, #9213 ),
 ( #3429, #208 ),
 ( #6034, #5198 ),
 ( #10091, #3472 ) ),
 .UNSPECIFIED., .F., .F., .F.,
 ( 4, 4 ),
 ( 2, 2 ),
 ( 5.000000000000000000, 6.000000000000000000 ),
 ( 0.000000000000000000, 1.000000000000000000 ),
 .UNSPECIFIED. ) ;
#8251 = ORIENTED_EDGE ( 'NONE', *, *, #5938, .T. ) ;
#8252 = DIRECTION ( 'NONE',  ( -1.000000000000000000, 0.000000000000000000, 0.000000000000000000 ) ) ;
#8253 = CARTESIAN_POINT ( 'NONE',  ( 1.184802781970671681, 0.2979799810520100123, 0.8810876076838775051 ) ) ;
#8254 = DIRECTION ( 'NONE',  ( 0.9902680687415706950, 0.000000000000000000, 0.1391731009600623292 ) ) ;
#8255 = EDGE_CURVE ( 'NONE', #6788, #5945, #8664, .T. ) ;
#8256 = CARTESIAN_POINT ( 'NONE',  ( 1.584999999999997966, -0.8649999999999999911, 0.000000000000000000 ) ) ;
#8257 = CARTESIAN_POINT ( 'NONE',  ( 1.182553568800742694, 0.5380392887713456584, 0.8899062944380461415 ) ) ;
#8258 = EDGE_CURVE ( 'NONE', #10534, #9081, #8355, .T. ) ;
#8259 = CARTESIAN_POINT ( 'NONE',  ( 1.154024325354476854, -0.4176125674582579772, 1.100087705992469411 ) ) ;
#8260 = ORIENTED_EDGE ( 'NONE', *, *, #1598, .T. ) ;
#8261 = B_SPLINE_SURFACE_WITH_KNOTS ( 'NONE', 3, 1, ( 
 ( #4416, #5527 ),
 ( #8633, #1285 ),
 ( #7804, #7854 ),
 ( #8803, #3770 ) ),
 .UNSPECIFIED., .F., .F., .F.,
 ( 4, 4 ),
 ( 2, 2 ),
 ( 3.000000000000000000, 4.000000000000000000 ),
 ( 0.000000000000000000, 1.000000000000000000 ),
 .UNSPECIFIED. ) ;
#8262 = SURFACE_SIDE_STYLE ('',( #5017 ) ) ;
#8263 = ORIENTED_EDGE ( 'NONE', *, *, #7339, .F. ) ;
#8264 = EDGE_CURVE ( 'NONE', #905, #5986, #7943, .T. ) ;
#8265 = B_SPLINE_CURVE_WITH_KNOTS ( 'NONE', 3,
 ( #7729, #7783, #5451, #6350 ),
 .UNSPECIFIED., .F., .F.,
 ( 4, 4 ),
 ( 2.000000000000000000, 3.000000000000000000 ),
 .UNSPECIFIED. ) ;
#8266 = CARTESIAN_POINT ( 'NONE',  ( 1.146779601598409526, -0.4349644135054252514, 1.151636594053431661 ) ) ;
#8267 = AXIS2_PLACEMENT_3D ( 'NONE', #3054, #2243, #3464 ) ;
#8268 = CARTESIAN_POINT ( 'NONE',  ( -1.150968503025307177, -2.149995309899465301, 0.4100333717993135396 ) ) ;
#8269 = EDGE_CURVE ( 'NONE', #1339, #4057, #7155, .T. ) ;
#8270 = CARTESIAN_POINT ( 'NONE',  ( 1.176845233398295054, -0.3881144490365190935, 0.9377085078601694601 ) ) ;
#8271 = ORIENTED_EDGE ( 'NONE', *, *, #8732, .F. ) ;
#8272 = CARTESIAN_POINT ( 'NONE',  ( 1.140565579083565817, 0.5211952105270740709, 1.188666365175435224 ) ) ;
#8273 = VECTOR ( 'NONE', #356, 1000.000000000000227 ) ;
#8274 = LINE ( 'NONE', #2100, #754 ) ;
#8275 = VECTOR ( 'NONE', #3471, 1000.000000000000227 ) ;
#8276 = EDGE_LOOP ( 'NONE', ( #8750, #5771, #7520, #9246 ) ) ;
#8277 = CARTESIAN_POINT ( 'NONE',  ( 1.185480007611194431, 0.4815180484407237671, 0.8762688968660794497 ) ) ;
#8278 = CARTESIAN_POINT ( 'NONE',  ( 1.141112569024006484, 0.1766714249554794391, 1.184774329514775904 ) ) ;
#8279 = PLANE ( 'NONE',  #2026 ) ;
#8280 = CARTESIAN_POINT ( 'NONE',  ( 1.181242529419570975, 0.1582053243615262617, 0.8992348243556913534 ) ) ;
#8281 = EDGE_CURVE ( 'NONE', #2561, #5399, #3958, .T. ) ;
#8282 = PRESENTATION_LAYER_ASSIGNMENT (  '', '', ( #4199 ) ) ;
#8283 = LINE ( 'NONE', #7687, #7328 ) ;
#8284 = ORIENTED_EDGE ( 'NONE', *, *, #7342, .T. ) ;
#8285 = LINE ( 'NONE', #8549, #234 ) ;
#8286 = VECTOR ( 'NONE', #2961, 1000.000000000000227 ) ;
#8287 = DIRECTION ( 'NONE',  ( -1.008560160451632221E-16, 1.000000000000000000, -0.000000000000000000 ) ) ;
#8288 = ORIENTED_EDGE ( 'NONE', *, *, #673, .F. ) ;
#8289 = DIRECTION ( 'NONE',  ( -0.9902680687415706950, -1.431534388630178744E-16, -0.1391731009600623292 ) ) ;
#8291 = ORIENTED_EDGE ( 'NONE', *, *, #647, .F. ) ;
#8290 = CARTESIAN_POINT ( 'NONE',  ( 1.183543836869485055, 0.1435759304789832047, 0.8900454675390048198 ) ) ;
#8292 = VERTEX_POINT ( 'NONE', #3033 ) ;
#8293 = VECTOR ( 'NONE', #6033, 1000.000000000000000 ) ;
#8294 = AXIS2_PLACEMENT_3D ( 'NONE', #7315, #4063, #5873 ) ;
#8295 = DIRECTION ( 'NONE',  ( -0.9902680687415706950, -1.431534388630178744E-16, -0.1391731009600623292 ) ) ;
#8296 = VECTOR ( 'NONE', #7215, 1000.000000000000000 ) ;
#8297 = VECTOR ( 'NONE', #5140, 1000.000000000000114 ) ;
#8298 = B_SPLINE_CURVE_WITH_KNOTS ( 'NONE', 3,
 ( #8612, #7153, #1263, #10401 ),
 .UNSPECIFIED., .F., .F.,
 ( 4, 4 ),
 ( 28.00000000000000000, 29.00000000000000000 ),
 .UNSPECIFIED. ) ;
#8299 = VERTEX_POINT ( 'NONE', #6287 ) ;
#8300 = ORIENTED_EDGE ( 'NONE', *, *, #1393, .T. ) ;
#8301 = DIRECTION ( 'NONE',  ( 5.042800802258161104E-17, -1.000000000000000000, 0.000000000000000000 ) ) ;
#8302 = ORIENTED_EDGE ( 'NONE', *, *, #268, .T. ) ;
#8303 = CARTESIAN_POINT ( 'NONE',  ( -1.107503214919902668, 1.908476408045745032, 1.423917310096006084 ) ) ;
#8304 = SURFACE_STYLE_USAGE ( .BOTH. , #1782 ) ;
#8305 = EDGE_CURVE ( 'NONE', #8397, #3003, #2226, .T. ) ;
#8306 = FACE_OUTER_BOUND ( 'NONE', #2407, .T. ) ;
#8307 = CARTESIAN_POINT ( 'NONE',  ( -1.249999999999999334, -2.050000000000001155, 1.510000000000000009 ) ) ;
#8308 = CARTESIAN_POINT ( 'NONE',  ( 1.184802781970671681, 0.2979799810520100123, 0.8810876076838775051 ) ) ;
#8309 = VERTEX_POINT ( 'NONE', #4701 ) ;
#8310 = DIRECTION ( 'NONE',  ( 0.1391731009600742086, 0.000000000000000000, -0.9902680687415691407 ) ) ;
#8311 = ORIENTED_EDGE ( 'NONE', *, *, #6336, .T. ) ;
#8312 = CARTESIAN_POINT ( 'NONE',  ( 1.142287713593042042, -0.1547321230152597926, 1.176412741428834563 ) ) ;
#8313 = EDGE_CURVE ( 'NONE', #328, #983, #3901, .T. ) ;
#8314 = AXIS2_PLACEMENT_3D ( 'NONE', #3907, #10458, #1318 ) ;
#8315 = ADVANCED_FACE ( 'NONE', ( #3148 ), #9792, .T. ) ;
#8316 = VERTEX_POINT ( 'NONE', #8996 ) ;
#8317 = UNCERTAINTY_MEASURE_WITH_UNIT (LENGTH_MEASURE( 1.000000000000000082E-05 ), #2038, 'distance_accuracy_value', 'NONE');
#8318 = EDGE_CURVE ( 'NONE', #7764, #10117, #6518, .T. ) ;
#8319 = CARTESIAN_POINT ( 'NONE',  ( 1.140279060543291312, 0.2097357266941085041, 1.190705050521806418 ) ) ;
#8320 = CARTESIAN_POINT ( 'NONE',  ( 1.184055620542099563, 0.2065228747330227765, 0.8792186409561436600 ) ) ;
#8321 = ORIENTED_EDGE ( 'NONE', *, *, #2120, .T. ) ;
#8322 = CARTESIAN_POINT ( 'NONE',  ( 0.000000000000000000, 2.049999999999999822, 0.01000000000000000021 ) ) ;
#8323 = LINE ( 'NONE', #9835, #2278 ) ;
#8324 = EDGE_CURVE ( 'NONE', #8031, #1623, #8770, .T. ) ;
#8325 = VECTOR ( 'NONE', #560, 1000.000000000000000 ) ;
#8326 = SURFACE_STYLE_FILL_AREA ( #9939 ) ;
#8327 = DIRECTION ( 'NONE',  ( -0.1391731009600623570, -1.233688041452136824E-14, 0.9902680687415708061 ) ) ;
#8328 = SURFACE_STYLE_FILL_AREA ( #10512 ) ;
#8329 = FACE_OUTER_BOUND ( 'NONE', #873, .T. ) ;
#8330 = FILL_AREA_STYLE_COLOUR ( '', #10207 ) ;
#8331 = CARTESIAN_POINT ( 'NONE',  ( 1.136008946671053454, -0.3108987208892577958, 1.221088489479463135 ) ) ;
#8332 = DIRECTION ( 'NONE',  ( -0.9902680687415706950, -1.431534388630178744E-16, -0.1391731009600623292 ) ) ;
#8333 = FACE_OUTER_BOUND ( 'NONE', #2677, .T. ) ;
#8334 = CARTESIAN_POINT ( 'NONE',  ( 1.168247992143178537, -0.3612190678060042681, 0.9916957614485308881 ) ) ;
#8335 = ORIENTED_EDGE ( 'NONE', *, *, #7406, .F. ) ;
#8336 = CIRCLE ( 'NONE', #638, 0.1000000000000000472 ) ;
#8337 = VECTOR ( 'NONE', #1663, 1000.000000000000114 ) ;
#8338 = PLANE ( 'NONE',  #8400 ) ;
#8339 = ORIENTED_EDGE ( 'NONE', *, *, #8896, .F. ) ;
#8340 = CARTESIAN_POINT ( 'NONE',  ( 1.185480007611194653, 0.07794641080098932417, 0.8762688968660781175 ) ) ;
#8341 = B_SPLINE_CURVE_WITH_KNOTS ( 'NONE', 3,
 ( #4453, #2842, #4360, #6099 ),
 .UNSPECIFIED., .F., .F.,
 ( 4, 4 ),
 ( 3.000000000000000000, 4.000000000000000000 ),
 .UNSPECIFIED. ) ;
#8342 = EDGE_CURVE ( 'NONE', #2957, #2153, #6400, .T. ) ;
#8343 = CARTESIAN_POINT ( 'NONE',  ( 1.191193013656346444, 0.3287672129544174648, 0.8356187466286061349 ) ) ;
#8344 = ORIENTED_EDGE ( 'NONE', *, *, #6430, .F. ) ;
#8345 = B_SPLINE_SURFACE_WITH_KNOTS ( 'NONE', 3, 1, ( 
 ( #8308, #7510 ),
 ( #3308, #4852 ),
 ( #8206, #4312 ),
 ( #5271, #6011 ) ),
 .UNSPECIFIED., .F., .F., .F.,
 ( 4, 4 ),
 ( 2, 2 ),
 ( 17.00000000000000000, 18.00000000000000000 ),
 ( 0.000000000000000000, 1.000000000000000000 ),
 .UNSPECIFIED. ) ;
#8346 = PRESENTATION_LAYER_ASSIGNMENT (  '', '', ( #6282 ) ) ;
#8347 = AXIS2_PLACEMENT_3D ( 'NONE', #7620, #7123, #1405 ) ;
#8348 = CARTESIAN_POINT ( 'NONE',  ( 0.000000000000000000, 0.000000000000000000, 0.000000000000000000 ) ) ;
#8349 = CARTESIAN_POINT ( 'NONE',  ( 1.183031099701201461, 0.1898035674385723237, 0.8865084855274205644 ) ) ;
#8350 = DIRECTION ( 'NONE',  ( -0.9902680687415706950, -1.431534388630178744E-16, -0.1391731009600623292 ) ) ;
#8351 = VERTEX_POINT ( 'NONE', #48 ) ;
#8352 = MECHANICAL_DESIGN_GEOMETRIC_PRESENTATION_REPRESENTATION (  '', ( #3248 ), #2039 ) ;
#8353 = MECHANICAL_DESIGN_GEOMETRIC_PRESENTATION_REPRESENTATION (  '', ( #3723 ), #5104 ) ;
#8354 = EDGE_LOOP ( 'NONE', ( #1033, #1675, #3084, #5621, #7670, #7549, #5803, #230 ) ) ;
#8355 = B_SPLINE_CURVE_WITH_KNOTS ( 'NONE', 3,
 ( #10287, #1486, #8001, #7886 ),
 .UNSPECIFIED., .F., .F.,
 ( 4, 4 ),
 ( 4.000000000000000000, 5.000000000000000000 ),
 .UNSPECIFIED. ) ;
#8356 = VECTOR ( 'NONE', #2021, 1000.000000000000000 ) ;
#8357 = ADVANCED_FACE ( 'NONE', ( #5618 ), #7877, .F. ) ;
#8358 = B_SPLINE_CURVE_WITH_KNOTS ( 'NONE', 3,
 ( #5113, #1130, #4405, #9187 ),
 .UNSPECIFIED., .F., .F.,
 ( 4, 4 ),
 ( 4.000000000000000000, 5.000000000000000000 ),
 .UNSPECIFIED. ) ;
#8359 = ORIENTED_EDGE ( 'NONE', *, *, #6510, .F. ) ;
#8360 = ORIENTED_EDGE ( 'NONE', *, *, #485, .T. ) ;
#8361 = CARTESIAN_POINT ( 'NONE',  ( 1.144915928215276546, 0.5145199647044413904, 1.164897319216186888 ) ) ;
#8362 =( NAMED_UNIT ( * ) PLANE_ANGLE_UNIT ( ) SI_UNIT ( $, .RADIAN. ) );
#8363 = AXIS2_PLACEMENT_3D ( 'NONE', #2728, #6847, #5250 ) ;
#8364 = CARTESIAN_POINT ( 'NONE',  ( 1.143647823986258416, 0.5109951853679840506, 1.166735053117843979 ) ) ;
#8365 = CARTESIAN_POINT ( 'NONE',  ( 1.151585118292094201, -0.5347375282747645064, 1.110258269536446907 ) ) ;
#8366 = CARTESIAN_POINT ( 'NONE',  ( 1.171857353379132105, 0.6630597806290534635, 0.9731991183274090185 ) ) ;
#8367 = B_SPLINE_SURFACE_WITH_KNOTS ( 'NONE', 3, 1, ( 
 ( #4122, #3415 ),
 ( #8173, #4270 ),
 ( #2392, #5390 ),
 ( #7139, #3205 ) ),
 .UNSPECIFIED., .F., .F., .F.,
 ( 4, 4 ),
 ( 2, 2 ),
 ( 12.00000000000000000, 13.00000000000000000 ),
 ( 0.000000000000000000, 1.000000000000000000 ),
 .UNSPECIFIED. ) ;
#8368 = CARTESIAN_POINT ( 'NONE',  ( 1.187659284993189512, 0.3432406431492764365, 0.8607625325655535731 ) ) ;
#8369 = AXIS2_PLACEMENT_3D ( 'NONE', #3110, #8796, #7275 ) ;
#8370 = CARTESIAN_POINT ( 'NONE',  ( 1.183101035489134034, 0.5855146352303391977, 0.8931961630737836888 ) ) ;
#8371 = CARTESIAN_POINT ( 'NONE',  ( 1.145410347127896022, 0.1680934221456622801, 1.154194049320834248 ) ) ;
#8372 = CARTESIAN_POINT ( 'NONE',  ( 1.173211327912459190, 0.1667209416960227786, 0.9563797923937640277 ) ) ;
#8373 = ORIENTED_EDGE ( 'NONE', *, *, #3019, .T. ) ;
#8374 = ORIENTED_EDGE ( 'NONE', *, *, #9823, .F. ) ;
#8375 = MECHANICAL_DESIGN_GEOMETRIC_PRESENTATION_REPRESENTATION (  '', ( #4974 ), #1715 ) ;
#8376 = CARTESIAN_POINT ( 'NONE',  ( 1.175885977702742391, 0.4316408611952771701, 0.9445339667923290383 ) ) ;
#8377 = EDGE_LOOP ( 'NONE', ( #8688, #3834, #3898, #3644 ) ) ;
#8378 = FACE_OUTER_BOUND ( 'NONE', #2309, .T. ) ;
#8379 = CARTESIAN_POINT ( 'NONE',  ( 1.145132987715453465, 0.1766402322180271878, 1.163352860620672669 ) ) ;
#8380 = CARTESIAN_POINT ( 'NONE',  ( 1.168755283234250486, -0.07578123674051377712, 0.9952714943130094305 ) ) ;
#8381 = CARTESIAN_POINT ( 'NONE',  ( 1.183543836869485055, 0.1435759304789832047, 0.8900454675390048198 ) ) ;
#8382 = ORIENTED_EDGE ( 'NONE', *, *, #6524, .F. ) ;
#8383 = CARTESIAN_POINT ( 'NONE',  ( 1.153034057285735159, -0.4176125674582579772, 1.099948532891509290 ) ) ;
#8384 = EDGE_CURVE ( 'NONE', #9081, #10304, #6269, .T. ) ;
#8385 = EDGE_CURVE ( 'NONE', #8058, #7159, #8775, .T. ) ;
#8386 = CARTESIAN_POINT ( 'NONE',  ( 1.180149026286524627, 0.2721835871484730163, 0.9142007999742303159 ) ) ;
#8387 = VECTOR ( 'NONE', #7285, 1000.000000000000000 ) ;
#8388 = ADVANCED_FACE ( 'NONE', ( #4640 ), #8711, .F. ) ;
#8389 = ORIENTED_EDGE ( 'NONE', *, *, #1777, .F. ) ;
#8390 = SURFACE_SIDE_STYLE ('',( #355 ) ) ;
#8391 = FACE_OUTER_BOUND ( 'NONE', #5353, .T. ) ;
#8392 = CARTESIAN_POINT ( 'NONE',  ( 1.148944552538887498, 0.2788276402336486992, 1.136232167681107130 ) ) ;
#8393 = CARTESIAN_POINT ( 'NONE',  ( 1.183031099701201461, 0.1898035674385723237, 0.8865084855274205644 ) ) ;
#8394 = ADVANCED_FACE ( 'NONE', ( #9493 ), #4476, .T. ) ;
#8395 = CARTESIAN_POINT ( 'NONE',  ( 1.170667867318159638, 0.6650561158286005803, 0.9816627514308489122 ) ) ;
#8396 = ORIENTED_EDGE ( 'NONE', *, *, #6229, .T. ) ;
#8397 = VERTEX_POINT ( 'NONE', #9396 ) ;
#8398 = LINE ( 'NONE', #8453, #5368 ) ;
#8399 = EDGE_CURVE ( 'NONE', #1734, #7437, #510, .T. ) ;
#8400 = AXIS2_PLACEMENT_3D ( 'NONE', #166, #1014, #5149 ) ;
#8401 = LINE ( 'NONE', #4337, #361 ) ;
#8402 = DIRECTION ( 'NONE',  ( -0.9902680687415688077, 6.897434835092514906E-16, -0.1391731009600769009 ) ) ;
#8403 = CARTESIAN_POINT ( 'NONE',  ( 1.173611194140771863, 0.3036258665378299693, 0.9607198928741529365 ) ) ;
#8404 = SURFACE_SIDE_STYLE ('',( #315 ) ) ;
#8405 = VERTEX_POINT ( 'NONE', #7769 ) ;
#8406 = FILL_AREA_STYLE_COLOUR ( '', #1965 ) ;
#8407 = VECTOR ( 'NONE', #5059, 1000.000000000000000 ) ;
#8408 = CARTESIAN_POINT ( 'NONE',  ( 1.185480007611194431, 0.4815180484407237671, 0.8762688968660794497 ) ) ;
#8409 = EDGE_CURVE ( 'NONE', #9821, #4131, #453, .T. ) ;
#8410 = DIRECTION ( 'NONE',  ( -0.9902680687415706950, -1.431534388630178744E-16, -0.1391731009600623292 ) ) ;
#8411 = PLANE ( 'NONE',  #1801 ) ;
#8412 = ORIENTED_EDGE ( 'NONE', *, *, #2918, .F. ) ;
#8413 = ORIENTED_EDGE ( 'NONE', *, *, #1245, .F. ) ;
#8414 = ORIENTED_EDGE ( 'NONE', *, *, #4141, .F. ) ;
#8415 = ORIENTED_EDGE ( 'NONE', *, *, #5722, .F. ) ;
#8416 = CARTESIAN_POINT ( 'NONE',  ( 1.144290796854740444, 0.5133034479420742757, 1.169345359971458942 ) ) ;
#8417 = CARTESIAN_POINT ( 'NONE',  ( 1.157548314378598064, 0.07794641080098867192, 1.067827924653894867 ) ) ;
#8418 = CARTESIAN_POINT ( 'NONE',  ( 1.148944552538887498, 0.3224662799812311187, 1.136232167681107130 ) ) ;
#8419 = CARTESIAN_POINT ( 'NONE',  ( 1.141555847152307734, 0.3517562604841867890, 1.188805538276394680 ) ) ;
#8420 = EDGE_CURVE ( 'NONE', #10450, #4821, #9877, .T. ) ;
#8421 = CARTESIAN_POINT ( 'NONE',  ( 1.144142719646711992, 0.1766402322180271878, 1.163213687519712547 ) ) ;
#8422 = DIRECTION ( 'NONE',  ( -0.000000000000000000, 1.000000000000000000, 4.603729852227110129E-15 ) ) ;
#8423 = CARTESIAN_POINT ( 'NONE',  ( 1.151922132133655907, 0.1472878662401651273, 1.107860291452173573 ) ) ;
#8424 = ORIENTED_EDGE ( 'NONE', *, *, #4522, .F. ) ;
#8425 = CARTESIAN_POINT ( 'NONE',  ( 1.584999999999998632, -0.8649999999999999911, 0.4000000000000000222 ) ) ;
#8426 = ORIENTED_EDGE ( 'NONE', *, *, #21, .F. ) ;
#8427 =( NAMED_UNIT ( * ) PLANE_ANGLE_UNIT ( ) SI_UNIT ( $, .RADIAN. ) );
#8428 = SURFACE_STYLE_USAGE ( .BOTH. , #6978 ) ;
#8429 = CARTESIAN_POINT ( 'NONE',  ( -2.214999999999998970, -1.700000000000000178, 0.4000000000000000222 ) ) ;
#8430 = PLANE ( 'NONE',  #4296 ) ;
#8431 = ORIENTED_EDGE ( 'NONE', *, *, #2634, .T. ) ;
#8432 = UNCERTAINTY_MEASURE_WITH_UNIT (LENGTH_MEASURE( 1.000000000000000082E-05 ), #7536, 'distance_accuracy_value', 'NONE');
#8433 = SURFACE_STYLE_USAGE ( .BOTH. , #5184 ) ;
#8434 = B_SPLINE_SURFACE_WITH_KNOTS ( 'NONE', 3, 1, ( 
 ( #1184, #7709 ),
 ( #385, #6909 ),
 ( #2849, #9378 ),
 ( #8584, #7748 ) ),
 .UNSPECIFIED., .F., .F., .F.,
 ( 4, 4 ),
 ( 2, 2 ),
 ( 24.00000000000000000, 25.00000000000000000 ),
 ( 0.000000000000000000, 1.000000000000000000 ),
 .UNSPECIFIED. ) ;
#8435 = DIRECTION ( 'NONE',  ( -0.9902680687415706950, -1.431534388630178744E-16, -0.1391731009600623292 ) ) ;
#8437 = DIRECTION ( 'NONE',  ( 0.000000000000000000, 0.000000000000000000, -1.000000000000000000 ) ) ;
#8436 =( NAMED_UNIT ( * ) SI_UNIT ( $, .STERADIAN. ) SOLID_ANGLE_UNIT ( ) );
#8438 = ORIENTED_EDGE ( 'NONE', *, *, #1121, .T. ) ;
#8439 = CARTESIAN_POINT ( 'NONE',  ( 1.153758530812814875, -0.4011283170232595729, 1.094793635892258754 ) ) ;
#8440 = CARTESIAN_POINT ( 'NONE',  ( 1.180930440487252930, 0.2855652715311925438, 0.9086407490297268019 ) ) ;
#8441 = B_SPLINE_SURFACE_WITH_KNOTS ( 'NONE', 3, 1, ( 
 ( #7772, #2923 ),
 ( #2114, #3733 ),
 ( #8659, #3789 ),
 ( #6222, #9495 ) ),
 .UNSPECIFIED., .F., .F., .F.,
 ( 4, 4 ),
 ( 2, 2 ),
 ( 3.000000000000000000, 4.000000000000000000 ),
 ( 0.000000000000000000, 1.000000000000000000 ),
 .UNSPECIFIED. ) ;
#8442 = ORIENTED_EDGE ( 'NONE', *, *, #9340, .T. ) ;
#8443 = DIRECTION ( 'NONE',  ( -1.000000000000000000, 0.000000000000000000, 0.000000000000000000 ) ) ;
#8444 = DIRECTION ( 'NONE',  ( -0.1391731009600628566, -0.000000000000000000, 0.9902680687415706950 ) ) ;
#8445 =( NAMED_UNIT ( * ) SI_UNIT ( $, .STERADIAN. ) SOLID_ANGLE_UNIT ( ) );
#8446 = CARTESIAN_POINT ( 'NONE',  ( 1.142519114585270890, 0.3859435007719920208, 1.174766237815001224 ) ) ;
#8447 = CARTESIAN_POINT ( 'NONE',  ( 1.173343607128256139, -0.3221774142005019992, 0.9626238734011092202 ) ) ;
#8448 = ADVANCED_FACE ( 'NONE', ( #2920 ), #8553, .F. ) ;
#8449 = PRESENTATION_LAYER_ASSIGNMENT (  '', '', ( #2470 ) ) ;
#8450 = EDGE_LOOP ( 'NONE', ( #866, #9978, #3081, #10107, #8789, #550, #3507, #5413 ) ) ;
#8451 = VECTOR ( 'NONE', #9082, 1000.000000000000227 ) ;
#8452 = LINE ( 'NONE', #3583, #5154 ) ;
#8453 = CARTESIAN_POINT ( 'NONE',  ( 1.169460539749125561, 0.5203218138775312918, 0.9830680369262247975 ) ) ;
#8454 = CARTESIAN_POINT ( 'NONE',  ( 1.170059174809531921, -0.5208560481278446952, 0.9788085271426525402 ) ) ;
#8455 = ORIENTED_EDGE ( 'NONE', *, *, #8593, .F. ) ;
#8456 = VECTOR ( 'NONE', #8289, 1000.000000000000227 ) ;
#8457 = CARTESIAN_POINT ( 'NONE',  ( 1.170450807817867478, 0.09369874323312481212, 0.9832072100271833648 ) ) ;
#8458 = AXIS2_PLACEMENT_3D ( 'NONE', #1087, #7665, #3605 ) ;
#8459 = EDGE_CURVE ( 'NONE', #5151, #2143, #5087, .T. ) ;
#8460 = EDGE_CURVE ( 'NONE', #2756, #7468, #1416, .T. ) ;
#8461 = FACE_OUTER_BOUND ( 'NONE', #7156, .T. ) ;
#8462 = FILL_AREA_STYLE_COLOUR ( '', #5643 ) ;
#8463 = VECTOR ( 'NONE', #6107, 1000.000000000000000 ) ;
#8464 =( NAMED_UNIT ( * ) PLANE_ANGLE_UNIT ( ) SI_UNIT ( $, .RADIAN. ) );
#8465 = EDGE_CURVE ( 'NONE', #634, #7678, #7086, .T. ) ;
#8466 = B_SPLINE_CURVE_WITH_KNOTS ( 'NONE', 3,
 ( #8070, #3858, #2174, #3094 ),
 .UNSPECIFIED., .F., .F.,
 ( 4, 4 ),
 ( 5.000000000000000000, 6.000000000000000000 ),
 .UNSPECIFIED. ) ;
#8467 = DIRECTION ( 'NONE',  ( 0.04711497050912051565, 0.9409537876760584174, -0.3352404346316296690 ) ) ;
#8468 = CARTESIAN_POINT ( 'NONE',  ( 0.000000000000000000, -1.908476408045746364, 1.510000000000000009 ) ) ;
#8469 = CARTESIAN_POINT ( 'NONE',  ( -2.214999999999998970, 1.300000000000000044, 0.4000000000000000222 ) ) ;
#8470 = ORIENTED_EDGE ( 'NONE', *, *, #7120, .T. ) ;
#8471 = ORIENTED_EDGE ( 'NONE', *, *, #8476, .T. ) ;
#8472 = ORIENTED_EDGE ( 'NONE', *, *, #4198, .T. ) ;
#8473 = SURFACE_STYLE_FILL_AREA ( #7653 ) ;
#8474 = ORIENTED_EDGE ( 'NONE', *, *, #2691, .T. ) ;
#8475 = VERTEX_POINT ( 'NONE', #3839 ) ;
#8476 = EDGE_CURVE ( 'NONE', #10226, #897, #3897, .T. ) ;
#8477 = DIRECTION ( 'NONE',  ( -0.1391731009600628566, -0.000000000000000000, 0.9902680687415706950 ) ) ;
#8478 = CARTESIAN_POINT ( 'NONE',  ( 1.143509382654012363, 0.3675085929167393739, 1.174905410915961124 ) ) ;
#8479 = ORIENTED_EDGE ( 'NONE', *, *, #9368, .T. ) ;
#8480 = CARTESIAN_POINT ( 'NONE',  ( 1.176623980003365544, 0.2490385759310174418, 0.9392828075674253263 ) ) ;
#8481 = CARTESIAN_POINT ( 'NONE',  ( -0.9149999999999990363, 1.300000000000001155, 0.000000000000000000 ) ) ;
#8482 = CARTESIAN_POINT ( 'NONE',  ( 1.167507004247421154, 0.07794641080098900499, 0.9969681642866559113 ) ) ;
#8483 = AXIS2_PLACEMENT_3D ( 'NONE', #7417, #8052, #4052 ) ;
#8484 = CARTESIAN_POINT ( 'NONE',  ( 1.158825100987614265, 0.2184073077162896337, 1.065928412408482906 ) ) ;
#8485 = ORIENTED_EDGE ( 'NONE', *, *, #7591, .T. ) ;
#8486 = CARTESIAN_POINT ( 'NONE',  ( 1.166340373012484832, -0.5755143896521992541, 1.012454473387236931 ) ) ;
#8487 = EDGE_LOOP ( 'NONE', ( #7394, #7128, #5257, #6442 ) ) ;
#8488 = VECTOR ( 'NONE', #1024, 1000.000000000000000 ) ;
#8489 = EDGE_CURVE ( 'NONE', #6041, #168, #1304, .T. ) ;
#8490 = CARTESIAN_POINT ( 'NONE',  ( 1.141555847152307512, 0.5043511322828035937, 1.188805538276395124 ) ) ;
#8491 = ORIENTED_EDGE ( 'NONE', *, *, #7284, .F. ) ;
#8492 = CARTESIAN_POINT ( 'NONE',  ( 1.145789333529667831, -0.4349644135054252514, 1.151497420952471540 ) ) ;
#8493 = CARTESIAN_POINT ( 'NONE',  ( 1.143874042614383191, 0.1852182350274333977, 1.172310720474972978 ) ) ;
#8494 = FILL_AREA_STYLE_COLOUR ( '', #4266 ) ;
#8495 = CARTESIAN_POINT ( 'NONE',  ( 1.174687332513821625, 0.3036258665378299137, 0.9458774739431291545 ) ) ;
#8496 = ORIENTED_EDGE ( 'NONE', *, *, #8602, .T. ) ;
#8497 = DIRECTION ( 'NONE',  ( -0.9902680687415706950, -1.431534388630178744E-16, -0.1391731009600623292 ) ) ;
#8498 = B_SPLINE_CURVE_WITH_KNOTS ( 'NONE', 3,
 ( #666, #3073, #8703, #4633 ),
 .UNSPECIFIED., .F., .F.,
 ( 4, 4 ),
 ( 0.000000000000000000, 1.000000000000000000 ),
 .UNSPECIFIED. ) ;
#8499 = CARTESIAN_POINT ( 'NONE',  ( 1.249436649370103458, 2.108648687084981432, 0.4140084480150249546 ) ) ;
#8500 = FILL_AREA_STYLE ('',( #3577 ) ) ;
#8501 =( NAMED_UNIT ( * ) PLANE_ANGLE_UNIT ( ) SI_UNIT ( $, .RADIAN. ) );
#8502 = SPHERICAL_SURFACE ( 'NONE', #1179, 0.1000000000000000056 ) ;
#8503 = CARTESIAN_POINT ( 'NONE',  ( 1.142519114585270890, 0.3859435007719920208, 1.174766237815001224 ) ) ;
#8504 = ORIENTED_EDGE ( 'NONE', *, *, #7399, .F. ) ;
#8505 = CARTESIAN_POINT ( 'NONE',  ( 1.142736174085446921, 0.5122428948678044991, 1.173221779219489447 ) ) ;
#8506 = PLANE ( 'NONE',  #4473 ) ;
#8507 = CARTESIAN_POINT ( 'NONE',  ( -1.149999999999999467, 1.300000000000000933, 0.01000000000000006613 ) ) ;
#8508 = ORIENTED_EDGE ( 'NONE', *, *, #8532, .T. ) ;
#8509 = LINE ( 'NONE', #1117, #6227 ) ;
#8510 = VECTOR ( 'NONE', #6904, 1000.000000000000227 ) ;
#8511 = FACE_OUTER_BOUND ( 'NONE', #8850, .T. ) ;
#8512 = CARTESIAN_POINT ( 'NONE',  ( 1.175885977702742391, 0.4752795009424437556, 0.9445339667923291493 ) ) ;
#8513 = B_SPLINE_CURVE_WITH_KNOTS ( 'NONE', 3,
 ( #2590, #43, #5773, #6446 ),
 .UNSPECIFIED., .F., .F.,
 ( 4, 4 ),
 ( 3.000000000000000000, 4.000000000000000000 ),
 .UNSPECIFIED. ) ;
#8514 = CARTESIAN_POINT ( 'NONE',  ( 1.140565579083565817, 0.4050646488537268386, 1.188666365175434558 ) ) ;
#8515 = ADVANCED_FACE ( 'NONE', ( #2211 ), #4689, .F. ) ;
#8516 = EDGE_CURVE ( 'NONE', #5471, #2073, #1247, .T. ) ;
#8517 = ORIENTED_EDGE ( 'NONE', *, *, #5196, .F. ) ;
#8518 = SURFACE_SIDE_STYLE ('',( #6239 ) ) ;
#8519 = PRESENTATION_STYLE_ASSIGNMENT (( #5259 ) ) ;
#8520 = ORIENTED_EDGE ( 'NONE', *, *, #8420, .T. ) ;
#8521 = EDGE_LOOP ( 'NONE', ( #4818, #5240, #420, #5767 ) ) ;
#8522 = EDGE_CURVE ( 'NONE', #2803, #3452, #3137, .T. ) ;
#8523 = VECTOR ( 'NONE', #8072, 1000.000000000000114 ) ;
#8524 = ORIENTED_EDGE ( 'NONE', *, *, #2193, .F. ) ;
#8525 = CARTESIAN_POINT ( 'NONE',  ( 1.183039782081198865, 0.2740863441352417440, 0.8864467071836688028 ) ) ;
#8526 = CARTESIAN_POINT ( 'NONE',  ( 1.182475427380763167, 0.3574957241823717435, 0.8904622995318354217 ) ) ;
#8527 = CARTESIAN_POINT ( 'NONE',  ( 1.181433557292300485, -0.3004876231897625205, 0.9050608869482689167 ) ) ;
#8528 = CARTESIAN_POINT ( 'NONE',  ( 1.170667867318159638, 0.6654304286788805811, 0.9816627514308489122 ) ) ;
#8529 = VERTEX_POINT ( 'NONE', #7993 ) ;
#8530 = VECTOR ( 'NONE', #6112, 1000.000000000000000 ) ;
#8531 = COLOUR_RGB ( '',0.8509803921568627194, 0.8509803921568627194, 0.8509803921568627194 ) ;
#8532 = EDGE_CURVE ( 'NONE', #9984, #7160, #559, .T. ) ;
#8533 = ORIENTED_EDGE ( 'NONE', *, *, #10255, .F. ) ;
#8534 = CARTESIAN_POINT ( 'NONE',  ( 1.182553568800743582, 0.09369874323312513131, 0.8899062944380446982 ) ) ;
#8535 = EDGE_CURVE ( 'NONE', #6226, #1018, #4612, .T. ) ;
#8536 = B_SPLINE_CURVE_WITH_KNOTS ( 'NONE', 3,
 ( #555, #5543, #8821, #4526 ),
 .UNSPECIFIED., .F., .F.,
 ( 4, 4 ),
 ( 1.000000000000000000, 2.000000000000000000 ),
 .UNSPECIFIED. ) ;
#8537 = ORIENTED_EDGE ( 'NONE', *, *, #6454, .T. ) ;
#8538 = CARTESIAN_POINT ( 'NONE',  ( 1.156506905525538809, 0.1629466204599333279, 1.082423230209903497 ) ) ;
#8539 = CIRCLE ( 'NONE', #6657, 0.1000000000000000472 ) ;
#8540 = UNCERTAINTY_MEASURE_WITH_UNIT (LENGTH_MEASURE( 1.000000000000000082E-05 ), #2115, 'distance_accuracy_value', 'NONE');
#8541 = ORIENTED_EDGE ( 'NONE', *, *, #147, .F. ) ;
#8542 = CARTESIAN_POINT ( 'NONE',  ( 1.147842006987720431, -0.5078421635926778643, 1.136891890379101655 ) ) ;
#8543 = CARTESIAN_POINT ( 'NONE',  ( 1.175885977702742391, 0.4316408611952771701, 0.9445339667923290383 ) ) ;
#8544 = ORIENTED_EDGE ( 'NONE', *, *, #1094, .F. ) ;
#8545 = CARTESIAN_POINT ( 'NONE',  ( 1.178916128325447454, 0.6857680935221553975, 0.9229733247972689014 ) ) ;
#8546 = VECTOR ( 'NONE', #10340, 1000.000000000000000 ) ;
#8547 = EDGE_CURVE ( 'NONE', #6496, #2645, #9607, .T. ) ;
#8548 = CARTESIAN_POINT ( 'NONE',  ( 1.186321721724072686, 0.3598663722313676372, 0.8630944932180719675 ) ) ;
#8549 = CARTESIAN_POINT ( 'NONE',  ( 1.183604613529585903, 0.2129485786556121751, 0.8896130191318960545 ) ) ;
#8550 = AXIS2_PLACEMENT_3D ( 'NONE', #6902, #3700, #7742 ) ;
#8551 = CARTESIAN_POINT ( 'NONE',  ( 8.673617379884023639E-16, -1.299999999999998490, 0.01000000000000000021 ) ) ;
#8552 = DIRECTION ( 'NONE',  ( -0.000000000000000000, -1.000000000000000000, -0.000000000000000000 ) ) ;
#8553 = PLANE ( 'NONE',  #5463 ) ;
#8554 =( LENGTH_UNIT ( ) NAMED_UNIT ( * ) SI_UNIT ( .MILLI., .METRE. ) );
#8555 = CARTESIAN_POINT ( 'NONE',  ( 1.166340373012484832, -0.5755143896521992541, 1.012454473387236931 ) ) ;
#8556 = CARTESIAN_POINT ( 'NONE',  ( 1.144316367246899224, 0.4449601601030903630, 1.161978120642974233 ) ) ;
#8557 = FILL_AREA_STYLE ('',( #8604 ) ) ;
#8558 = EDGE_CURVE ( 'NONE', #4949, #1990, #7190, .T. ) ;
#8559 = VERTEX_POINT ( 'NONE', #7040 ) ;
#8560 =( NAMED_UNIT ( * ) SI_UNIT ( $, .STERADIAN. ) SOLID_ANGLE_UNIT ( ) );
#8561 = CARTESIAN_POINT ( 'NONE',  ( 1.190029097987416851, 0.3189103079077391656, 0.8367151404043876584 ) ) ;
#8562 = FILL_AREA_STYLE_COLOUR ( '', #2218 ) ;
#8563 = PLANE ( 'NONE',  #2547 ) ;
#8564 = VERTEX_POINT ( 'NONE', #10282 ) ;
#8565 = SURFACE_STYLE_USAGE ( .BOTH. , #7599 ) ;
#8566 = DIRECTION ( 'NONE',  ( -0.9902680687415706950, -1.431534388630178744E-16, -0.1391731009600623292 ) ) ;
#8567 = STYLED_ITEM ( 'NONE', ( #3778 ), #3746 ) ;
#8568 = SURFACE_SIDE_STYLE ('',( #4446 ) ) ;
#8569 = EDGE_LOOP ( 'NONE', ( #8063, #8194, #741, #8644 ) ) ;
#8570 = CARTESIAN_POINT ( 'NONE',  ( 1.182553568800743138, 0.4815180484407237671, 0.8899062944380460305 ) ) ;
#8571 = ORIENTED_EDGE ( 'NONE', *, *, #6265, .T. ) ;
#8572 = ORIENTED_EDGE ( 'NONE', *, *, #1182, .T. ) ;
#8573 = VERTEX_POINT ( 'NONE', #8713 ) ;
#8574 = ORIENTED_EDGE ( 'NONE', *, *, #6085, .F. ) ;
#8575 = VECTOR ( 'NONE', #12, 1000.000000000000227 ) ;
#8576 = EDGE_CURVE ( 'NONE', #7160, #4179, #683, .T. ) ;
#8577 = DIRECTION ( 'NONE',  ( 1.417602794365952545E-16, -1.000000000000000000, 1.992310799966271023E-17 ) ) ;
#8578 = CARTESIAN_POINT ( 'NONE',  ( 1.180557098146884254, 0.2129485786556120641, 0.9112972178144711499 ) ) ;
#8579 = CARTESIAN_POINT ( 'NONE',  ( 1.156871565485909414, 0.2071467294825181937, 1.079828539768916018 ) ) ;
#8580 = SHAPE_DEFINITION_REPRESENTATION ( #5348, #139 ) ;
#8581 = CARTESIAN_POINT ( 'NONE',  ( 1.178542785985079222, 0.2533743664421076458, 0.9256297935820079203 ) ) ;
#8582 = EDGE_CURVE ( 'NONE', #8030, #5309, #1366, .T. ) ;
#8583 = VERTEX_POINT ( 'NONE', #1590 ) ;
#8584 = CARTESIAN_POINT ( 'NONE',  ( 1.178173432177748170, -0.1382478891282721278, 0.9282578824795383321 ) ) ;
#8585 = ORIENTED_EDGE ( 'NONE', *, *, #2291, .T. ) ;
#8586 = LINE ( 'NONE', #7751, #2812 ) ;
#8587 = DIRECTION ( 'NONE',  ( 0.000000000000000000, 0.000000000000000000, -1.000000000000000000 ) ) ;
#8588 = ORIENTED_EDGE ( 'NONE', *, *, #4763, .T. ) ;
#8589 = ORIENTED_EDGE ( 'NONE', *, *, #1949, .T. ) ;
#8590 = PRESENTATION_STYLE_ASSIGNMENT (( #10368 ) ) ;
#8591 = EDGE_CURVE ( 'NONE', #4752, #6117, #8763, .T. ) ;
#8592 = DIRECTION ( 'NONE',  ( -0.9902680687415706950, -1.431534388630178744E-16, -0.1391731009600623292 ) ) ;
#8593 = EDGE_CURVE ( 'NONE', #8309, #3686, #7462, .T. ) ;
#8594 = CARTESIAN_POINT ( 'NONE',  ( 1.186263386947868481, -0.4063338906950228480, 0.8706948632527669041 ) ) ;
#8595 = FACE_OUTER_BOUND ( 'NONE', #9402, .T. ) ;
#8596 = EDGE_CURVE ( 'NONE', #707, #5949, #4213, .T. ) ;
#8597 = VERTEX_POINT ( 'NONE', #4051 ) ;
#8598 = ORIENTED_EDGE ( 'NONE', *, *, #10190, .T. ) ;
#8599 = LINE ( 'NONE', #4525, #2629 ) ;
#8600 = PLANE ( 'NONE',  #3663 ) ;
#8601 = ORIENTED_EDGE ( 'NONE', *, *, #5836, .F. ) ;
#8602 = EDGE_CURVE ( 'NONE', #5648, #7048, #7447, .T. ) ;
#8603 = CARTESIAN_POINT ( 'NONE',  ( 1.148839887230847401, 0.4511051293881749302, 1.129791603510589271 ) ) ;
#8604 = FILL_AREA_STYLE_COLOUR ( '', #9729 ) ;
#8605 = LINE ( 'NONE', #8814, #1103 ) ;
#8606 = ORIENTED_EDGE ( 'NONE', *, *, #1717, .F. ) ;
#8607 = ORIENTED_EDGE ( 'NONE', *, *, #9126, .F. ) ;
#8608 = ORIENTED_EDGE ( 'NONE', *, *, #10460, .F. ) ;
#8609 = ADVANCED_FACE ( 'NONE', ( #5723 ), #2324, .F. ) ;
#8610 = SURFACE_STYLE_FILL_AREA ( #4706 ) ;
#8611 = VECTOR ( 'NONE', #8695, 1000.000000000000227 ) ;
#8612 = CARTESIAN_POINT ( 'NONE',  ( 1.181795797510339030, -0.2093904314435909575, 0.9024834138686068652 ) ) ;
#8613 = LINE ( 'NONE', #321, #10486 ) ;
#8614 = CARTESIAN_POINT ( 'NONE',  ( 1.152460916441932604, 0.4511051293881750412, 1.111211938432492108 ) ) ;
#8615 = ORIENTED_EDGE ( 'NONE', *, *, #6441, .T. ) ;
#8616 = VECTOR ( 'NONE', #902, 1000.000000000000227 ) ;
#8617 = VECTOR ( 'NONE', #6590, 1000.000000000000227 ) ;
#8618 = VERTEX_POINT ( 'NONE', #6143 ) ;
#8619 = VECTOR ( 'NONE', #7205, 1000.000000000000227 ) ;
#8620 = ORIENTED_EDGE ( 'NONE', *, *, #9676, .T. ) ;
#8621 = EDGE_LOOP ( 'NONE', ( #5755, #1172, #4657, #3430 ) ) ;
#8622 = SURFACE_STYLE_USAGE ( .BOTH. , #1330 ) ;
#8623 = CARTESIAN_POINT ( 'NONE',  ( 1.142258643185105171, 0.2203412574405151092, 1.176619588129285798 ) ) ;
#8624 = CARTESIAN_POINT ( 'NONE',  ( 1.176832357123544393, 0.5873550067417854237, 0.9378001273156664208 ) ) ;
#8625 = FACE_OUTER_BOUND ( 'NONE', #2375, .T. ) ;
#8626 = CARTESIAN_POINT ( 'NONE',  ( 1.171257792410753895, 0.5977733810638864442, 0.9702799197541972509 ) ) ;
#8627 = VECTOR ( 'NONE', #3354, 1000.000000000000114 ) ;
#8628 = VERTEX_POINT ( 'NONE', #8548 ) ;
#8629 = VERTEX_POINT ( 'NONE', #4237 ) ;
#8630 = CARTESIAN_POINT ( 'NONE',  ( 1.181494318439853641, 0.3597727940190045826, 0.8974432523843418608 ) ) ;
#8631 = PRESENTATION_LAYER_ASSIGNMENT (  '', '', ( #2642 ) ) ;
#8632 = LINE ( 'NONE', #4674, #4366 ) ;
#8633 = CARTESIAN_POINT ( 'NONE',  ( 1.143157236265818444, -0.3915848149363510000, 1.177411062664363461 ) ) ;
#8634 = CARTESIAN_POINT ( 'NONE',  ( 1.584999999999999520, 0.8649999999999999911, 0.4000000000000000222 ) ) ;
#8635 = DIRECTION ( 'NONE',  ( -0.9902680687415706950, 0.000000000000000000, -0.1391731009600623015 ) ) ;
#8636 = EDGE_CURVE ( 'NONE', #9695, #9463, #167, .T. ) ;
#8637 = ORIENTED_EDGE ( 'NONE', *, *, #3236, .F. ) ;
#8638 = FACE_OUTER_BOUND ( 'NONE', #1472, .T. ) ;
#8639 = UNCERTAINTY_MEASURE_WITH_UNIT (LENGTH_MEASURE( 1.000000000000000082E-05 ), #1001, 'distance_accuracy_value', 'NONE');
#8640 = PRESENTATION_LAYER_ASSIGNMENT (  '', '', ( #97 ) ) ;
#8641 = DIRECTION ( 'NONE',  ( 0.9902680687415708061, 4.993724611500633215E-17, 0.1391731009600625235 ) ) ;
#8642 = AXIS2_PLACEMENT_3D ( 'NONE', #7362, #6671, #9928 ) ;
#8643 = DIRECTION ( 'NONE',  ( 0.06443965996039517641, -0.8863488427958606808, -0.4585120054029417358 ) ) ;
#8644 = ORIENTED_EDGE ( 'NONE', *, *, #6524, .T. ) ;
#8645 = PLANE ( 'NONE',  #3261 ) ;
#8646 = EDGE_CURVE ( 'NONE', #545, #9128, #3136, .T. ) ;
#8647 = B_SPLINE_CURVE_WITH_KNOTS ( 'NONE', 3,
 ( #4769, #7324, #2344, #8013 ),
 .UNSPECIFIED., .F., .F.,
 ( 4, 4 ),
 ( 3.000000000000000000, 4.000000000000000000 ),
 .UNSPECIFIED. ) ;
#8648 =( GEOMETRIC_REPRESENTATION_CONTEXT ( 3 ) GLOBAL_UNCERTAINTY_ASSIGNED_CONTEXT ( ( #2958 ) ) GLOBAL_UNIT_ASSIGNED_CONTEXT ( ( #8554, #10135, #3678 ) ) REPRESENTATION_CONTEXT ( 'NONE', 'WORKASPACE' ) );
#8649 = LINE ( 'NONE', #6264, #10500 ) ;
#8650 = VERTEX_POINT ( 'NONE', #9628 ) ;
#8651 = EDGE_CURVE ( 'NONE', #6117, #5592, #5255, .T. ) ;
#8652 = FACE_OUTER_BOUND ( 'NONE', #3517, .T. ) ;
#8653 = CARTESIAN_POINT ( 'NONE',  ( 1.141963919012667583, 0.2386513943472002852, 1.185901956116633515 ) ) ;
#8654 = CARTESIAN_POINT ( 'NONE',  ( 1.143277981661783516, -0.1547321230152597926, 1.176551914529794685 ) ) ;
#8655 = ADVANCED_FACE ( 'NONE', ( #9226 ), #266, .T. ) ;
#8656 = DIRECTION ( 'NONE',  ( 0.1391731009600621904, 3.554004129277935706E-15, -0.9902680687415706950 ) ) ;
#8657 = VECTOR ( 'NONE', #3446, 1000.000000000000114 ) ;
#8658 = CARTESIAN_POINT ( 'NONE',  ( 1.173350722740490015, 0.3328534615654645812, 0.9625732431892650709 ) ) ;
#8659 = CARTESIAN_POINT ( 'NONE',  ( 1.172248060479495591, 0.5977733810638864442, 0.9704190928551572615 ) ) ;
#8660 = CARTESIAN_POINT ( 'NONE',  ( 1.169817682866082009, -0.3377940690237478116, 0.9805268316052750954 ) ) ;
#8661 = ORIENTED_EDGE ( 'NONE', *, *, #1080, .F. ) ;
#8662 = EDGE_CURVE ( 'NONE', #10327, #8573, #3639, .T. ) ;
#8663 = AXIS2_PLACEMENT_3D ( 'NONE', #5443, #5302, #1371 ) ;
#8664 = LINE ( 'NONE', #5394, #10387 ) ;
#8665 = SURFACE_STYLE_FILL_AREA ( #10396 ) ;
#8666 = DIRECTION ( 'NONE',  ( -1.000000000000000000, 0.000000000000000000, 0.000000000000000000 ) ) ;
#8667 = ORIENTED_EDGE ( 'NONE', *, *, #10224, .T. ) ;
#8668 =( BOUNDED_CURVE ( )  B_SPLINE_CURVE ( 3, ( #869, #7398, #69, #6606 ),
 .UNSPECIFIED., .F., .F. ) 
 B_SPLINE_CURVE_WITH_KNOTS ( ( 4, 4 ),
 ( 4.235952673896852221E-15, 0.009685181668464774157 ),
 .UNSPECIFIED. ) 
 CURVE ( )  GEOMETRIC_REPRESENTATION_ITEM ( )  RATIONAL_B_SPLINE_CURVE ( ( 1.000000000000000000, 0.9999921831199466427, 0.9999921831199466427, 1.000000000000000000 ) ) 
 REPRESENTATION_ITEM ( '' )  );
#8669 = CARTESIAN_POINT ( 'NONE',  ( 1.184030050149940561, 0.2740863441352417440, 0.8865858802846288134 ) ) ;
#8670 = LINE ( 'NONE', #8009, #3402 ) ;
#8671 = CARTESIAN_POINT ( 'NONE',  ( 1.182475427380763167, 0.3574957241823717435, 0.8904622995318354217 ) ) ;
#8672 = EDGE_CURVE ( 'NONE', #10249, #7432, #9011, .T. ) ;
#8673 = VERTEX_POINT ( 'NONE', #1165 ) ;
#8674 = DIRECTION ( 'NONE',  ( 0.7071067811865489050, 0.7071067811865462405, -0.000000000000000000 ) ) ;
#8675 = EDGE_LOOP ( 'NONE', ( #3154, #2482, #2929, #653 ) ) ;
#8676 = ORIENTED_EDGE ( 'NONE', *, *, #4807, .F. ) ;
#8677 = DIRECTION ( 'NONE',  ( -0.1308010097124985838, -0.3416038306902446364, 0.9306975441656335502 ) ) ;
#8678 = VECTOR ( 'NONE', #2807, 1000.000000000000000 ) ;
#8679 = VERTEX_POINT ( 'NONE', #5948 ) ;
#8680 = SURFACE_STYLE_FILL_AREA ( #2942 ) ;
#8681 = CARTESIAN_POINT ( 'NONE',  ( 1.178273632204800192, 0.1871209920142028749, 0.9275449222408718164 ) ) ;
#8682 = CARTESIAN_POINT ( 'NONE',  ( 1.184168968230021379, 0.3045304559248268594, 0.8855974267837301017 ) ) ;
#8683 = CARTESIAN_POINT ( 'NONE',  ( 1.156845041597965862, 0.2386513943472006460, 1.072831970503783205 ) ) ;
#8684 = CARTESIAN_POINT ( 'NONE',  ( 1.150238227159948945, 0.1638200171098933289, 1.127027194451787784 ) ) ;
#8685 = ORIENTED_EDGE ( 'NONE', *, *, #9955, .F. ) ;
#8686 = B_SPLINE_CURVE_WITH_KNOTS ( 'NONE', 3,
 ( #8421, #2048, #4364, #6812 ),
 .UNSPECIFIED., .F., .F.,
 ( 4, 4 ),
 ( 8.000000000000000000, 9.000000000000000000 ),
 .UNSPECIFIED. ) ;
#8687 = ADVANCED_FACE ( 'NONE', ( #4393 ), #9362, .T. ) ;
#8688 = ORIENTED_EDGE ( 'NONE', *, *, #5651, .F. ) ;
#8689 = SURFACE_STYLE_FILL_AREA ( #1283 ) ;
#8690 = PRESENTATION_LAYER_ASSIGNMENT (  '', '', ( #5795 ) ) ;
#8691 = ORIENTED_EDGE ( 'NONE', *, *, #5783, .F. ) ;
#8692 = ORIENTED_EDGE ( 'NONE', *, *, #2682, .F. ) ;
#8693 = CARTESIAN_POINT ( 'NONE',  ( 1.182380397948506578, 0.2107650870313387548, 0.8983237656111769942 ) ) ;
#8694 = LINE ( 'NONE', #2200, #10057 ) ;
#8695 = DIRECTION ( 'NONE',  ( -0.9902680687415706950, -1.431534388630178744E-16, -0.1391731009600623292 ) ) ;
#8696 = CARTESIAN_POINT ( 'NONE',  ( 1.192517840332156132, -0.4254209279661119170, 0.8190068184778127591 ) ) ;
#8697 =( GEOMETRIC_REPRESENTATION_CONTEXT ( 3 ) GLOBAL_UNCERTAINTY_ASSIGNED_CONTEXT ( ( #9915 ) ) GLOBAL_UNIT_ASSIGNED_CONTEXT ( ( #4794, #6206, #9698 ) ) REPRESENTATION_CONTEXT ( 'NONE', 'WORKASPACE' ) );
#8698 = CARTESIAN_POINT ( 'NONE',  ( 1.140973650943925888, 0.2386513943472002852, 1.185762783015673394 ) ) ;
#8699 = STYLED_ITEM ( 'NONE', ( #9160 ), #6880 ) ;
#8700 = VERTEX_POINT ( 'NONE', #2888 ) ;
#8701 = FACE_OUTER_BOUND ( 'NONE', #6304, .T. ) ;
#8702 = ORIENTED_EDGE ( 'NONE', *, *, #2178, .F. ) ;
#8703 = CARTESIAN_POINT ( 'NONE',  ( 1.173446228920581813, 0.1753613299807503800, 0.9618936814071370467 ) ) ;
#8704 = ORIENTED_EDGE ( 'NONE', *, *, #4742, .F. ) ;
#8705 = ORIENTED_EDGE ( 'NONE', *, *, #9618, .T. ) ;
#8706 = FILL_AREA_STYLE ('',( #3726 ) ) ;
#8707 = PRESENTATION_LAYER_ASSIGNMENT (  '', '', ( #4599 ) ) ;
#8708 = VECTOR ( 'NONE', #780, 1000.000000000000000 ) ;
#8709 = B_SPLINE_CURVE_WITH_KNOTS ( 'NONE', 3,
 ( #3123, #4679, #713, #5655 ),
 .UNSPECIFIED., .F., .F.,
 ( 4, 4 ),
 ( 34.00000000000000000, 35.00000000000000000 ),
 .UNSPECIFIED. ) ;
#8710 = DIRECTION ( 'NONE',  ( 0.1233559169842626951, 0.4630180653866959872, -0.8777229567867830262 ) ) ;
#8711 = PLANE ( 'NONE',  #9735 ) ;
#8712 = PRESENTATION_STYLE_ASSIGNMENT (( #5488 ) ) ;
#8713 = CARTESIAN_POINT ( 'NONE',  ( 1.173211327912459190, 0.1667209416960227786, 0.9563797923937640277 ) ) ;
#8714 = ADVANCED_FACE ( 'NONE', ( #4349 ), #1120, .T. ) ;
#8715 = VECTOR ( 'NONE', #857, 1000.000000000000227 ) ;
#8716 = CARTESIAN_POINT ( 'NONE',  ( 1.174600985461562441, 0.2282330200255206498, 0.9536771616787182992 ) ) ;
#8717 = FILL_AREA_STYLE_COLOUR ( '', #9907 ) ;
#8718 = ADVANCED_FACE ( 'NONE', ( #2033 ), #4072, .F. ) ;
#8719 = DIRECTION ( 'NONE',  ( -0.1391731009600565838, 0.000000000000000000, 0.9902680687415715832 ) ) ;
#8720 = ORIENTED_EDGE ( 'NONE', *, *, #8313, .F. ) ;
#8721 = FILL_AREA_STYLE ('',( #4056 ) ) ;
#8722 = VECTOR ( 'NONE', #2659, 1000.000000000000227 ) ;
#8723 = ORIENTED_EDGE ( 'NONE', *, *, #9846, .F. ) ;
#8724 = EDGE_CURVE ( 'NONE', #14, #10310, #6852, .T. ) ;
#8725 = VECTOR ( 'NONE', #3020, 1000.000000000000227 ) ;
#8726 = CARTESIAN_POINT ( 'NONE',  ( 1.283284485972672639, 1.431534388630178810E-19, 0.1803538728192256302 ) ) ;
#8727 = DIRECTION ( 'NONE',  ( -0.9902680687415706950, -1.431534388630178744E-16, -0.1391731009600623292 ) ) ;
#8728 = DIRECTION ( 'NONE',  ( -1.000000000000000000, -1.417602794365952791E-16, 0.000000000000000000 ) ) ;
#8729 = ORIENTED_EDGE ( 'NONE', *, *, #4488, .T. ) ;
#8730 = ADVANCED_FACE ( 'NONE', ( #4444 ), #6188, .F. ) ;
#8731 = CARTESIAN_POINT ( 'NONE',  ( 1.183341183331992896, -0.4965634868294417914, 0.8843021258494827563 ) ) ;
#8732 = EDGE_CURVE ( 'NONE', #4696, #2722, #9667, .T. ) ;
#8733 = FACE_OUTER_BOUND ( 'NONE', #9779, .T. ) ;
#8734 = LINE ( 'NONE', #3908, #7680 ) ;
#8735 = CARTESIAN_POINT ( 'NONE',  ( 1.183543836869485055, 0.4316408611952773922, 0.8900454675390059300 ) ) ;
#8737 = EDGE_CURVE ( 'NONE', #7867, #7764, #8843, .T. ) ;
#8736 = SURFACE_SIDE_STYLE ('',( #4825 ) ) ;
#8738 = ORIENTED_EDGE ( 'NONE', *, *, #4144, .T. ) ;
#8739 = CARTESIAN_POINT ( 'NONE',  ( 1.185766526151469380, 0.1773888579177557434, 0.8742302115197041479 ) ) ;
#8740 = MECHANICAL_DESIGN_GEOMETRIC_PRESENTATION_REPRESENTATION (  '', ( #3437 ), #7006 ) ;
#8741 = ORIENTED_EDGE ( 'NONE', *, *, #4929, .F. ) ;
#8742 = EDGE_LOOP ( 'NONE', ( #7983, #8572, #9983, #2889, #8779, #4335, #4241 ) ) ;
#8743 = B_SPLINE_CURVE_WITH_KNOTS ( 'NONE', 3,
 ( #2973, #9175, #9067, #9741 ),
 .UNSPECIFIED., .F., .F.,
 ( 4, 4 ),
 ( 5.000000000000000000, 6.000000000000000000 ),
 .UNSPECIFIED. ) ;
#8744 = CARTESIAN_POINT ( 'NONE',  ( 1.150000000000000355, -0.8649999999999998801, 0.01000000000000006613 ) ) ;
#8745 = EDGE_CURVE ( 'NONE', #1956, #372, #9458, .T. ) ;
#8746 = SURFACE_STYLE_USAGE ( .BOTH. , #7794 ) ;
#8747 = LINE ( 'NONE', #1333, #8905 ) ;
#8748 = PRESENTATION_LAYER_ASSIGNMENT (  '', '', ( #8567 ) ) ;
#8749 = CARTESIAN_POINT ( 'NONE',  ( 1.172620926072030167, 0.3036258665378299693, 0.9605807197731929259 ) ) ;
#8750 = ORIENTED_EDGE ( 'NONE', *, *, #6042, .T. ) ;
#8751 = FILL_AREA_STYLE_COLOUR ( '', #8126 ) ;
#8752 = EDGE_LOOP ( 'NONE', ( #8311, #2468, #3166, #1632, #9088, #9395, #5953, #1764, #9200, #9073, #5159, #8929 ) ) ;
#8753 = DIRECTION ( 'NONE',  ( 0.000000000000000000, 1.000000000000000000, 0.000000000000000000 ) ) ;
#8754 = ORIENTED_EDGE ( 'NONE', *, *, #4788, .F. ) ;
#8755 = VECTOR ( 'NONE', #8129, 1000.000000000000000 ) ;
#8756 = ORIENTED_EDGE ( 'NONE', *, *, #4660, .T. ) ;
#8757 = CARTESIAN_POINT ( 'NONE',  ( 1.168497272316162627, 0.5045694814458161481, 0.9971073373876174761 ) ) ;
#8758 = DIRECTION ( 'NONE',  ( -0.000000000000000000, 1.000000000000000000, 1.245812200144858865E-14 ) ) ;
#8759 = ORIENTED_EDGE ( 'NONE', *, *, #6025, .T. ) ;
#8760 = ORIENTED_EDGE ( 'NONE', *, *, #9333, .F. ) ;
#8761 = UNCERTAINTY_MEASURE_WITH_UNIT (LENGTH_MEASURE( 1.000000000000000082E-05 ), #3525, 'distance_accuracy_value', 'NONE');
#8762 = LINE ( 'NONE', #4731, #6649 ) ;
#8763 = B_SPLINE_CURVE_WITH_KNOTS ( 'NONE', 3,
 ( #4861, #4003, #5817, #719 ),
 .UNSPECIFIED., .F., .F.,
 ( 4, 4 ),
 ( 0.000000000000000000, 1.000000000000000000 ),
 .UNSPECIFIED. ) ;
#8764 = EDGE_CURVE ( 'NONE', #1623, #6512, #3627, .T. ) ;
#8765 = ORIENTED_EDGE ( 'NONE', *, *, #4660, .F. ) ;
#8766 = LINE ( 'NONE', #9595, #3837 ) ;
#8767 = CARTESIAN_POINT ( 'NONE',  ( 1.283284485972679523, -5.952875914669320113E-16, 0.1803538728192448370 ) ) ;
#8768 = DIRECTION ( 'NONE',  ( -1.000000000000000000, 0.000000000000000000, -0.000000000000000000 ) ) ;
#8769 = ORIENTED_EDGE ( 'NONE', *, *, #3370, .T. ) ;
#8770 = B_SPLINE_CURVE_WITH_KNOTS ( 'NONE', 3,
 ( #5031, #4923, #8178, #5677 ),
 .UNSPECIFIED., .F., .F.,
 ( 4, 4 ),
 ( 20.00000000000000000, 21.00000000000000000 ),
 .UNSPECIFIED. ) ;
#8771 = PLANE ( 'NONE',  #2967 ) ;
#8772 = PLANE ( 'NONE',  #1101 ) ;
#8773 = ORIENTED_EDGE ( 'NONE', *, *, #6501, .F. ) ;
#8774 = ORIENTED_EDGE ( 'NONE', *, *, #4173, .T. ) ;
#8775 = LINE ( 'NONE', #9549, #10073 ) ;
#8776 = CARTESIAN_POINT ( 'NONE',  ( -1.249999999999999334, -2.050000000000000711, 0.1100000000000000699 ) ) ;
#8777 = CARTESIAN_POINT ( 'NONE',  ( 1.192517840332156132, -0.3872468534243500571, 0.8190068184778129812 ) ) ;
#8778 = CARTESIAN_POINT ( 'NONE',  ( 1.149830155299589096, 0.4511051293881749302, 1.129930776611549392 ) ) ;
#8779 = ORIENTED_EDGE ( 'NONE', *, *, #9492, .T. ) ;
#8780 = VERTEX_POINT ( 'NONE', #8787 ) ;
#8781 = CARTESIAN_POINT ( 'NONE',  ( 1.157834832918872792, 0.2184073077162896337, 1.065789239307522784 ) ) ;
#8782 = CARTESIAN_POINT ( 'NONE',  ( 1.158538582447339760, 0.4752795009424433670, 1.067967097754856320 ) ) ;
#8783 = CARTESIAN_POINT ( 'NONE',  ( 1.185054570990838885, 0.2489449977186548313, 0.8792960357133509097 ) ) ;
#8784 = ORIENTED_EDGE ( 'NONE', *, *, #4653, .T. ) ;
#8785 = FILL_AREA_STYLE ('',( #5503 ) ) ;
#8786 = CARTESIAN_POINT ( 'NONE',  ( 1.183483060209500337, 0.2921157464040102791, 0.8904779159452859139 ) ) ;
#8787 = CARTESIAN_POINT ( 'NONE',  ( 1.167507004247420710, 0.6571643532436003410, 0.9969681642866577986 ) ) ;
#8788 = CARTESIAN_POINT ( 'NONE',  ( 1.184776258082727463, 0.2635431988637454981, 0.8740910384187443594 ) ) ;
#8789 = ORIENTED_EDGE ( 'NONE', *, *, #4347, .F. ) ;
#8790 = DIRECTION ( 'NONE',  ( -0.9902680687415706950, -1.431534388630178744E-16, -0.1391731009600623292 ) ) ;
#8791 = EDGE_CURVE ( 'NONE', #4884, #5600, #1550, .T. ) ;
#8792 = EDGE_CURVE ( 'NONE', #4899, #2095, #1983, .T. ) ;
#8793 = EDGE_CURVE ( 'NONE', #889, #1167, #625, .T. ) ;
#8794 = CARTESIAN_POINT ( 'NONE',  ( 1.150000000000000355, 2.149999999999999467, 1.510000000000000009 ) ) ;
#8795 = CARTESIAN_POINT ( 'NONE',  ( 1.167507004247420710, 0.6571643532436003410, 0.9969681642866577986 ) ) ;
#8796 = DIRECTION ( 'NONE',  ( 0.9902680687415612582, -1.920368488059014565E-14, 0.1391731009601304969 ) ) ;
#8797 = VECTOR ( 'NONE', #437, 1000.000000000000227 ) ;
#8798 = CARTESIAN_POINT ( 'NONE',  ( 1.182180703208325578, 0.3078056933612357549, 0.8997446675191803633 ) ) ;
#8799 = ORIENTED_EDGE ( 'NONE', *, *, #3771, .F. ) ;
#8800 = COLOUR_RGB ( '',0.8509803921568627194, 0.8509803921568627194, 0.8509803921568627194 ) ;
#8801 = ORIENTED_EDGE ( 'NONE', *, *, #1981, .T. ) ;
#8802 = EDGE_CURVE ( 'NONE', #6214, #5830, #430, .T. ) ;
#8803 = CARTESIAN_POINT ( 'NONE',  ( 1.147021092390224650, -0.4150097971705957178, 1.149918297785116117 ) ) ;
#8804 = STYLED_ITEM ( 'NONE', ( #7513 ), #5444 ) ;
#8805 = CARTESIAN_POINT ( 'NONE',  ( 1.153893509143190776, 0.5378209396091662153, 1.101018511701453262 ) ) ;
#8806 = CARTESIAN_POINT ( 'NONE',  ( -1.008476408045745343, -1.017109127910302762E-16, 1.409999999999999920 ) ) ;
#8807 = DIRECTION ( 'NONE',  ( -0.9902680687415706950, -1.431534388630178744E-16, -0.1391731009600623292 ) ) ;
#8808 = CIRCLE ( 'NONE', #757, 0.1000000000000000472 ) ;
#8809 =( NAMED_UNIT ( * ) SI_UNIT ( $, .STERADIAN. ) SOLID_ANGLE_UNIT ( ) );
#8810 = CARTESIAN_POINT ( 'NONE',  ( 1.183474377829502933, 0.1781374836174793586, 0.8905396942890377865 ) ) ;
#8811 = CARTESIAN_POINT ( 'NONE',  ( 1.183474377829502933, 0.1781374836174793586, 0.8905396942890377865 ) ) ;
#8812 = EDGE_LOOP ( 'NONE', ( #3563, #1936, #4015, #5674, #2011, #2146, #575 ) ) ;
#8813 = AXIS2_PLACEMENT_3D ( 'NONE', #5459, #4659, #3807 ) ;
#8814 = CARTESIAN_POINT ( 'NONE',  ( -2.214999999999998970, -1.300000000000000044, 0.000000000000000000 ) ) ;
#8815 = DIRECTION ( 'NONE',  ( -0.9902680687415706950, -1.431534388630178744E-16, -0.1391731009600623292 ) ) ;
#8816 = CARTESIAN_POINT ( 'NONE',  ( 1.176268002423108916, 0.1667209416960227786, 0.9418157196638312634 ) ) ;
#8817 = ORIENTED_EDGE ( 'NONE', *, *, #307, .F. ) ;
#8818 =( LENGTH_UNIT ( ) NAMED_UNIT ( * ) SI_UNIT ( .MILLI., .METRE. ) );
#8819 = EDGE_CURVE ( 'NONE', #7911, #6097, #8670, .T. ) ;
#8820 = VERTEX_POINT ( 'NONE', #4711 ) ;
#8821 = CARTESIAN_POINT ( 'NONE',  ( 1.172082618511471219, 0.2177210674914727973, 0.9644109770909217172 ) ) ;
#8822 = MECHANICAL_DESIGN_GEOMETRIC_PRESENTATION_REPRESENTATION (  '', ( #4199 ), #1109 ) ;
#8823 =( GEOMETRIC_REPRESENTATION_CONTEXT ( 3 ) GLOBAL_UNCERTAINTY_ASSIGNED_CONTEXT ( ( #1459 ) ) GLOBAL_UNIT_ASSIGNED_CONTEXT ( ( #4047, #2382, #6560 ) ) REPRESENTATION_CONTEXT ( 'NONE', 'WORKASPACE' ) );
#8824 = CARTESIAN_POINT ( 'NONE',  ( 1.172082618511471219, 0.2829762743196016506, 0.9644109770909219392 ) ) ;
#8825 = LINE ( 'NONE', #3732, #419 ) ;
#8826 = FILL_AREA_STYLE_COLOUR ( '', #3410 ) ;
#8827 = DIRECTION ( 'NONE',  ( 1.000000000000000000, 0.000000000000000000, 0.000000000000000000 ) ) ;
#8828 = FACE_OUTER_BOUND ( 'NONE', #7649, .T. ) ;
#8829 = DIRECTION ( 'NONE',  ( 0.1391731009600623570, 2.757642169189770019E-15, -0.9902680687415708061 ) ) ;
#8830 = DIRECTION ( 'NONE',  ( 1.000000000000000000, 1.008560160451632221E-16, -0.000000000000000000 ) ) ;
#8831 = DIRECTION ( 'NONE',  ( 1.417602794365952545E-16, -1.000000000000000000, 1.992310799966271023E-17 ) ) ;
#8832 = ORIENTED_EDGE ( 'NONE', *, *, #6032, .F. ) ;
#8833 =( GEOMETRIC_REPRESENTATION_CONTEXT ( 3 ) GLOBAL_UNCERTAINTY_ASSIGNED_CONTEXT ( ( #1350 ) ) GLOBAL_UNIT_ASSIGNED_CONTEXT ( ( #2230, #1380, #7947 ) ) REPRESENTATION_CONTEXT ( 'NONE', 'WORKASPACE' ) );
#8834 = B_SPLINE_CURVE_WITH_KNOTS ( 'NONE', 3,
 ( #5398, #8786, #6352, #8669 ),
 .UNSPECIFIED., .F., .F.,
 ( 4, 4 ),
 ( 1.000000000000000000, 2.000000000000000000 ),
 .UNSPECIFIED. ) ;
#8835 =( GEOMETRIC_REPRESENTATION_CONTEXT ( 3 ) GLOBAL_UNCERTAINTY_ASSIGNED_CONTEXT ( ( #7971 ) ) GLOBAL_UNIT_ASSIGNED_CONTEXT ( ( #3762, #7845, #3866 ) ) REPRESENTATION_CONTEXT ( 'NONE', 'WORKASPACE' ) );
#8836 = CARTESIAN_POINT ( 'NONE',  ( -1.249999999999999778, 2.049999999999999822, 0.1100000000000000699 ) ) ;
#8837 = SURFACE_STYLE_FILL_AREA ( #6289 ) ;
#8838 = DIRECTION ( 'NONE',  ( -0.9902680687415706950, -1.431534388630178744E-16, -0.1391731009600623292 ) ) ;
#8839 = ORIENTED_EDGE ( 'NONE', *, *, #5060, .F. ) ;
#8840 = ORIENTED_EDGE ( 'NONE', *, *, #8062, .F. ) ;
#8841 = CARTESIAN_POINT ( 'NONE',  ( 1.179532100558150942, 0.1777631707676199380, 0.9114051580885300652 ) ) ;
#8842 = CARTESIAN_POINT ( 'NONE',  ( 1.249436649370103458, -2.108648687084982765, 0.4140084480150212909 ) ) ;
#8843 = LINE ( 'NONE', #525, #7485 ) ;
#8844 = PLANE ( 'NONE',  #8053 ) ;
#8845 = ORIENTED_EDGE ( 'NONE', *, *, #8724, .F. ) ;
#8846 = PRODUCT_RELATED_PRODUCT_CATEGORY ( 'part', '', ( #1692 ) ) ;
#8847 = CARTESIAN_POINT ( 'NONE',  ( 1.142519114585270890, 0.3859435007719920208, 1.174766237815001224 ) ) ;
#8848 =( GEOMETRIC_REPRESENTATION_CONTEXT ( 3 ) GLOBAL_UNCERTAINTY_ASSIGNED_CONTEXT ( ( #816 ) ) GLOBAL_UNIT_ASSIGNED_CONTEXT ( ( #6526, #1659, #891 ) ) REPRESENTATION_CONTEXT ( 'NONE', 'WORKASPACE' ) );
#8849 = ORIENTED_EDGE ( 'NONE', *, *, #8764, .F. ) ;
#8850 = EDGE_LOOP ( 'NONE', ( #6179, #4575, #6064, #8150 ) ) ;
#8851 = LINE ( 'NONE', #7843, #6667 ) ;
#8852 = FACE_OUTER_BOUND ( 'NONE', #3393, .T. ) ;
#8853 =( NAMED_UNIT ( * ) PLANE_ANGLE_UNIT ( ) SI_UNIT ( $, .RADIAN. ) );
#8854 = CARTESIAN_POINT ( 'NONE',  ( 1.175854965329553359, -0.3881144490365190935, 0.9375693347592094495 ) ) ;
#8855 = CARTESIAN_POINT ( 'NONE',  ( 1.142736174085447365, 0.5126172077172520547, 1.173221779219489447 ) ) ;
#8856 = EDGE_CURVE ( 'NONE', #5333, #5510, #3042, .T. ) ;
#8857 = DIRECTION ( 'NONE',  ( -0.9902680687415706950, -1.431534388630178744E-16, -0.1391731009600623292 ) ) ;
#8858 = EDGE_CURVE ( 'NONE', #3647, #5842, #10405, .T. ) ;
#8859 = ORIENTED_EDGE ( 'NONE', *, *, #3, .T. ) ;
#8860 = LINE ( 'NONE', #1508, #10223 ) ;
#8861 = EDGE_CURVE ( 'NONE', #5545, #10296, #689, .T. ) ;
#8862 = LINE ( 'NONE', #4786, #7598 ) ;
#8863 = ORIENTED_EDGE ( 'NONE', *, *, #7327, .T. ) ;
#8864 = B_SPLINE_SURFACE_WITH_KNOTS ( 'NONE', 3, 1, ( 
 ( #1694, #7299 ),
 ( #773, #6615 ),
 ( #4046, #4209 ),
 ( #9870, #8312 ) ),
 .UNSPECIFIED., .F., .F., .F.,
 ( 4, 4 ),
 ( 2, 2 ),
 ( 0.000000000000000000, 1.000000000000000000 ),
 ( 0.000000000000000000, 1.000000000000000000 ),
 .UNSPECIFIED. ) ;
#8865 = ORIENTED_EDGE ( 'NONE', *, *, #6623, .T. ) ;
#8866 = ORIENTED_EDGE ( 'NONE', *, *, #5965, .F. ) ;
#8867 = ORIENTED_EDGE ( 'NONE', *, *, #5218, .T. ) ;
#8868 = PRODUCT_DEFINITION_CONTEXT ( 'detailed design', #5094, 'design' ) ;
#8869 = CARTESIAN_POINT ( 'NONE',  ( 1.167765015165509013, -0.07578123674051377712, 0.9951323212120493089 ) ) ;
#8870 = DIRECTION ( 'NONE',  ( -0.000000000000000000, 1.000000000000000000, -0.000000000000000000 ) ) ;
#8871 = CARTESIAN_POINT ( 'NONE',  ( 1.095405081827368843, 5.523909625436723386E-17, 1.510000000000000009 ) ) ;
#8872 = LINE ( 'NONE', #10427, #9361 ) ;
#8873 = EDGE_CURVE ( 'NONE', #1556, #3492, #2347, .T. ) ;
#8874 = AXIS2_PLACEMENT_3D ( 'NONE', #7509, #189, #3353 ) ;
#8875 = ORIENTED_EDGE ( 'NONE', *, *, #7195, .F. ) ;
#8876 = CARTESIAN_POINT ( 'NONE',  ( 1.149247959091207250, 0.1638200171098933289, 1.126888021350827662 ) ) ;
#8877 = CARTESIAN_POINT ( 'NONE',  ( 1.185273118879126786, -0.4063338906950228480, 0.8705556901518067825 ) ) ;
#8878 = CARTESIAN_POINT ( 'NONE',  ( 1.153840938115368919, 0.4215032215110968705, 1.094207277466759720 ) ) ;
#8879 = ADVANCED_FACE ( 'NONE', ( #9570 ), #8900, .T. ) ;
#8880 = EDGE_LOOP ( 'NONE', ( #6577, #9100, #758, #5102 ) ) ;
#8881 = COLOUR_RGB ( '',0.2509803921568627416, 0.2509803921568627416, 0.2509803921568627416 ) ;
#8882 =( GEOMETRIC_REPRESENTATION_CONTEXT ( 3 ) GLOBAL_UNCERTAINTY_ASSIGNED_CONTEXT ( ( #3185 ) ) GLOBAL_UNIT_ASSIGNED_CONTEXT ( ( #1627, #9754, #870 ) ) REPRESENTATION_CONTEXT ( 'NONE', 'WORKASPACE' ) );
#8883 = B_SPLINE_CURVE_WITH_KNOTS ( 'NONE', 3,
 ( #2045, #3650, #10265, #2944 ),
 .UNSPECIFIED., .F., .F.,
 ( 4, 4 ),
 ( 5.000000000000000000, 6.000000000000000000 ),
 .UNSPECIFIED. ) ;
#8884 = FACE_OUTER_BOUND ( 'NONE', #4725, .T. ) ;
#8885 = EDGE_CURVE ( 'NONE', #5630, #3729, #8955, .T. ) ;
#8886 = CARTESIAN_POINT ( 'NONE',  ( 1.190029097987416629, 0.3189103079077391656, 0.8367151404043876584 ) ) ;
#8887 = ORIENTED_EDGE ( 'NONE', *, *, #5218, .F. ) ;
#8888 = CARTESIAN_POINT ( 'NONE',  ( 1.157504902478608821, 0.2296678859500660697, 1.068136816372668330 ) ) ;
#8889 = VECTOR ( 'NONE', #8435, 1000.000000000000227 ) ;
#8890 = CIRCLE ( 'NONE', #7821, 0.09999999999999992228 ) ;
#8891 = AXIS2_PLACEMENT_3D ( 'NONE', #2974, #512, #3893 ) ;
#8892 = B_SPLINE_CURVE_WITH_KNOTS ( 'NONE', 3,
 ( #3961, #4820, #4596, #7148 ),
 .UNSPECIFIED., .F., .F.,
 ( 4, 4 ),
 ( 1.000000000000000000, 2.000000000000000000 ),
 .UNSPECIFIED. ) ;
#8893 = CARTESIAN_POINT ( 'NONE',  ( 1.173610717392820968, 0.2282330200255206498, 0.9535379885777582887 ) ) ;
#8894 = ORIENTED_EDGE ( 'NONE', *, *, #6079, .F. ) ;
#8895 = VECTOR ( 'NONE', #5204, 1000.000000000000000 ) ;
#8896 = EDGE_CURVE ( 'NONE', #4770, #7321, #849, .T. ) ;
#8897 = CARTESIAN_POINT ( 'NONE',  ( -1.149999999999999245, -2.150000000000000355, 1.510000000000000009 ) ) ;
#8898 = CARTESIAN_POINT ( 'NONE',  ( 1.186669016924448039, 0.3432406431492764365, 0.8606233594645935625 ) ) ;
#8899 = CARTESIAN_POINT ( 'NONE',  ( -1.149999999999999245, -1.299999999999999156, 0.1100000000000000699 ) ) ;
#8900 = PLANE ( 'NONE',  #2701 ) ;
#8901 = CARTESIAN_POINT ( 'NONE',  ( 1.158346866222010885, -0.1434534297040134243, 1.062145933045520518 ) ) ;
#8902 = AXIS2_PLACEMENT_3D ( 'NONE', #5815, #826, #979 ) ;
#8903 = VERTEX_POINT ( 'NONE', #9843 ) ;
#8904 = CARTESIAN_POINT ( 'NONE',  ( 1.181963166960314116, 0.5656448614497082694, 0.8941072218174747066 ) ) ;
#8905 = VECTOR ( 'NONE', #6956, 1000.000000000000000 ) ;
#8906 = ORIENTED_EDGE ( 'NONE', *, *, #7928, .T. ) ;
#8907 = LINE ( 'NONE', #1558, #6825 ) ;
#8908 = CARTESIAN_POINT ( 'NONE',  ( 1.182553568800743360, 0.1435759304789832047, 0.8899062944380448092 ) ) ;
#8909 = CARTESIAN_POINT ( 'NONE',  ( 1.170450807817867478, 0.1407997768422540874, 0.9832072100271835868 ) ) ;
#8910 = B_SPLINE_CURVE_WITH_KNOTS ( 'NONE', 3,
 ( #8869, #1351, #4793, #711 ),
 .UNSPECIFIED., .F., .F.,
 ( 4, 4 ),
 ( 24.00000000000000000, 25.00000000000000000 ),
 .UNSPECIFIED. ) ;
#8911 = CARTESIAN_POINT ( 'NONE',  ( 1.185273118879126786, -0.3690274283138578193, 0.8705556901518070045 ) ) ;
#8912 =( LENGTH_UNIT ( ) NAMED_UNIT ( * ) SI_UNIT ( .MILLI., .METRE. ) );
#8913 = DIRECTION ( 'NONE',  ( 0.000000000000000000, 0.000000000000000000, 1.000000000000000000 ) ) ;
#8914 = DIRECTION ( 'NONE',  ( 0.000000000000000000, -1.000000000000000000, 0.000000000000000000 ) ) ;
#8915 = CARTESIAN_POINT ( 'NONE',  ( 1.148944552538887498, 0.2788276402336486992, 1.136232167681107130 ) ) ;
#8916 = ORIENTED_EDGE ( 'NONE', *, *, #7066, .F. ) ;
#8917 = EDGE_LOOP ( 'NONE', ( #10214, #171, #236, #110 ) ) ;
#8918 = EDGE_CURVE ( 'NONE', #5224, #614, #7989, .T. ) ;
#8919 = ORIENTED_EDGE ( 'NONE', *, *, #7844, .F. ) ;
#8920 = ORIENTED_EDGE ( 'NONE', *, *, #8146, .T. ) ;
#8921 = CARTESIAN_POINT ( 'NONE',  ( 1.156602411705630162, 0.4007288583426368289, 1.081743668427780136 ) ) ;
#8922 = EDGE_CURVE ( 'NONE', #2131, #2840, #9893, .T. ) ;
#8923 = CARTESIAN_POINT ( 'NONE',  ( 1.182953435029055589, 0.5656448614497082694, 0.8942463949184348282 ) ) ;
#8924 = CARTESIAN_POINT ( 'NONE',  ( 1.141555847152307956, 0.09369874323312404885, 1.188805538276393570 ) ) ;
#8925 = CARTESIAN_POINT ( 'NONE',  ( 1.168755283234250486, -0.07578123674051377712, 0.9952714943130094305 ) ) ;
#8926 = VERTEX_POINT ( 'NONE', #895 ) ;
#8927 = CARTESIAN_POINT ( 'NONE',  ( 1.178603562645179403, 0.2829762743196017616, 0.9251973451749029298 ) ) ;
#8928 = DIRECTION ( 'NONE',  ( -0.1391731009600612190, -3.008496282544230401E-15, 0.9902680687415709171 ) ) ;
#8929 = ORIENTED_EDGE ( 'NONE', *, *, #348, .T. ) ;
#8930 = CARTESIAN_POINT ( 'NONE',  ( 1.177830830824449615, 0.1373373829811192215, 0.9306956177756491311 ) ) ;
#8931 = COLOUR_RGB ( '',0.2509803921568627416, 0.2509803921568627416, 0.2509803921568627416 ) ;
#8932 = DIRECTION ( 'NONE',  ( 0.6136750923608130792, 0.7895586621752355150, 0.000000000000000000 ) ) ;
#8933 = ORIENTED_EDGE ( 'NONE', *, *, #9032, .T. ) ;
#8934 = CARTESIAN_POINT ( 'NONE',  ( 1.183465695449504640, 0.3579012297692724665, 0.8906014726327954323 ) ) ;
#8935 = EDGE_CURVE ( 'NONE', #9869, #116, #4177, .T. ) ;
#8936 = EDGE_CURVE ( 'NONE', #301, #9024, #2865, .T. ) ;
#8937 = CARTESIAN_POINT ( 'NONE',  ( 1.177183164109006919, -0.1790247339576956365, 0.9281187093785782105 ) ) ;
#8938 = DIRECTION ( 'NONE',  ( 0.000000000000000000, -3.499493697399966637E-15, 1.000000000000000000 ) ) ;
#8939 = ADVANCED_FACE ( 'NONE', ( #3379 ), #1714, .F. ) ;
#8940 = VECTOR ( 'NONE', #7322, 1000.000000000000227 ) ;
#8941 = DIRECTION ( 'NONE',  ( -0.9902680687415706950, -1.431534388630178744E-16, -0.1391731009600623292 ) ) ;
#8942 = SURFACE_SIDE_STYLE ('',( #5669 ) ) ;
#8943 = CARTESIAN_POINT ( 'NONE',  ( 1.170450807817867478, 0.09369874323312481212, 0.9832072100271833648 ) ) ;
#8944 = ORIENTED_EDGE ( 'NONE', *, *, #38, .T. ) ;
#8945 = ADVANCED_FACE ( 'NONE', ( #7247 ), #5507, .F. ) ;
#8946 = EDGE_LOOP ( 'NONE', ( #687, #3774, #3387 ) ) ;
#8947 = CARTESIAN_POINT ( 'NONE',  ( 1.169460539749125338, 0.5532925374038010213, 0.9830680369262247975 ) ) ;
#8948 = DIRECTION ( 'NONE',  ( 0.000000000000000000, 1.000000000000000000, 0.000000000000000000 ) ) ;
#8949 = ORIENTED_EDGE ( 'NONE', *, *, #6371, .T. ) ;
#8950 = B_SPLINE_CURVE_WITH_KNOTS ( 'NONE', 3,
 ( #640, #3913, #5464, #4613 ),
 .UNSPECIFIED., .F., .F.,
 ( 4, 4 ),
 ( 4.000000000000000000, 5.000000000000000000 ),
 .UNSPECIFIED. ) ;
#8951 = FACE_OUTER_BOUND ( 'NONE', #6159, .T. ) ;
#8952 = CARTESIAN_POINT ( 'NONE',  ( 1.176684279915631182, 0.2282330200255207608, 0.9316684548630974616 ) ) ;
#8953 = PLANE ( 'NONE',  #7671 ) ;
#8954 = ORIENTED_EDGE ( 'NONE', *, *, #7535, .F. ) ;
#8955 = LINE ( 'NONE', #9734, #469 ) ;
#8956 = ORIENTED_EDGE ( 'NONE', *, *, #9582, .F. ) ;
#8957 = VERTEX_POINT ( 'NONE', #7189 ) ;
#8958 = VERTEX_POINT ( 'NONE', #8113 ) ;
#8959 = EDGE_CURVE ( 'NONE', #7293, #897, #9550, .T. ) ;
#8960 = CARTESIAN_POINT ( 'NONE',  ( 1.140565579083566261, 0.09369874323312404885, 1.188666365175433448 ) ) ;
#8961 = CYLINDRICAL_SURFACE ( 'NONE', #1988, 0.1000000000000000472 ) ;
#8962 = LINE ( 'NONE', #8145, #3341 ) ;
#8963 = PLANE ( 'NONE',  #3157 ) ;
#8964 = DIRECTION ( 'NONE',  ( 1.000000000000000000, 0.000000000000000000, 0.000000000000000000 ) ) ;
#8965 = DIRECTION ( 'NONE',  ( -0.9902680687415706950, -1.431534388630178744E-16, -0.1391731009600623292 ) ) ;
#8966 = VERTEX_POINT ( 'NONE', #4002 ) ;
#8967 =( BOUNDED_CURVE ( )  B_SPLINE_CURVE ( 3, ( #2869, #6780, #8499, #9302 ),
 .UNSPECIFIED., .F., .F. ) 
 B_SPLINE_CURVE_WITH_KNOTS ( ( 4, 4 ),
 ( 2.365879671860814160, 3.917305635318773405 ),
 .UNSPECIFIED. ) 
 CURVE ( )  GEOMETRIC_REPRESENTATION_ITEM ( )  RATIONAL_B_SPLINE_CURVE ( ( 1.000000000000000000, 0.8092813118237096592, 0.8092813118237096592, 1.000000000000000000 ) ) 
 REPRESENTATION_ITEM ( '' )  );
#8968 = ORIENTED_EDGE ( 'NONE', *, *, #7496, .T. ) ;
#8969 = CARTESIAN_POINT ( 'NONE',  ( 1.179723112918219075, 0.3060900927991891951, 0.9100460345251032424 ) ) ;
#8970 = ORIENTED_EDGE ( 'NONE', *, *, #1777, .T. ) ;
#8971 = CARTESIAN_POINT ( 'NONE',  ( 1.170450807817867478, 0.1407997768422540874, 0.9832072100271835868 ) ) ;
#8972 = VECTOR ( 'NONE', #1470, 1000.000000000000227 ) ;
#8973 = VERTEX_POINT ( 'NONE', #6444 ) ;
#8974 = DIRECTION ( 'NONE',  ( -1.000000000000000000, -6.672013369141564231E-16, -0.000000000000000000 ) ) ;
#8975 = LINE ( 'NONE', #4851, #7927 ) ;
#8976 = DIRECTION ( 'NONE',  ( -0.9902680687415706950, -1.431534388630178744E-16, -0.1391731009600623292 ) ) ;
#8977 = CARTESIAN_POINT ( 'NONE',  ( 1.150368462860147378, 0.1472878662401649885, 1.126100519293821600 ) ) ;
#8978 = ORIENTED_EDGE ( 'NONE', *, *, #5077, .F. ) ;
#8979 = LINE ( 'NONE', #3191, #7744 ) ;
#8980 = ORIENTED_EDGE ( 'NONE', *, *, #9644, .T. ) ;
#8981 = CARTESIAN_POINT ( 'NONE',  ( 1.150884948514745654, -0.1573348933033379693, 1.122425532905047429 ) ) ;
#8982 = ORIENTED_EDGE ( 'NONE', *, *, #268, .F. ) ;
#8983 = AXIS2_PLACEMENT_3D ( 'NONE', #1648, #9153, #1807 ) ;
#8984 = CIRCLE ( 'NONE', #409, 0.1000000000000000472 ) ;
#8985 = PLANE ( 'NONE',  #8642 ) ;
#8986 = DIRECTION ( 'NONE',  ( 0.000000000000000000, 1.000000000000000000, 5.294464643468579988E-15 ) ) ;
#8987 = DIRECTION ( 'NONE',  ( -0.000000000000000000, 1.000000000000000000, 4.267423006025254594E-15 ) ) ;
#8988 =( LENGTH_UNIT ( ) NAMED_UNIT ( * ) SI_UNIT ( .MILLI., .METRE. ) );
#8989 = ORIENTED_EDGE ( 'NONE', *, *, #4763, .F. ) ;
#8990 = EDGE_CURVE ( 'NONE', #4827, #2290, #9714, .T. ) ;
#8991 = ORIENTED_EDGE ( 'NONE', *, *, #1981, .F. ) ;
#8992 = DIRECTION ( 'NONE',  ( 0.1378445374916254518, 0.1378445374916256738, 0.9808148484639899189 ) ) ;
#8993 = STYLED_ITEM ( 'NONE', ( #6023 ), #223 ) ;
#8994 = ADVANCED_FACE ( 'NONE', ( #2972 ), #1589, .T. ) ;
#8995 = VECTOR ( 'NONE', #8965, 1000.000000000000227 ) ;
#8996 = CARTESIAN_POINT ( 'NONE',  ( 1.191193013656346444, 0.3287672129544174648, 0.8356187466286061349 ) ) ;
#8997 = PRESENTATION_STYLE_ASSIGNMENT (( #9780 ) ) ;
#8998 = DIRECTION ( 'NONE',  ( -0.9902680687415706950, -1.431534388630178744E-16, -0.1391731009600623292 ) ) ;
#8999 = CARTESIAN_POINT ( 'NONE',  ( 1.141269328612032785, 0.2097357266941085041, 1.190844223622766540 ) ) ;
#9000 = LINE ( 'NONE', #1924, #8183 ) ;
#9001 = CARTESIAN_POINT ( 'NONE',  ( 1.008476408045746009, 5.085545639551516892E-17, 1.409999999999999920 ) ) ;
#9002 = CARTESIAN_POINT ( 'NONE',  ( 1.144944115182324307, -0.1339098945206658176, 1.157511461989961576 ) ) ;
#9003 = CARTESIAN_POINT ( 'NONE',  ( 1.175275535766276525, -0.4991662405690928672, 0.9488774868643300442 ) ) ;
#9004 = CARTESIAN_POINT ( 'NONE',  ( 1.174895709634000696, 0.4752795009424437556, 0.9443947936913691388 ) ) ;
#9005 = EDGE_CURVE ( 'NONE', #10289, #562, #2910, .T. ) ;
#9006 = ORIENTED_EDGE ( 'NONE', *, *, #7356, .F. ) ;
#9007 = VECTOR ( 'NONE', #6548, 1000.000000000000227 ) ;
#9008 = ORIENTED_EDGE ( 'NONE', *, *, #8047, .F. ) ;
#9009 = ORIENTED_EDGE ( 'NONE', *, *, #6893, .F. ) ;
#9010 = ORIENTED_EDGE ( 'NONE', *, *, #6827, .F. ) ;
#9011 = B_SPLINE_CURVE_WITH_KNOTS ( 'NONE', 3,
 ( #7732, #6892, #8514, #2674 ),
 .UNSPECIFIED., .F., .F.,
 ( 4, 4 ),
 ( 2.000000000000000000, 3.000000000000000000 ),
 .UNSPECIFIED. ) ;
#9012 = SURFACE_STYLE_USAGE ( .BOTH. , #887 ) ;
#9013 = FACE_OUTER_BOUND ( 'NONE', #8487, .T. ) ;
#9014 = CARTESIAN_POINT ( 'NONE',  ( 1.143578841694110615, 0.2299174278501139868, 1.174411184165100153 ) ) ;
#9015 = CARTESIAN_POINT ( 'NONE',  ( 1.145132987715453465, 0.1766402322180271878, 1.163352860620672669 ) ) ;
#9016 = DIRECTION ( 'NONE',  ( -0.000000000000000000, 1.000000000000000000, 3.369671389640714812E-15 ) ) ;
#9017 = DIRECTION ( 'NONE',  ( -0.1391731009600624402, -2.776210893284933600E-15, 0.9902680687415708061 ) ) ;
#9018 = EDGE_CURVE ( 'NONE', #7619, #2467, #2700, .T. ) ;
#9019 = CARTESIAN_POINT ( 'NONE',  ( 1.153971173815451889, 0.1524970534007949741, 1.093280602309616878 ) ) ;
#9020 = DIRECTION ( 'NONE',  ( -0.9902680687415706950, -1.431534388630178744E-16, -0.1391731009600623292 ) ) ;
#9021 = CARTESIAN_POINT ( 'NONE',  ( 1.174800680201743441, 0.2814790229201503124, 0.9522562597707153742 ) ) ;
#9022 = ORIENTED_EDGE ( 'NONE', *, *, #2276, .F. ) ;
#9023 = CARTESIAN_POINT ( 'NONE',  ( 1.095405081827368843, 5.523909625436723386E-17, 1.510000000000000009 ) ) ;
#9024 = VERTEX_POINT ( 'NONE', #6969 ) ;
#9025 = ORIENTED_EDGE ( 'NONE', *, *, #5588, .F. ) ;
#9026 = SURFACE_STYLE_USAGE ( .BOTH. , #8155 ) ;
#9027 = DIRECTION ( 'NONE',  ( -0.9902680687415706950, -1.431534388630178744E-16, -0.1391731009600623292 ) ) ;
#9028 = CARTESIAN_POINT ( 'NONE',  ( 1.173394134640479258, 0.2653835703756076136, 0.9622643514704892764 ) ) ;
#9029 = CARTESIAN_POINT ( 'NONE',  ( 1.157548314378597842, 0.5676723893867078319, 1.067827924653896643 ) ) ;
#9030 = CARTESIAN_POINT ( 'NONE',  ( 1.185480007611194653, 0.1435759304789832047, 0.8762688968660783395 ) ) ;
#9031 = LINE ( 'NONE', #6659, #1261 ) ;
#9032 = EDGE_CURVE ( 'NONE', #10448, #299, #4420, .T. ) ;
#9033 = DIRECTION ( 'NONE',  ( 0.000000000000000000, -1.000000000000000000, 0.000000000000000000 ) ) ;
#9034 = CARTESIAN_POINT ( 'NONE',  ( 1.138303111352870545, -0.1877006238852568787, 1.204764659564297791 ) ) ;
#9035 = ORIENTED_EDGE ( 'NONE', *, *, #5018, .F. ) ;
#9036 = DIRECTION ( 'NONE',  ( -0.9902680687415706950, -1.431534388630178744E-16, -0.1391731009600623292 ) ) ;
#9037 = EDGE_LOOP ( 'NONE', ( #8442, #10278, #5658, #6663 ) ) ;
#9038 = CARTESIAN_POINT ( 'NONE',  ( 1.151585118292094201, -0.5347375282747645064, 1.110258269536446907 ) ) ;
#9039 = CARTESIAN_POINT ( 'NONE',  ( 1.178052688509119594, -0.1824950833095159153, 0.9291170183234681579 ) ) ;
#9040 = VERTEX_POINT ( 'NONE', #10123 ) ;
#9041 = CARTESIAN_POINT ( 'NONE',  ( 1.182553568800743138, 0.5203218138775317358, 0.8899062944380462525 ) ) ;
#9042 = AXIS2_PLACEMENT_3D ( 'NONE', #4102, #9920, #5851 ) ;
#9043 = EDGE_LOOP ( 'NONE', ( #3303, #4881, #9025, #3571 ) ) ;
#9044 = LINE ( 'NONE', #1706, #3504 ) ;
#9045 = ORIENTED_EDGE ( 'NONE', *, *, #6552, .F. ) ;
#9046 = EDGE_CURVE ( 'NONE', #10296, #5082, #1095, .T. ) ;
#9047 = CYLINDRICAL_SURFACE ( 'NONE', #3795, 0.09999999999999999167 ) ;
#9048 = CARTESIAN_POINT ( 'NONE',  ( 1.157062101098142337, 0.1733961875190717927, 1.071287511908270540 ) ) ;
#9049 = VERTEX_POINT ( 'NONE', #4373 ) ;
#9050 = CARTESIAN_POINT ( 'NONE',  ( 1.158538582447339538, 0.5676723893867078319, 1.067967097754856765 ) ) ;
#9051 = EDGE_CURVE ( 'NONE', #5756, #6483, #5280, .T. ) ;
#9052 = COLOUR_RGB ( '',0.2509803921568627416, 0.2509803921568627416, 0.2509803921568627416 ) ;
#9053 = DIRECTION ( 'NONE',  ( 0.000000000000000000, 7.663089471702093366E-15, -1.000000000000000000 ) ) ;
#9054 = VERTEX_POINT ( 'NONE', #1910 ) ;
#9055 = CARTESIAN_POINT ( 'NONE',  ( 1.250000000000000222, 0.8649999999999998801, 1.510000000000000009 ) ) ;
#9056 = CARTESIAN_POINT ( 'NONE',  ( 1.158538582447339760, 0.4578739534240031661, 1.067967097754856320 ) ) ;
#9057 = ORIENTED_EDGE ( 'NONE', *, *, #5978, .T. ) ;
#9058 = FILL_AREA_STYLE ('',( #6535 ) ) ;
#9059 = LINE ( 'NONE', #4990, #1441 ) ;
#9060 = VERTEX_POINT ( 'NONE', #9247 ) ;
#9061 = VERTEX_POINT ( 'NONE', #6917 ) ;
#9062 = CARTESIAN_POINT ( 'NONE',  ( 1.168247992143178537, -0.3872468368763390401, 0.9916957614485308881 ) ) ;
#9063 = VECTOR ( 'NONE', #1823, 1000.000000000000227 ) ;
#9064 = ADVANCED_FACE ( 'NONE', ( #1232 ), #1188, .T. ) ;
#9065 = ADVANCED_FACE ( 'NONE', ( #9341 ), #9481, .T. ) ;
#9066 = DIRECTION ( 'NONE',  ( -0.000000000000000000, 1.000000000000000000, -0.000000000000000000 ) ) ;
#9067 = CARTESIAN_POINT ( 'NONE',  ( 1.178013160804634696, 0.2504734418555639719, 0.9293982725551556134 ) ) ;
#9068 = EDGE_CURVE ( 'NONE', #4511, #9774, #2367, .T. ) ;
#9069 = CARTESIAN_POINT ( 'NONE',  ( 1.175879270230803408, -0.5625005051174475357, 0.9445816929350775437 ) ) ;
#9070 = MECHANICAL_DESIGN_GEOMETRIC_PRESENTATION_REPRESENTATION (  '', ( #178 ), #10063 ) ;
#9071 = DIRECTION ( 'NONE',  ( 0.1309554564919159780, -0.3385350342956554570, -0.9317964901036240866 ) ) ;
#9072 = STYLED_ITEM ( 'NONE', ( #2830 ), #2161 ) ;
#9073 = ORIENTED_EDGE ( 'NONE', *, *, #1669, .T. ) ;
#9074 = ORIENTED_EDGE ( 'NONE', *, *, #4661, .F. ) ;
#9075 = VECTOR ( 'NONE', #10237, 1000.000000000000227 ) ;
#9076 = ORIENTED_EDGE ( 'NONE', *, *, #5260, .T. ) ;
#9077 = EDGE_CURVE ( 'NONE', #5819, #5855, #1352, .T. ) ;
#9078 = UNCERTAINTY_MEASURE_WITH_UNIT (LENGTH_MEASURE( 1.000000000000000082E-05 ), #4088, 'distance_accuracy_value', 'NONE');
#9079 = CARTESIAN_POINT ( 'NONE',  ( 1.179184805357776034, 0.3026900844129644108, 0.9138762918420080261 ) ) ;
#9080 = FILL_AREA_STYLE_COLOUR ( '', #8531 ) ;
#9081 = VERTEX_POINT ( 'NONE', #8035 ) ;
#9082 = DIRECTION ( 'NONE',  ( -0.9902680687415706950, -1.431534388630178744E-16, -0.1391731009600623292 ) ) ;
#9083 = CARTESIAN_POINT ( 'NONE',  ( -0.9149999999999987033, -1.700000000000000178, 0.01000000000000002623 ) ) ;
#9084 = DIRECTION ( 'NONE',  ( -0.9902680687415706950, -1.431534388630178744E-16, -0.1391731009600623292 ) ) ;
#9085 = DIRECTION ( 'NONE',  ( -1.000000000000000000, 0.000000000000000000, -0.000000000000000000 ) ) ;
#9086 = CARTESIAN_POINT ( 'NONE',  ( 1.190127235011756879, -0.4583894288361080593, 0.8432021557270815704 ) ) ;
#9087 = FACE_OUTER_BOUND ( 'NONE', #3238, .T. ) ;
#9088 = ORIENTED_EDGE ( 'NONE', *, *, #5730, .T. ) ;
#9089 = CARTESIAN_POINT ( 'NONE',  ( 1.169677599249417277, 0.6650561158286005803, 0.9815235783298887906 ) ) ;
#9090 = VERTEX_POINT ( 'NONE', #9531 ) ;
#9091 = FILL_AREA_STYLE_COLOUR ( '', #5303 ) ;
#9092 = DIRECTION ( 'NONE',  ( -0.9902680687415706950, -1.431534388630178744E-16, -0.1391731009600623292 ) ) ;
#9093 = COLOUR_RGB ( '',0.2509803921568627416, 0.2509803921568627416, 0.2509803921568627416 ) ;
#9094 = CARTESIAN_POINT ( 'NONE',  ( 1.186263386947868481, -0.3690274283138578193, 0.8706948632527670151 ) ) ;
#9095 = ADVANCED_FACE ( 'NONE', ( #10275 ), #7177, .T. ) ;
#9096 = ORIENTED_EDGE ( 'NONE', *, *, #7928, .F. ) ;
#9097 = DIRECTION ( 'NONE',  ( -0.000000000000000000, 1.000000000000000000, 6.460624606743360128E-15 ) ) ;
#9098 = FACE_OUTER_BOUND ( 'NONE', #1992, .T. ) ;
#9099 = DIRECTION ( 'NONE',  ( -0.9902680687415706950, -1.431534388630178744E-16, -0.1391731009600623292 ) ) ;
#9100 = ORIENTED_EDGE ( 'NONE', *, *, #2155, .F. ) ;
#9101 = FACE_OUTER_BOUND ( 'NONE', #4028, .T. ) ;
#9102 = DIRECTION ( 'NONE',  ( 1.000000000000000000, 0.000000000000000000, 0.000000000000000000 ) ) ;
#9103 = CARTESIAN_POINT ( 'NONE',  ( 1.166098876463074863, -0.5208560481278448062, 1.014172810622970156 ) ) ;
#9104 = B_SPLINE_CURVE_WITH_KNOTS ( 'NONE', 3,
 ( #3887, #4001, #10382, #5606 ),
 .UNSPECIFIED., .F., .F.,
 ( 4, 4 ),
 ( 26.00000000000000000, 27.00000000000000000 ),
 .UNSPECIFIED. ) ;
#9105 = VECTOR ( 'NONE', #9669, 1000.000000000000227 ) ;
#9106 = ORIENTED_EDGE ( 'NONE', *, *, #7369, .T. ) ;
#9107 = CARTESIAN_POINT ( 'NONE',  ( 1.178603562645179403, 0.2829762743196017616, 0.9251973451749029298 ) ) ;
#9108 = DIRECTION ( 'NONE',  ( -0.9902680687415706950, -1.431534388630178744E-16, -0.1391731009600623292 ) ) ;
#9109 = CARTESIAN_POINT ( 'NONE',  ( 1.184811464350669086, 0.1656915813592096387, 0.8810258293401249663 ) ) ;
#9110 = FACE_OUTER_BOUND ( 'NONE', #552, .T. ) ;
#9111 = DIRECTION ( 'NONE',  ( -0.1391731009600610247, -0.000000000000000000, 0.9902680687415709171 ) ) ;
#9112 = ORIENTED_EDGE ( 'NONE', *, *, #991, .F. ) ;
#9113 = CARTESIAN_POINT ( 'NONE',  ( 1.178511362888576386, -0.5390755146083651139, 0.9186680839971206325 ) ) ;
#9114 = CARTESIAN_POINT ( 'NONE',  ( 1.150000000000000133, 0.8649999999999998801, 0.1100000000000000699 ) ) ;
#9115 = ORIENTED_EDGE ( 'NONE', *, *, #9051, .T. ) ;
#9116 = SURFACE_STYLE_FILL_AREA ( #9058 ) ;
#9117 = ORIENTED_EDGE ( 'NONE', *, *, #3150, .T. ) ;
#9118 = ORIENTED_EDGE ( 'NONE', *, *, #6354, .F. ) ;
#9119 = EDGE_CURVE ( 'NONE', #6959, #6044, #7810, .T. ) ;
#9120 = DIRECTION ( 'NONE',  ( 1.000000000000000000, 0.000000000000000000, 0.000000000000000000 ) ) ;
#9121 = DIRECTION ( 'NONE',  ( -0.9902680687415706950, -1.431534388630178744E-16, -0.1391731009600623292 ) ) ;
#9122 = CARTESIAN_POINT ( 'NONE',  ( 1.142519114585271112, 0.3259286738427819019, 1.174766237815001002 ) ) ;
#9123 = EDGE_CURVE ( 'NONE', #4450, #2107, #502, .T. ) ;
#9124 = ADVANCED_FACE ( 'NONE', ( #6322 ), #2252, .F. ) ;
#9125 = ORIENTED_EDGE ( 'NONE', *, *, #9560, .F. ) ;
#9126 = EDGE_CURVE ( 'NONE', #10209, #2095, #4995, .T. ) ;
#9127 = EDGE_LOOP ( 'NONE', ( #7070, #6961, #6131, #6499 ) ) ;
#9128 = VERTEX_POINT ( 'NONE', #9813 ) ;
#9129 = CARTESIAN_POINT ( 'NONE',  ( 1.154961441884193585, 0.1524970534007949741, 1.093419775410577000 ) ) ;
#9130 = CARTESIAN_POINT ( 'NONE',  ( 1.154024325354476854, -0.4340968178936723265, 1.100087705992469189 ) ) ;
#9131 = FILL_AREA_STYLE ('',( #9080 ) ) ;
#9132 = DIRECTION ( 'NONE',  ( -0.9902680687415706950, -1.431534388630178744E-16, -0.1391731009600623292 ) ) ;
#9133 = LINE ( 'NONE', #73, #4414 ) ;
#9134 = CARTESIAN_POINT ( 'NONE',  ( 1.155835508020830238, -0.3881144324885079655, 1.087200471686591730 ) ) ;
#9135 = DIRECTION ( 'NONE',  ( 0.000000000000000000, 0.000000000000000000, -1.000000000000000000 ) ) ;
#9136 = ORIENTED_EDGE ( 'NONE', *, *, #3435, .T. ) ;
#9137 = B_SPLINE_SURFACE_WITH_KNOTS ( 'NONE', 3, 1, ( 
 ( #5619, #3797 ),
 ( #2332, #8893 ),
 ( #5679, #1377 ),
 ( #7099, #6288 ) ),
 .UNSPECIFIED., .F., .F., .F.,
 ( 4, 4 ),
 ( 2, 2 ),
 ( 1.000000000000000000, 2.000000000000000000 ),
 ( 0.000000000000000000, 1.000000000000000000 ),
 .UNSPECIFIED. ) ;
#9138 = EDGE_CURVE ( 'NONE', #7293, #1666, #1828, .T. ) ;
#9139 = ORIENTED_EDGE ( 'NONE', *, *, #9476, .F. ) ;
#9140 = DIRECTION ( 'NONE',  ( 0.000000000000000000, -4.379347898749865342E-15, 1.000000000000000000 ) ) ;
#9141 = CARTESIAN_POINT ( 'NONE',  ( 1.174800680201743663, 0.1848439221775698693, 0.9522562597707150411 ) ) ;
#9142 = ORIENTED_EDGE ( 'NONE', *, *, #5317, .T. ) ;
#9143 = LINE ( 'NONE', #933, #2301 ) ;
#9144 = VECTOR ( 'NONE', #4667, 1000.000000000000227 ) ;
#9145 = CARTESIAN_POINT ( 'NONE',  ( 1.156506905525538809, 0.1629466204599333279, 1.082423230209903497 ) ) ;
#9146 = CARTESIAN_POINT ( 'NONE',  ( 1.175677600582563320, 0.3036258665378299137, 0.9460166470440892761 ) ) ;
#9147 = CARTESIAN_POINT ( 'NONE',  ( 1.178897908007981554, -0.3542783525547693046, 0.9231029690924984488 ) ) ;
#9148 = ORIENTED_EDGE ( 'NONE', *, *, #4954, .F. ) ;
#9149 = CARTESIAN_POINT ( 'NONE',  ( -1.149999999999999245, -2.050000000000000711, 0.1100000000000000699 ) ) ;
#9150 = ADVANCED_FACE ( 'NONE', ( #1574 ), #4151, .F. ) ;
#9151 = B_SPLINE_SURFACE_WITH_KNOTS ( 'NONE', 3, 1, ( 
 ( #9386, #6209 ),
 ( #444, #7717 ),
 ( #1146, #8696 ),
 ( #394, #3617 ) ),
 .UNSPECIFIED., .F., .F., .F.,
 ( 4, 4 ),
 ( 2, 2 ),
 ( 9.000000000000000000, 10.00000000000000000 ),
 ( 0.000000000000000000, 1.000000000000000000 ),
 .UNSPECIFIED. ) ;
#9152 = VECTOR ( 'NONE', #8197, 1000.000000000000000 ) ;
#9153 = DIRECTION ( 'NONE',  ( 1.000000000000000000, 0.000000000000000000, -0.000000000000000000 ) ) ;
#9154 = CARTESIAN_POINT ( 'NONE',  ( 1.172619133601061181, -0.4566542210637596910, 0.9677787704011812098 ) ) ;
#9155 = AXIS2_PLACEMENT_3D ( 'NONE', #4931, #3966, #5786 ) ;
#9156 = ORIENTED_EDGE ( 'NONE', *, *, #865, .T. ) ;
#9157 = CARTESIAN_POINT ( 'NONE',  ( 1.143691235886363122, 0.5139273026919819465, 1.166426161398247396 ) ) ;
#9158 = CARTESIAN_POINT ( 'NONE',  ( 1.177613294576437708, 0.2829762743196017616, 0.9250581720739428082 ) ) ;
#9159 = VECTOR ( 'NONE', #1691, 1000.000000000000000 ) ;
#9160 = PRESENTATION_STYLE_ASSIGNMENT (( #1760 ) ) ;
#9161 = DIRECTION ( 'NONE',  ( -0.000000000000000000, 1.000000000000000000, 3.304007641089125279E-15 ) ) ;
#9162 = CARTESIAN_POINT ( 'NONE',  ( 1.184021367769943156, 0.1898035674385723237, 0.8866476586283806860 ) ) ;
#9163 = AXIS2_PLACEMENT_3D ( 'NONE', #5522, #5358, #5411 ) ;
#9164 = CARTESIAN_POINT ( 'NONE',  ( 1.146779601598409526, -0.4349644135054252514, 1.151636594053431661 ) ) ;
#9165 = EDGE_CURVE ( 'NONE', #1422, #4621, #9861, .T. ) ;
#9166 = ORIENTED_EDGE ( 'NONE', *, *, #5831, .T. ) ;
#9167 = VECTOR ( 'NONE', #872, 1000.000000000000000 ) ;
#9168 = ORIENTED_EDGE ( 'NONE', *, *, #9888, .F. ) ;
#9169 = LINE ( 'NONE', #9439, #7036 ) ;
#9170 = ORIENTED_EDGE ( 'NONE', *, *, #2442, .F. ) ;
#9171 = CARTESIAN_POINT ( 'NONE',  ( 1.188379445785982647, 0.3275818889295040170, 0.8484530257309359502 ) ) ;
#9172 = FACE_OUTER_BOUND ( 'NONE', #4425, .T. ) ;
#9173 = VECTOR ( 'NONE', #2690, 1000.000000000000000 ) ;
#9174 = CARTESIAN_POINT ( 'NONE',  ( 1.155612143636888911, 0.1422970282421216481, 1.081604495326819126 ) ) ;
#9175 = CARTESIAN_POINT ( 'NONE',  ( 1.177370664684102231, 0.2490385759310174418, 0.9339698699979409602 ) ) ;
#9176 = CARTESIAN_POINT ( 'NONE',  ( 1.185297414568225349, -0.4696681304213600194, 0.8775681138755390132 ) ) ;
#9177 = B_SPLINE_CURVE_WITH_KNOTS ( 'NONE', 3,
 ( #4328, #157, #3424, #5982 ),
 .UNSPECIFIED., .F., .F.,
 ( 4, 4 ),
 ( 10.00000000000000000, 11.00000000000000000 ),
 .UNSPECIFIED. ) ;
#9178 = EDGE_LOOP ( 'NONE', ( #8968, #123, #8079, #2099 ) ) ;
#9179 = ORIENTED_EDGE ( 'NONE', *, *, #9420, .T. ) ;
#9180 = ORIENTED_EDGE ( 'NONE', *, *, #6887, .F. ) ;
#9181 = VECTOR ( 'NONE', #2428, 1000.000000000000000 ) ;
#9182 = CARTESIAN_POINT ( 'NONE',  ( 1.143726442154188838, 0.5126172077172520547, 1.173360952320449568 ) ) ;
#9183 = EDGE_CURVE ( 'NONE', #815, #1956, #4037, .T. ) ;
#9184 = CARTESIAN_POINT ( 'NONE',  ( 1.144915928215276546, 0.5102465596682564941, 1.164897319216186888 ) ) ;
#9185 = EDGE_CURVE ( 'NONE', #4071, #4728, #4850, .T. ) ;
#9186 = DIRECTION ( 'NONE',  ( -0.7071067811865462405, 0.7071067811865487940, 0.000000000000000000 ) ) ;
#9187 = CARTESIAN_POINT ( 'NONE',  ( 1.149830155299589096, 0.4511051293881749302, 1.129930776611549392 ) ) ;
#9188 = LINE ( 'NONE', #1839, #1495 ) ;
#9189 = ADVANCED_FACE ( 'NONE', ( #70 ), #5807, .F. ) ;
#9190 = ORIENTED_EDGE ( 'NONE', *, *, #10192, .T. ) ;
#9191 = FACE_OUTER_BOUND ( 'NONE', #2593, .T. ) ;
#9192 = VERTEX_POINT ( 'NONE', #9285 ) ;
#9193 = LINE ( 'NONE', #5125, #350 ) ;
#9194 = VECTOR ( 'NONE', #9852, 1000.000000000000000 ) ;
#9195 = ADVANCED_FACE ( 'NONE', ( #9232 ), #6758, .F. ) ;
#9196 = EDGE_CURVE ( 'NONE', #8650, #6216, #10010, .T. ) ;
#9197 = DIRECTION ( 'NONE',  ( 1.000000000000000000, 1.251002506714043540E-16, -0.000000000000000000 ) ) ;
#9198 = FILL_AREA_STYLE_COLOUR ( '', #4101 ) ;
#9199 = ADVANCED_FACE ( 'NONE', ( #5176 ), #332, .F. ) ;
#9200 = ORIENTED_EDGE ( 'NONE', *, *, #3423, .T. ) ;
#9201 = FACE_OUTER_BOUND ( 'NONE', #2763, .T. ) ;
#9202 = CARTESIAN_POINT ( 'NONE',  ( 1.173246534180400813, 0.2972625480897385652, 0.9633145833151405268 ) ) ;
#9203 = DIRECTION ( 'NONE',  ( -0.1378445374916254795, -0.1378445374916256183, -0.9808148484639899189 ) ) ;
#9204 = EDGE_CURVE ( 'NONE', #8186, #4131, #8341, .T. ) ;
#9205 = PLANE ( 'NONE',  #7024 ) ;
#9206 = CARTESIAN_POINT ( 'NONE',  ( 1.169238260211920011, -0.4245533158059314749, 0.9918349345494907876 ) ) ;
#9207 = CARTESIAN_POINT ( 'NONE',  ( 1.183821196281927390, 0.1656915813592096387, 0.8808866562391647337 ) ) ;
#9208 = CARTESIAN_POINT ( 'NONE',  ( 1.136008946671053010, -0.2727246628959233976, 1.221088489479463135 ) ) ;
#9209 = CARTESIAN_POINT ( 'NONE',  ( 1.143265799265892113, 0.2386513943472002575, 1.169453300246339644 ) ) ;
#9210 = CARTESIAN_POINT ( 'NONE',  ( 1.178082143096782275, 0.2562440982912000398, 0.9217221415078992175 ) ) ;
#9211 = CARTESIAN_POINT ( 'NONE',  ( 1.149899137591852805, 0.2788276402336486992, 1.122254645563467879 ) ) ;
#9212 = B_SPLINE_CURVE_WITH_KNOTS ( 'NONE', 3,
 ( #9235, #6958, #8626, #2796 ),
 .UNSPECIFIED., .F., .F.,
 ( 4, 4 ),
 ( 3.000000000000000000, 4.000000000000000000 ),
 .UNSPECIFIED. ) ;
#9213 = CARTESIAN_POINT ( 'NONE',  ( 1.140973650943925888, 0.2386513943472002575, 1.185762783015673172 ) ) ;
#9214 = EDGE_LOOP ( 'NONE', ( #369, #308, #9739, #3929 ) ) ;
#9215 = ORIENTED_EDGE ( 'NONE', *, *, #5678, .F. ) ;
#9216 = LINE ( 'NONE', #8290, #7191 ) ;
#9217 = ORIENTED_EDGE ( 'NONE', *, *, #4210, .T. ) ;
#9218 = PLANE ( 'NONE',  #8011 ) ;
#9219 = EDGE_CURVE ( 'NONE', #2790, #8186, #8213, .T. ) ;
#9220 = CARTESIAN_POINT ( 'NONE',  ( 1.190202745587604749, 0.3421488973371417108, 0.8354795735276460134 ) ) ;
#9221 = VERTEX_POINT ( 'NONE', #7741 ) ;
#9222 = AXIS2_PLACEMENT_3D ( 'NONE', #9001, #8069, #4984 ) ;
#9223 = PRESENTATION_LAYER_ASSIGNMENT (  '', '', ( #5441 ) ) ;
#9224 = CARTESIAN_POINT ( 'NONE',  ( 1.173350722740490015, 0.3157598414211458260, 0.9625732431892649599 ) ) ;
#9225 = DIRECTION ( 'NONE',  ( 0.03513033818185590934, -0.9676172723861868885, -0.2499653446363001019 ) ) ;
#9226 = FACE_OUTER_BOUND ( 'NONE', #3016, .T. ) ;
#9227 = CIRCLE ( 'NONE', #2169, 0.1000000000000000472 ) ;
#9228 = VERTEX_POINT ( 'NONE', #2044 ) ;
#9229 = EDGE_LOOP ( 'NONE', ( #1287, #8919, #5414, #6885 ) ) ;
#9230 = B_SPLINE_CURVE_WITH_KNOTS ( 'NONE', 3,
 ( #2611, #10095, #3479, #2666 ),
 .UNSPECIFIED., .F., .F.,
 ( 4, 4 ),
 ( 5.000000000000000000, 6.000000000000000000 ),
 .UNSPECIFIED. ) ;
#9231 = CARTESIAN_POINT ( 'NONE',  ( 1.156602411705630384, 0.3675085929167397070, 1.081743668427780136 ) ) ;
#9232 = FACE_OUTER_BOUND ( 'NONE', #5901, .T. ) ;
#9233 = B_SPLINE_SURFACE_WITH_KNOTS ( 'NONE', 3, 1, ( 
 ( #4693, #6224 ),
 ( #561, #2978 ),
 ( #5555, #3025 ),
 ( #516, #3844 ) ),
 .UNSPECIFIED., .F., .F., .F.,
 ( 4, 4 ),
 ( 2, 2 ),
 ( 5.000000000000000000, 6.000000000000000000 ),
 ( 0.000000000000000000, 1.000000000000000000 ),
 .UNSPECIFIED. ) ;
#9234 = CARTESIAN_POINT ( 'NONE',  ( 1.153893509143190776, 0.4870079702384424447, 1.101018511701453040 ) ) ;
#9235 = CARTESIAN_POINT ( 'NONE',  ( 1.175781312394817535, 0.6039183503498034566, 0.9380934026209911680 ) ) ;
#9236 = CARTESIAN_POINT ( 'NONE',  ( 1.158538582447339538, 0.3853196460229122433, 1.067967097754856098 ) ) ;
#9237 = DIRECTION ( 'NONE',  ( -0.9902680687415706950, -1.431534388630178744E-16, -0.1391731009600623292 ) ) ;
#9238 = ORIENTED_EDGE ( 'NONE', *, *, #4806, .F. ) ;
#9239 = ORIENTED_EDGE ( 'NONE', *, *, #6154, .T. ) ;
#9240 = DIRECTION ( 'NONE',  ( 1.000000000000000000, 0.000000000000000000, 0.000000000000000000 ) ) ;
#9241 = AXIS2_PLACEMENT_3D ( 'NONE', #2921, #511, #4745 ) ;
#9242 =( NAMED_UNIT ( * ) SI_UNIT ( $, .STERADIAN. ) SOLID_ANGLE_UNIT ( ) );
#9243 = AXIS2_PLACEMENT_3D ( 'NONE', #6511, #2545, #7467 ) ;
#9244 = CARTESIAN_POINT ( 'NONE',  ( 1.176845233398295054, -0.3698950073776000602, 0.9377085078601694601 ) ) ;
#9245 = ADVANCED_FACE ( 'NONE', ( #6053 ), #2446, .F. ) ;
#9246 = ORIENTED_EDGE ( 'NONE', *, *, #7527, .T. ) ;
#9247 = CARTESIAN_POINT ( 'NONE',  ( -0.9149999999999989253, -0.1999999999999999278, 0.000000000000000000 ) ) ;
#9248 = DIRECTION ( 'NONE',  ( 0.000000000000000000, 0.000000000000000000, -1.000000000000000000 ) ) ;
#9249 = SURFACE_STYLE_FILL_AREA ( #1047 ) ;
#9250 = CARTESIAN_POINT ( 'NONE',  ( 1.140565579083566039, 0.3517562604841867890, 1.188666365175434558 ) ) ;
#9251 = FACE_OUTER_BOUND ( 'NONE', #140, .T. ) ;
#9252 = ORIENTED_EDGE ( 'NONE', *, *, #410, .F. ) ;
#9253 = LINE ( 'NONE', #6727, #10205 ) ;
#9254 = CARTESIAN_POINT ( 'NONE',  ( 1.179575512458140629, 0.2802313134207419787, 0.9110962663697541597 ) ) ;
#9255 = EDGE_CURVE ( 'NONE', #8629, #1718, #7805, .T. ) ;
#9256 = ADVANCED_FACE ( 'NONE', ( #1177 ), #3892, .F. ) ;
#9257 = CARTESIAN_POINT ( 'NONE',  ( 1.173611194140771863, 0.3036258665378299693, 0.9607198928741529365 ) ) ;
#9258 = ADVANCED_FACE ( 'NONE', ( #6147 ), #7110, .F. ) ;
#9259 = LINE ( 'NONE', #156, #7016 ) ;
#9260 = VECTOR ( 'NONE', #1057, 1000.000000000000000 ) ;
#9261 = DIRECTION ( 'NONE',  ( 0.000000000000000000, -1.000000000000000000, 0.000000000000000000 ) ) ;
#9262 = CARTESIAN_POINT ( 'NONE',  ( 1.250000000000000444, 2.050322840650756095, 0.4099999999999692224 ) ) ;
#9263 = LINE ( 'NONE', #1926, #5134 ) ;
#9264 = CARTESIAN_POINT ( 'NONE',  ( 1.183839037789758075, 0.1810696009414811958, 0.8879450038488744257 ) ) ;
#9265 = ORIENTED_EDGE ( 'NONE', *, *, #5077, .T. ) ;
#9266 = CARTESIAN_POINT ( 'NONE',  ( 1.156602411705630606, 0.1422970282421216481, 1.081743668427779248 ) ) ;
#9267 = EDGE_CURVE ( 'NONE', #5287, #4409, #288, .T. ) ;
#9268 = LINE ( 'NONE', #7577, #5212 ) ;
#9269 = MECHANICAL_DESIGN_GEOMETRIC_PRESENTATION_REPRESENTATION (  '', ( #4139 ), #2768 ) ;
#9270 = EDGE_LOOP ( 'NONE', ( #822, #2358, #8702, #220 ) ) ;
#9271 = CARTESIAN_POINT ( 'NONE',  ( -1.008476408045745565, 1.908476408045745476, 1.409999999999999920 ) ) ;
#9272 =( NAMED_UNIT ( * ) PLANE_ANGLE_UNIT ( ) SI_UNIT ( $, .RADIAN. ) );
#9273 = ORIENTED_EDGE ( 'NONE', *, *, #9636, .T. ) ;
#9274 = CARTESIAN_POINT ( 'NONE',  ( -1.249999999999999778, 2.149999999999999467, 1.510000000000000009 ) ) ;
#9275 =( GEOMETRIC_REPRESENTATION_CONTEXT ( 3 ) GLOBAL_UNCERTAINTY_ASSIGNED_CONTEXT ( ( #7567 ) ) GLOBAL_UNIT_ASSIGNED_CONTEXT ( ( #7956, #7165, #6360 ) ) REPRESENTATION_CONTEXT ( 'NONE', 'WORKASPACE' ) );
#9276 = EDGE_CURVE ( 'NONE', #3003, #64, #9418, .T. ) ;
#9277 = ORIENTED_EDGE ( 'NONE', *, *, #1723, .T. ) ;
#9278 = FILL_AREA_STYLE_COLOUR ( '', #7085 ) ;
#9279 = EDGE_LOOP ( 'NONE', ( #6347, #8875, #6279, #6546 ) ) ;
#9280 = ORIENTED_EDGE ( 'NONE', *, *, #862, .F. ) ;
#9281 = EDGE_LOOP ( 'NONE', ( #693, #7460, #7492, #2560, #3332, #1450, #191 ) ) ;
#9282 = CARTESIAN_POINT ( 'NONE',  ( 1.157834832918872792, 0.2048696596458852992, 1.065789239307522562 ) ) ;
#9283 = ORIENTED_EDGE ( 'NONE', *, *, #5891, .T. ) ;
#9284 = CARTESIAN_POINT ( 'NONE',  ( 1.153971173815451889, 0.1524970534007949741, 1.093280602309616878 ) ) ;
#9285 = CARTESIAN_POINT ( 'NONE',  ( 1.172360454671748320, 0.3835728527238249086, 0.9624340700883052824 ) ) ;
#9286 = CARTESIAN_POINT ( 'NONE',  ( 1.183543836869485055, 0.1435759304789832047, 0.8900454675390048198 ) ) ;
#9287 = PLANE ( 'NONE',  #2988 ) ;
#9288 = CYLINDRICAL_SURFACE ( 'NONE', #7855, 0.1000000000000000472 ) ;
#9289 = VERTEX_POINT ( 'NONE', #1391 ) ;
#9290 = CARTESIAN_POINT ( 'NONE',  ( 1.151974703161477320, 0.4919988082368978999, 1.114671525686868003 ) ) ;
#9291 =( NAMED_UNIT ( * ) PLANE_ANGLE_UNIT ( ) SI_UNIT ( $, .RADIAN. ) );
#9292 = ORIENTED_EDGE ( 'NONE', *, *, #5788, .T. ) ;
#9293 = EDGE_LOOP ( 'NONE', ( #9760, #4547, #498, #3043 ) ) ;
#9294 = CARTESIAN_POINT ( 'NONE',  ( 1.174305307793455322, 0.1753301372432980176, 0.9485957210716255972 ) ) ;
#9295 = VERTEX_POINT ( 'NONE', #4664 ) ;
#9296 = UNCERTAINTY_MEASURE_WITH_UNIT (LENGTH_MEASURE( 1.000000000000000082E-05 ), #3383, 'distance_accuracy_value', 'NONE');
#9297 = EDGE_LOOP ( 'NONE', ( #5311, #1413, #9416, #9733 ) ) ;
#9298 = CARTESIAN_POINT ( 'NONE',  ( 1.173810412133001746, 0.2814790229201503124, 0.9521170866697552526 ) ) ;
#9299 = LINE ( 'NONE', #1238, #10489 ) ;
#9300 = ORIENTED_EDGE ( 'NONE', *, *, #10457, .F. ) ;
#9301 = CARTESIAN_POINT ( 'NONE',  ( 1.143726442154188838, 0.5126172077172520547, 1.173360952320449568 ) ) ;
#9302 = CARTESIAN_POINT ( 'NONE',  ( 1.249995309899464946, 2.050968503025307310, 0.4100333717993133176 ) ) ;
#9303 = FACE_OUTER_BOUND ( 'NONE', #7929, .T. ) ;
#9304 =( NAMED_UNIT ( * ) PLANE_ANGLE_UNIT ( ) SI_UNIT ( $, .RADIAN. ) );
#9305 = EDGE_CURVE ( 'NONE', #8679, #241, #641, .T. ) ;
#9306 = VECTOR ( 'NONE', #8152, 1000.000000000000000 ) ;
#9307 = CARTESIAN_POINT ( 'NONE',  ( 1.156506905525538809, 0.1629466204599333279, 1.082423230209903497 ) ) ;
#9308 = CARTESIAN_POINT ( 'NONE',  ( 1.179501630957318081, -0.5390755146083651139, 0.9188072570980806431 ) ) ;
#9309 = ORIENTED_EDGE ( 'NONE', *, *, #9546, .F. ) ;
#9310 = ADVANCED_FACE ( 'NONE', ( #2088 ), #2138, .F. ) ;
#9311 = STYLED_ITEM ( 'NONE', ( #7225 ), #915 ) ;
#9312 = FACE_BOUND ( 'NONE', #5492, .T. ) ;
#9313 = ORIENTED_EDGE ( 'NONE', *, *, #45, .F. ) ;
#9314 = VECTOR ( 'NONE', #6149, 1000.000000000000227 ) ;
#9315 = CARTESIAN_POINT ( 'NONE',  ( 1.175547364882480350, 0.2490385759310173308, 0.9469433222012310081 ) ) ;
#9316 = PRESENTATION_LAYER_ASSIGNMENT (  '', '', ( #9464 ) ) ;
#9317 = SURFACE_STYLE_FILL_AREA ( #3747 ) ;
#9318 = FACE_OUTER_BOUND ( 'NONE', #9037, .T. ) ;
#9319 = EDGE_CURVE ( 'NONE', #4970, #603, #1443, .T. ) ;
#9320 = MECHANICAL_DESIGN_GEOMETRIC_PRESENTATION_REPRESENTATION (  '', ( #2642 ), #1977 ) ;
#9321 = SPHERICAL_SURFACE ( 'NONE', #10519, 0.1000000000000000056 ) ;
#9322 = ADVANCED_FACE ( 'NONE', ( #9468 ), #624, .F. ) ;
#9323 = EDGE_LOOP ( 'NONE', ( #9336, #1552, #10007, #9349 ) ) ;
#9324 = VECTOR ( 'NONE', #1928, 1000.000000000000000 ) ;
#9325 = FACE_OUTER_BOUND ( 'NONE', #10508, .T. ) ;
#9326 = STYLED_ITEM ( 'NONE', ( #273 ), #6362 ) ;
#9327 = ORIENTED_EDGE ( 'NONE', *, *, #7273, .F. ) ;
#9328 = VECTOR ( 'NONE', #3053, 1000.000000000000000 ) ;
#9329 = ORIENTED_EDGE ( 'NONE', *, *, #6999, .T. ) ;
#9330 = CARTESIAN_POINT ( 'NONE',  ( 1.174800680201743441, 0.2814790229201503124, 0.9522562597707153742 ) ) ;
#9331 = ORIENTED_EDGE ( 'NONE', *, *, #4399, .T. ) ;
#9332 = CARTESIAN_POINT ( 'NONE',  ( 1.143925660146535073, 0.5102465596682564941, 1.164758146115226767 ) ) ;
#9333 = EDGE_CURVE ( 'NONE', #9913, #5630, #4263, .T. ) ;
#9334 = CARTESIAN_POINT ( 'NONE',  ( 1.184802781970671681, 0.2979799810520100123, 0.8810876076838775051 ) ) ;
#9335 = CARTESIAN_POINT ( 'NONE',  ( 1.189369713854724342, 0.3275818889295040170, 0.8485921988318960718 ) ) ;
#9336 = ORIENTED_EDGE ( 'NONE', *, *, #9005, .T. ) ;
#9337 = VERTEX_POINT ( 'NONE', #4615 ) ;
#9338 = VECTOR ( 'NONE', #9027, 1000.000000000000227 ) ;
#9339 = ORIENTED_EDGE ( 'NONE', *, *, #6418, .F. ) ;
#9340 = EDGE_CURVE ( 'NONE', #7223, #8780, #579, .T. ) ;
#9341 = FACE_OUTER_BOUND ( 'NONE', #7621, .T. ) ;
#9342 = ORIENTED_EDGE ( 'NONE', *, *, #2447, .T. ) ;
#9343 =( NAMED_UNIT ( * ) PLANE_ANGLE_UNIT ( ) SI_UNIT ( $, .RADIAN. ) );
#9344 = CARTESIAN_POINT ( 'NONE',  ( 1.178916128325447454, 0.6857680935221553975, 0.9229733247972689014 ) ) ;
#9345 = CARTESIAN_POINT ( 'NONE',  ( 1.175677600582563320, 0.3036258665378299137, 0.9460166470440892761 ) ) ;
#9346 = ORIENTED_EDGE ( 'NONE', *, *, #9276, .T. ) ;
#9347 = CARTESIAN_POINT ( 'NONE',  ( 1.153893509143190776, 0.4870079702384424447, 1.101018511701453040 ) ) ;
#9348 = VECTOR ( 'NONE', #6641, 1000.000000000000227 ) ;
#9349 = ORIENTED_EDGE ( 'NONE', *, *, #4550, .T. ) ;
#9350 = FILL_AREA_STYLE_COLOUR ( '', #6925 ) ;
#9351 = CARTESIAN_POINT ( 'NONE',  ( 1.168497272316162405, 0.6740084314887033745, 0.9971073373876181423 ) ) ;
#9352 = SURFACE_SIDE_STYLE ('',( #404 ) ) ;
#9353 = LINE ( 'NONE', #253, #9548 ) ;
#9354 = EDGE_LOOP ( 'NONE', ( #2404, #6081, #46, #9076 ) ) ;
#9355 = ADVANCED_FACE ( 'NONE', ( #5983 ), #2716, .F. ) ;
#9356 = ORIENTED_EDGE ( 'NONE', *, *, #1338, .T. ) ;
#9357 = EDGE_CURVE ( 'NONE', #8679, #9061, #7830, .T. ) ;
#9358 = ORIENTED_EDGE ( 'NONE', *, *, #1301, .F. ) ;
#9359 = B_SPLINE_CURVE_WITH_KNOTS ( 'NONE', 3,
 ( #1444, #8911, #10471, #5582, #4836, #1561, #8854 ),
 .UNSPECIFIED., .F., .F.,
 ( 4, 3, 4 ),
 ( 0.000000000000000000, 1.000000000000000000, 2.000000000000000000 ),
 .UNSPECIFIED. ) ;
#9360 = DIRECTION ( 'NONE',  ( 1.417602794365949340E-16, -1.000000000000000000, 1.992310799966497821E-17 ) ) ;
#9361 = VECTOR ( 'NONE', #8768, 1000.000000000000000 ) ;
#9362 = PLANE ( 'NONE',  #6801 ) ;
#9363 = VERTEX_POINT ( 'NONE', #7634 ) ;
#9364 = PRESENTATION_STYLE_ASSIGNMENT (( #1169 ) ) ;
#9365 = VERTEX_POINT ( 'NONE', #4281 ) ;
#9366 = EDGE_CURVE ( 'NONE', #5333, #116, #5092, .T. ) ;
#9367 = VECTOR ( 'NONE', #7154, 1000.000000000000000 ) ;
#9368 = EDGE_CURVE ( 'NONE', #4884, #7323, #1059, .T. ) ;
#9369 = B_SPLINE_CURVE_WITH_KNOTS ( 'NONE', 3,
 ( #7203, #4927, #3524, #3469 ),
 .UNSPECIFIED., .F., .F.,
 ( 4, 4 ),
 ( 14.00000000000000000, 15.00000000000000000 ),
 .UNSPECIFIED. ) ;
#9370 = ORIENTED_EDGE ( 'NONE', *, *, #9981, .F. ) ;
#9371 = LINE ( 'NONE', #3550, #10503 ) ;
#9372 = CARTESIAN_POINT ( 'NONE',  ( 1.177552517916337527, 0.2533743664421076458, 0.9254906204810479098 ) ) ;
#9373 = LINE ( 'NONE', #5466, #4792 ) ;
#9374 = CARTESIAN_POINT ( 'NONE',  ( 1.182475427380763167, 0.3579012297692725220, 0.8904622995318354217 ) ) ;
#9375 = PLANE ( 'NONE',  #3900 ) ;
#9376 = DIRECTION ( 'NONE',  ( -0.9902680687415706950, -1.431534388630178744E-16, -0.1391731009600623292 ) ) ;
#9377 = ORIENTED_EDGE ( 'NONE', *, *, #6286, .T. ) ;
#9378 = CARTESIAN_POINT ( 'NONE',  ( 1.176820928496928209, -0.1026765848750052779, 0.9306961496851309246 ) ) ;
#9379 = AXIS2_PLACEMENT_3D ( 'NONE', #8806, #10315, #3122 ) ;
#9380 = VERTEX_POINT ( 'NONE', #3523 ) ;
#9381 = EDGE_CURVE ( 'NONE', #8292, #27, #3744, .T. ) ;
#9382 = CIRCLE ( 'NONE', #1170, 0.1000000000000000472 ) ;
#9383 = CARTESIAN_POINT ( 'NONE',  ( -0.3981366483959006830, 0.8649999999999999911, 0.4000000000000000222 ) ) ;
#9384 = ORIENTED_EDGE ( 'NONE', *, *, #8516, .F. ) ;
#9385 = CARTESIAN_POINT ( 'NONE',  ( 1.145410347127896022, 0.1680934221456622801, 1.154194049320834248 ) ) ;
#9386 = CARTESIAN_POINT ( 'NONE',  ( 1.185297414568225349, -0.4696681304213600194, 0.8775681138755390132 ) ) ;
#9387 = CARTESIAN_POINT ( 'NONE',  ( 1.176845233398295054, -0.3881144490365190935, 0.9377085078601694601 ) ) ;
#9388 = CARTESIAN_POINT ( 'NONE',  ( 1.151974703161477098, 0.5329548725605267601, 1.114671525686868225 ) ) ;
#9389 = ORIENTED_EDGE ( 'NONE', *, *, #2447, .F. ) ;
#9390 = SURFACE_STYLE_FILL_AREA ( #6116 ) ;
#9391 = FACE_OUTER_BOUND ( 'NONE', #743, .T. ) ;
#9392 = ORIENTED_EDGE ( 'NONE', *, *, #802, .T. ) ;
#9393 = EDGE_CURVE ( 'NONE', #8028, #10390, #251, .T. ) ;
#9394 = CARTESIAN_POINT ( 'NONE',  ( 1.171232222018595337, 0.6661166689028710231, 0.9776471590826818492 ) ) ;
#9395 = ORIENTED_EDGE ( 'NONE', *, *, #5366, .T. ) ;
#9396 = CARTESIAN_POINT ( 'NONE',  ( -0.9149999999999990363, 0.2000000000000007327, 0.000000000000000000 ) ) ;
#9397 = CARTESIAN_POINT ( 'NONE',  ( 1.183187382541393218, 0.1607007433607542946, 0.8853964753381931008 ) ) ;
#9398 = B_SPLINE_CURVE_WITH_KNOTS ( 'NONE', 3,
 ( #7986, #7182, #6382, #9038 ),
 .UNSPECIFIED., .F., .F.,
 ( 4, 4 ),
 ( 5.000000000000000000, 6.000000000000000000 ),
 .UNSPECIFIED. ) ;
#9399 = DIRECTION ( 'NONE',  ( -0.9902680687415706950, 0.000000000000000000, -0.1391731009600623292 ) ) ;
#9400 =( NAMED_UNIT ( * ) PLANE_ANGLE_UNIT ( ) SI_UNIT ( $, .RADIAN. ) );
#9401 = CARTESIAN_POINT ( 'NONE',  ( 1.150368462860147378, 0.1472878662401649885, 1.126100519293821600 ) ) ;
#9402 = EDGE_LOOP ( 'NONE', ( #9106, #6392, #3462, #10159 ) ) ;
#9403 = SURFACE_SIDE_STYLE ('',( #1157 ) ) ;
#9404 = FACE_OUTER_BOUND ( 'NONE', #3475, .T. ) ;
#9405 = VECTOR ( 'NONE', #4162, 1000.000000000000227 ) ;
#9406 = CARTESIAN_POINT ( 'NONE',  ( -0.9149999999999990363, 0.2000000000000007327, 0.000000000000000000 ) ) ;
#9407 = DIRECTION ( 'NONE',  ( 2.168404344971007685E-15, -1.000000000000000000, 0.000000000000000000 ) ) ;
#9408 = CARTESIAN_POINT ( 'NONE',  ( 1.155612143636888689, 0.3287048274790950741, 1.081604495326819793 ) ) ;
#9409 = ORIENTED_EDGE ( 'NONE', *, *, #1544, .F. ) ;
#9410 = PLANE ( 'NONE',  #4211 ) ;
#9411 = CARTESIAN_POINT ( 'NONE',  ( -1.150322840650755740, -2.150000000000000355, 0.4099999999999690004 ) ) ;
#9412 = AXIS2_PLACEMENT_3D ( 'NONE', #7376, #10514, #9730 ) ;
#9413 = LINE ( 'NONE', #8671, #6860 ) ;
#9414 = ORIENTED_EDGE ( 'NONE', *, *, #4954, .T. ) ;
#9415 = ORIENTED_EDGE ( 'NONE', *, *, #5695, .T. ) ;
#9416 = ORIENTED_EDGE ( 'NONE', *, *, #3018, .F. ) ;
#9417 = AXIS2_PLACEMENT_3D ( 'NONE', #734, #4012, #9508 ) ;
#9418 = LINE ( 'NONE', #5406, #2029 ) ;
#9419 = CARTESIAN_POINT ( 'NONE',  ( 1.183039782081198865, 0.2651028357381030598, 0.8864467071836686918 ) ) ;
#9420 = EDGE_CURVE ( 'NONE', #9995, #7802, #5162, .T. ) ;
#9421 = CARTESIAN_POINT ( 'NONE',  ( 1.170667867318159416, 0.6654304286788805811, 0.9816627514308489122 ) ) ;
#9422 = ADVANCED_FACE ( 'NONE', ( #104 ), #7966, .F. ) ;
#9423 = LINE ( 'NONE', #3653, #4532 ) ;
#9424 = ORIENTED_EDGE ( 'NONE', *, *, #6623, .F. ) ;
#9425 = FILL_AREA_STYLE_COLOUR ( '', #92 ) ;
#9426 = VERTEX_POINT ( 'NONE', #9050 ) ;
#9427 =( LENGTH_UNIT ( ) NAMED_UNIT ( * ) SI_UNIT ( .MILLI., .METRE. ) );
#9428 = ADVANCED_FACE ( 'NONE', ( #9110 ), #1004, .F. ) ;
#9429 = CARTESIAN_POINT ( 'NONE',  ( 1.155612143636888911, 0.1422970282421216481, 1.081604495326819126 ) ) ;
#9430 = B_SPLINE_SURFACE_WITH_KNOTS ( 'NONE', 3, 1, ( 
 ( #9107, #9158 ),
 ( #4227, #5823 ),
 ( #1709, #790 ),
 ( #1811, #1757 ) ),
 .UNSPECIFIED., .F., .F., .F.,
 ( 4, 4 ),
 ( 2, 2 ),
 ( 14.00000000000000000, 15.00000000000000000 ),
 ( 0.000000000000000000, 1.000000000000000000 ),
 .UNSPECIFIED. ) ;
#9431 = ORIENTED_EDGE ( 'NONE', *, *, #8662, .T. ) ;
#9432 = B_SPLINE_CURVE_WITH_KNOTS ( 'NONE', 3,
 ( #9732, #793, #4069, #9789 ),
 .UNSPECIFIED., .F., .F.,
 ( 4, 4 ),
 ( 35.00000000000000000, 36.00000000000000000 ),
 .UNSPECIFIED. ) ;
#9433 = DIRECTION ( 'NONE',  ( 0.000000000000000000, 1.000000000000000000, 0.000000000000000000 ) ) ;
#9434 = ORIENTED_EDGE ( 'NONE', *, *, #10006, .F. ) ;
#9435 = ADVANCED_FACE ( 'NONE', ( #8391 ), #5608, .T. ) ;
#9436 = ORIENTED_EDGE ( 'NONE', *, *, #2682, .T. ) ;
#9437 = VERTEX_POINT ( 'NONE', #8280 ) ;
#9438 = DIRECTION ( 'NONE',  ( 0.000000000000000000, 0.000000000000000000, -1.000000000000000000 ) ) ;
#9439 = CARTESIAN_POINT ( 'NONE',  ( 1.059371777266040482, -1.860344970391883734, 1.766390284273130939 ) ) ;
#9440 = FACE_OUTER_BOUND ( 'NONE', #5216, .T. ) ;
#9441 = LINE ( 'NONE', #8654, #2819 ) ;
#9442 = CARTESIAN_POINT ( 'NONE',  ( 1.143726442154189060, 0.5122428948678044991, 1.173360952320449568 ) ) ;
#9443 = CARTESIAN_POINT ( 'NONE',  ( 1.176217196335439308, -0.4688005099871742631, 0.9349919272274191950 ) ) ;
#9444 = CARTESIAN_POINT ( 'NONE',  ( 1.185480007611194209, 0.7204856103475046902, 0.8762688968660802269 ) ) ;
#9445 = DIRECTION ( 'NONE',  ( 9.145080373117307545E-16, -1.000000000000000000, -5.478462891425486402E-15 ) ) ;
#9446 = CARTESIAN_POINT ( 'NONE',  ( 1.183543836869485055, 0.1435759304789832047, 0.8900454675390048198 ) ) ;
#9447 = SURFACE_STYLE_USAGE ( .BOTH. , #2874 ) ;
#9448 = EDGE_CURVE ( 'NONE', #5600, #4552, #5289, .T. ) ;
#9449 = CARTESIAN_POINT ( 'NONE',  ( 1.183109717869132327, 0.1751741735560292390, 0.8931343847300253769 ) ) ;
#9450 = EDGE_LOOP ( 'NONE', ( #5700, #8142, #6416, #7964 ) ) ;
#9451 = CARTESIAN_POINT ( 'NONE',  ( 1.172360454671748320, 0.3994187633679075478, 0.9624340700883052824 ) ) ;
#9452 = AXIS2_PLACEMENT_3D ( 'NONE', #6635, #10180, #2864 ) ;
#9453 = ORIENTED_EDGE ( 'NONE', *, *, #5859, .T. ) ;
#9454 = DIRECTION ( 'NONE',  ( -0.1391731009600699620, 0.000000000000000000, 0.9902680687415696958 ) ) ;
#9455 = EDGE_CURVE ( 'NONE', #5148, #7540, #4382, .T. ) ;
#9456 = COLOUR_RGB ( '',0.2509803921568627416, 0.2509803921568627416, 0.2509803921568627416 ) ;
#9457 = DIRECTION ( 'NONE',  ( -0.9902680687415706950, 0.000000000000000000, -0.1391731009600623292 ) ) ;
#9458 = LINE ( 'NONE', #10293, #4941 ) ;
#9459 =( NAMED_UNIT ( * ) PLANE_ANGLE_UNIT ( ) SI_UNIT ( $, .RADIAN. ) );
#9460 = ORIENTED_EDGE ( 'NONE', *, *, #5925, .F. ) ;
#9461 = VECTOR ( 'NONE', #2548, 1000.000000000000227 ) ;
#9462 = EDGE_LOOP ( 'NONE', ( #9215, #8164, #633, #7170 ) ) ;
#9463 = VERTEX_POINT ( 'NONE', #6423 ) ;
#9464 = STYLED_ITEM ( 'NONE', ( #9725 ), #1058 ) ;
#9465 =( LENGTH_UNIT ( ) NAMED_UNIT ( * ) SI_UNIT ( .MILLI., .METRE. ) );
#9466 = CARTESIAN_POINT ( 'NONE',  ( 1.168497272316162405, 0.6740084314887033745, 0.9971073373876181423 ) ) ;
#9467 = LINE ( 'NONE', #8794, #9328 ) ;
#9468 = FACE_OUTER_BOUND ( 'NONE', #10219, .T. ) ;
#9469 = DIRECTION ( 'NONE',  ( -0.1391731009600623570, -3.198875126092090868E-15, 0.9902680687415708061 ) ) ;
#9470 = ORIENTED_EDGE ( 'NONE', *, *, #1123, .F. ) ;
#9471 = EDGE_LOOP ( 'NONE', ( #4271, #9035, #8236, #708 ) ) ;
#9472 = VECTOR ( 'NONE', #3930, 1000.000000000000000 ) ;
#9473 = VERTEX_POINT ( 'NONE', #10502 ) ;
#9474 = CARTESIAN_POINT ( 'NONE',  ( 1.180565303779047337, 0.2129485786556121196, 0.9040535351734951819 ) ) ;
#9475 = EDGE_CURVE ( 'NONE', #4848, #7077, #3949, .T. ) ;
#9476 = EDGE_CURVE ( 'NONE', #323, #718, #1296, .T. ) ;
#9477 = DIRECTION ( 'NONE',  ( -0.9902680687415706950, -1.431534388630178744E-16, -0.1391731009600623292 ) ) ;
#9478 = EDGE_LOOP ( 'NONE', ( #1385, #2362, #3800, #7829 ) ) ;
#9479 = UNCERTAINTY_MEASURE_WITH_UNIT (LENGTH_MEASURE( 1.000000000000000082E-05 ), #3161, 'distance_accuracy_value', 'NONE');
#9480 = AXIS2_PLACEMENT_3D ( 'NONE', #2523, #5055, #8301 ) ;
#9481 = CYLINDRICAL_SURFACE ( 'NONE', #9379, 0.1000000000000000472 ) ;
#9482 = ADVANCED_FACE ( 'NONE', ( #8884 ), #5609, .F. ) ;
#9483 = B_SPLINE_CURVE_WITH_KNOTS ( 'NONE', 3,
 ( #9742, #2475, #2297, #3171 ),
 .UNSPECIFIED., .F., .F.,
 ( 4, 4 ),
 ( 3.000000000000000000, 4.000000000000000000 ),
 .UNSPECIFIED. ) ;
#9484 = CARTESIAN_POINT ( 'NONE',  ( 1.169238260211920011, -0.3872468368763390401, 0.9918349345494910096 ) ) ;
#9485 = ORIENTED_EDGE ( 'NONE', *, *, #5730, .F. ) ;
#9486 = ORIENTED_EDGE ( 'NONE', *, *, #727, .T. ) ;
#9487 = EDGE_LOOP ( 'NONE', ( #5884, #1421, #7700, #376 ) ) ;
#9488 = ORIENTED_EDGE ( 'NONE', *, *, #768, .F. ) ;
#9489 = CARTESIAN_POINT ( 'NONE',  ( 1.170746008738139610, 0.5855146352303389756, 0.9811067463370570785 ) ) ;
#9490 = ADVANCED_FACE ( 'NONE', ( #6507, #10445 ), #7937, .F. ) ;
#9491 = ORIENTED_EDGE ( 'NONE', *, *, #8646, .T. ) ;
#9492 = EDGE_CURVE ( 'NONE', #1882, #431, #6274, .T. ) ;
#9493 = FACE_OUTER_BOUND ( 'NONE', #63, .T. ) ;
#9494 = DIRECTION ( 'NONE',  ( -0.000000000000000000, 1.000000000000000000, 3.304007641110101091E-15 ) ) ;
#9495 = CARTESIAN_POINT ( 'NONE',  ( 1.169755740669397914, 0.5855146352303389756, 0.9809675732360969569 ) ) ;
#9496 = CARTESIAN_POINT ( 'NONE',  ( 1.145306635315640920, 0.4449601601030903630, 1.162117293743934354 ) ) ;
#9497 = CARTESIAN_POINT ( 'NONE',  ( 1.159337134290752580, -0.1434534297040134243, 1.062285106146480640 ) ) ;
#9498 = VERTEX_POINT ( 'NONE', #9660 ) ;
#9499 = ORIENTED_EDGE ( 'NONE', *, *, #2112, .F. ) ;
#9500 = FILL_AREA_STYLE_COLOUR ( '', #406 ) ;
#9501 = ADVANCED_FACE ( 'NONE', ( #3894 ), #1591, .F. ) ;
#9502 = VECTOR ( 'NONE', #688, 1000.000000000000227 ) ;
#9503 = FILL_AREA_STYLE ('',( #8562 ) ) ;
#9504 = LINE ( 'NONE', #2983, #2717 ) ;
#9505 = CARTESIAN_POINT ( 'NONE',  ( 1.156758217797871691, 0.4204426684359988675, 1.073449753942153251 ) ) ;
#9506 = ORIENTED_EDGE ( 'NONE', *, *, #6954, .T. ) ;
#9507 = CARTESIAN_POINT ( 'NONE',  ( 1.189369713854724342, 0.3247745425557380106, 0.8485921988318960718 ) ) ;
#9508 = DIRECTION ( 'NONE',  ( -1.000000000000000000, 0.000000000000000000, 0.000000000000000000 ) ) ;
#9509 = DIRECTION ( 'NONE',  ( 0.000000000000000000, 0.000000000000000000, 1.000000000000000000 ) ) ;
#9510 = CARTESIAN_POINT ( 'NONE',  ( 1.178173432177748170, -0.1382478891282721278, 0.9282578824795383321 ) ) ;
#9511 = VERTEX_POINT ( 'NONE', #9716 ) ;
#9512 = PLANE ( 'NONE',  #4190 ) ;
#9513 = VERTEX_POINT ( 'NONE', #2389 ) ;
#9514 = EDGE_CURVE ( 'NONE', #679, #2638, #10558, .T. ) ;
#9515 = CARTESIAN_POINT ( 'NONE',  ( 1.182484586508595559, 0.3597727940190045826, 0.8975824254853019823 ) ) ;
#9516 =( GEOMETRIC_REPRESENTATION_CONTEXT ( 3 ) GLOBAL_UNCERTAINTY_ASSIGNED_CONTEXT ( ( #2313 ) ) GLOBAL_UNIT_ASSIGNED_CONTEXT ( ( #2105, #4469, #8436 ) ) REPRESENTATION_CONTEXT ( 'NONE', 'WORKASPACE' ) );
#9517 = DIRECTION ( 'NONE',  ( 0.000000000000000000, -0.000000000000000000, 1.000000000000000000 ) ) ;
#9518 = CARTESIAN_POINT ( 'NONE',  ( 1.179718817999401148, -0.3004876231897625205, 0.9100765944604187752 ) ) ;
#9519 = CARTESIAN_POINT ( 'NONE',  ( 1.136008946671053454, -0.3108987208892577958, 1.221088489479463135 ) ) ;
#9520 = DIRECTION ( 'NONE',  ( 0.1391731009600623570, 6.168440207260566581E-15, -0.9902680687415708061 ) ) ;
#9521 = ORIENTED_EDGE ( 'NONE', *, *, #5136, .F. ) ;
#9522 = CARTESIAN_POINT ( 'NONE',  ( 1.181476953679858166, 0.3556241599326405156, 0.8975668090718512682 ) ) ;
#9523 = ORIENTED_EDGE ( 'NONE', *, *, #2291, .F. ) ;
#9524 = COLOUR_RGB ( '',0.2509803921568627416, 0.2509803921568627416, 0.2509803921568627416 ) ;
#9525 = ORIENTED_EDGE ( 'NONE', *, *, #4550, .F. ) ;
#9526 = CARTESIAN_POINT ( 'NONE',  ( 1.182110767420392339, 0.5855146352303391977, 0.8930569899728236782 ) ) ;
#9527 = LINE ( 'NONE', #8757, #1898 ) ;
#9528 = LINE ( 'NONE', #3183, #3276 ) ;
#9529 = CARTESIAN_POINT ( 'NONE',  ( 1.180565303779047337, 0.2129485786556121196, 0.9040535351734950709 ) ) ;
#9530 = DIRECTION ( 'NONE',  ( -0.9902680687415696958, 4.598289890090586713E-16, -0.1391731009600699620 ) ) ;
#9531 = CARTESIAN_POINT ( 'NONE',  ( 1.150984435092735403, 0.4919988082368980109, 1.114532352585907882 ) ) ;
#9532 = ORIENTED_EDGE ( 'NONE', *, *, #946, .T. ) ;
#9533 = CARTESIAN_POINT ( 'NONE',  ( -1.008476408045745787, 1.908476408045745476, 1.409999999999999920 ) ) ;
#9534 = VECTOR ( 'NONE', #3417, 1000.000000000000227 ) ;
#9535 = STYLED_ITEM ( 'NONE', ( #7287 ), #9189 ) ;
#9536 = CARTESIAN_POINT ( 'NONE',  ( 1.175442699574440697, 0.2647909083631491134, 0.9405027580307111501 ) ) ;
#9537 = CARTESIAN_POINT ( 'NONE',  ( 1.143509382654012585, 0.2788276402336485882, 1.174905410915960902 ) ) ;
#9538 = CARTESIAN_POINT ( 'NONE',  ( 1.177183164109006697, -0.1790247339576956365, 0.9281187093785782105 ) ) ;
#9539 =( GEOMETRIC_REPRESENTATION_CONTEXT ( 3 ) GLOBAL_UNCERTAINTY_ASSIGNED_CONTEXT ( ( #7859 ) ) GLOBAL_UNIT_ASSIGNED_CONTEXT ( ( #6030, #250, #6782 ) ) REPRESENTATION_CONTEXT ( 'NONE', 'WORKASPACE' ) );
#9540 = ORIENTED_EDGE ( 'NONE', *, *, #2705, .F. ) ;
#9541 = CARTESIAN_POINT ( 'NONE',  ( 1.155021741796343315, 0.4128316404889112445, 1.085805422707074364 ) ) ;
#9542 = ORIENTED_EDGE ( 'NONE', *, *, #2530, .F. ) ;
#9543 = DIRECTION ( 'NONE',  ( -0.000000000000000000, -0.000000000000000000, -1.000000000000000000 ) ) ;
#9544 = ORIENTED_EDGE ( 'NONE', *, *, #5060, .T. ) ;
#9545 = CARTESIAN_POINT ( 'NONE',  ( 1.150000000000000355, 2.049999999999999822, 0.1100000000000000699 ) ) ;
#9546 = EDGE_CURVE ( 'NONE', #9796, #8629, #5668, .T. ) ;
#9547 = CARTESIAN_POINT ( 'NONE',  ( 1.182484586508595337, 0.3597727940190045826, 0.8975824254853018713 ) ) ;
#9548 = VECTOR ( 'NONE', #1870, 1000.000000000000227 ) ;
#9549 = CARTESIAN_POINT ( 'NONE',  ( 1.150889405660594500, 0.2788276402336486992, 1.122393818664428000 ) ) ;
#9550 = LINE ( 'NONE', #1535, #2868 ) ;
#9551 = PLANE ( 'NONE',  #1341 ) ;
#9552 = VECTOR ( 'NONE', #635, 1000.000000000000227 ) ;
#9553 = CARTESIAN_POINT ( 'NONE',  ( 1.136999214739794706, -0.2293450477788374353, 1.221227662580423479 ) ) ;
#9554 = CARTESIAN_POINT ( 'NONE',  ( 1.159337134290752580, -0.1061469673224326449, 1.062285106146480862 ) ) ;
#9555 = ORIENTED_EDGE ( 'NONE', *, *, #6776, .T. ) ;
#9556 = EDGE_CURVE ( 'NONE', #7050, #634, #1592, .T. ) ;
#9557 = EDGE_CURVE ( 'NONE', #4590, #4919, #4509, .T. ) ;
#9558 = ORIENTED_EDGE ( 'NONE', *, *, #343, .F. ) ;
#9559 = LINE ( 'NONE', #7884, #1373 ) ;
#9560 = EDGE_CURVE ( 'NONE', #8573, #1507, #5725, .T. ) ;
#9561 = CARTESIAN_POINT ( 'NONE',  ( 1.159337134290752580, -0.1434534297040134243, 1.062285106146480640 ) ) ;
#9562 = VECTOR ( 'NONE', #5209, 1000.000000000000114 ) ;
#9563 = CARTESIAN_POINT ( 'NONE',  ( 1.144243945404976426, -0.2718570838317662663, 1.169678725358559435 ) ) ;
#9564 = CARTESIAN_POINT ( 'NONE',  ( 1.168497272316162627, 0.4787418948039905420, 0.9971073373876172541 ) ) ;
#9565 = EDGE_LOOP ( 'NONE', ( #760, #7987, #4250, #1401 ) ) ;
#9566 = FACE_OUTER_BOUND ( 'NONE', #5110, .T. ) ;
#9567 = B_SPLINE_CURVE_WITH_KNOTS ( 'NONE', 3,
 ( #9577, #4777, #1331, #10300 ),
 .UNSPECIFIED., .F., .F.,
 ( 4, 4 ),
 ( 19.00000000000000000, 20.00000000000000000 ),
 .UNSPECIFIED. ) ;
#9568 = EDGE_CURVE ( 'NONE', #4950, #1342, #9609, .T. ) ;
#9569 = CARTESIAN_POINT ( 'NONE',  ( 1.180547939019051640, 0.2908056514296963324, 0.9041770918610054775 ) ) ;
#9570 = FACE_OUTER_BOUND ( 'NONE', #1621, .T. ) ;
#9571 = ORIENTED_EDGE ( 'NONE', *, *, #9183, .F. ) ;
#9572 = DIRECTION ( 'NONE',  ( -0.9902680687415706950, -1.431534388630178744E-16, -0.1391731009600623292 ) ) ;
#9573 = ORIENTED_EDGE ( 'NONE', *, *, #5603, .T. ) ;
#9574 = SURFACE_SIDE_STYLE ('',( #1272 ) ) ;
#9575 = CARTESIAN_POINT ( 'NONE',  ( 1.182232797488312670, 0.1582053243615262617, 0.8993739974566514750 ) ) ;
#9576 = CARTESIAN_POINT ( 'NONE',  ( 1.150968503025308509, -2.149995309899465745, 0.4100333717993100424 ) ) ;
#9577 = CARTESIAN_POINT ( 'NONE',  ( 1.154024325354476854, -0.4340968178936723265, 1.100087705992469189 ) ) ;
#9578 = CARTESIAN_POINT ( 'NONE',  ( 1.143248911253846867, 0.2098916903817933943, 1.176758761230245920 ) ) ;
#9579 = FILL_AREA_STYLE ('',( #7905 ) ) ;
#9580 = AXIS2_PLACEMENT_3D ( 'NONE', #1237, #5187, #6832 ) ;
#9581 = PLANE ( 'NONE',  #1829 ) ;
#9582 = EDGE_CURVE ( 'NONE', #5471, #4705, #9227, .T. ) ;
#9583 = PRESENTATION_STYLE_ASSIGNMENT (( #3114 ) ) ;
#9584 = CARTESIAN_POINT ( 'NONE',  ( 1.192517840332155910, -0.3395292767956802349, 0.8190068184778132032 ) ) ;
#9585 = CARTESIAN_POINT ( 'NONE',  ( 1.180834934307161355, 0.6398211911992345291, 0.9093203108118512734 ) ) ;
#9586 = ORIENTED_EDGE ( 'NONE', *, *, #1605, .T. ) ;
#9587 = ORIENTED_EDGE ( 'NONE', *, *, #655, .F. ) ;
#9588 = AXIS2_PLACEMENT_3D ( 'NONE', #5572, #55, #3329 ) ;
#9589 = CARTESIAN_POINT ( 'NONE',  ( 1.143647823986258194, 0.5109951853679840506, 1.166735053117843979 ) ) ;
#9590 = EDGE_LOOP ( 'NONE', ( #8773, #3848, #4354, #3289 ) ) ;
#9591 = UNCERTAINTY_MEASURE_WITH_UNIT (LENGTH_MEASURE( 1.000000000000000082E-05 ), #6164, 'distance_accuracy_value', 'NONE');
#9592 = FACE_OUTER_BOUND ( 'NONE', #9214, .T. ) ;
#9593 = SURFACE_STYLE_FILL_AREA ( #652 ) ;
#9594 = ORIENTED_EDGE ( 'NONE', *, *, #5783, .T. ) ;
#9595 = CARTESIAN_POINT ( 'NONE',  ( 1.182614345460844207, 0.2129485786556121751, 0.8894738460309360439 ) ) ;
#9596 = VERTEX_POINT ( 'NONE', #4322 ) ;
#9597 = SURFACE_STYLE_FILL_AREA ( #3255 ) ;
#9598 = CARTESIAN_POINT ( 'NONE',  ( 1.143509382654012363, 0.3859435007719920208, 1.174905410915961346 ) ) ;
#9599 = VERTEX_POINT ( 'NONE', #5774 ) ;
#9600 = CARTESIAN_POINT ( 'NONE',  ( -1.008476408045745565, 1.908476408045745476, 1.510000000000000009 ) ) ;
#9601 = FILL_AREA_STYLE_COLOUR ( '', #9456 ) ;
#9602 = ORIENTED_EDGE ( 'NONE', *, *, #9492, .F. ) ;
#9603 = CARTESIAN_POINT ( 'NONE',  ( 1.178916128325447454, 0.6448120291985222075, 0.9229733247972686794 ) ) ;
#9604 = ORIENTED_EDGE ( 'NONE', *, *, #7668, .F. ) ;
#9605 = CARTESIAN_POINT ( 'NONE',  ( 1.191019366056158546, 0.3189103079077391656, 0.8368543135053476689 ) ) ;
#9606 =( NAMED_UNIT ( * ) SI_UNIT ( $, .STERADIAN. ) SOLID_ANGLE_UNIT ( ) );
#9607 = LINE ( 'NONE', #2265, #340 ) ;
#9608 =( LENGTH_UNIT ( ) NAMED_UNIT ( * ) SI_UNIT ( .MILLI., .METRE. ) );
#9609 = LINE ( 'NONE', #4863, #7499 ) ;
#9610 = DIRECTION ( 'NONE',  ( 1.216738271528996478E-15, -1.000000000000000000, -7.628942749164153721E-15 ) ) ;
#9611 = CARTESIAN_POINT ( 'NONE',  ( 1.249999999999999778, 0.8649999999999999911, 0.4000000000000000222 ) ) ;
#9612 = DIRECTION ( 'NONE',  ( 0.000000000000000000, 0.000000000000000000, 1.000000000000000000 ) ) ;
#9613 = EDGE_LOOP ( 'NONE', ( #2063, #6547, #4523, #2158 ) ) ;
#9614 = VERTEX_POINT ( 'NONE', #8379 ) ;
#9615 = CARTESIAN_POINT ( 'NONE',  ( 1.148900663890947804, 0.4345417857818210661, 1.129359155103483614 ) ) ;
#9616 = PLANE ( 'NONE',  #7935 ) ;
#9617 = EDGE_CURVE ( 'NONE', #5355, #7141, #1750, .T. ) ;
#9618 = EDGE_CURVE ( 'NONE', #1488, #360, #5131, .T. ) ;
#9619 = ORIENTED_EDGE ( 'NONE', *, *, #4212, .T. ) ;
#9620 = ORIENTED_EDGE ( 'NONE', *, *, #602, .F. ) ;
#9621 = ADVANCED_FACE ( 'NONE', ( #3318 ), #7364, .T. ) ;
#9622 = CARTESIAN_POINT ( 'NONE',  ( 1.155881297417167719, 0.2192183188909284652, 1.079689366667955897 ) ) ;
#9623 = CARTESIAN_POINT ( 'NONE',  ( 1.176268002423108916, 0.1667209416960227786, 0.9418157196638312634 ) ) ;
#9624 = CARTESIAN_POINT ( 'NONE',  ( 1.158467605284563939, -0.5208560481278450283, 1.061286829975522705 ) ) ;
#9625 = ORIENTED_EDGE ( 'NONE', *, *, #2157, .T. ) ;
#9626 = DIRECTION ( 'NONE',  ( -5.294464643469140079E-15, 1.000000000000000000, 5.294464643469140079E-15 ) ) ;
#9627 = VERTEX_POINT ( 'NONE', #6771 ) ;
#9628 = CARTESIAN_POINT ( 'NONE',  ( 1.154831206184110837, 0.4215032215110968705, 1.094346450567719842 ) ) ;
#9629 = CIRCLE ( 'NONE', #2970, 0.1000000000000000333 ) ;
#9630 = CARTESIAN_POINT ( 'NONE',  ( 1.181772631347965508, 0.5743164424718889549, 0.9026482496789443033 ) ) ;
#9631 = CARTESIAN_POINT ( 'NONE',  ( 1.151826609083908659, -0.1078821254503317811, 1.108539973268134027 ) ) ;
#9632 = CARTESIAN_POINT ( 'NONE',  ( 1.178646974545168202, 0.1678438802460305301, 0.9248884534561320203 ) ) ;
#9633 = CARTESIAN_POINT ( 'NONE',  ( 1.144142719646711992, 0.1766402322180271878, 1.163213687519712547 ) ) ;
#9634 = DIRECTION ( 'NONE',  ( 0.000000000000000000, 1.000000000000000000, 0.000000000000000000 ) ) ;
#9635 = LINE ( 'NONE', #6739, #3674 ) ;
#9636 = EDGE_CURVE ( 'NONE', #9513, #5662, #2643, .T. ) ;
#9637 = CARTESIAN_POINT ( 'NONE',  ( 1.191193013656346444, 0.3249305062430071223, 0.8356187466286060239 ) ) ;
#9638 = STYLED_ITEM ( 'NONE', ( #3562 ), #5956 ) ;
#9639 = CARTESIAN_POINT ( 'NONE',  ( 1.169460539749125561, 0.5387567217336163283, 0.9830680369262247975 ) ) ;
#9640 = VERTEX_POINT ( 'NONE', #9146 ) ;
#9641 = PLANE ( 'NONE',  #1439 ) ;
#9642 = ORIENTED_EDGE ( 'NONE', *, *, #1301, .T. ) ;
#9643 = PLANE ( 'NONE',  #5889 ) ;
#9644 = EDGE_CURVE ( 'NONE', #1956, #4970, #8890, .T. ) ;
#9645 = FACE_OUTER_BOUND ( 'NONE', #3933, .T. ) ;
#9646 = COLOUR_RGB ( '',0.8509803921568627194, 0.8509803921568627194, 0.8509803921568627194 ) ;
#9647 = CARTESIAN_POINT ( 'NONE',  ( 1.181390129879764883, 0.2107650870313387548, 0.8981845925102168726 ) ) ;
#9648 = CARTESIAN_POINT ( 'NONE',  ( 1.155835508020830238, -0.3881144324885079655, 1.087200471686591730 ) ) ;
#9649 = VECTOR ( 'NONE', #6341, 1000.000000000000000 ) ;
#9650 = DIRECTION ( 'NONE',  ( -0.9902680687415706950, -1.431534388630178744E-16, -0.1391731009600623292 ) ) ;
#9651 = ORIENTED_EDGE ( 'NONE', *, *, #2106, .F. ) ;
#9652 = AXIS2_PLACEMENT_3D ( 'NONE', #8767, #3993, #7975 ) ;
#9653 = CARTESIAN_POINT ( 'NONE',  ( 1.145789333529667831, -0.4349644135054252514, 1.151497420952471540 ) ) ;
#9654 = DIRECTION ( 'NONE',  ( 0.000000000000000000, 1.000000000000000000, 5.294464643468579988E-15 ) ) ;
#9655 = DIRECTION ( 'NONE',  ( -0.9902680687415706950, -1.431534388630178744E-16, -0.1391731009600623292 ) ) ;
#9656 = EDGE_LOOP ( 'NONE', ( #114, #4147, #5804, #10026 ) ) ;
#9657 = CARTESIAN_POINT ( 'NONE',  ( 1.173350722740490015, 0.3328534615654645812, 0.9625732431892650709 ) ) ;
#9658 = VECTOR ( 'NONE', #661, 1000.000000000000000 ) ;
#9659 = EDGE_CURVE ( 'NONE', #9856, #4590, #544, .T. ) ;
#9660 = CARTESIAN_POINT ( 'NONE',  ( 1.155835508020830238, -0.3881144324885079655, 1.087200471686591730 ) ) ;
#9661 = ORIENTED_EDGE ( 'NONE', *, *, #4064, .F. ) ;
#9662 = B_SPLINE_CURVE_WITH_KNOTS ( 'NONE', 3,
 ( #5458, #8076, #8739, #1386 ),
 .UNSPECIFIED., .F., .F.,
 ( 4, 4 ),
 ( 7.000000000000000000, 8.000000000000000000 ),
 .UNSPECIFIED. ) ;
#9663 = DIRECTION ( 'NONE',  ( 8.769275992502043456E-16, -1.000000000000000000, -5.211064180288560539E-15 ) ) ;
#9664 = VECTOR ( 'NONE', #3394, 1000.000000000000000 ) ;
#9665 = DIRECTION ( 'NONE',  ( -1.008560160451632221E-16, 1.000000000000000000, 0.000000000000000000 ) ) ;
#9666 = ORIENTED_EDGE ( 'NONE', *, *, #9267, .T. ) ;
#9667 = LINE ( 'NONE', #3802, #10548 ) ;
#9668 = EDGE_CURVE ( 'NONE', #9850, #3883, #5078, .T. ) ;
#9669 = DIRECTION ( 'NONE',  ( -0.9902680687415706950, -1.431534388630178744E-16, -0.1391731009600623292 ) ) ;
#9670 = ORIENTED_EDGE ( 'NONE', *, *, #802, .F. ) ;
#9671 = SURFACE_SIDE_STYLE ('',( #9116 ) ) ;
#9672 = CARTESIAN_POINT ( 'NONE',  ( 1.179115090443988656, -0.05409142918217924034, 0.9143723392287708140 ) ) ;
#9673 = VECTOR ( 'NONE', #9017, 999.9999999999998863 ) ;
#9674 = ORIENTED_EDGE ( 'NONE', *, *, #7591, .F. ) ;
#9675 = ORIENTED_EDGE ( 'NONE', *, *, #1617, .F. ) ;
#9676 = EDGE_CURVE ( 'NONE', #2181, #7911, #4975, .T. ) ;
#9677 = CARTESIAN_POINT ( 'NONE',  ( 1.184427894774303880, -0.1981117381327605897, 0.8765697721558912692 ) ) ;
#9678 = SURFACE_SIDE_STYLE ('',( #5697 ) ) ;
#9679 = LINE ( 'NONE', #8909, #2305 ) ;
#9680 = CARTESIAN_POINT ( 'NONE',  ( 1.183465695449504862, 0.3579012297692725220, 0.8906014726327954323 ) ) ;
#9681 = DIRECTION ( 'NONE',  ( 0.9902680687415706950, 0.000000000000000000, 0.1391731009600623015 ) ) ;
#9682 = DIRECTION ( 'NONE',  ( 2.710505431213771932E-16, -1.000000000000000000, 0.000000000000000000 ) ) ;
#9683 = FILL_AREA_STYLE ('',( #3173 ) ) ;
#9684 = CARTESIAN_POINT ( 'NONE',  ( 1.170450807817867256, 0.5203218138775312918, 0.9832072100271849191 ) ) ;
#9685 = DIRECTION ( 'NONE',  ( 0.9902680687415706950, 0.000000000000000000, 0.1391731009600623292 ) ) ;
#9686 = ADVANCED_FACE ( 'NONE', ( #5923 ), #1190, .T. ) ;
#9687 = LINE ( 'NONE', #6426, #589 ) ;
#9688 =( NAMED_UNIT ( * ) PLANE_ANGLE_UNIT ( ) SI_UNIT ( $, .RADIAN. ) );
#9689 = ADVANCED_FACE ( 'NONE', ( #9098 ), #293, .T. ) ;
#9690 = ORIENTED_EDGE ( 'NONE', *, *, #6178, .F. ) ;
#9691 = DIRECTION ( 'NONE',  ( -0.9902680687415706950, -1.431534388630178744E-16, -0.1391731009600623292 ) ) ;
#9692 = VERTEX_POINT ( 'NONE', #3777 ) ;
#9693 = CARTESIAN_POINT ( 'NONE',  ( 1.180713380986960548, 0.3060900927991891951, 0.9101852076260633639 ) ) ;
#9694 = EDGE_CURVE ( 'NONE', #4914, #9924, #10176, .T. ) ;
#9695 = VERTEX_POINT ( 'NONE', #6872 ) ;
#9696 = DIRECTION ( 'NONE',  ( 0.000000000000000000, 1.894420404636248399E-15, -1.000000000000000000 ) ) ;
#9697 = PLANE ( 'NONE',  #6122 ) ;
#9698 =( NAMED_UNIT ( * ) SI_UNIT ( $, .STERADIAN. ) SOLID_ANGLE_UNIT ( ) );
#9699 = ORIENTED_EDGE ( 'NONE', *, *, #6893, .T. ) ;
#9700 = LINE ( 'NONE', #1685, #8451 ) ;
#9701 = LINE ( 'NONE', #3880, #2867 ) ;
#9702 = CARTESIAN_POINT ( 'NONE',  ( 1.169677599249417721, 0.6654304286788805811, 0.9815235783298890127 ) ) ;
#9703 = ORIENTED_EDGE ( 'NONE', *, *, #5315, .F. ) ;
#9704 = VECTOR ( 'NONE', #3097, 1000.000000000000000 ) ;
#9705 = CARTESIAN_POINT ( 'NONE',  ( 1.177907639939239859, -0.4219505455182687159, 0.9229637959915381051 ) ) ;
#9706 = CARTESIAN_POINT ( 'NONE',  ( 1.155612143636888467, 0.4007288583426368289, 1.081604495326820015 ) ) ;
#9707 = LINE ( 'NONE', #4912, #2810 ) ;
#9708 = ADVANCED_FACE ( 'NONE', ( #7623 ), #3567, .T. ) ;
#9709 = CARTESIAN_POINT ( 'NONE',  ( 1.152575386360835674, -0.5347375282747645064, 1.110397442637407250 ) ) ;
#9710 = CARTESIAN_POINT ( 'NONE',  ( 1.141555847152307734, 0.3517562604841867890, 1.188805538276394680 ) ) ;
#9711 = EDGE_LOOP ( 'NONE', ( #3002, #6378, #910, #1820 ) ) ;
#9712 = COLOUR_RGB ( '',0.2509803921568627416, 0.2509803921568627416, 0.2509803921568627416 ) ;
#9713 = COLOUR_RGB ( '',0.2509803921568627416, 0.2509803921568627416, 0.2509803921568627416 ) ;
#9714 = LINE ( 'NONE', #2386, #5283 ) ;
#9715 = CARTESIAN_POINT ( 'NONE',  ( -2.214999999999998970, -1.700000000000000178, 0.4000000000000000222 ) ) ;
#9716 = CARTESIAN_POINT ( 'NONE',  ( 1.140565579083565817, 0.5043511322828035937, 1.188666365175435002 ) ) ;
#9717 = CARTESIAN_POINT ( 'NONE',  ( 1.184776258082727685, 0.1773888579177557434, 0.8740910384187441373 ) ) ;
#9718 = ORIENTED_EDGE ( 'NONE', *, *, #581, .F. ) ;
#9719 = DIRECTION ( 'NONE',  ( -1.000000000000000000, -1.000802005371234832E-15, 0.000000000000000000 ) ) ;
#9720 = EDGE_CURVE ( 'NONE', #9365, #4251, #2861, .T. ) ;
#9721 = CARTESIAN_POINT ( 'NONE',  ( 1.152009432681583956, 0.4345417857818211771, 1.114424412311025847 ) ) ;
#9722 = VECTOR ( 'NONE', #5635, 1000.000000000000000 ) ;
#9723 = COLOUR_RGB ( '',0.2509803921568627416, 0.2509803921568627416, 0.2509803921568627416 ) ;
#9724 =( GEOMETRIC_REPRESENTATION_CONTEXT ( 3 ) GLOBAL_UNCERTAINTY_ASSIGNED_CONTEXT ( ( #2199 ) ) GLOBAL_UNIT_ASSIGNED_CONTEXT ( ( #9608, #260, #7642 ) ) REPRESENTATION_CONTEXT ( 'NONE', 'WORKASPACE' ) );
#9725 = PRESENTATION_STYLE_ASSIGNMENT (( #1484 ) ) ;
#9726 = CARTESIAN_POINT ( 'NONE',  ( 1.170980432998427689, 0.5650521994372486034, 0.9794387310532121083 ) ) ;
#9727 = CIRCLE ( 'NONE', #8902, 0.1000000000000000056 ) ;
#9728 = DIRECTION ( 'NONE',  ( -0.9902680687415706950, -1.431534388630178744E-16, -0.1391731009600623292 ) ) ;
#9729 = COLOUR_RGB ( '',0.2509803921568627416, 0.2509803921568627416, 0.2509803921568627416 ) ;
#9730 = DIRECTION ( 'NONE',  ( 0.000000000000000000, 0.9902680687415708061, -0.1391731009600618574 ) ) ;
#9731 = CARTESIAN_POINT ( 'NONE',  ( 1.183465695449504862, 0.3574957241823717435, 0.8906014726327954323 ) ) ;
#9732 = CARTESIAN_POINT ( 'NONE',  ( 1.168634534959545501, -0.02199050737592457214, 0.9961306629308762650 ) ) ;
#9733 = ORIENTED_EDGE ( 'NONE', *, *, #2836, .T. ) ;
#9734 = CARTESIAN_POINT ( 'NONE',  ( 1.179235834112618120, -0.3004876231897625205, 0.9135132033848353261 ) ) ;
#9735 = AXIS2_PLACEMENT_3D ( 'NONE', #9605, #1415, #2264 ) ;
#9736 = ORIENTED_EDGE ( 'NONE', *, *, #4242, .T. ) ;
#9737 = PRESENTATION_STYLE_ASSIGNMENT (( #1553 ) ) ;
#9738 = AXIS2_PLACEMENT_3D ( 'NONE', #8055, #5610, #723 ) ;
#9739 = ORIENTED_EDGE ( 'NONE', *, *, #5591, .T. ) ;
#9740 = EDGE_LOOP ( 'NONE', ( #5457, #978, #522, #5860 ) ) ;
#9741 = CARTESIAN_POINT ( 'NONE',  ( 1.178542785985079222, 0.2533743664421076458, 0.9256297935820079203 ) ) ;
#9742 = CARTESIAN_POINT ( 'NONE',  ( 1.142779585985552071, 0.1649117629216120262, 1.172912887499892198 ) ) ;
#9743 = FILL_AREA_STYLE ('',( #1612 ) ) ;
#9744 = EDGE_CURVE ( 'NONE', #423, #5502, #2477, .T. ) ;
#9745 = ORIENTED_EDGE ( 'NONE', *, *, #3803, .T. ) ;
#9746 = ORIENTED_EDGE ( 'NONE', *, *, #9475, .F. ) ;
#9747 = ORIENTED_EDGE ( 'NONE', *, *, #4370, .F. ) ;
#9748 = ORIENTED_EDGE ( 'NONE', *, *, #8045, .F. ) ;
#9749 = CARTESIAN_POINT ( 'NONE',  ( 1.155516637456796891, 0.1629466204599333279, 1.082284057108943376 ) ) ;
#9750 = VECTOR ( 'NONE', #7632, 1000.000000000000114 ) ;
#9751 = EDGE_CURVE ( 'NONE', #2863, #7412, #1236, .T. ) ;
#9752 = CARTESIAN_POINT ( 'NONE',  ( 1.156012009865085011, 0.4128316404889112445, 1.085944595808034485 ) ) ;
#9753 = ADVANCED_FACE ( 'NONE', ( #2912 ), #4666, .F. ) ;
#9754 =( NAMED_UNIT ( * ) PLANE_ANGLE_UNIT ( ) SI_UNIT ( $, .RADIAN. ) );
#9755 = CARTESIAN_POINT ( 'NONE',  ( 1.184489739542452513, 0.6106871743839673572, 0.8761297237651198833 ) ) ;
#9756 = CARTESIAN_POINT ( 'NONE',  ( 1.177830830824449393, 0.4752795009424437556, 0.9306956177756503523 ) ) ;
#9757 = CARTESIAN_POINT ( 'NONE',  ( 1.184307146499483654, -0.4696681304213600194, 0.8774289407745790026 ) ) ;
#9758 = CARTESIAN_POINT ( 'NONE',  ( 1.145436871015724112, 0.1531521008881596702, 1.161190618586790846 ) ) ;
#9759 = EDGE_CURVE ( 'NONE', #2550, #8097, #7976, .T. ) ;
#9760 = ORIENTED_EDGE ( 'NONE', *, *, #1600, .T. ) ;
#9761 = CARTESIAN_POINT ( 'NONE',  ( 1.165350104943743359, -0.5755143896521992541, 1.012315300286276809 ) ) ;
#9762 = DIRECTION ( 'NONE',  ( -1.008560160451632221E-16, 1.000000000000000000, -0.000000000000000000 ) ) ;
#9763 = CARTESIAN_POINT ( 'NONE',  ( 1.185480007611193987, 0.5381328669845406587, 0.8762688968660794497 ) ) ;
#9764 = ORIENTED_EDGE ( 'NONE', *, *, #5653, .T. ) ;
#9765 = VECTOR ( 'NONE', #6355, 1000.000000000000227 ) ;
#9766 = EDGE_LOOP ( 'NONE', ( #6250, #8685, #2154, #2084, #3938, #5053, #3531, #6094, #2132, #6061, #8389, #8608 ) ) ;
#9767 = CARTESIAN_POINT ( 'NONE',  ( 1.178542785985079222, 0.2533743664421076458, 0.9256297935820079203 ) ) ;
#9768 = EDGE_CURVE ( 'NONE', #5746, #707, #7924, .T. ) ;
#9769 = VECTOR ( 'NONE', #10060, 1000.000000000000000 ) ;
#9770 = CARTESIAN_POINT ( 'NONE',  ( 1.182389080328504205, 0.2921157464040102791, 0.8982619872674243444 ) ) ;
#9771 = PRESENTATION_STYLE_ASSIGNMENT (( #6508 ) ) ;
#9772 = LINE ( 'NONE', #4376, #942 ) ;
#9773 = CARTESIAN_POINT ( 'NONE',  ( 1.141555847152307512, 0.5043511322828035937, 1.188805538276395124 ) ) ;
#9774 = VERTEX_POINT ( 'NONE', #3250 ) ;
#9775 = LINE ( 'NONE', #5026, #5142 ) ;
#9776 = ORIENTED_EDGE ( 'NONE', *, *, #83, .F. ) ;
#9777 = DIRECTION ( 'NONE',  ( -0.9902680687415706950, -1.431534388630178744E-16, -0.1391731009600623292 ) ) ;
#9778 = CARTESIAN_POINT ( 'NONE',  ( 1.183474377829502933, 0.1781374836174793586, 0.8905396942890377865 ) ) ;
#9779 = EDGE_LOOP ( 'NONE', ( #417, #6451, #5015, #8143 ) ) ;
#9780 = SURFACE_STYLE_USAGE ( .BOTH. , #8128 ) ;
#9781 = B_SPLINE_CURVE_WITH_KNOTS ( 'NONE', 3,
 ( #7803, #3659, #9474, #3875 ),
 .UNSPECIFIED., .F., .F.,
 ( 4, 4 ),
 ( 5.000000000000000000, 6.000000000000000000 ),
 .UNSPECIFIED. ) ;
#9782 = EDGE_CURVE ( 'NONE', #4166, #5412, #5483, .T. ) ;
#9783 = DIRECTION ( 'NONE',  ( 0.9902680687415706950, 0.000000000000000000, 0.1391731009600623292 ) ) ;
#9784 = FACE_OUTER_BOUND ( 'NONE', #6327, .T. ) ;
#9785 = ORIENTED_EDGE ( 'NONE', *, *, #5233, .F. ) ;
#9786 = CARTESIAN_POINT ( 'NONE',  ( 1.179158758217782932, 0.2721835871484730163, 0.9140616268732701943 ) ) ;
#9787 = CARTESIAN_POINT ( 'NONE',  ( 1.184776258082727463, 0.2829762743196018726, 0.8740910384187443594 ) ) ;
#9788 = DIRECTION ( 'NONE',  ( -0.9902680687415706950, -1.431534388630178744E-16, -0.1391731009600623292 ) ) ;
#9789 = CARTESIAN_POINT ( 'NONE',  ( 1.152816877152650354, -0.1078821254503317811, 1.108679146369094148 ) ) ;
#9790 = CARTESIAN_POINT ( 'NONE',  ( 1.175277734354367221, 0.1667209416960227786, 0.9416765465628712528 ) ) ;
#9791 = ORIENTED_EDGE ( 'NONE', *, *, #7194, .T. ) ;
#9792 = B_SPLINE_SURFACE_WITH_KNOTS ( 'NONE', 3, 1, ( 
 ( #5, #886 ),
 ( #9726, #7425 ),
 ( #1756, #8947 ),
 ( #3273, #8064 ) ),
 .UNSPECIFIED., .F., .F., .F.,
 ( 4, 4 ),
 ( 2, 2 ),
 ( 5.000000000000000000, 6.000000000000000000 ),
 ( 0.000000000000000000, 1.000000000000000000 ),
 .UNSPECIFIED. ) ;
#9793 = CARTESIAN_POINT ( 'NONE',  ( 1.165350104943743359, -0.5755143896521992541, 1.012315300286276809 ) ) ;
#9794 = CARTESIAN_POINT ( 'NONE',  ( 1.168497272316162849, 0.07794641080098900499, 0.9971073373876160328 ) ) ;
#9795 = ORIENTED_EDGE ( 'NONE', *, *, #4212, .F. ) ;
#9796 = VERTEX_POINT ( 'NONE', #547 ) ;
#9797 = ORIENTED_EDGE ( 'NONE', *, *, #3735, .T. ) ;
#9798 = DIRECTION ( 'NONE',  ( -1.008560160451632221E-16, 1.000000000000000000, -0.000000000000000000 ) ) ;
#9799 = EDGE_CURVE ( 'NONE', #3452, #7882, #8872, .T. ) ;
#9800 = CARTESIAN_POINT ( 'NONE',  ( 1.184064302922097189, 0.2489449977186548313, 0.8791568626123908992 ) ) ;
#9801 = B_SPLINE_SURFACE_WITH_KNOTS ( 'NONE', 3, 1, ( 
 ( #10087, #7580 ),
 ( #4381, #6931 ),
 ( #302, #1248 ),
 ( #5192, #1969 ) ),
 .UNSPECIFIED., .F., .F., .F.,
 ( 4, 4 ),
 ( 2, 2 ),
 ( 0.000000000000000000, 1.000000000000000000 ),
 ( 0.000000000000000000, 1.000000000000000000 ),
 .UNSPECIFIED. ) ;
#9802 = DIRECTION ( 'NONE',  ( 0.1391731009600623570, 4.418471932801189693E-15, -0.9902680687415708061 ) ) ;
#9803 = CARTESIAN_POINT ( 'NONE',  ( -0.9149999999999987033, -2.480112469560597802E-16, 0.01000000000000000021 ) ) ;
#9804 = B_SPLINE_SURFACE_WITH_KNOTS ( 'NONE', 3, 1, ( 
 ( #8579, #382 ),
 ( #7796, #10166 ),
 ( #1278, #6810 ),
 ( #6864, #10067 ) ),
 .UNSPECIFIED., .F., .F., .F.,
 ( 4, 4 ),
 ( 2, 2 ),
 ( 11.00000000000000000, 12.00000000000000000 ),
 ( 0.000000000000000000, 1.000000000000000000 ),
 .UNSPECIFIED. ) ;
#9805 = CARTESIAN_POINT ( 'NONE',  ( -1.149999999999999467, -0.2000000000000000944, 0.01000000000000006613 ) ) ;
#9806 = LINE ( 'NONE', #9952, #2845 ) ;
#9807 = CARTESIAN_POINT ( 'NONE',  ( 1.138689651866199304, -0.3464700085949287689, 1.209199577433609507 ) ) ;
#9808 = ORIENTED_EDGE ( 'NONE', *, *, #9138, .T. ) ;
#9809 = EDGE_LOOP ( 'NONE', ( #4032, #2573, #5802, #7931 ) ) ;
#9810 = CARTESIAN_POINT ( 'NONE',  ( 1.180391656178859883, 0.3078056933612357549, 0.9052891020502330521 ) ) ;
#9811 = VERTEX_POINT ( 'NONE', #7863 ) ;
#9812 = LINE ( 'NONE', #2485, #9338 ) ;
#9813 = CARTESIAN_POINT ( 'NONE',  ( 1.150968503025308509, -2.149995309899465745, 0.4100333717993100424 ) ) ;
#9814 = ORIENTED_EDGE ( 'NONE', *, *, #2221, .F. ) ;
#9815 = CARTESIAN_POINT ( 'NONE',  ( 1.178976428237597629, 0.1582053243615261229, 0.9153589720937636010 ) ) ;
#9816 = CIRCLE ( 'NONE', #1429, 0.1000000000000000472 ) ;
#9817 = FACE_OUTER_BOUND ( 'NONE', #3695, .T. ) ;
#9818 = PRESENTATION_LAYER_ASSIGNMENT (  '', '', ( #4178 ) ) ;
#9819 = VERTEX_POINT ( 'NONE', #600 ) ;
#9820 = CARTESIAN_POINT ( 'NONE',  ( 1.156602411705630384, 0.3287048274790950741, 1.081743668427779914 ) ) ;
#9821 = VERTEX_POINT ( 'NONE', #2254 ) ;
#9822 = LINE ( 'NONE', #717, #8103 ) ;
#9823 = EDGE_CURVE ( 'NONE', #4409, #9614, #6525, .T. ) ;
#9824 = ORIENTED_EDGE ( 'NONE', *, *, #3242, .F. ) ;
#9825 = AXIS2_PLACEMENT_3D ( 'NONE', #1082, #10212, #4455 ) ;
#9826 = CARTESIAN_POINT ( 'NONE',  ( 1.167507004247420710, 0.5393805764835282179, 0.9969681642866573545 ) ) ;
#9827 = EDGE_CURVE ( 'NONE', #10532, #8186, #2203, .T. ) ;
#9828 = VECTOR ( 'NONE', #6019, 1000.000000000000114 ) ;
#9829 = DIRECTION ( 'NONE',  ( -0.9902680687415708061, -9.987449223001266430E-17, 0.1391731009600621904 ) ) ;
#9830 = CARTESIAN_POINT ( 'NONE',  ( 1.176965977066923186, -0.03326920068716877205, 0.9368493720162408556 ) ) ;
#9831 = ORIENTED_EDGE ( 'NONE', *, *, #9475, .T. ) ;
#9832 = AXIS2_PLACEMENT_3D ( 'NONE', #5586, #3984, #1613 ) ;
#9833 = ADVANCED_FACE ( 'NONE', ( #1576 ), #6437, .F. ) ;
#9834 = EDGE_CURVE ( 'NONE', #955, #7160, #8709, .T. ) ;
#9835 = CARTESIAN_POINT ( 'NONE',  ( 1.143509382654012363, 0.3675085929167393739, 1.174905410915961124 ) ) ;
#9836 = CARTESIAN_POINT ( 'NONE',  ( 1.169677599249417943, 0.6650561158286005803, 0.9815235783298887906 ) ) ;
#9837 = EDGE_CURVE ( 'NONE', #71, #5756, #9701, .T. ) ;
#9838 = CARTESIAN_POINT ( 'NONE',  ( 1.180834934307161355, 0.6906341605699625186, 0.9093203108118514955 ) ) ;
#9839 = CARTESIAN_POINT ( 'NONE',  ( 1.183543836869484833, 0.5203218138775317358, 0.8900454675390062631 ) ) ;
#9840 = AXIS2_PLACEMENT_3D ( 'NONE', #7363, #4862, #8938 ) ;
#9841 = B_SPLINE_CURVE_WITH_KNOTS ( 'NONE', 3,
 ( #4904, #3396, #8923, #5850 ),
 .UNSPECIFIED., .F., .F.,
 ( 4, 4 ),
 ( 2.000000000000000000, 3.000000000000000000 ),
 .UNSPECIFIED. ) ;
#9842 = VERTEX_POINT ( 'NONE', #7125 ) ;
#9843 = CARTESIAN_POINT ( 'NONE',  ( 1.178173432177748392, -0.1772895427337742302, 0.9282578824795382211 ) ) ;
#9844 = CARTESIAN_POINT ( 'NONE',  ( 1.184776258082727685, 0.1858420897773413460, 0.8740910384187440263 ) ) ;
#9845 = VECTOR ( 'NONE', #9066, 1000.000000000000000 ) ;
#9846 = EDGE_CURVE ( 'NONE', #10157, #1990, #8336, .T. ) ;
#9847 = EDGE_LOOP ( 'NONE', ( #649, #287, #3669, #9791 ) ) ;
#9848 = VERTEX_POINT ( 'NONE', #10491 ) ;
#9849 = CARTESIAN_POINT ( 'NONE',  ( 1.180521891878942409, 0.5977733810638867773, 0.9043624268930923193 ) ) ;
#9850 = VERTEX_POINT ( 'NONE', #10544 ) ;
#9851 = LINE ( 'NONE', #7386, #9845 ) ;
#9852 = DIRECTION ( 'NONE',  ( 0.000000000000000000, 0.000000000000000000, -1.000000000000000000 ) ) ;
#9853 = CARTESIAN_POINT ( 'NONE',  ( 1.145184605247605569, 0.4300812243200822227, 1.155800286260925347 ) ) ;
#9854 = EDGE_CURVE ( 'NONE', #7188, #8077, #2371, .T. ) ;
#9855 = VERTEX_POINT ( 'NONE', #3067 ) ;
#9856 = VERTEX_POINT ( 'NONE', #8698 ) ;
#9857 = CARTESIAN_POINT ( 'NONE',  ( 1.180175073426517729, 0.3026900844129644108, 0.9140154649429680367 ) ) ;
#9858 = ORIENTED_EDGE ( 'NONE', *, *, #2987, .F. ) ;
#9859 = COLOUR_RGB ( '',0.2509803921568627416, 0.2509803921568627416, 0.2509803921568627416 ) ;
#9860 = CARTESIAN_POINT ( 'NONE',  ( 1.183821196281927390, 0.1656915813592096387, 0.8808866562391648447 ) ) ;
#9861 = LINE ( 'NONE', #2429, #5293 ) ;
#9862 = VERTEX_POINT ( 'NONE', #4041 ) ;
#9863 = CARTESIAN_POINT ( 'NONE',  ( 1.180443289223559011, -0.3004876231897625205, 0.9049217138473089062 ) ) ;
#9864 = PLANE ( 'NONE',  #2487 ) ;
#9865 = CARTESIAN_POINT ( 'NONE',  ( 1.158538582447339538, 0.4046279505285418354, 1.067967097754856098 ) ) ;
#9866 = ORIENTED_EDGE ( 'NONE', *, *, #10314, .T. ) ;
#9867 = DIRECTION ( 'NONE',  ( -0.000000000000000000, -0.000000000000000000, -1.000000000000000000 ) ) ;
#9868 = CARTESIAN_POINT ( 'NONE',  ( 1.155881297417167719, 0.2071467294825181937, 1.079689366667955897 ) ) ;
#9869 = VERTEX_POINT ( 'NONE', #7075 ) ;
#9870 = CARTESIAN_POINT ( 'NONE',  ( 1.143277981661783516, -0.1547321230152597926, 1.176551914529794685 ) ) ;
#9871 = EDGE_LOOP ( 'NONE', ( #2108, #8720, #7699, #1531 ) ) ;
#9872 = VERTEX_POINT ( 'NONE', #1465 ) ;
#9873 = CARTESIAN_POINT ( 'NONE',  ( 1.178916128325447454, 0.6448120291985222075, 0.9229733247972686794 ) ) ;
#9874 = VECTOR ( 'NONE', #3603, 1000.000000000000000 ) ;
#9875 =( NAMED_UNIT ( * ) PLANE_ANGLE_UNIT ( ) SI_UNIT ( $, .RADIAN. ) );
#9876 = VERTEX_POINT ( 'NONE', #7289 ) ;
#9877 = B_SPLINE_CURVE_WITH_KNOTS ( 'NONE', 3,
 ( #9442, #7579, #5294, #4325 ),
 .UNSPECIFIED., .F., .F.,
 ( 4, 4 ),
 ( 3.000000000000000000, 4.000000000000000000 ),
 .UNSPECIFIED. ) ;
#9878 = ADVANCED_FACE ( 'NONE', ( #658 ), #642, .F. ) ;
#9879 = DIRECTION ( 'NONE',  ( -0.9902680687415706950, -1.431534388630178744E-16, -0.1391731009600623292 ) ) ;
#9880 = CARTESIAN_POINT ( 'NONE',  ( 1.177062420440378121, -0.1824950833095159153, 0.9289778452225081473 ) ) ;
#9881 = B_SPLINE_SURFACE_WITH_KNOTS ( 'NONE', 3, 1, ( 
 ( #9547, #2208 ),
 ( #4638, #2160 ),
 ( #5544, #7873 ),
 ( #8934, #3134 ) ),
 .UNSPECIFIED., .F., .F., .F.,
 ( 4, 4 ),
 ( 2, 2 ),
 ( 12.00000000000000000, 13.00000000000000000 ),
 ( 0.000000000000000000, 1.000000000000000000 ),
 .UNSPECIFIED. ) ;
#9882 = STYLED_ITEM ( 'NONE', ( #5042 ), #8939 ) ;
#9883 = CARTESIAN_POINT ( 'NONE',  ( 1.185273118879126786, -0.4063338906950228480, 0.8705556901518068935 ) ) ;
#9884 = CARTESIAN_POINT ( 'NONE',  ( 1.173611194140771863, 0.3036258665378299693, 0.9607198928741529365 ) ) ;
#9885 = ORIENTED_EDGE ( 'NONE', *, *, #7650, .T. ) ;
#9886 = EDGE_CURVE ( 'NONE', #7341, #8618, #8049, .T. ) ;
#9887 = CARTESIAN_POINT ( 'NONE',  ( 1.136999214739795150, -0.3108987208892577958, 1.221227662580423257 ) ) ;
#9888 = EDGE_CURVE ( 'NONE', #8583, #2040, #5115, .T. ) ;
#9889 = CARTESIAN_POINT ( 'NONE',  ( 1.177552517916337527, 0.2533743664421076458, 0.9254906204810477988 ) ) ;
#9890 = VECTOR ( 'NONE', #9867, 1000.000000000000000 ) ;
#9891 = B_SPLINE_CURVE_WITH_KNOTS ( 'NONE', 3,
 ( #1769, #4994, #1608, #5047 ),
 .UNSPECIFIED., .F., .F.,
 ( 4, 4 ),
 ( 5.000000000000000000, 6.000000000000000000 ),
 .UNSPECIFIED. ) ;
#9892 = VERTEX_POINT ( 'NONE', #2488 ) ;
#9894 = ADVANCED_FACE ( 'NONE', ( #9817 ), #7556, .F. ) ;
#9893 = LINE ( 'NONE', #5686, #6456 ) ;
#9895 = ORIENTED_EDGE ( 'NONE', *, *, #5831, .F. ) ;
#9896 = LINE ( 'NONE', #2665, #9980 ) ;
#9897 = VERTEX_POINT ( 'NONE', #8256 ) ;
#9898 = ORIENTED_EDGE ( 'NONE', *, *, #4735, .T. ) ;
#9899 = LINE ( 'NONE', #4938, #8715 ) ;
#9900 = LINE ( 'NONE', #1667, #2 ) ;
#9901 = FILL_AREA_STYLE ('',( #4086 ) ) ;
#9902 = EDGE_CURVE ( 'NONE', #5605, #10390, #6658, .T. ) ;
#9903 = CARTESIAN_POINT ( 'NONE',  ( -0.3981366483959006830, 0.8649999999999999911, 0.000000000000000000 ) ) ;
#9904 = B_SPLINE_CURVE_WITH_KNOTS ( 'NONE', 3,
 ( #1494, #1387, #577, #2183 ),
 .UNSPECIFIED., .F., .F.,
 ( 4, 4 ),
 ( 3.000000000000000000, 4.000000000000000000 ),
 .UNSPECIFIED. ) ;
#9905 = LINE ( 'NONE', #8408, #5090 ) ;
#9906 = VECTOR ( 'NONE', #1424, 1000.000000000000000 ) ;
#9907 = COLOUR_RGB ( '',0.2509803921568627416, 0.2509803921568627416, 0.2509803921568627416 ) ;
#9908 = DIRECTION ( 'NONE',  ( 0.000000000000000000, -1.000000000000000000, 0.000000000000000000 ) ) ;
#9909 = FACE_OUTER_BOUND ( 'NONE', #6970, .T. ) ;
#9910 = VERTEX_POINT ( 'NONE', #2580 ) ;
#9911 = ORIENTED_EDGE ( 'NONE', *, *, #8131, .F. ) ;
#9912 = ORIENTED_EDGE ( 'NONE', *, *, #6869, .F. ) ;
#9913 = VERTEX_POINT ( 'NONE', #9863 ) ;
#9914 = CARTESIAN_POINT ( 'NONE',  ( 1.150368462860147378, 0.1472878662401649885, 1.126100519293821600 ) ) ;
#9915 = UNCERTAINTY_MEASURE_WITH_UNIT (LENGTH_MEASURE( 1.000000000000000082E-05 ), #4794, 'distance_accuracy_value', 'NONE');
#9916 = CARTESIAN_POINT ( 'NONE',  ( 1.154831206184110837, 0.4215032215110968705, 1.094346450567719842 ) ) ;
#9917 = EDGE_CURVE ( 'NONE', #1674, #8292, #7028, .T. ) ;
#9918 = CARTESIAN_POINT ( 'NONE',  ( -1.149999999999999911, 2.149999999999999467, 0.4099999999999703326 ) ) ;
#9919 = CARTESIAN_POINT ( 'NONE',  ( -2.214999999999998970, -1.300000000000000044, 0.000000000000000000 ) ) ;
#9920 = DIRECTION ( 'NONE',  ( -1.417602794365953777E-16, 1.000000000000000000, -1.992310799966192137E-17 ) ) ;
#9921 = CARTESIAN_POINT ( 'NONE',  ( 1.172455960851840118, 0.1753613299807503800, 0.9617545083061770361 ) ) ;
#9922 = ORIENTED_EDGE ( 'NONE', *, *, #5001, .T. ) ;
#9923 = LINE ( 'NONE', #5122, #1112 ) ;
#9924 = VERTEX_POINT ( 'NONE', #8162 ) ;
#9925 = CARTESIAN_POINT ( 'NONE',  ( 1.144243945404976426, -0.2093904314435918734, 1.169678725358559657 ) ) ;
#9926 = VECTOR ( 'NONE', #1102, 1000.000000000000227 ) ;
#9927 = ORIENTED_EDGE ( 'NONE', *, *, #6314, .T. ) ;
#9928 = DIRECTION ( 'NONE',  ( 0.1391731009598757562, 0.000000000000000000, -0.9902680687415968963 ) ) ;
#9929 = EDGE_CURVE ( 'NONE', #9040, #4095, #9133, .T. ) ;
#9930 = CARTESIAN_POINT ( 'NONE',  ( 1.182059149888240457, 0.1737081148940254616, 0.9006095643325694455 ) ) ;
#9931 = CARTESIAN_POINT ( 'NONE',  ( 1.166340373012484832, -0.5755143896521992541, 1.012454473387236931 ) ) ;
#9932 = ORIENTED_EDGE ( 'NONE', *, *, #5099, .T. ) ;
#9933 = CARTESIAN_POINT ( 'NONE',  ( 1.175442699574440697, 0.2647909083631491134, 0.9405027580307112611 ) ) ;
#9934 =( GEOMETRIC_REPRESENTATION_CONTEXT ( 3 ) GLOBAL_UNCERTAINTY_ASSIGNED_CONTEXT ( ( #7754 ) ) GLOBAL_UNIT_ASSIGNED_CONTEXT ( ( #3495, #8362, #1078 ) ) REPRESENTATION_CONTEXT ( 'NONE', 'WORKASPACE' ) );
#9935 = CARTESIAN_POINT ( 'NONE',  ( 1.179501630957318081, -0.5390755146083651139, 0.9188072570980806431 ) ) ;
#9936 = LINE ( 'NONE', #3322, #4362 ) ;
#9937 = CARTESIAN_POINT ( 'NONE',  ( 1.170867085310390188, 0.6630597806290534635, 0.9730599452264487859 ) ) ;
#9938 = PRESENTATION_LAYER_ASSIGNMENT (  '', '', ( #4139 ) ) ;
#9939 = FILL_AREA_STYLE ('',( #4980 ) ) ;
#9940 = DIRECTION ( 'NONE',  ( -0.05091772064262942155, 0.9306703226357513348, 0.3622984077933901759 ) ) ;
#9941 = CARTESIAN_POINT ( 'NONE',  ( 1.182232797488312670, 0.1582053243615262617, 0.8993739974566514750 ) ) ;
#9942 = CARTESIAN_POINT ( 'NONE',  ( 1.193508108400897827, -0.3872468534243500571, 0.8191459915787731028 ) ) ;
#9943 = CARTESIAN_POINT ( 'NONE',  ( 1.182848769721016380, 0.1810696009414811958, 0.8878058307479143041 ) ) ;
#9944 = LINE ( 'NONE', #2821, #5298 ) ;
#9945 = ORIENTED_EDGE ( 'NONE', *, *, #6806, .T. ) ;
#9946 = VERTEX_POINT ( 'NONE', #6713 ) ;
#9947 = EDGE_CURVE ( 'NONE', #1666, #4286, #2432, .T. ) ;
#9948 = CARTESIAN_POINT ( 'NONE',  ( 1.180244055718781659, 0.2881854614802366044, 0.9063393338948840805 ) ) ;
#9949 = ADVANCED_FACE ( 'NONE', ( #8306 ), #1502, .F. ) ;
#9950 = EDGE_CURVE ( 'NONE', #714, #10513, #5908, .T. ) ;
#9951 = ORIENTED_EDGE ( 'NONE', *, *, #2293, .T. ) ;
#9952 = CARTESIAN_POINT ( 'NONE',  ( 1.177830830824449615, 0.1373373829811192215, 0.9306956177756491311 ) ) ;
#9953 = LINE ( 'NONE', #7548, #2813 ) ;
#9954 = ORIENTED_EDGE ( 'NONE', *, *, #9196, .T. ) ;
#9955 = EDGE_CURVE ( 'NONE', #10390, #7511, #4201, .T. ) ;
#9956 = ORIENTED_EDGE ( 'NONE', *, *, #883, .T. ) ;
#9957 = ADVANCED_FACE ( 'NONE', ( #4255 ), #871, .F. ) ;
#9958 = B_SPLINE_SURFACE_WITH_KNOTS ( 'NONE', 3, 1, ( 
 ( #4795, #5654 ),
 ( #7288, #8036 ),
 ( #3247, #5709 ),
 ( #8684, #1335 ) ),
 .UNSPECIFIED., .F., .F., .F.,
 ( 4, 4 ),
 ( 2, 2 ),
 ( 10.00000000000000000, 11.00000000000000000 ),
 ( 0.000000000000000000, 1.000000000000000000 ),
 .UNSPECIFIED. ) ;
#9959 = EDGE_LOOP ( 'NONE', ( #5513, #4631, #8412, #6260 ) ) ;
#9960 = DIRECTION ( 'NONE',  ( 0.000000000000000000, 2.595570536144448628E-15, -1.000000000000000000 ) ) ;
#9961 = EDGE_CURVE ( 'NONE', #9426, #2016, #3449, .T. ) ;
#9962 = CARTESIAN_POINT ( 'NONE',  ( -1.149999999999999245, -2.050000000000000711, 1.510000000000000009 ) ) ;
#9963 = LINE ( 'NONE', #4902, #2374 ) ;
#9964 = CARTESIAN_POINT ( 'NONE',  ( 1.584999999999999520, 0.8649999999999999911, 0.000000000000000000 ) ) ;
#9965 = CARTESIAN_POINT ( 'NONE',  ( 1.176771580463559230, 0.6039183503498034566, 0.9382325757219511786 ) ) ;
#9966 = CARTESIAN_POINT ( 'NONE',  ( 1.172082618511471219, 0.1853741987151189263, 0.9644109770909217172 ) ) ;
#9967 = DIRECTION ( 'NONE',  ( -0.000000000000000000, -0.000000000000000000, -1.000000000000000000 ) ) ;
#9968 = ORIENTED_EDGE ( 'NONE', *, *, #7973, .T. ) ;
#9969 = B_SPLINE_SURFACE_WITH_KNOTS ( 'NONE', 3, 1, ( 
 ( #2570, #2757 ),
 ( #2800, #194 ),
 ( #7562, #3509 ),
 ( #1906, #5181 ) ),
 .UNSPECIFIED., .F., .F., .F.,
 ( 4, 4 ),
 ( 2, 2 ),
 ( 1.000000000000000000, 2.000000000000000000 ),
 ( 0.000000000000000000, 1.000000000000000000 ),
 .UNSPECIFIED. ) ;
#9970 = CARTESIAN_POINT ( 'NONE',  ( 1.169058371124185980, 0.5647870611687885178, 0.9931149119177410389 ) ) ;
#9971 = ORIENTED_EDGE ( 'NONE', *, *, #7713, .F. ) ;
#9972 = EDGE_CURVE ( 'NONE', #2122, #9862, #9188, .T. ) ;
#9973 = FACE_OUTER_BOUND ( 'NONE', #2623, .T. ) ;
#9974 = CARTESIAN_POINT ( 'NONE',  ( 1.159337134290752580, -0.1503941615036764046, 1.062285106146480640 ) ) ;
#9975 =( NAMED_UNIT ( * ) SI_UNIT ( $, .STERADIAN. ) SOLID_ANGLE_UNIT ( ) );
#9976 = CIRCLE ( 'NONE', #2273, 0.1000000000000000056 ) ;
#9977 = DIRECTION ( 'NONE',  ( 0.7071067811865467956, -0.7071067811865483499, -0.000000000000000000 ) ) ;
#9978 = ORIENTED_EDGE ( 'NONE', *, *, #9514, .F. ) ;
#9979 = DIRECTION ( 'NONE',  ( -1.000000000000000000, 0.000000000000000000, -0.000000000000000000 ) ) ;
#9980 = VECTOR ( 'NONE', #5152, 1000.000000000000114 ) ;
#9981 = EDGE_CURVE ( 'NONE', #5399, #2722, #6492, .T. ) ;
#9982 = LINE ( 'NONE', #2651, #8463 ) ;
#9983 = ORIENTED_EDGE ( 'NONE', *, *, #1505, .F. ) ;
#9984 = VERTEX_POINT ( 'NONE', #6150 ) ;
#9985 = CARTESIAN_POINT ( 'NONE',  ( 1.175854965329553359, -0.4063338906950230700, 0.9375693347592093385 ) ) ;
#9986 = FILL_AREA_STYLE ('',( #9350 ) ) ;
#9987 = CARTESIAN_POINT ( 'NONE',  ( 1.178173432177748392, -0.1382478891282720723, 0.9282578824795384431 ) ) ;
#9988 = DIRECTION ( 'NONE',  ( 1.000000000000000000, -3.336006684570783101E-16, 0.000000000000000000 ) ) ;
#9989 = CARTESIAN_POINT ( 'NONE',  ( 1.140718021718619468, -0.3768357391772623188, 1.187581679465573581 ) ) ;
#9990 = CARTESIAN_POINT ( 'NONE',  ( 1.149890931959689500, 0.4345417857818210661, 1.129498328204443736 ) ) ;
#9991 = CIRCLE ( 'NONE', #931, 0.1000000000000000472 ) ;
#9992 = LINE ( 'NONE', #10140, #3419 ) ;
#9993 = ORIENTED_EDGE ( 'NONE', *, *, #2212, .F. ) ;
#9994 =( GEOMETRIC_REPRESENTATION_CONTEXT ( 3 ) GLOBAL_UNCERTAINTY_ASSIGNED_CONTEXT ( ( #7026 ) ) GLOBAL_UNIT_ASSIGNED_CONTEXT ( ( #1616, #9688, #3115 ) ) REPRESENTATION_CONTEXT ( 'NONE', 'WORKASPACE' ) );
#9995 = VERTEX_POINT ( 'NONE', #3553 ) ;
#9996 = CARTESIAN_POINT ( 'NONE',  ( 1.141963919012667583, 0.2386513943472002852, 1.185901956116633515 ) ) ;
#9997 = EDGE_LOOP ( 'NONE', ( #2207, #1968, #6387, #4805, #848, #3142, #2789 ) ) ;
#9998 = PLANE ( 'NONE',  #8363 ) ;
#9999 = VECTOR ( 'NONE', #9728, 1000.000000000000227 ) ;
#10000 = CARTESIAN_POINT ( 'NONE',  ( 1.190202745587604749, 0.3287672129544174648, 0.8354795735276460134 ) ) ;
#10001 = VECTOR ( 'NONE', #4960, 1000.000000000000227 ) ;
#10002 = DIRECTION ( 'NONE',  ( 0.000000000000000000, -1.000000000000000000, 0.000000000000000000 ) ) ;
#10003 = FILL_AREA_STYLE_COLOUR ( '', #9859 ) ;
#10004 = DIRECTION ( 'NONE',  ( 0.9902680687415706950, 0.000000000000000000, 0.1391731009600623292 ) ) ;
#10005 = ORIENTED_EDGE ( 'NONE', *, *, #3830, .T. ) ;
#10006 = EDGE_CURVE ( 'NONE', #2802, #9437, #2687, .T. ) ;
#10007 = ORIENTED_EDGE ( 'NONE', *, *, #3735, .F. ) ;
#10008 = ORIENTED_EDGE ( 'NONE', *, *, #3610, .T. ) ;
#10009 = DIRECTION ( 'NONE',  ( -0.9902680687415706950, -1.431534388630178744E-16, -0.1391731009600623292 ) ) ;
#10010 = LINE ( 'NONE', #1836, #5624 ) ;
#10011 = EDGE_CURVE ( 'NONE', #3737, #200, #4115, .T. ) ;
#10012 = DIRECTION ( 'NONE',  ( -0.9902680687415706950, -1.431534388630178744E-16, -0.1391731009600623292 ) ) ;
#10013 = EDGE_CURVE ( 'NONE', #5279, #3129, #2091, .T. ) ;
#10014 = CARTESIAN_POINT ( 'NONE',  ( -0.6673201331165254935, -0.5186666475120306208, 0.01000000000000000021 ) ) ;
#10015 = EDGE_LOOP ( 'NONE', ( #349, #7914, #4009, #8920, #9666, #4136, #876, #7100, #5179, #232, #5391, #9736, #15, #2097 ) ) ;
#10016 = ORIENTED_EDGE ( 'NONE', *, *, #9720, .T. ) ;
#10017 = DIRECTION ( 'NONE',  ( -0.000000000000000000, 0.000000000000000000, 1.000000000000000000 ) ) ;
#10018 = EDGE_CURVE ( 'NONE', #3349, #2848, #3703, .T. ) ;
#10019 = B_SPLINE_CURVE_WITH_KNOTS ( 'NONE', 3,
 ( #5779, #2596, #9154, #840 ),
 .UNSPECIFIED., .F., .F.,
 ( 4, 4 ),
 ( 16.00000000000000000, 17.00000000000000000 ),
 .UNSPECIFIED. ) ;
#10020 = ORIENTED_EDGE ( 'NONE', *, *, #9827, .F. ) ;
#10021 = UNCERTAINTY_MEASURE_WITH_UNIT (LENGTH_MEASURE( 1.000000000000000082E-05 ), #4215, 'distance_accuracy_value', 'NONE');
#10022 = CARTESIAN_POINT ( 'NONE',  ( 1.150238227159948945, 0.1638200171098933289, 1.127027194451787784 ) ) ;
#10023 = CARTESIAN_POINT ( 'NONE',  ( 1.159337134290752580, -0.1503941615036764046, 1.062285106146480640 ) ) ;
#10024 = CARTESIAN_POINT ( 'NONE',  ( 1.175885977702742613, 0.1373373829811191105, 0.9445339667923279281 ) ) ;
#10025 = EDGE_CURVE ( 'NONE', #3988, #6041, #1899, .T. ) ;
#10026 = ORIENTED_EDGE ( 'NONE', *, *, #8819, .T. ) ;
#10027 = CYLINDRICAL_SURFACE ( 'NONE', #9222, 0.1000000000000000472 ) ;
#10028 = AXIS2_PLACEMENT_3D ( 'NONE', #3138, #4748, #6388 ) ;
#10029 = B_SPLINE_CURVE_WITH_KNOTS ( 'NONE', 3,
 ( #834, #6672, #2387, #9930 ),
 .UNSPECIFIED., .F., .F.,
 ( 4, 4 ),
 ( 1.000000000000000000, 2.000000000000000000 ),
 .UNSPECIFIED. ) ;
#10030 = FACE_OUTER_BOUND ( 'NONE', #1931, .T. ) ;
#10031 =( LENGTH_UNIT ( ) NAMED_UNIT ( * ) SI_UNIT ( .MILLI., .METRE. ) );
#10032 = CARTESIAN_POINT ( 'NONE',  ( 1.180157708666522920, 0.1804769389290224735, 0.9141390216304728922 ) ) ;
#10033 = ADVANCED_FACE ( 'NONE', ( #5357 ), #9804, .F. ) ;
#10034 = CARTESIAN_POINT ( 'NONE',  ( 1.187659284993189512, 0.3432406431492764365, 0.8607625325655535731 ) ) ;
#10035 = CARTESIAN_POINT ( 'NONE',  ( 1.172048365739315035, 0.5739733223590658406, 0.9718399947631601865 ) ) ;
#10036 = EDGE_LOOP ( 'NONE', ( #5168, #855, #7630, #8414 ) ) ;
#10037 = B_SPLINE_SURFACE_WITH_KNOTS ( 'NONE', 3, 1, ( 
 ( #4537, #10243 ),
 ( #2926, #6177 ),
 ( #9449, #3935 ),
 ( #8038, #3189 ) ),
 .UNSPECIFIED., .F., .F., .F.,
 ( 4, 4 ),
 ( 2, 2 ),
 ( 2.000000000000000000, 3.000000000000000000 ),
 ( 0.000000000000000000, 1.000000000000000000 ),
 .UNSPECIFIED. ) ;
#10038 =( GEOMETRIC_REPRESENTATION_CONTEXT ( 3 ) GLOBAL_UNCERTAINTY_ASSIGNED_CONTEXT ( ( #1681 ) ) GLOBAL_UNIT_ASSIGNED_CONTEXT ( ( #7004, #4987, #2465 ) ) REPRESENTATION_CONTEXT ( 'NONE', 'WORKASPACE' ) );
#10039 = CARTESIAN_POINT ( 'NONE',  ( -1.249999999999999778, 2.149999999999999467, 0.3999999999999999667 ) ) ;
#10040 = ORIENTED_EDGE ( 'NONE', *, *, #9126, .T. ) ;
#10041 = CARTESIAN_POINT ( 'NONE',  ( 1.156845041597965862, 0.2386513943472006183, 1.072831970503783205 ) ) ;
#10042 = CARTESIAN_POINT ( 'NONE',  ( 1.187311989792814382, 0.3598663722313674707, 0.8632336663190319781 ) ) ;
#10043 = SURFACE_STYLE_USAGE ( .BOTH. , #8404 ) ;
#10044 = ORIENTED_EDGE ( 'NONE', *, *, #390, .T. ) ;
#10045 = CIRCLE ( 'NONE', #477, 0.1000000000000000056 ) ;
#10046 = VECTOR ( 'NONE', #3065, 1000.000000000000000 ) ;
#10047 = PRESENTATION_STYLE_ASSIGNMENT (( #8565 ) ) ;
#10048 = MECHANICAL_DESIGN_GEOMETRIC_PRESENTATION_REPRESENTATION (  '', ( #8699 ), #9539 ) ;
#10049 = CARTESIAN_POINT ( 'NONE',  ( 1.175885977702742613, 0.09369874323312490927, 0.9445339667923278171 ) ) ;
#10050 = CARTESIAN_POINT ( 'NONE',  ( 1.174201595981200663, 0.1667209416960227786, 0.9565189654947240383 ) ) ;
#10051 = LINE ( 'NONE', #8468, #3491 ) ;
#10052 = VERTEX_POINT ( 'NONE', #9421 ) ;
#10053 = VECTOR ( 'NONE', #1710, 1000.000000000000000 ) ;
#10054 = B_SPLINE_CURVE_WITH_KNOTS ( 'NONE', 3,
 ( #4282, #5936, #6473, #3915 ),
 .UNSPECIFIED., .F., .F.,
 ( 4, 4 ),
 ( 4.000000000000000000, 5.000000000000000000 ),
 .UNSPECIFIED. ) ;
#10055 = ORIENTED_EDGE ( 'NONE', *, *, #6626, .F. ) ;
#10056 = ORIENTED_EDGE ( 'NONE', *, *, #729, .T. ) ;
#10057 = VECTOR ( 'NONE', #5479, 1000.000000000000227 ) ;
#10058 = EDGE_LOOP ( 'NONE', ( #8099, #9238, #8288, #7045 ) ) ;
#10059 = ORIENTED_EDGE ( 'NONE', *, *, #622, .F. ) ;
#10060 = DIRECTION ( 'NONE',  ( -0.000000000000000000, -1.000000000000000000, -0.000000000000000000 ) ) ;
#10061 = FACE_OUTER_BOUND ( 'NONE', #9613, .T. ) ;
#10062 = ORIENTED_EDGE ( 'NONE', *, *, #9119, .F. ) ;
#10063 =( GEOMETRIC_REPRESENTATION_CONTEXT ( 3 ) GLOBAL_UNCERTAINTY_ASSIGNED_CONTEXT ( ( #1045 ) ) GLOBAL_UNIT_ASSIGNED_CONTEXT ( ( #9427, #6645, #7498 ) ) REPRESENTATION_CONTEXT ( 'NONE', 'WORKASPACE' ) );
#10064 = CARTESIAN_POINT ( 'NONE',  ( 1.179532100558151164, 0.1777631707676199380, 0.9114051580885300652 ) ) ;
#10065 = CARTESIAN_POINT ( 'NONE',  ( 1.185766526151469380, 0.1858420897773413460, 0.8742302115197041479 ) ) ;
#10066 = PRESENTATION_LAYER_ASSIGNMENT (  '', '', ( #4114 ) ) ;
#10067 = CARTESIAN_POINT ( 'NONE',  ( 1.154092727135537011, 0.1757980283055244064, 1.092415705496229128 ) ) ;
#10068 = DIRECTION ( 'NONE',  ( -0.9902680687415706950, -1.431534388630178744E-16, -0.1391731009600623292 ) ) ;
#10069 = CARTESIAN_POINT ( 'NONE',  ( 1.148944552538887498, 0.2788276402336486992, 1.136232167681107130 ) ) ;
#10070 = CARTESIAN_POINT ( 'NONE',  ( 1.150368462860147378, 0.1472878662401649885, 1.126100519293821600 ) ) ;
#10071 = VERTEX_POINT ( 'NONE', #6101 ) ;
#10072 = ORIENTED_EDGE ( 'NONE', *, *, #3005, .F. ) ;
#10073 = VECTOR ( 'NONE', #5487, 1000.000000000000227 ) ;
#10074 = DIRECTION ( 'NONE',  ( 0.000000000000000000, 0.9902680687415710281, 0.1391731009600615798 ) ) ;
#10075 = CARTESIAN_POINT ( 'NONE',  ( 1.179566830078142559, 0.2129485786556120641, 0.9111580447135111394 ) ) ;
#10076 = EDGE_CURVE ( 'NONE', #5617, #5628, #3500, .T. ) ;
#10077 = EDGE_CURVE ( 'NONE', #3492, #9913, #4456, .T. ) ;
#10078 = ORIENTED_EDGE ( 'NONE', *, *, #1557, .T. ) ;
#10079 = EDGE_CURVE ( 'NONE', #8247, #5913, #7646, .T. ) ;
#10080 = CARTESIAN_POINT ( 'NONE',  ( 1.176302255195265101, 0.2659138469127410032, 0.9343867019915942373 ) ) ;
#10081 = FACE_OUTER_BOUND ( 'NONE', #3045, .T. ) ;
#10082 = DIRECTION ( 'NONE',  ( 0.9902680687415758021, 5.752528396789267868E-14, 0.1391731009600266911 ) ) ;
#10083 = ORIENTED_EDGE ( 'NONE', *, *, #2987, .T. ) ;
#10084 = MECHANICAL_DESIGN_GEOMETRIC_PRESENTATION_REPRESENTATION (  '', ( #4128 ), #5478 ) ;
#10085 = CARTESIAN_POINT ( 'NONE',  ( 1.169460539749125561, 0.4316408611952769481, 0.9830680369262245755 ) ) ;
#10086 = EDGE_CURVE ( 'NONE', #5170, #9862, #1083, .T. ) ;
#10087 = CARTESIAN_POINT ( 'NONE',  ( 1.179775683946156617, 0.1925485283374319956, 0.9168572687589697789 ) ) ;
#10088 = CARTESIAN_POINT ( 'NONE',  ( -1.249999999999999778, 1.699999999999999956, 0.4000000000000000222 ) ) ;
#10089 = ADVANCED_FACE ( 'NONE', ( #5270 ), #6008, .F. ) ;
#10090 = VECTOR ( 'NONE', #2058, 1000.000000000000000 ) ;
#10091 = CARTESIAN_POINT ( 'NONE',  ( 1.141269328612032785, 0.2097357266941085041, 1.190844223622766540 ) ) ;
#10092 = VERTEX_POINT ( 'NONE', #429 ) ;
#10093 = DIRECTION ( 'NONE',  ( -0.000000000000000000, -0.000000000000000000, -1.000000000000000000 ) ) ;
#10094 = VECTOR ( 'NONE', #6533, 1000.000000000000000 ) ;
#10095 = CARTESIAN_POINT ( 'NONE',  ( 1.176380396615360757, 0.2490385759310174418, 0.9338306968969809496 ) ) ;
#10096 = EDGE_LOOP ( 'NONE', ( #8980, #6670, #1244, #6592 ) ) ;
#10097 = EDGE_CURVE ( 'NONE', #1012, #1507, #6759, .T. ) ;
#10098 = CARTESIAN_POINT ( 'NONE',  ( 1.189291572434628019, 0.3219048107066465603, 0.8491482039265142445 ) ) ;
#10099 = CARTESIAN_POINT ( 'NONE',  ( 1.173046362692385047, 0.2588330955027907110, 0.9575535809259244635 ) ) ;
#10100 =( NAMED_UNIT ( * ) PLANE_ANGLE_UNIT ( ) SI_UNIT ( $, .RADIAN. ) );
#10101 = SURFACE_SIDE_STYLE ('',( #9317 ) ) ;
#10102 = DIRECTION ( 'NONE',  ( -0.1391731009600623570, 0.000000000000000000, 0.9902680687415708061 ) ) ;
#10103 = DIRECTION ( 'NONE',  ( 0.000000000000000000, 0.000000000000000000, 1.000000000000000000 ) ) ;
#10104 = DIRECTION ( 'NONE',  ( 4.347487227578127279E-15, -1.000000000000000000, -2.173743613789063639E-15 ) ) ;
#10105 = CARTESIAN_POINT ( 'NONE',  ( 1.157548314378598064, 0.3287048274790951852, 1.067827924653895755 ) ) ;
#10106 = ORIENTED_EDGE ( 'NONE', *, *, #5233, .T. ) ;
#10107 = ORIENTED_EDGE ( 'NONE', *, *, #10086, .F. ) ;
#10108 = EDGE_LOOP ( 'NONE', ( #1187, #4936, #5367, #7853 ) ) ;
#10109 = ADVANCED_FACE ( 'NONE', ( #7661 ), #9375, .F. ) ;
#10110 = ORIENTED_EDGE ( 'NONE', *, *, #10130, .T. ) ;
#10111 = ORIENTED_EDGE ( 'NONE', *, *, #7916, .T. ) ;
#10112 = LINE ( 'NONE', #4498, #113 ) ;
#10113 = FILL_AREA_STYLE_COLOUR ( '', #317 ) ;
#10114 = CARTESIAN_POINT ( 'NONE',  ( 1.174800680201743441, 0.2765505703970164153, 0.9522562597707153742 ) ) ;
#10115 = CARTESIAN_POINT ( 'NONE',  ( 1.157548314378597842, 0.5502668418674359074, 1.067827924653896421 ) ) ;
#10116 = FILL_AREA_STYLE_COLOUR ( '', #3409 ) ;
#10117 = VERTEX_POINT ( 'NONE', #8482 ) ;
#10118 =( NAMED_UNIT ( * ) SI_UNIT ( $, .STERADIAN. ) SOLID_ANGLE_UNIT ( ) );
#10119 = CARTESIAN_POINT ( 'NONE',  ( 1.169755740669397914, 0.5855146352303389756, 0.9809675732360969569 ) ) ;
#10120 = CARTESIAN_POINT ( 'NONE',  ( 1.178186808404821928, 0.2753028608971970215, 0.9281627056784189644 ) ) ;
#10121 = ORIENTED_EDGE ( 'NONE', *, *, #3300, .T. ) ;
#10122 = UNCERTAINTY_MEASURE_WITH_UNIT (LENGTH_MEASURE( 1.000000000000000082E-05 ), #6630, 'distance_accuracy_value', 'NONE');
#10123 = CARTESIAN_POINT ( 'NONE',  ( -1.149999999999999245, -2.050000000000000711, 0.01000000000000000021 ) ) ;
#10124 = ORIENTED_EDGE ( 'NONE', *, *, #7102, .T. ) ;
#10125 = SURFACE_STYLE_USAGE ( .BOTH. , #346 ) ;
#10126 = B_SPLINE_CURVE_WITH_KNOTS ( 'NONE', 3,
 ( #2460, #6523, #3375, #6629 ),
 .UNSPECIFIED., .F., .F.,
 ( 4, 4 ),
 ( 13.00000000000000000, 14.00000000000000000 ),
 .UNSPECIFIED. ) ;
#10127 = PRESENTATION_STYLE_ASSIGNMENT (( #2014 ) ) ;
#10128 = CARTESIAN_POINT ( 'NONE',  ( 1.162572959110014237, -0.07578123674051391589, 1.032075719666237346 ) ) ;
#10129 = ORIENTED_EDGE ( 'NONE', *, *, #1432, .F. ) ;
#10130 = EDGE_CURVE ( 'NONE', #8058, #8299, #2902, .T. ) ;
#10131 = CARTESIAN_POINT ( 'NONE',  ( 1.168755283234250486, -0.07578123674051377712, 0.9952714943130094305 ) ) ;
#10132 = CARTESIAN_POINT ( 'NONE',  ( 1.156602411705630384, 0.3287048274790950741, 1.081743668427779914 ) ) ;
#10133 = EDGE_CURVE ( 'NONE', #3068, #2051, #393, .T. ) ;
#10134 = ORIENTED_EDGE ( 'NONE', *, *, #10076, .F. ) ;
#10135 =( NAMED_UNIT ( * ) PLANE_ANGLE_UNIT ( ) SI_UNIT ( $, .RADIAN. ) );
#10136 = FILL_AREA_STYLE ('',( #8330 ) ) ;
#10137 = CARTESIAN_POINT ( 'NONE',  ( 1.146321997028706630, 0.4511051293881749302, 1.147707323219189890 ) ) ;
#10138 = VECTOR ( 'NONE', #7118, 1000.000000000000227 ) ;
#10139 = EDGE_CURVE ( 'NONE', #8097, #5736, #6009, .T. ) ;
#10140 = CARTESIAN_POINT ( 'NONE',  ( 1.885000000000000453, 0.8649999999999999911, 0.000000000000000000 ) ) ;
#10141 = EDGE_CURVE ( 'NONE', #4829, #8351, #4406, .T. ) ;
#10142 = ORIENTED_EDGE ( 'NONE', *, *, #4452, .F. ) ;
#10143 = EDGE_CURVE ( 'NONE', #7321, #8316, #3588, .T. ) ;
#10144 = B_SPLINE_CURVE_WITH_KNOTS ( 'NONE', 3,
 ( #9164, #4233, #1010, #1817 ),
 .UNSPECIFIED., .F., .F.,
 ( 4, 4 ),
 ( 5.000000000000000000, 6.000000000000000000 ),
 .UNSPECIFIED. ) ;
#10145 = ORIENTED_EDGE ( 'NONE', *, *, #7662, .F. ) ;
#10146 = VERTEX_POINT ( 'NONE', #7959 ) ;
#10147 = CARTESIAN_POINT ( 'NONE',  ( 1.184463692402459190, 0.3499470817097778963, 0.8763150587963851601 ) ) ;
#10148 = CARTESIAN_POINT ( 'NONE',  ( 1.158538582447339982, 0.1422970282421217592, 1.067967097754855210 ) ) ;
#10149 = VECTOR ( 'NONE', #9197, 1000.000000000000000 ) ;
#10150 = DIRECTION ( 'NONE',  ( -0.000000000000000000, 0.000000000000000000, 1.000000000000000000 ) ) ;
#10151 = VECTOR ( 'NONE', #4801, 1000.000000000000000 ) ;
#10152 = CARTESIAN_POINT ( 'NONE',  ( 1.154845239952088543, -0.3881144324885079655, 1.087061298585631608 ) ) ;
#10153 = EDGE_CURVE ( 'NONE', #3942, #5706, #5494, .T. ) ;
#10154 = ORIENTED_EDGE ( 'NONE', *, *, #3302, .F. ) ;
#10155 = VECTOR ( 'NONE', #1594, 1000.000000000000227 ) ;
#10156 = MECHANICAL_DESIGN_GEOMETRIC_PRESENTATION_REPRESENTATION (  '', ( #2470 ), #943 ) ;
#10157 = VERTEX_POINT ( 'NONE', #3871 ) ;
#10158 = VECTOR ( 'NONE', #9237, 1000.000000000000227 ) ;
#10159 = ORIENTED_EDGE ( 'NONE', *, *, #4081, .T. ) ;
#10160 = CARTESIAN_POINT ( 'NONE',  ( 1.150322840650756850, -2.150000000000000799, 0.4099999999999657252 ) ) ;
#10161 = CARTESIAN_POINT ( 'NONE',  ( 1.143726442154188838, 0.5122428948678044991, 1.173360952320449568 ) ) ;
#10162 = COLOUR_RGB ( '',0.8509803921568627194, 0.8509803921568627194, 0.8509803921568627194 ) ;
#10163 = CARTESIAN_POINT ( 'NONE',  ( 1.178082143096782275, 0.2562440982912000398, 0.9217221415078993285 ) ) ;
#10164 = CARTESIAN_POINT ( 'NONE',  ( 1.137699383797457608, -0.3464700085949287689, 1.209060404332649385 ) ) ;
#10165 = LINE ( 'NONE', #4361, #411 ) ;
#10166 = CARTESIAN_POINT ( 'NONE',  ( 1.155881297417167719, 0.1942329361620255823, 1.079689366667955897 ) ) ;
#10167 = APPLICATION_PROTOCOL_DEFINITION ( 'draft international standard', 'automotive_design', 1998, #3441 ) ;
#10168 = ADVANCED_FACE ( 'NONE', ( #2299 ), #3055, .F. ) ;
#10169 = CARTESIAN_POINT ( 'NONE',  ( 1.180834934307161355, 0.6398211911992345291, 0.9093203108118512734 ) ) ;
#10170 = CARTESIAN_POINT ( 'NONE',  ( 1.170450807817867034, 0.5387567217336164394, 0.9832072100271849191 ) ) ;
#10171 = ORIENTED_EDGE ( 'NONE', *, *, #1917, .T. ) ;
#10172 = ORIENTED_EDGE ( 'NONE', *, *, #2168, .F. ) ;
#10173 =( NAMED_UNIT ( * ) SI_UNIT ( $, .STERADIAN. ) SOLID_ANGLE_UNIT ( ) );
#10174 = PRESENTATION_STYLE_ASSIGNMENT (( #8433 ) ) ;
#10175 = DIRECTION ( 'NONE',  ( -0.1391731009600623570, -4.920642795847532151E-15, 0.9902680687415708061 ) ) ;
#10176 = LINE ( 'NONE', #3618, #6796 ) ;
#10177 = CARTESIAN_POINT ( 'NONE',  ( 1.173350722740490015, 0.3328534615654645812, 0.9625732431892650709 ) ) ;
#10178 = DIRECTION ( 'NONE',  ( 0.000000000000000000, -3.499493697399985965E-15, 1.000000000000000000 ) ) ;
#10179 = ORIENTED_EDGE ( 'NONE', *, *, #980, .T. ) ;
#10180 = DIRECTION ( 'NONE',  ( -0.9902680687415736926, 9.343492169068612735E-15, -0.1391731009600424007 ) ) ;
#10181 = DIRECTION ( 'NONE',  ( 0.9902680687415708061, 4.993724611500633215E-17, 0.1391731009600625235 ) ) ;
#10182 = MECHANICAL_DESIGN_GEOMETRIC_PRESENTATION_REPRESENTATION (  '', ( #4229 ), #2675 ) ;
#10183 = CARTESIAN_POINT ( 'NONE',  ( 1.174800680201743663, 0.1952934892367083342, 0.9522562597707151522 ) ) ;
#10184 = DIRECTION ( 'NONE',  ( 1.000000000000000000, 0.000000000000000000, 0.000000000000000000 ) ) ;
#10185 = CARTESIAN_POINT ( 'NONE',  ( 1.178646974545168202, 0.1678438802460305301, 0.9248884534561320203 ) ) ;
#10186 = CARTESIAN_POINT ( 'NONE',  ( 1.148944552538887498, 0.2788276402336486992, 1.136232167681107130 ) ) ;
#10187 = EDGE_CURVE ( 'NONE', #6117, #4138, #582, .T. ) ;
#10188 = ORIENTED_EDGE ( 'NONE', *, *, #2276, .T. ) ;
#10189 = LINE ( 'NONE', #2877, #2672 ) ;
#10190 = EDGE_CURVE ( 'NONE', #8405, #9946, #5585, .T. ) ;
#10191 = CARTESIAN_POINT ( 'NONE',  ( 1.181772631347965508, 0.5743164424718889549, 0.9026482496789443033 ) ) ;
#10192 = EDGE_CURVE ( 'NONE', #7626, #5945, #488, .T. ) ;
#10193 = DIRECTION ( 'NONE',  ( 4.336808689942016158E-15, 1.000000000000000000, 0.000000000000000000 ) ) ;
#10194 = B_SPLINE_CURVE_WITH_KNOTS ( 'NONE', 3,
 ( #644, #9584, #4026, #4784 ),
 .UNSPECIFIED., .F., .F.,
 ( 4, 4 ),
 ( 10.00000000000000000, 11.00000000000000000 ),
 .UNSPECIFIED. ) ;
#10195 = ADVANCED_FACE ( 'NONE', ( #3000 ), #3983, .T. ) ;
#10196 = VECTOR ( 'NONE', #3827, 1000.000000000000227 ) ;
#10197 = VECTOR ( 'NONE', #9433, 1000.000000000000000 ) ;
#10198 = CARTESIAN_POINT ( 'NONE',  ( 1.182467221748599862, 0.3556241599326405156, 0.8977059821728112787 ) ) ;
#10199 = DIRECTION ( 'NONE',  ( -0.1391731009600610247, -0.000000000000000000, 0.9902680687415709171 ) ) ;
#10200 = DIRECTION ( 'NONE',  ( -1.000000000000000000, 0.000000000000000000, 0.000000000000000000 ) ) ;
#10201 = ORIENTED_EDGE ( 'NONE', *, *, #7766, .T. ) ;
#10202 = EDGE_LOOP ( 'NONE', ( #1653, #5921, #9993, #8589 ) ) ;
#10203 =( LENGTH_UNIT ( ) NAMED_UNIT ( * ) SI_UNIT ( .MILLI., .METRE. ) );
#10204 = B_SPLINE_SURFACE_WITH_KNOTS ( 'NONE', 3, 1, ( 
 ( #662, #10430 ),
 ( #3128, #2318 ),
 ( #4737, #9705 ),
 ( #5300, #3190 ),
 ( #6130, #8877 ),
 ( #3070, #8105 ) ),
 .UNSPECIFIED., .F., .F., .F.,
 ( 4, 2, 4 ),
 ( 2, 2 ),
 ( 2.000000000000000000, 3.000000000000000000, 4.000000000000000000 ),
 ( 0.000000000000000000, 1.000000000000000000 ),
 .UNSPECIFIED. ) ;
#10205 = VECTOR ( 'NONE', #9979, 1000.000000000000000 ) ;
#10206 = ADVANCED_FACE ( 'NONE', ( #6425 ), #9581, .F. ) ;
#10207 = COLOUR_RGB ( '',0.8509803921568627194, 0.8509803921568627194, 0.8509803921568627194 ) ;
#10208 = CARTESIAN_POINT ( 'NONE',  ( 1.185766526151469158, 0.2725890927357904614, 0.8742302115197044809 ) ) ;
#10209 = VERTEX_POINT ( 'NONE', #2356 ) ;
#10210 = CARTESIAN_POINT ( 'NONE',  ( 1.183039782081198865, 0.2860955480687417674, 0.8864467071836689138 ) ) ;
#10211 = CARTESIAN_POINT ( 'NONE',  ( 1.142588573625368920, 0.2299174278501139868, 1.174272011064140031 ) ) ;
#10212 = DIRECTION ( 'NONE',  ( -0.000000000000000000, -1.000000000000000000, -0.000000000000000000 ) ) ;
#10213 = DIRECTION ( 'NONE',  ( 1.000000000000000000, 1.417602794365949340E-16, 0.000000000000000000 ) ) ;
#10214 = ORIENTED_EDGE ( 'NONE', *, *, #3946, .F. ) ;
#10215 = CIRCLE ( 'NONE', #1532, 0.09999999999999999167 ) ;
#10216 = PRESENTATION_LAYER_ASSIGNMENT (  '', '', ( #3723 ) ) ;
#10217 = CARTESIAN_POINT ( 'NONE',  ( 1.183244739958537961, -0.07491362458033562488, 0.8921736526432163528 ) ) ;
#10218 = VECTOR ( 'NONE', #3635, 1000.000000000000227 ) ;
#10219 = EDGE_LOOP ( 'NONE', ( #7116, #9434, #1767, #2995 ) ) ;
#10220 = DIRECTION ( 'NONE',  ( -0.9902680687415706950, -1.431534388630178744E-16, -0.1391731009600623292 ) ) ;
#10221 = DIRECTION ( 'NONE',  ( -0.9902680687415706950, -1.431534388630178744E-16, -0.1391731009600623292 ) ) ;
#10222 = DIRECTION ( 'NONE',  ( -0.9902680687415706950, -1.431534388630178744E-16, -0.1391731009600623292 ) ) ;
#10223 = VECTOR ( 'NONE', #6200, 999.9999999999998863 ) ;
#10224 = EDGE_CURVE ( 'NONE', #9640, #4822, #5641, .T. ) ;
#10225 = LINE ( 'NONE', #2311, #7360 ) ;
#10226 = VERTEX_POINT ( 'NONE', #8749 ) ;
#10227 = VECTOR ( 'NONE', #6087, 1000.000000000000000 ) ;
#10228 = UNCERTAINTY_MEASURE_WITH_UNIT (LENGTH_MEASURE( 1.000000000000000082E-05 ), #2572, 'distance_accuracy_value', 'NONE');
#10229 = CARTESIAN_POINT ( 'NONE',  ( 1.143248911253846867, 0.2203412574405151092, 1.176758761230245920 ) ) ;
#10231 = CARTESIAN_POINT ( 'NONE',  ( 1.181398812259762510, 0.2921157464040102791, 0.8981228141664642228 ) ) ;
#10230 = DIRECTION ( 'NONE',  ( 0.000000000000000000, 0.3386623125920579791, -0.9409079859528237666 ) ) ;
#10232 = ORIENTED_EDGE ( 'NONE', *, *, #5350, .T. ) ;
#10233 =( GEOMETRIC_REPRESENTATION_CONTEXT ( 3 ) GLOBAL_UNCERTAINTY_ASSIGNED_CONTEXT ( ( #6723 ) ) GLOBAL_UNIT_ASSIGNED_CONTEXT ( ( #3508, #8427, #10118 ) ) REPRESENTATION_CONTEXT ( 'NONE', 'WORKASPACE' ) );
#10234 = VECTOR ( 'NONE', #7774, 1000.000000000000227 ) ;
#10235 = ORIENTED_EDGE ( 'NONE', *, *, #8935, .T. ) ;
#10236 = EDGE_CURVE ( 'NONE', #9774, #2692, #4618, .T. ) ;
#10237 = DIRECTION ( 'NONE',  ( -0.9902680687415706950, -1.431534388630178744E-16, -0.1391731009600623292 ) ) ;
#10238 = LINE ( 'NONE', #2113, #4202 ) ;
#10239 = SURFACE_STYLE_FILL_AREA ( #610 ) ;
#10240 = CARTESIAN_POINT ( 'NONE',  ( 1.178052688509119594, -0.1824950833095159153, 0.9291170183234681579 ) ) ;
#10241 = DIRECTION ( 'NONE',  ( -0.000000000000000000, -1.000000000000000000, -0.000000000000000000 ) ) ;
#10242 = DIRECTION ( 'NONE',  ( -0.1391731009600610247, -0.000000000000000000, 0.9902680687415709171 ) ) ;
#10243 = CARTESIAN_POINT ( 'NONE',  ( 1.181068881819498984, 0.1737081148940254616, 0.9004703912316093239 ) ) ;
#10244 = ORIENTED_EDGE ( 'NONE', *, *, #9204, .T. ) ;
#10245 = CARTESIAN_POINT ( 'NONE',  ( 1.141555847152307512, 0.4050646488537268386, 1.188805538276394680 ) ) ;
#10246 = PRESENTATION_LAYER_ASSIGNMENT (  '', '', ( #4128 ) ) ;
#10247 = PLANE ( 'NONE',  #6298 ) ;
#10248 = CARTESIAN_POINT ( 'NONE',  ( 1.165350104943743359, -0.5755143896521992541, 1.012315300286276809 ) ) ;
#10249 = VERTEX_POINT ( 'NONE', #3813 ) ;
#10250 = PLANE ( 'NONE',  #950 ) ;
#10251 = B_SPLINE_CURVE_WITH_KNOTS ( 'NONE', 3,
 ( #7704, #9519, #10164, #1178 ),
 .UNSPECIFIED., .F., .F.,
 ( 4, 4 ),
 ( 2.000000000000000000, 3.000000000000000000 ),
 .UNSPECIFIED. ) ;
#10252 = CARTESIAN_POINT ( 'NONE',  ( 1.174557096813738877, 0.2490385759310173308, 0.9468041491002709975 ) ) ;
#10253 = CARTESIAN_POINT ( 'NONE',  ( 1.169460539749125561, 0.4316408611952769481, 0.9830680369262245755 ) ) ;
#10254 = AXIS2_PLACEMENT_3D ( 'NONE', #303, #9940, #5246 ) ;
#10255 = EDGE_CURVE ( 'NONE', #10422, #9337, #7542, .T. ) ;
#10256 = ORIENTED_EDGE ( 'NONE', *, *, #4466, .F. ) ;
#10257 = ORIENTED_EDGE ( 'NONE', *, *, #3552, .T. ) ;
#10258 = ADVANCED_FACE ( 'NONE', ( #1564 ), #7168, .F. ) ;
#10259 = DIRECTION ( 'NONE',  ( 0.1378445374916248412, -0.1378445374916251465, -0.9808148484639902520 ) ) ;
#10260 = ORIENTED_EDGE ( 'NONE', *, *, #2035, .T. ) ;
#10261 = VECTOR ( 'NONE', #3253, 1000.000000000000227 ) ;
#10262 = CARTESIAN_POINT ( 'NONE',  ( 1.177960589776696931, 0.5873550067417856457, 0.9225870383212899650 ) ) ;
#10263 = CARTESIAN_POINT ( 'NONE',  ( 1.187311989792814382, 0.3598663722313675262, 0.8632336663190319781 ) ) ;
#10264 = SURFACE_STYLE_FILL_AREA ( #2998 ) ;
#10265 = CARTESIAN_POINT ( 'NONE',  ( 1.143509382654012363, 0.4004793164421724394, 1.174905410915961346 ) ) ;
#10266 = ORIENTED_EDGE ( 'NONE', *, *, #2878, .T. ) ;
#10267 = EDGE_CURVE ( 'NONE', #2290, #431, #6475, .T. ) ;
#10268 = SURFACE_STYLE_USAGE ( .BOTH. , #7019 ) ;
#10269 = ORIENTED_EDGE ( 'NONE', *, *, #9077, .T. ) ;
#10270 = CARTESIAN_POINT ( 'NONE',  ( 1.179775683946156839, 0.1925485283374320233, 0.9168572687589697789 ) ) ;
#10271 = CARTESIAN_POINT ( 'NONE',  ( 1.146030824321482955, -0.4150097971705957178, 1.149779124684155995 ) ) ;
#10272 = EDGE_CURVE ( 'NONE', #9061, #4970, #6542, .T. ) ;
#10273 = CARTESIAN_POINT ( 'NONE',  ( 1.180105358512730129, -0.05409142918217924034, 0.9145115123297309356 ) ) ;
#10274 = CARTESIAN_POINT ( 'NONE',  ( 1.180522368626892638, 0.1777631707676199380, 0.9115443311894901868 ) ) ;
#10275 = FACE_OUTER_BOUND ( 'NONE', #3535, .T. ) ;
#10277 = CARTESIAN_POINT ( 'NONE',  ( 1.183483060209500337, 0.2921157464040102791, 0.8904779159452859139 ) ) ;
#10276 = CARTESIAN_POINT ( 'NONE',  ( 1.177561677044169919, 0.2681285312744675076, 0.9326107464345139153 ) ) ;
#10278 = ORIENTED_EDGE ( 'NONE', *, *, #4859, .F. ) ;
#10279 = EDGE_CURVE ( 'NONE', #2798, #7065, #3857, .T. ) ;
#10280 = CARTESIAN_POINT ( 'NONE',  ( 1.172048365739314812, 0.5739733223590658406, 0.9718399947631601865 ) ) ;
#10281 = ORIENTED_EDGE ( 'NONE', *, *, #10452, .F. ) ;
#10282 = CARTESIAN_POINT ( 'NONE',  ( -0.9149999999999989253, -0.1999999999999999278, 0.01000000000000002623 ) ) ;
#10283 = LINE ( 'NONE', #7826, #3352 ) ;
#10284 = EDGE_CURVE ( 'NONE', #6898, #2798, #7672, .T. ) ;
#10285 = ORIENTED_EDGE ( 'NONE', *, *, #2035, .F. ) ;
#10286 = ORIENTED_EDGE ( 'NONE', *, *, #3488, .T. ) ;
#10287 = CARTESIAN_POINT ( 'NONE',  ( 1.149890931959689500, 0.4345417857818210661, 1.129498328204443736 ) ) ;
#10288 = CARTESIAN_POINT ( 'NONE',  ( 1.155835508020830238, -0.3881144324885079655, 1.087200471686591730 ) ) ;
#10289 = VERTEX_POINT ( 'NONE', #7277 ) ;
#10290 =( GEOMETRIC_REPRESENTATION_CONTEXT ( 3 ) GLOBAL_UNCERTAINTY_ASSIGNED_CONTEXT ( ( #2010 ) ) GLOBAL_UNIT_ASSIGNED_CONTEXT ( ( #8818, #5474, #10173 ) ) REPRESENTATION_CONTEXT ( 'NONE', 'WORKASPACE' ) );
#10291 = CARTESIAN_POINT ( 'NONE',  ( 1.145436871015724112, 0.1531521008881596702, 1.161190618586790846 ) ) ;
#10292 = CARTESIAN_POINT ( 'NONE',  ( -1.249999999999999556, -0.1999999999999999833, 0.4000000000000000222 ) ) ;
#10293 = CARTESIAN_POINT ( 'NONE',  ( 0.9774459752565356485, 1.976472782130692218, 1.644710312036837152 ) ) ;
#10294 = EDGE_LOOP ( 'NONE', ( #37, #8015, #3180, #7574, #5396, #1749, #9674, #4598, #1688, #51, #9604, #9217, #573, #8949, #1399, #254 ) ) ;
#10295 =( GEOMETRIC_REPRESENTATION_CONTEXT ( 3 ) GLOBAL_UNCERTAINTY_ASSIGNED_CONTEXT ( ( #8317 ) ) GLOBAL_UNIT_ASSIGNED_CONTEXT ( ( #2038, #1215, #2890 ) ) REPRESENTATION_CONTEXT ( 'NONE', 'WORKASPACE' ) );
#10296 = VERTEX_POINT ( 'NONE', #7495 ) ;
#10297 = ORIENTED_EDGE ( 'NONE', *, *, #7426, .T. ) ;
#10298 = VECTOR ( 'NONE', #7117, 1000.000000000000000 ) ;
#10299 = CARTESIAN_POINT ( 'NONE',  ( 1.185480007611194431, 0.4158885287627306360, 0.8762688968660791167 ) ) ;
#10300 = CARTESIAN_POINT ( 'NONE',  ( 1.155835508020830238, -0.3881144324885079655, 1.087200471686591730 ) ) ;
#10301 = CARTESIAN_POINT ( 'NONE',  ( 1.174948280661937350, 0.2725267072604640739, 0.9512060279252398942 ) ) ;
#10302 = CARTESIAN_POINT ( 'NONE',  ( 1.173723588332907575, 0.5873550067417854237, 0.9527348701081268523 ) ) ;
#10303 = EDGE_CURVE ( 'NONE', #562, #926, #4185, .T. ) ;
#10304 = VERTEX_POINT ( 'NONE', #10530 ) ;
#10305 = ORIENTED_EDGE ( 'NONE', *, *, #8802, .T. ) ;
#10306 = VECTOR ( 'NONE', #3040, 1000.000000000000114 ) ;
#10307 = EDGE_LOOP ( 'NONE', ( #2238, #8840, #6770, #3310 ) ) ;
#10308 = CARTESIAN_POINT ( 'NONE',  ( 1.185054570990838885, 0.2489449977186548313, 0.8792960357133509097 ) ) ;
#10309 = VERTEX_POINT ( 'NONE', #7442 ) ;
#10310 = VERTEX_POINT ( 'NONE', #751 ) ;
#10311 = ADVANCED_FACE ( 'NONE', ( #2568 ), #3384, .T. ) ;
#10312 = UNCERTAINTY_MEASURE_WITH_UNIT (LENGTH_MEASURE( 1.000000000000000082E-05 ), #10203, 'distance_accuracy_value', 'NONE');
#10313 = CARTESIAN_POINT ( 'NONE',  ( 1.171058097670573339, 0.5739733223590658406, 0.9717008216622000649 ) ) ;
#10314 = EDGE_CURVE ( 'NONE', #8309, #9850, #9806, .T. ) ;
#10315 = DIRECTION ( 'NONE',  ( 1.008560160451632344E-16, -1.000000000000000000, 0.000000000000000000 ) ) ;
#10316 = LINE ( 'NONE', #7178, #6377 ) ;
#10317 = DIRECTION ( 'NONE',  ( 0.6136750923608130792, 0.7895586621752355150, 0.000000000000000000 ) ) ;
#10318 = SURFACE_SIDE_STYLE ('',( #4024 ) ) ;
#10319 = EDGE_CURVE ( 'NONE', #3388, #8958, #8148, .T. ) ;
#10320 = ORIENTED_EDGE ( 'NONE', *, *, #9123, .T. ) ;
#10321 = CARTESIAN_POINT ( 'NONE',  ( 1.183543836869484833, 0.5203218138775317358, 0.8900454675390062631 ) ) ;
#10322 = CARTESIAN_POINT ( 'NONE',  ( 1.173958012593195654, 0.2725267072604640739, 0.9510668548242798837 ) ) ;
#10323 = VERTEX_POINT ( 'NONE', #807 ) ;
#10324 = DIRECTION ( 'NONE',  ( -0.1391731009600623570, -3.336877979313235316E-15, 0.9902680687415708061 ) ) ;
#10325 = FACE_OUTER_BOUND ( 'NONE', #6536, .T. ) ;
#10326 = ORIENTED_EDGE ( 'NONE', *, *, #3752, .T. ) ;
#10327 = VERTEX_POINT ( 'NONE', #5892 ) ;
#10328 = SURFACE_STYLE_USAGE ( .BOTH. , #557 ) ;
#10329 = EDGE_CURVE ( 'NONE', #5792, #1975, #5751, .T. ) ;
#10330 = CARTESIAN_POINT ( 'NONE',  ( 1.178052688509119594, -0.1824950833095159153, 0.9291170183234681579 ) ) ;
#10331 = DIRECTION ( 'NONE',  ( 0.1391731009600621904, 3.554004129277935706E-15, -0.9902680687415706950 ) ) ;
#10332 = CARTESIAN_POINT ( 'NONE',  ( 1.136008946671053010, -0.2293450477788374353, 1.221088489479463357 ) ) ;
#10333 = CARTESIAN_POINT ( 'NONE',  ( 1.151279636013008201, 0.1638200171098934399, 1.112431888895779375 ) ) ;
#10334 = CARTESIAN_POINT ( 'NONE',  ( 1.168755283234250486, -0.07578123674051377712, 0.9952714943130094305 ) ) ;
#10335 = EDGE_LOOP ( 'NONE', ( #3074, #2393, #9523, #3760, #5354, #7259, #8799 ) ) ;
#10336 = ORIENTED_EDGE ( 'NONE', *, *, #6138, .F. ) ;
#10337 = CARTESIAN_POINT ( 'NONE',  ( 1.173072886580212915, 0.1853741987151189263, 0.9645501501918817278 ) ) ;
#10338 = CARTESIAN_POINT ( 'NONE',  ( 1.178542785985079222, 0.2533743664421076458, 0.9256297935820079203 ) ) ;
#10339 = ORIENTED_EDGE ( 'NONE', *, *, #8384, .T. ) ;
#10340 = DIRECTION ( 'NONE',  ( -0.000000000000000000, 1.000000000000000000, 2.484500384904641282E-15 ) ) ;
#10341 = VECTOR ( 'NONE', #2946, 1000.000000000000000 ) ;
#10342 = EDGE_CURVE ( 'NONE', #8199, #3829, #4947, .T. ) ;
#10343 = ORIENTED_EDGE ( 'NONE', *, *, #3985, .T. ) ;
#10344 = FACE_OUTER_BOUND ( 'NONE', #6486, .T. ) ;
#10345 = B_SPLINE_CURVE_WITH_KNOTS ( 'NONE', 3,
 ( #2222, #5841, #9807, #8149 ),
 .UNSPECIFIED., .F., .F.,
 ( 4, 4 ),
 ( 2.000000000000000000, 3.000000000000000000 ),
 .UNSPECIFIED. ) ;
#10346 = LINE ( 'NONE', #2079, #1481 ) ;
#10347 = CARTESIAN_POINT ( 'NONE',  ( 1.155612143636888911, 0.09369874323312436804, 1.081604495326818904 ) ) ;
#10348 = EDGE_LOOP ( 'NONE', ( #9006, #3126, #6648, #4060 ) ) ;
#10349 = LINE ( 'NONE', #4077, #1619 ) ;
#10350 = CARTESIAN_POINT ( 'NONE',  ( 1.185538906511674595, -0.1330423154565086030, 0.8758498094129217870 ) ) ;
#10351 = ORIENTED_EDGE ( 'NONE', *, *, #8793, .T. ) ;
#10352 = ORIENTED_EDGE ( 'NONE', *, *, #8535, .F. ) ;
#10353 =( BOUNDED_CURVE ( )  B_SPLINE_CURVE ( 3, ( #6899, #10160, #5981, #1862 ),
 .UNSPECIFIED., .F., .F. ) 
 B_SPLINE_CURVE_WITH_KNOTS ( ( 4, 4 ),
 ( 0.000000000000000000, 0.009685181668473550123 ),
 .UNSPECIFIED. ) 
 CURVE ( )  GEOMETRIC_REPRESENTATION_ITEM ( )  RATIONAL_B_SPLINE_CURVE ( ( 1.000000000000000000, 0.9999921831199466427, 0.9999921831199466427, 1.000000000000000000 ) ) 
 REPRESENTATION_ITEM ( '' )  );
#10354 = LINE ( 'NONE', #696, #4277 ) ;
#10355 = B_SPLINE_CURVE_WITH_KNOTS ( 'NONE', 3,
 ( #8223, #1644, #881, #5867, #9147, #4918, #8270 ),
 .UNSPECIFIED., .F., .F.,
 ( 4, 3, 4 ),
 ( 0.000000000000000000, 1.000000000000000000, 2.000000000000000000 ),
 .UNSPECIFIED. ) ;
#10356 = CARTESIAN_POINT ( 'NONE',  ( 1.159337134290752580, -0.1477913912160139231, 1.062285106146480640 ) ) ;
#10357 = VECTOR ( 'NONE', #9650, 1000.000000000000227 ) ;
#10358 = FILL_AREA_STYLE_COLOUR ( '', #6923 ) ;
#10359 = CARTESIAN_POINT ( 'NONE',  ( 1.143874042614383191, 0.1852182350274333977, 1.172310720474972978 ) ) ;
#10360 = CARTESIAN_POINT ( 'NONE',  ( 1.171628865532319486, -0.4566542210637596910, 0.9676395973002211992 ) ) ;
#10361 = ORIENTED_EDGE ( 'NONE', *, *, #1597, .F. ) ;
#10362 =( LENGTH_UNIT ( ) NAMED_UNIT ( * ) SI_UNIT ( .MILLI., .METRE. ) );
#10363 = ORIENTED_EDGE ( 'NONE', *, *, #6139, .T. ) ;
#10364 = DIRECTION ( 'NONE',  ( -0.9902680687415706950, -1.431534388630178744E-16, -0.1391731009600623292 ) ) ;
#10365 = COLOUR_RGB ( '',0.2509803921568627416, 0.2509803921568627416, 0.2509803921568627416 ) ;
#10366 = ORIENTED_EDGE ( 'NONE', *, *, #3552, .F. ) ;
#10367 = CARTESIAN_POINT ( 'NONE',  ( 1.140565579083565817, 0.3517562604841867890, 1.188666365175434558 ) ) ;
#10368 = SURFACE_STYLE_USAGE ( .BOTH. , #595 ) ;
#10369 = CARTESIAN_POINT ( 'NONE',  ( 1.174713856401649270, 0.5873550067417854237, 0.9528740432090868628 ) ) ;
#10370 = CARTESIAN_POINT ( 'NONE',  ( 1.141555847152307734, 0.3259286738427817909, 1.188805538276394458 ) ) ;
#10371 = CARTESIAN_POINT ( 'NONE',  ( 1.177283364136058719, 0.1871209920142029304, 0.9274057491399119169 ) ) ;
#10372 = PRESENTATION_LAYER_ASSIGNMENT (  '', '', ( #4427 ) ) ;
#10373 = STYLED_ITEM ( 'NONE', ( #6257 ), #9065 ) ;
#10374 = CARTESIAN_POINT ( 'NONE',  ( -1.149999999999999689, 1.300000000000000933, 0.1100000000000000699 ) ) ;
#10375 = ORIENTED_EDGE ( 'NONE', *, *, #7627, .F. ) ;
#10376 = ORIENTED_EDGE ( 'NONE', *, *, #5546, .F. ) ;
#10377 = CARTESIAN_POINT ( 'NONE',  ( 1.175885977702742613, 0.09369874323312490927, 0.9445339667923278171 ) ) ;
#10378 = EDGE_CURVE ( 'NONE', #5604, #80, #2515, .T. ) ;
#10379 = EDGE_CURVE ( 'NONE', #9811, #7819, #9905, .T. ) ;
#10380 = VERTEX_POINT ( 'NONE', #264 ) ;
#10381 = CARTESIAN_POINT ( 'NONE',  ( 1.185538906511674373, -0.1330423154565086585, 0.8758498094129216760 ) ) ;
#10382 = CARTESIAN_POINT ( 'NONE',  ( 1.178052688509119594, -0.1807599251816169594, 0.9291170183234681579 ) ) ;
#10383 = EDGE_CURVE ( 'NONE', #7021, #8247, #6084, .T. ) ;
#10384 =( LENGTH_UNIT ( ) NAMED_UNIT ( * ) SI_UNIT ( .MILLI., .METRE. ) );
#10385 = DIRECTION ( 'NONE',  ( -0.9902680687415706950, -1.431534388630178744E-16, -0.1391731009600623292 ) ) ;
#10386 = FACE_OUTER_BOUND ( 'NONE', #9847, .T. ) ;
#10387 = VECTOR ( 'NONE', #5562, 1000.000000000000000 ) ;
#10388 = CARTESIAN_POINT ( 'NONE',  ( 1.140279060543291312, 0.2097357266941085041, 1.190705050521806418 ) ) ;
#10389 = DIRECTION ( 'NONE',  ( 0.000000000000000000, 0.3529050420741945970, 0.9356591426788982702 ) ) ;
#10390 = VERTEX_POINT ( 'NONE', #2032 ) ;
#10391 = VECTOR ( 'NONE', #2999, 1000.000000000000227 ) ;
#10392 = ADVANCED_FACE ( 'NONE', ( #5105 ), #2782, .F. ) ;
#10393 = PLANE ( 'NONE',  #8663 ) ;
#10394 = EDGE_CURVE ( 'NONE', #5792, #7951, #2886, .T. ) ;
#10395 = DIRECTION ( 'NONE',  ( -0.9902680687415706950, -1.431534388630178744E-16, -0.1391731009600623292 ) ) ;
#10396 = FILL_AREA_STYLE ('',( #7147 ) ) ;
#10397 = FACE_OUTER_BOUND ( 'NONE', #1241, .T. ) ;
#10398 = CARTESIAN_POINT ( 'NONE',  ( 1.157548314378597842, 0.3853196460229122433, 1.067827924653895977 ) ) ;
#10399 = ORIENTED_EDGE ( 'NONE', *, *, #2565, .T. ) ;
#10400 = CARTESIAN_POINT ( 'NONE',  ( 1.143769854054293544, 0.1649117629216120262, 1.173052060600852320 ) ) ;
#10401 = CARTESIAN_POINT ( 'NONE',  ( 1.185538906511674373, -0.1842302414374129838, 0.8758498094129215650 ) ) ;
#10402 = DIRECTION ( 'NONE',  ( 0.1281669028713783853, -0.3897582650654487502, -0.9119549001028121049 ) ) ;
#10403 = LINE ( 'NONE', #2938, #10306 ) ;
#10404 = CARTESIAN_POINT ( 'NONE',  ( 1.249995309899464946, -2.050968503025308198, 0.4100333717993150384 ) ) ;
#10405 = LINE ( 'NONE', #10253, #9704 ) ;
#10406 = CARTESIAN_POINT ( 'NONE',  ( 1.151974703161477098, 0.5329548725605267601, 1.114671525686868225 ) ) ;
#10407 = ADVANCED_FACE ( 'NONE', ( #1213 ), #9321, .T. ) ;
#10408 = LINE ( 'NONE', #2405, #922 ) ;
#10409 = CARTESIAN_POINT ( 'NONE',  ( 0.000000000000000000, 1.995405081827368310, 1.510000000000000009 ) ) ;
#10410 = LINE ( 'NONE', #3227, #5449 ) ;
#10411 = CARTESIAN_POINT ( 'NONE',  ( 1.154092727135537011, 0.1757980283055244064, 1.092415705496229128 ) ) ;
#10412 = LINE ( 'NONE', #6241, #4709 ) ;
#10413 = PRESENTATION_STYLE_ASSIGNMENT (( #8746 ) ) ;
#10414 = CARTESIAN_POINT ( 'NONE',  ( -2.214999999999998970, 0.2000000000000000944, 0.4000000000000000222 ) ) ;
#10415 = LINE ( 'NONE', #9639, #4872 ) ;
#10416 = ADVANCED_FACE ( 'NONE', ( #1025 ), #6457, .F. ) ;
#10417 = ORIENTED_EDGE ( 'NONE', *, *, #3673, .T. ) ;
#10418 =( NAMED_UNIT ( * ) SI_UNIT ( $, .STERADIAN. ) SOLID_ANGLE_UNIT ( ) );
#10419 = ORIENTED_EDGE ( 'NONE', *, *, #6808, .F. ) ;
#10420 = LINE ( 'NONE', #7965, #5742 ) ;
#10421 = PRESENTATION_LAYER_ASSIGNMENT (  '', '', ( #1200 ) ) ;
#10422 = VERTEX_POINT ( 'NONE', #8007 ) ;
#10423 = DIRECTION ( 'NONE',  ( -0.000000000000000000, -1.000000000000000000, -6.342729997108606685E-15 ) ) ;
#10424 = ORIENTED_EDGE ( 'NONE', *, *, #5081, .F. ) ;
#10425 = DIRECTION ( 'NONE',  ( -0.1391731009600699620, 0.000000000000000000, 0.9902680687415696958 ) ) ;
#10426 = SURFACE_SIDE_STYLE ('',( #9593 ) ) ;
#10427 = CARTESIAN_POINT ( 'NONE',  ( 0.000000000000000000, 1.908476408045745476, 1.510000000000000009 ) ) ;
#10428 = CARTESIAN_POINT ( 'NONE',  ( 1.177183164109006919, -0.1772895427337742302, 0.9281187093785782105 ) ) ;
#10429 = ORIENTED_EDGE ( 'NONE', *, *, #2684, .F. ) ;
#10430 = CARTESIAN_POINT ( 'NONE',  ( 1.175854965329553359, -0.3881144490365190935, 0.9375693347592093385 ) ) ;
#10431 = CARTESIAN_POINT ( 'NONE',  ( 1.170450807817867478, 0.09369874323312481212, 0.9832072100271833648 ) ) ;
#10432 = CARTESIAN_POINT ( 'NONE',  ( 1.144256067334633808, 0.2386513943472002575, 1.169592473347299766 ) ) ;
#10433 = CARTESIAN_POINT ( 'NONE',  ( 1.182553568800743138, 0.5203218138775317358, 0.8899062944380462525 ) ) ;
#10434 = CARTESIAN_POINT ( 'NONE',  ( 1.181234323787523133, 0.2881854614802366044, 0.9064785069958440911 ) ) ;
#10435 = CARTESIAN_POINT ( 'NONE',  ( 1.183031576449035782, 0.2063981037827952447, 0.8936903898246436606 ) ) ;
#10436 = FACE_OUTER_BOUND ( 'NONE', #7381, .T. ) ;
#10437 = VERTEX_POINT ( 'NONE', #470 ) ;
#10438 = CARTESIAN_POINT ( 'NONE',  ( 1.175885977702742391, 0.4752795009424437556, 0.9445339667923291493 ) ) ;
#10439 = ORIENTED_EDGE ( 'NONE', *, *, #8226, .F. ) ;
#10440 = B_SPLINE_CURVE_WITH_KNOTS ( 'NONE', 3,
 ( #9089, #1744, #1428, #6490 ),
 .UNSPECIFIED., .F., .F.,
 ( 4, 4 ),
 ( 3.000000000000000000, 4.000000000000000000 ),
 .UNSPECIFIED. ) ;
#10441 = ORIENTED_EDGE ( 'NONE', *, *, #9827, .T. ) ;
#10442 = CARTESIAN_POINT ( 'NONE',  ( -1.301042606982607490E-15, 1.300000000000002043, 0.01000000000000000021 ) ) ;
#10443 = B_SPLINE_SURFACE_WITH_KNOTS ( 'NONE', 3, 1, ( 
 ( #7286, #1626 ),
 ( #6488, #2578 ),
 ( #5849, #10541 ),
 ( #9130, #30 ) ),
 .UNSPECIFIED., .F., .F., .F.,
 ( 4, 4 ),
 ( 2, 2 ),
 ( 18.00000000000000000, 19.00000000000000000 ),
 ( 0.000000000000000000, 1.000000000000000000 ),
 .UNSPECIFIED. ) ;
#10444 = EDGE_CURVE ( 'NONE', #9796, #10422, #8834, .T. ) ;
#10445 = FACE_BOUND ( 'NONE', #5800, .T. ) ;
#10446 = FILL_AREA_STYLE_COLOUR ( '', #2729 ) ;
#10447 = LINE ( 'NONE', #1420, #3766 ) ;
#10448 = VERTEX_POINT ( 'NONE', #7784 ) ;
#10449 = CARTESIAN_POINT ( 'NONE',  ( 1.179775683946156839, 0.1925485283374320233, 0.9168572687589697789 ) ) ;
#10450 = VERTEX_POINT ( 'NONE', #2231 ) ;
#10451 = CARTESIAN_POINT ( 'NONE',  ( 1.172082618511471219, 0.1853741987151189263, 0.9644109770909216062 ) ) ;
#10452 = EDGE_CURVE ( 'NONE', #8405, #9855, #8298, .T. ) ;
#10453 = DIRECTION ( 'NONE',  ( -0.000000000000000000, -0.9902680687415708061, 0.1391731009600624125 ) ) ;
#10454 = EDGE_LOOP ( 'NONE', ( #7608, #2248, #1893, #10232 ) ) ;
#10455 = EDGE_LOOP ( 'NONE', ( #8263, #272, #6674, #2743, #7497, #41 ) ) ;
#10456 = ADVANCED_FACE ( 'NONE', ( #3095 ), #4943, .F. ) ;
#10457 = EDGE_CURVE ( 'NONE', #4286, #5248, #3195, .T. ) ;
#10458 = DIRECTION ( 'NONE',  ( 0.1391731009600623570, 0.000000000000000000, -0.9902680687415708061 ) ) ;
#10460 = EDGE_CURVE ( 'NONE', #7962, #3686, #10346, .T. ) ;
#10459 = DIRECTION ( 'NONE',  ( -1.417602794365951558E-16, 1.000000000000000000, -1.992310799966333886E-17 ) ) ;
#10461 = DIRECTION ( 'NONE',  ( 0.9902680687415706950, 0.000000000000000000, 0.1391731009600623292 ) ) ;
#10462 = ORIENTED_EDGE ( 'NONE', *, *, #3380, .T. ) ;
#10463 = ORIENTED_EDGE ( 'NONE', *, *, #10457, .T. ) ;
#10464 = EDGE_LOOP ( 'NONE', ( #9156, #3511, #2859, #3378 ) ) ;
#10465 = ORIENTED_EDGE ( 'NONE', *, *, #363, .T. ) ;
#10466 = CARTESIAN_POINT ( 'NONE',  ( 1.180805529441597335, -0.2093904314435909575, 0.9023442407676467436 ) ) ;
#10467 = VECTOR ( 'NONE', #774, 1000.000000000000227 ) ;
#10468 = FILL_AREA_STYLE ('',( #858 ) ) ;
#10469 = EDGE_CURVE ( 'NONE', #9473, #5662, #4867, .T. ) ;
#10470 = FILL_AREA_STYLE_COLOUR ( '', #4593 ) ;
#10471 = CARTESIAN_POINT ( 'NONE',  ( 1.183099695994734635, -0.3542783525547691936, 0.8860203975373472929 ) ) ;
#10472 = SURFACE_SIDE_STYLE ('',( #3172 ) ) ;
#10473 = CYLINDRICAL_SURFACE ( 'NONE', #6218, 0.09999999999999992228 ) ;
#10474 = CARTESIAN_POINT ( 'NONE',  ( 1.250000000000000222, 2.149999999999999467, 0.1100000000000000699 ) ) ;
#10475 = CARTESIAN_POINT ( 'NONE',  ( 1.185480007611194653, 0.1435759304789832047, 0.8762688968660783395 ) ) ;
#10476 = STYLED_ITEM ( 'NONE', ( #9364 ), #6096 ) ;
#10477 = FACE_OUTER_BOUND ( 'NONE', #2927, .T. ) ;
#10478 = DIRECTION ( 'NONE',  ( 1.000000000000000000, 0.000000000000000000, 0.000000000000000000 ) ) ;
#10479 = ORIENTED_EDGE ( 'NONE', *, *, #2193, .T. ) ;
#10480 = AXIS2_PLACEMENT_3D ( 'NONE', #10, #8071, #9053 ) ;
#10481 = CARTESIAN_POINT ( 'NONE',  ( 1.166098876463074863, -0.5208560481278448062, 1.014172810622970156 ) ) ;
#10482 = EDGE_LOOP ( 'NONE', ( #3367, #6502, #4388 ) ) ;
#10483 = CARTESIAN_POINT ( 'NONE',  ( 1.181381924247601578, 0.3078056933612357549, 0.9054282751511931737 ) ) ;
#10484 = EDGE_LOOP ( 'NONE', ( #7534, #6805, #4496, #10510 ) ) ;
#10485 = ORIENTED_EDGE ( 'NONE', *, *, #6154, .F. ) ;
#10486 = VECTOR ( 'NONE', #4348, 1000.000000000000227 ) ;
#10487 = CARTESIAN_POINT ( 'NONE',  ( 1.176832357123544393, 0.5873550067417854237, 0.9378001273156664208 ) ) ;
#10488 = ADVANCED_FACE ( 'NONE', ( #2281 ), #623, .F. ) ;
#10489 = VECTOR ( 'NONE', #294, 1000.000000000000227 ) ;
#10490 = CARTESIAN_POINT ( 'NONE',  ( 1.183604613529585681, 0.2125430730682955627, 0.8896130191318960545 ) ) ;
#10491 = CARTESIAN_POINT ( 'NONE',  ( 1.154092727135537011, 0.1757980283055244064, 1.092415705496229128 ) ) ;
#10492 = CARTESIAN_POINT ( 'NONE',  ( 1.170632661050217793, 0.6667405236536104729, 0.9747279605094703037 ) ) ;
#10493 = VERTEX_POINT ( 'NONE', #6235 ) ;
#10494 = CIRCLE ( 'NONE', #3676, 0.1000000000000000333 ) ;
#10495 = CARTESIAN_POINT ( 'NONE',  ( 1.155612143636888467, 0.3852260678105494107, 1.081604495326820015 ) ) ;
#10496 = ORIENTED_EDGE ( 'NONE', *, *, #5138, .T. ) ;
#10497 = LINE ( 'NONE', #8930, #5364 ) ;
#10498 =( LENGTH_UNIT ( ) NAMED_UNIT ( * ) SI_UNIT ( .MILLI., .METRE. ) );
#10499 = CARTESIAN_POINT ( 'NONE',  ( 1.185453960471200885, 0.3499470817097778963, 0.8764542318973451707 ) ) ;
#10500 = VECTOR ( 'NONE', #9543, 1000.000000000000000 ) ;
#10501 = CARTESIAN_POINT ( 'NONE',  ( -1.249995309899464280, 2.050968503025306422, 0.4100333717993152605 ) ) ;
#10502 = CARTESIAN_POINT ( 'NONE',  ( 1.154743905636066881, 0.2386513943472005073, 1.087782329709691798 ) ) ;
#10503 = VECTOR ( 'NONE', #10009, 1000.000000000000227 ) ;
#10504 = ORIENTED_EDGE ( 'NONE', *, *, #7597, .T. ) ;
#10505 = DIRECTION ( 'NONE',  ( -0.9902680687415706950, -1.431534388630178744E-16, -0.1391731009600623292 ) ) ;
#10506 =( NAMED_UNIT ( * ) PLANE_ANGLE_UNIT ( ) SI_UNIT ( $, .RADIAN. ) );
#10507 = PRESENTATION_LAYER_ASSIGNMENT (  '', '', ( #6600 ) ) ;
#10508 = EDGE_LOOP ( 'NONE', ( #3262, #2401, #5902, #10266 ) ) ;
#10509 = LINE ( 'NONE', #1, #4135 ) ;
#10510 = ORIENTED_EDGE ( 'NONE', *, *, #2818, .T. ) ;
#10511 = ORIENTED_EDGE ( 'NONE', *, *, #10314, .F. ) ;
#10512 = FILL_AREA_STYLE ('',( #8065 ) ) ;
#10513 = VERTEX_POINT ( 'NONE', #10292 ) ;
#10514 = DIRECTION ( 'NONE',  ( -0.1378445374916254795, -0.1378445374916256738, -0.9808148484639900300 ) ) ;
#10515 = SURFACE_STYLE_FILL_AREA ( #6459 ) ;
#10516 = VERTEX_POINT ( 'NONE', #8841 ) ;
#10517 = CARTESIAN_POINT ( 'NONE',  ( 1.180782363279224034, 0.5743164424718889549, 0.9025090765779842927 ) ) ;
#10518 = EDGE_CURVE ( 'NONE', #5095, #9090, #1489, .T. ) ;
#10519 = AXIS2_PLACEMENT_3D ( 'NONE', #7696, #367, #3638 ) ;
#10520 = ORIENTED_EDGE ( 'NONE', *, *, #6631, .T. ) ;
#10521 = EDGE_LOOP ( 'NONE', ( #5611, #9370, #4830, #1218 ) ) ;
#10522 = ORIENTED_EDGE ( 'NONE', *, *, #10153, .T. ) ;
#10523 = EDGE_CURVE ( 'NONE', #2467, #955, #4220, .T. ) ;
#10524 = CARTESIAN_POINT ( 'NONE',  ( 1.174895709634000696, 0.4752795009424437556, 0.9443947936913691388 ) ) ;
#10525 = EDGE_CURVE ( 'NONE', #1343, #6496, #5351, .T. ) ;
#10526 = SURFACE_SIDE_STYLE ('',( #3338 ) ) ;
#10527 = CARTESIAN_POINT ( 'NONE',  ( 1.191193013656346444, 0.3249305062430071223, 0.8356187466286060239 ) ) ;
#10528 =( NAMED_UNIT ( * ) PLANE_ANGLE_UNIT ( ) SI_UNIT ( $, .RADIAN. ) );
#10529 = DIRECTION ( 'NONE',  ( 0.9902680687415706950, 0.000000000000000000, 0.1391731009600623292 ) ) ;
#10530 = CARTESIAN_POINT ( 'NONE',  ( 1.144116672506718446, 0.4211601013982697594, 1.163399022550977158 ) ) ;
#10531 = CARTESIAN_POINT ( 'NONE',  ( 1.149890931959689500, 0.4345417857818210661, 1.129498328204443736 ) ) ;
#10532 = VERTEX_POINT ( 'NONE', #3801 ) ;
#10533 = CARTESIAN_POINT ( 'NONE',  ( 1.145789333529667831, -0.4349644135054252514, 1.151497420952471540 ) ) ;
#10534 = VERTEX_POINT ( 'NONE', #2989 ) ;
#10535 = ADVANCED_FACE ( 'NONE', ( #8733 ), #4854, .F. ) ;
#10536 = DIRECTION ( 'NONE',  ( 0.1391731009600623570, 0.000000000000000000, -0.9902680687415708061 ) ) ;
#10537 = VECTOR ( 'NONE', #9977, 1000.000000000000000 ) ;
#10538 = ORIENTED_EDGE ( 'NONE', *, *, #622, .T. ) ;
#10539 = ORIENTED_EDGE ( 'NONE', *, *, #9046, .T. ) ;
#10540 = UNCERTAINTY_MEASURE_WITH_UNIT (LENGTH_MEASURE( 1.000000000000000082E-05 ), #292, 'distance_accuracy_value', 'NONE');
#10541 = CARTESIAN_POINT ( 'NONE',  ( 1.153034057285735159, -0.4818143945223430369, 1.099948532891509068 ) ) ;
#10542 = CARTESIAN_POINT ( 'NONE',  ( 1.173072886580212915, 0.2734312966478765206, 0.9645501501918819498 ) ) ;
#10543 = CARTESIAN_POINT ( 'NONE',  ( 1.181494318439853641, 0.3597727940190045826, 0.8974432523843418608 ) ) ;
#10544 = CARTESIAN_POINT ( 'NONE',  ( 1.177830830824449615, 0.1373373829811192215, 0.9306956177756491311 ) ) ;
#10545 = CARTESIAN_POINT ( 'NONE',  ( 1.184489739542452735, 0.4815180484407237671, 0.8761297237651194392 ) ) ;
#10546 = CARTESIAN_POINT ( 'NONE',  ( 1.154024325354476854, -0.4340968178936723265, 1.100087705992469189 ) ) ;
#10547 = VERTEX_POINT ( 'NONE', #5743 ) ;
#10548 = VECTOR ( 'NONE', #4656, 1000.000000000000000 ) ;
#10549 = CARTESIAN_POINT ( 'NONE',  ( -1.149999999999999467, -1.159844184519376401E-16, 0.01000000000000000021 ) ) ;
#10550 = ORIENTED_EDGE ( 'NONE', *, *, #4113, .T. ) ;
#10551 = CARTESIAN_POINT ( 'NONE',  ( 1.149194511820175402, -0.1174256275376556607, 1.134453614979202829 ) ) ;
#10552 = DIRECTION ( 'NONE',  ( -0.000000000000000000, -1.000000000000000000, -2.484500384857524592E-15 ) ) ;
#10553 = EDGE_CURVE ( 'NONE', #2143, #9924, #952, .T. ) ;
#10554 = ORIENTED_EDGE ( 'NONE', *, *, #7426, .F. ) ;
#10555 = CARTESIAN_POINT ( 'NONE',  ( 1.184089964063476330, -0.3542783525547691936, 0.8861595706383073034 ) ) ;
#10556 = COLOUR_RGB ( '',0.8509803921568627194, 0.8509803921568627194, 0.8509803921568627194 ) ;
#10557 = LINE ( 'NONE', #9041, #7934 ) ;
#10558 = LINE ( 'NONE', #4053, #6468 ) ;
#10559 = DIRECTION ( 'NONE',  ( 0.04953667850224598157, 0.9345104387438690763, -0.3524717823623709223 ) ) ;
#10560 = CARTESIAN_POINT ( 'NONE',  ( 1.008476408045746231, 2.007503214919902579, 1.423917310096006084 ) ) ;
#10561 = ORIENTED_EDGE ( 'NONE', *, *, #8547, .T. ) ;
ENDSEC;
END-ISO-10303-21;
